# Split from Runestone.obj: the Runestone group only.
v 0.276173 4.196500 1.275708
v 0.660611 4.189399 1.091534
v 0.937648 4.183492 0.765323
v 1.017282 4.180940 0.354475
v 0.962405 4.180823 -0.026813
v 0.855370 4.181759 -0.358552
v 0.727210 4.183095 -0.679522
v 0.557441 4.185352 -1.040986
v 0.220645 4.190294 -1.267663
v -0.184996 4.197190 -1.408704
v -0.606454 4.204720 -1.352152
v -1.014147 4.212261 -1.135521
v -1.328165 4.218636 -0.822899
v -1.415094 4.221375 -0.390460
v -1.377283 4.221852 0.012990
v -1.316211 4.221843 0.388226
v -1.142840 4.219772 0.728617
v -0.932159 4.216674 1.076398
v -0.572531 4.210949 1.276332
v -0.142306 4.203965 1.327664
v 0.306693 3.729932 1.371837
v 0.694169 3.722984 1.163176
v 0.968523 3.718580 0.825107
v 1.094985 3.717221 0.421923
v 1.087267 3.718462 0.019247
v 0.956194 3.721978 -0.340427
v 0.786452 3.726150 -0.665536
v 0.611698 3.730575 -1.047983
v 0.243403 3.738258 -1.247602
v -0.175033 3.746727 -1.378756
v -0.629142 3.755456 -1.350865
v -1.032591 3.762684 -1.131013
v -1.418348 3.768333 -0.816088
v -1.531812 3.769325 -0.370286
v -1.435070 3.767255 0.062159
v -1.322746 3.764044 0.443269
v -1.163609 3.759984 0.802790
v -0.945665 3.754444 1.163625
v -0.578044 3.746708 1.387965
v -0.127400 3.738189 1.430990
v 0.263707 4.313653 1.229895
v 0.644523 4.303600 1.068796
v 0.939554 4.307059 0.765018
v 0.978952 4.294419 0.353338
v 0.935910 4.301350 -0.020261
v 0.863676 4.305558 -0.361120
v 0.723004 4.309212 -0.676893
v 0.510353 4.294225 -0.999131
v 0.224042 4.311405 -1.269820
v -0.184844 4.312610 -1.371078
v -0.598178 4.325270 -1.331531
v -0.996294 4.331599 -1.111837
v -1.282788 4.333089 -0.800291
v -1.380102 4.339087 -0.389375
v -1.356458 4.340499 0.010124
v -1.284335 4.331570 0.376196
v -1.112876 4.337079 0.711704
v -0.913756 4.334957 1.058357
v -0.569009 4.336675 1.270323
v -0.140323 4.322351 1.325182
v 0.217374 4.364628 1.095610
v 0.549167 4.360076 0.927932
v 0.805524 4.355893 0.698733
v 0.846367 4.364504 0.354018
v 0.822376 4.364176 0.000019
v 0.727388 4.363838 -0.316033
v 0.603553 4.363668 -0.607564
v 0.385537 4.357314 -0.883789
v 0.155054 4.358146 -1.131977
v -0.188874 4.364542 -1.175393
v -0.562315 4.363804 -1.131092
v -0.902906 4.356637 -0.979551
v -1.133769 4.349479 -0.721847
v -1.217922 4.362362 -0.375565
v -1.193413 4.358346 -0.010479
v -1.138434 4.354207 0.328142
v -0.974571 4.363307 0.630569
v -0.784843 4.364387 0.927794
v -0.493025 4.365387 1.106123
v -0.143205 4.363822 1.172251
v 0.290006 3.647177 1.324233
v 0.682972 3.630162 1.150898
v 0.943966 3.624911 0.812896
v 1.069571 3.625073 0.418277
v 1.066384 3.626481 0.023629
v 0.945198 3.626903 -0.336740
v 0.741889 3.640947 -0.644091
v 0.598553 3.637234 -1.037861
v 0.237844 3.640746 -1.239287
v -0.177707 3.651196 -1.369372
v -0.633638 3.660070 -1.361151
v -1.042982 3.669016 -1.143610
v -1.418065 3.670554 -0.814926
v -1.534114 3.672503 -0.370609
v -1.444800 3.678286 0.063769
v -1.298930 3.669523 0.433500
v -1.177366 3.663296 0.809291
v -0.955184 3.657268 1.172236
v -0.579857 3.648473 1.387622
v -0.129287 3.651232 1.404457
v 0.216453 3.593249 1.113331
v 0.535205 3.595000 0.964882
v 0.741815 3.596828 0.696095
v 0.841857 3.591936 0.371055
v 0.841474 3.588475 0.047163
v 0.741379 3.591417 -0.251810
v 0.555383 3.590819 -0.540677
v 0.436969 3.594821 -0.879109
v 0.150241 3.592129 -1.027307
v -0.202218 3.591939 -1.150798
v -0.577503 3.596292 -1.150736
v -0.897380 3.586796 -0.980226
v -1.202648 3.587663 -0.705931
v -1.299637 3.589421 -0.336138
v -1.260015 3.589891 0.033664
v -1.124614 3.581462 0.366614
v -1.009575 3.592628 0.704854
v -0.810109 3.592772 0.993184
v -0.498462 3.593519 1.151111
v -0.143003 3.590491 1.178142
v 0.814346 4.226394 1.076586
v 0.858182 4.329577 0.951464
v 0.665065 4.339422 -0.785376
v 0.657081 4.208269 -0.847170
v 0.474173 4.204099 -1.171627
v 0.393102 4.319300 -1.203232
v -0.544471 6.537294 0.034547
v -0.577826 6.432016 0.367775
v -0.509548 6.406366 0.528933
v -0.380167 6.409991 0.594466
v -0.175618 6.485364 0.519375
v 0.058719 6.662744 0.156517
v -0.114404 6.724096 -0.195288
v -0.591244 6.406941 0.438932
v -0.575040 6.397824 0.486872
v -0.620936 6.344569 0.481011
v -0.831382 5.920892 0.550287
v -0.841099 5.729015 0.630335
v -0.675924 4.684053 1.095153
v -0.432324 4.915664 1.111517
v -0.284259 5.111419 1.106742
v -0.252606 5.219544 1.077150
v -0.335228 5.782990 0.862219
v -0.402680 6.157923 0.697098
v -0.400898 6.322394 0.628737
v -0.571094 6.341221 0.524058
v -0.754688 5.050550 0.918428
v -0.734673 4.339617 1.129564
v -0.776566 3.923015 1.196316
v -0.285339 3.591669 1.342357
v 0.082019 3.598162 1.371256
v 0.197704 4.100070 1.238663
v 0.243704 4.654819 1.124352
v -0.011603 4.860618 1.125194
v -0.189972 5.061903 1.109973
v -0.381710 4.880012 1.130664
v -0.585697 4.698144 1.117996
v 0.292064 4.705008 1.100679
v 0.488878 4.761971 1.021955
v 0.552423 4.768867 0.996699
v 0.601392 4.762716 0.969309
v 0.709337 4.509411 0.980199
v 0.759142 4.262229 0.998399
v 0.799197 4.136792 0.998767
v 0.807663 4.041163 1.010009
v 0.774349 3.937322 1.039658
v 0.521932 3.747872 1.176997
v 0.330753 3.615658 1.280074
v 0.179918 3.555838 1.345865
v 0.144257 3.596976 1.368992
v 0.227605 3.632228 1.328304
v 0.649030 4.638317 0.983962
v 0.532026 5.018126 0.890616
v 0.408099 5.356565 0.801019
v 0.162830 5.679883 0.775695
v 0.048016 5.907726 0.715599
v -0.099217 6.213544 0.630480
v -0.892543 5.783659 0.514971
v -0.956366 5.659401 0.415602
v -1.044134 5.471469 0.312081
v -1.090413 5.391650 0.155249
v -1.137987 5.284420 -0.184937
v -1.162917 5.153874 -0.357199
v -1.121275 5.336758 -0.286092
v -0.869360 5.912997 -0.216267
v -0.683596 6.295815 -0.066510
v -0.794223 6.046257 0.186454
v -1.097186 5.333591 0.259959
v -1.109317 5.271311 0.259015
v -1.119950 5.284070 0.102867
v -1.118190 5.027935 0.312010
v -1.176372 4.672158 0.319761
v -1.267174 4.652874 -0.508450
v -1.214531 4.933725 -0.425043
v -1.239956 4.347878 0.352659
v -1.338621 4.266062 -0.462842
v -1.304358 4.463030 -0.554987
v -1.310608 4.030354 0.378201
v -1.374473 3.913381 0.130649
v -1.424216 3.777800 -0.088496
v -1.435636 3.715564 -0.153831
v -1.453883 3.707295 -0.295999
v -1.462569 3.677451 -0.404621
v -1.453315 3.739047 -0.489948
v -1.433652 3.833281 -0.522009
v -1.411091 3.924156 -0.460196
v -1.387465 4.019727 -0.417266
v -1.363257 4.139066 -0.435817
v -1.445792 3.739170 -0.579154
v -1.459047 3.637395 -0.493859
v -1.450415 3.594008 -0.578141
v -1.439714 3.690861 -0.645202
v -1.268412 3.012849 -0.425409
v -1.247987 3.023661 -0.278135
v -1.241340 3.105723 -0.073741
v -1.229455 3.144533 0.060080
v -1.248271 3.209675 0.069875
v -1.331822 3.440781 -0.010764
v -1.397598 3.615771 -0.092927
v -1.415730 3.448920 -0.531437
v -1.366815 3.304846 -0.490501
v -1.312616 3.142495 -0.452806
v -1.067422 3.199496 0.558455
v -1.039933 3.304652 0.693474
v -1.065146 3.460536 0.724414
v -1.115386 3.642266 0.705813
v -1.158939 3.803970 0.682027
v -1.210052 3.880755 0.592897
v -1.036125 3.836185 0.857152
v -1.001869 3.741856 0.940019
v -0.889468 3.742739 1.097520
v -0.943559 3.426256 0.872308
v -0.803813 3.409987 1.052827
v -0.692000 3.162485 1.045799
v -0.603531 3.152440 1.088246
v -0.286183 3.502530 1.327798
v -0.085180 3.557935 1.359218
v -0.902343 3.264967 0.858188
v -0.871172 3.043495 0.695506
v -0.643621 2.866003 0.867658
v -0.655969 3.056640 1.014670
v -0.482866 2.608896 0.648806
v -0.439769 2.540313 0.565490
v -0.420112 2.480529 0.460903
v -0.371626 2.406896 0.372329
v -0.378352 2.369456 0.268051
v -0.549832 2.461693 0.056259
v -0.709562 2.580739 -0.043812
v -0.959783 2.761953 -0.218905
v -1.105454 2.872634 -0.331364
v -0.320934 2.350609 0.304913
v -0.119417 2.347340 0.260064
v -0.057120 2.373676 0.298677
v 0.011473 2.434598 0.371988
v -0.057693 2.355290 0.226083
v -0.027712 2.382338 0.278444
v 0.045142 2.439644 0.338543
v -0.004305 2.498879 0.479781
v 0.052723 2.627463 0.603475
v 0.100899 2.859083 0.821392
v 0.138730 3.056392 0.980827
v 0.137086 3.182339 1.088526
v 0.174438 3.329449 1.190332
v 0.200759 3.436349 1.262839
v 0.246337 3.560081 1.316533
v 0.033990 2.397300 0.076097
v 0.181312 2.476425 -0.140270
v 0.374577 2.600843 -0.305136
v 0.463495 2.664153 -0.359660
v 0.654395 2.783909 -0.301062
v 0.826675 2.912623 -0.184663
v 0.929677 3.006459 -0.059320
v 0.853542 2.958396 -0.002540
v 0.724944 2.926871 0.135653
v 0.537891 2.800450 0.195299
v 0.377241 2.674934 0.228714
v 0.202390 2.555651 0.302141
v 0.105914 2.489140 0.337483
v 0.789609 2.883422 -0.274461
v 0.414032 2.664796 -0.406607
v 0.982321 3.089388 0.008735
v 0.997414 3.153965 0.103963
v 0.976367 3.209287 0.218389
v 0.957357 3.282344 0.329032
v 0.929475 3.398430 0.477634
v 0.910823 3.502919 0.594949
v 0.897786 3.617127 0.705703
v 0.880914 3.696507 0.784744
v 0.791478 3.704521 0.887339
v 0.593777 3.683717 1.081496
v 0.741199 3.806350 1.016924
v 0.871123 3.849438 0.852363
v 0.874971 3.954435 0.854833
v 0.521989 5.496215 0.489197
v 0.538696 5.738039 0.249938
v 0.394394 6.180521 0.049609
v 0.306962 6.359759 0.040187
v 0.588707 5.560416 0.308725
v 0.676094 5.225638 0.372423
v 0.761276 4.934127 0.435013
v 0.538052 5.758570 0.010999
v 0.590134 5.558561 -0.052612
v 0.646567 5.259603 -0.136917
v 0.686083 4.973939 -0.189943
v 0.705647 4.603521 -0.329932
v 0.721564 4.489651 -0.357019
v 0.784115 4.419946 -0.188822
v 0.808177 4.372009 -0.157315
v 0.811678 4.237242 -0.289947
v 0.879765 4.061934 -0.233067
v 0.987352 3.876215 -0.051677
v 1.045235 3.829192 0.052746
v 1.015668 3.953798 0.237006
v 0.946011 4.294827 0.391146
v 0.854853 4.631422 0.440282
v 1.056064 3.556053 0.033425
v 1.044575 3.368612 0.000142
v 1.026277 3.210333 0.040763
v 1.015633 3.199211 -0.068230
v 0.960253 3.082676 -0.180708
v 0.885957 3.023396 -0.306495
v 0.814990 3.114793 -0.467355
v 0.732279 3.293385 -0.672958
v 0.661387 3.513226 -0.843939
v 0.626193 3.624900 -0.920537
v 0.570842 3.815248 -0.944074
v 0.532149 3.919696 -1.042727
v 0.443510 4.116461 -1.119047
v 0.401242 4.369331 -1.141479
v 0.328221 4.527884 -1.167160
v 0.480983 3.761019 -1.053333
v 0.435943 3.921882 -1.126120
v -0.537125 4.537125 -1.266776
v -0.340279 4.372478 -1.331211
v -0.231966 3.905021 -1.333846
v -0.239804 3.628028 -1.343565
v -0.626365 3.504044 -1.186874
v -0.908245 3.758963 -1.101397
v -1.042926 3.910396 -1.069583
v -0.976763 4.217189 -1.097945
v -0.167891 3.383263 -1.214475
v -0.191407 3.110803 -1.084434
v -0.176583 2.883431 -0.959780
v -0.377504 2.816355 -0.855077
v -0.567037 2.814315 -0.801130
v -0.800394 2.898707 -0.781286
v -0.696710 3.090945 -0.919630
v -0.661404 3.291759 -1.054944
v 0.259941 2.734835 -0.600956
v 0.010233 2.800712 -0.792328
v -0.471880 2.619707 -0.421221
v -0.384097 2.664185 -0.559487
v -0.095864 2.559914 -0.343331
v -1.015756 2.920723 -0.577368
v -1.212406 2.969665 -0.446796
v 0.320407 5.051136 -0.878873
v 0.319511 5.324633 -0.729238
v 0.292630 5.639426 -0.601721
v 0.255107 5.851700 -0.521758
v 0.147394 6.240712 -0.386417
v 0.066771 6.441453 -0.317948
v -0.329156 6.329774 -0.387449
v -0.375275 6.086221 -0.501841
v -0.402060 5.772113 -0.630653
v -0.407946 5.533722 -0.731174
v -0.420602 5.287153 -0.850179
v -0.465330 5.020208 -0.996266
v 0.006582 4.416435 -1.272365
v 0.732142 3.180589 -0.611934
v 0.357780 2.862746 -0.640350
v -1.330318 3.801045 -0.786231
v -1.190789 3.899786 -0.949406
v -1.312770 3.952792 -0.688876
v -1.193547 4.115598 -0.878619
v -0.742689 6.076972 -0.235883
v -0.077076 3.855202 1.509934
v -0.078389 3.786581 1.531894
v -0.161369 3.855202 1.504893
v -0.162683 3.786581 1.526853
v -0.142462 3.855202 1.188745
v -0.141149 3.786581 1.166786
v -0.058169 3.855202 1.193786
v -0.056856 3.786581 1.171827
v -0.081759 3.909300 1.588247
v -0.085624 3.879239 1.652874
v -0.169918 3.879239 1.647833
v -0.166053 3.909300 1.583206
v -0.137779 3.909300 1.110433
v -0.133914 3.879239 1.045806
v -0.049621 3.879239 1.050847
v -0.053486 3.909300 1.115474
v -0.077076 4.110297 1.509934
v -0.078389 4.178919 1.531894
v -0.161369 4.110297 1.504893
v -0.162683 4.178919 1.526853
v -0.142462 4.110297 1.188745
v -0.141149 4.178919 1.166786
v -0.058169 4.110297 1.193786
v -0.056856 4.178919 1.171827
v -0.081760 4.056199 1.588247
v -0.085624 4.086260 1.652874
v -0.169918 4.086260 1.647833
v -0.166053 4.056200 1.583206
v -0.137779 4.056200 1.110433
v -0.133914 4.086260 1.045806
v -0.049621 4.086260 1.050847
v -0.053486 4.056199 1.115474
v -0.087230 3.786581 1.405370
v -0.138826 3.786581 1.402285
v -0.132309 3.786581 1.293310
v -0.080713 3.786581 1.296395
v -0.080713 4.178919 1.296395
v -0.087230 4.178919 1.405370
v -0.132309 4.178919 1.293310
v -0.138826 4.178919 1.402285
v -0.109769 3.712267 1.349340
v -0.109769 4.253233 1.349340
v 0.080593 3.855202 -1.126482
v 0.079280 3.786581 -1.104523
v -0.003700 3.855202 -1.131523
v -0.005014 3.786581 -1.109564
v 0.015207 3.855202 -1.447671
v 0.016520 3.786581 -1.469630
v 0.099500 3.855202 -1.442630
v 0.100813 3.786581 -1.464589
v 0.075909 3.909300 -1.048169
v 0.072044 3.879239 -0.983542
v -0.012249 3.879239 -0.988583
v -0.008384 3.909300 -1.053210
v 0.019890 3.909300 -1.525984
v 0.023755 3.879239 -1.590611
v 0.108048 3.879239 -1.585570
v 0.104183 3.909300 -1.520942
v 0.080593 4.110297 -1.126482
v 0.079280 4.178919 -1.104523
v -0.003700 4.110297 -1.131523
v -0.005014 4.178919 -1.109564
v 0.015207 4.110297 -1.447671
v 0.016520 4.178919 -1.469630
v 0.099500 4.110297 -1.442630
v 0.100813 4.178919 -1.464589
v 0.075909 4.056199 -1.048169
v 0.072044 4.086260 -0.983542
v -0.012249 4.086260 -0.988583
v -0.008384 4.056200 -1.053210
v 0.019890 4.056200 -1.525984
v 0.023755 4.086260 -1.590611
v 0.108048 4.086260 -1.585570
v 0.104183 4.056199 -1.520942
v 0.070439 3.786581 -1.231046
v 0.018843 3.786581 -1.234132
v 0.025360 3.786581 -1.343107
v 0.076956 3.786581 -1.340021
v 0.076956 4.178919 -1.340021
v 0.070439 4.178919 -1.231046
v 0.025360 4.178919 -1.343107
v 0.018843 4.178919 -1.234132
v 0.047900 3.712267 -1.287076
v 0.047900 4.253233 -1.287077
v -1.300044 3.855202 -0.098968
v -1.278070 3.786581 -0.097933
v -1.304018 3.855202 -0.014618
v -1.282044 3.786581 -0.013582
v -1.620380 3.855202 -0.029523
v -1.642354 3.786581 -0.030558
v -1.616406 3.855202 -0.113873
v -1.638380 3.786581 -0.114908
v -1.221678 3.909300 -0.095276
v -1.157007 3.879239 -0.092229
v -1.160981 3.879239 -0.007879
v -1.225652 3.909300 -0.010926
v -1.698745 3.909300 -0.033215
v -1.763416 3.879239 -0.036262
v -1.759442 3.879239 -0.120612
v -1.694771 3.909300 -0.117565
v -1.300044 4.110297 -0.098968
v -1.278070 4.178919 -0.097933
v -1.304018 4.110297 -0.014618
v -1.282044 4.178919 -0.013582
v -1.620380 4.110297 -0.029523
v -1.642354 4.178919 -0.030558
v -1.616406 4.110297 -0.113873
v -1.638380 4.178919 -0.114908
v -1.221678 4.056199 -0.095276
v -1.157007 4.086260 -0.092229
v -1.160981 4.086260 -0.007879
v -1.225652 4.056200 -0.010926
v -1.698745 4.056200 -0.033215
v -1.763416 4.086260 -0.036262
v -1.759442 4.086260 -0.120612
v -1.694771 4.056199 -0.117565
v -1.404471 3.786581 -0.087492
v -1.406904 3.786581 -0.035861
v -1.515952 3.786581 -0.040999
v -1.513520 3.786581 -0.092630
v -1.513520 4.178919 -0.092630
v -1.404471 4.178919 -0.087492
v -1.515952 4.178919 -0.040999
v -1.406904 4.178919 -0.035861
v -1.460212 3.712267 -0.064245
v -1.460212 4.253233 -0.064245
v 1.160230 3.855202 0.048167
v 1.182204 3.786581 0.049202
v 1.156256 3.855202 0.132517
v 1.178230 3.786581 0.133552
v 0.839894 3.855202 0.117612
v 0.817920 3.786581 0.116577
v 0.843868 3.855202 0.033262
v 0.821894 3.786581 0.032226
v 1.238596 3.909300 0.051859
v 1.303267 3.879239 0.054906
v 1.299293 3.879239 0.139256
v 1.234622 3.909300 0.136209
v 0.761529 3.909300 0.113920
v 0.696858 3.879239 0.110873
v 0.700832 3.879239 0.026523
v 0.765503 3.909300 0.029569
v 1.160230 4.110297 0.048167
v 1.182204 4.178919 0.049202
v 1.156256 4.110297 0.132517
v 1.178230 4.178919 0.133552
v 0.839894 4.110297 0.117612
v 0.817920 4.178919 0.116577
v 0.843868 4.110297 0.033262
v 0.821894 4.178919 0.032226
v 1.238596 4.056199 0.051859
v 1.303267 4.086260 0.054906
v 1.299293 4.086260 0.139256
v 1.234622 4.056200 0.136209
v 0.761529 4.056200 0.113920
v 0.696858 4.086260 0.110873
v 0.700832 4.086260 0.026523
v 0.765503 4.056199 0.029570
v 1.055803 3.786581 0.059643
v 1.053370 3.786581 0.111274
v 0.944322 3.786581 0.106136
v 0.946754 3.786581 0.054505
v 0.946754 4.178919 0.054505
v 1.055803 4.178919 0.059643
v 0.944322 4.178919 0.106136
v 1.053370 4.178919 0.111274
v 1.000062 3.712267 0.082889
v 1.000062 4.253233 0.082889
v 2.542816 1.809249 -0.105351
v 2.563945 1.810958 -0.174224
v 2.542790 1.724831 -0.107453
v 2.563919 1.726540 -0.176327
v 2.226102 1.724831 -0.103446
v 2.203238 1.726540 -0.171763
v 2.226129 1.809249 -0.101343
v 2.203264 1.810958 -0.169660
v 2.621947 1.807902 -0.052267
v 2.686304 1.808650 -0.083135
v 2.686278 1.724233 -0.085238
v 2.621921 1.723484 -0.054370
v 2.148341 1.723484 -0.048377
v 2.083223 1.724233 -0.077606
v 2.083250 1.808650 -0.075504
v 2.148367 1.807902 -0.046274
v 2.546043 1.802896 0.149644
v 2.568908 1.801187 0.217961
v 2.546016 1.718478 0.147541
v 2.568882 1.716769 0.215858
v 2.229329 1.718478 0.151548
v 2.208200 1.716769 0.220422
v 2.229356 1.802896 0.153652
v 2.208227 1.801187 0.222525
v 2.623806 1.804243 0.094574
v 2.688923 1.803494 0.123805
v 2.688896 1.719077 0.121702
v 2.623779 1.719825 0.092472
v 2.150199 1.719825 0.098464
v 2.085842 1.719077 0.129333
v 2.085868 1.803494 0.131436
v 2.150226 1.804243 0.100567
v 2.438180 1.794585 -0.173041
v 2.438164 1.742913 -0.174328
v 2.329003 1.742913 -0.172946
v 2.329019 1.794585 -0.171659
v 2.333982 1.784814 0.220526
v 2.443143 1.784814 0.219144
v 2.333966 1.733142 0.219239
v 2.443127 1.733142 0.217857
v 2.382652 1.770600 -0.247278
v 2.389494 1.757127 0.293477
v 3.031294 1.831034 0.502944
v 3.162130 1.828514 0.433330
v 3.253460 1.826419 0.294374
v 3.272988 1.825513 0.125894
v 3.210323 1.825472 -0.014572
v 3.165328 1.825804 -0.146457
v 3.113069 1.826278 -0.273464
v 3.070735 1.827079 -0.388743
v 2.951915 1.828832 -0.506853
v 2.805066 1.831279 -0.554194
v 2.672120 1.833950 -0.489859
v 2.530533 1.836626 -0.420889
v 2.416222 1.838887 -0.294527
v 2.394565 1.839859 -0.117118
v 2.416531 1.840029 0.045516
v 2.446149 1.840025 0.196148
v 2.514853 1.839290 0.329932
v 2.611311 1.838191 0.417921
v 2.743091 1.836160 0.490251
v 2.879197 1.833682 0.510207
v 3.044157 1.665500 0.541172
v 3.175550 1.663035 0.461558
v 3.265678 1.661473 0.317861
v 3.301975 1.660990 0.151352
v 3.255581 1.661431 0.001073
v 3.201468 1.662678 -0.141554
v 3.151513 1.664158 -0.269231
v 3.103148 1.665728 -0.417194
v 2.973730 1.668454 -0.523572
v 2.809234 1.671459 -0.542295
v 2.664101 1.674556 -0.488787
v 2.524088 1.677120 -0.418615
v 2.384384 1.679124 -0.289580
v 2.353600 1.679476 -0.106110
v 2.397080 1.678742 0.066849
v 2.444998 1.677603 0.218620
v 2.509060 1.676162 0.360504
v 2.608371 1.674197 0.453608
v 2.743504 1.671452 0.535639
v 2.886675 1.668430 0.551732
v 3.025902 1.872598 0.484674
v 3.155942 1.869032 0.424502
v 3.254130 1.870259 0.294204
v 3.259371 1.865775 0.126363
v 3.201065 1.868234 -0.011273
v 3.168219 1.869727 -0.147699
v 3.111633 1.871023 -0.272297
v 3.054924 1.865706 -0.370634
v 2.953074 1.871801 -0.507810
v 2.805918 1.872229 -0.538945
v 2.675493 1.876720 -0.481700
v 2.537367 1.878966 -0.411721
v 2.432794 1.879494 -0.286462
v 2.406998 1.881622 -0.117526
v 2.423856 1.882123 0.043849
v 2.457198 1.878955 0.190499
v 2.525120 1.880910 0.322350
v 2.617455 1.880157 0.410161
v 2.744213 1.880767 0.487730
v 2.879848 1.875685 0.509153
v 2.983960 1.890684 0.372067
v 3.080938 1.889069 0.320767
v 3.155275 1.887585 0.235136
v 3.161472 1.890640 0.113567
v 3.112519 1.890524 0.002875
v 3.077628 1.890404 -0.105812
v 3.034350 1.890343 -0.205307
v 2.988038 1.888089 -0.270335
v 2.912882 1.888384 -0.352420
v 2.806722 1.890653 -0.360420
v 2.713880 1.890392 -0.340279
v 2.601141 1.887849 -0.316792
v 2.535136 1.885309 -0.221714
v 2.515700 1.889880 -0.098689
v 2.529897 1.888455 0.028645
v 2.552944 1.886986 0.146073
v 2.608685 1.890215 0.248546
v 2.686621 1.890598 0.300769
v 2.779288 1.890953 0.357105
v 2.874899 1.890398 0.406457
v 3.037229 1.636139 0.522279
v 3.171319 1.630103 0.456852
v 3.256710 1.628240 0.313506
v 3.292885 1.628297 0.150491
v 3.248268 1.628797 0.003356
v 3.197647 1.628946 -0.139793
v 3.136164 1.633929 -0.259457
v 3.098701 1.632612 -0.412772
v 2.971935 1.633858 -0.520066
v 2.808485 1.637565 -0.538426
v 2.662289 1.640714 -0.492847
v 2.520136 1.643888 -0.423469
v 2.384509 1.644433 -0.289115
v 2.352777 1.645125 -0.106185
v 2.393664 1.647177 0.067737
v 2.453237 1.644068 0.214082
v 2.504319 1.641858 0.363473
v 2.605178 1.639720 0.457330
v 2.742853 1.636599 0.535544
v 2.885443 1.637578 0.541022
v 2.992087 1.616931 0.382693
v 3.091539 1.617520 0.337848
v 3.153672 1.618135 0.238473
v 3.179956 1.616489 0.121466
v 3.138398 1.615325 0.019758
v 3.099927 1.616315 -0.083804
v 3.033641 1.616114 -0.181978
v 3.013966 1.617460 -0.271964
v 2.917576 1.616554 -0.318287
v 2.800232 1.616490 -0.354486
v 2.698606 1.617955 -0.349724
v 2.586447 1.614760 -0.319405
v 2.492250 1.615052 -0.215997
v 2.467834 1.615643 -0.083236
v 2.487966 1.615801 0.046640
v 2.538613 1.612965 0.161466
v 2.582723 1.616722 0.278592
v 2.667757 1.616771 0.328404
v 2.772463 1.617022 0.377639
v 2.876134 1.616003 0.413200
v 3.216334 1.841640 0.423543
v 3.229226 1.878248 0.371758
v 3.079207 1.881741 -0.274963
v 3.075065 1.835209 -0.299819
v 3.038434 1.833730 -0.439683
v 3.009013 1.874602 -0.450530
v 3.198235 1.845682 0.093049
v 3.143363 1.820553 -0.032267
v 3.108378 1.799921 -0.131533
v 3.074006 1.777254 -0.239111
v 3.024224 1.744853 -0.393126
v 2.885825 1.729617 -0.507080
v 2.712493 1.748956 -0.488478
v 2.586244 1.784699 -0.384004
v 2.505485 1.825874 -0.338675
v 2.461342 1.852031 -0.146412
v 2.461523 1.881511 -0.022574
v 2.471849 1.910475 0.102766
v 2.526644 1.935641 0.228214
v 2.648483 1.975376 0.291068
v 2.776374 1.949514 0.376646
v 2.941085 1.949390 0.435608
v 3.104645 1.923217 0.384786
v 3.180112 1.881395 0.236449
v 3.218002 1.727208 0.107368
v 3.156092 1.700888 -0.018918
v 3.114845 1.680472 -0.114901
v 3.123295 1.645775 -0.255183
v 3.065570 1.607524 -0.429333
v 2.901511 1.599329 -0.510752
v 2.715239 1.612361 -0.511307
v 2.568574 1.647300 -0.410222
v 2.438744 1.706172 -0.251153
v 2.453940 1.722511 -0.134148
v 2.475409 1.752547 -0.004342
v 2.499018 1.779948 0.115252
v 2.549443 1.805966 0.236948
v 2.684883 1.807539 0.388527
v 2.782203 1.842471 0.454813
v 2.964331 1.837196 0.486077
v 3.121917 1.805525 0.401610
v 3.218013 1.765794 0.266110
v 3.210333 1.648272 0.153148
v 3.180463 1.631402 0.056055
v 3.191245 1.494910 -0.138439
v 3.148183 1.465700 -0.272606
v 3.040610 1.447471 -0.381329
v 2.894492 1.438613 -0.463222
v 2.724385 1.451299 -0.463423
v 2.560270 1.475103 -0.415781
v 2.463125 1.514214 -0.284076
v 2.444802 1.552283 -0.132271
v 2.454176 1.583668 0.000456
v 2.474438 1.613064 0.128333
v 2.527550 1.646680 0.259415
v 2.629492 1.661942 0.378545
v 2.776304 1.678555 0.492728
v 2.966439 1.668062 0.508207
v 3.117185 1.631501 0.403651
v 3.196318 1.588557 0.257206
v 3.152513 1.977294 0.032805
v 3.112414 1.955880 -0.082525
v 3.076404 1.934659 -0.184452
v 3.015957 1.908235 -0.282683
v 2.924098 1.867576 -0.373568
v 2.858853 1.850393 -0.404770
v 2.790407 1.855226 -0.409592
v 2.691571 1.903490 -0.362012
v 2.532247 1.947915 -0.283193
v 2.496032 1.984442 -0.202290
v 2.464916 2.013093 -0.092357
v 2.440432 2.043256 0.046081
v 2.472122 2.076045 0.173548
v 2.642636 2.074138 0.279449
v 2.794291 2.084770 0.319917
v 2.965770 2.078073 0.359222
v 3.102105 2.047710 0.285706
v 3.148708 2.008558 0.150803
v 3.088715 2.073646 -0.005364
v 3.046357 2.050031 -0.101993
v 2.987268 2.068252 -0.179122
v 2.907160 2.037234 -0.262016
v 2.800223 2.025270 -0.289120
v 2.718614 2.060946 -0.254916
v 2.537477 2.110608 -0.166076
v 2.494439 2.112092 -0.097401
v 2.481201 2.162953 0.006242
v 2.500849 2.209080 0.085231
v 2.654492 2.205818 0.216780
v 2.805242 2.217298 0.257388
v 2.982456 2.191113 0.234830
v 3.076957 2.147484 0.159404
v 3.077313 2.115285 0.068276
v 2.565878 1.866191 0.242624
v 2.600859 1.900732 0.273414
v 2.749264 1.941906 0.343018
v 2.766399 1.876743 0.390863
v 2.590696 1.746041 0.310627
v 2.568462 1.750612 0.260094
v 2.616491 1.867474 0.389830
v 2.579558 1.896694 0.335119
v 2.574932 1.824253 0.374697
v 2.538960 1.856509 0.333966
v 2.538947 1.804362 0.311721
v 2.566695 1.789029 0.350980
v 2.551857 1.761223 0.312336
v 2.618477 1.777319 0.357749
v 2.620029 1.743264 0.357622
v 2.586459 1.653358 0.330772
v 2.429614 1.627962 -0.212142
v 2.894848 2.132935 -0.164095
v 2.895349 2.170996 -0.123654
v 2.936165 2.196120 -0.026702
v 2.995575 2.184081 0.057865
v 3.037627 2.150480 0.088388
v 2.925301 2.108226 -0.172034
v 2.938907 2.145044 -0.141783
v 2.965307 2.119063 -0.152119
v 3.006102 2.093183 -0.144486
v 3.038654 2.091984 -0.119781
v 3.079982 2.115634 -0.048147
v 3.085301 2.137323 0.001048
v 3.046492 2.166047 0.015033
v 3.012789 2.188014 -0.002082
v 2.968239 2.186748 -0.057093
v 2.952873 2.170848 -0.114369
v 3.009157 2.144277 -0.121547
v 2.982213 2.164991 -0.113652
v 3.029982 2.183185 -0.044000
v 3.007135 2.174685 -0.079721
v 3.039018 2.149532 -0.091027
v 3.062530 2.157190 -0.053868
v 2.926823 2.100222 -0.210267
v 2.887516 2.132145 -0.188079
v 2.874314 2.180593 -0.152480
v 2.899799 2.210815 -0.083489
v 2.922662 2.217132 -0.028644
v 2.965416 2.264241 0.155940
v 3.042071 2.183709 0.121551
v 3.016141 2.219995 0.169422
v 3.020935 2.201871 0.195084
v 2.836202 2.258836 0.224883
v 2.905034 2.308222 0.136252
v 2.824394 2.335685 0.060150
v 2.854263 2.286506 0.000859
v 2.819511 2.276467 -0.073349
v 2.787816 2.310045 -0.048857
v 2.789895 2.337340 0.009648
v 2.781470 2.325293 -0.025652
v 2.863238 2.325451 0.099590
v 2.732464 2.162382 -0.194536
v 2.772217 2.087723 -0.248307
v 2.738933 2.254768 -0.107740
v 2.629470 2.218725 -0.074585
v 2.656973 2.276482 0.026114
v 2.683214 2.293272 0.126590
v 2.617906 2.275486 0.141751
v 2.730087 2.265326 0.193176
v 2.762458 2.326185 0.066012
v 2.810425 2.309715 0.124086
v 3.162080 1.608448 -0.017457
v 3.179625 1.526513 -0.043187
v 3.176274 1.539873 0.208836
v 3.160110 1.494569 0.133443
v 3.172797 1.489474 0.029458
v 3.206480 1.624261 0.209229
v 3.241832 1.534780 0.134298
v 3.230808 1.523614 0.030985
v 3.221595 1.572595 0.018829
v 3.253478 1.590081 0.113935
v 2.487756 1.632248 0.205170
v 2.484268 1.579503 0.205410
v 2.527137 1.521629 0.243706
v 2.581561 1.472375 0.282526
v 2.613860 1.441062 0.306038
v 2.687156 1.541123 0.386557
v 2.855927 1.493959 0.401786
v 2.744188 1.412137 0.318290
v 2.630184 1.404789 0.282159
v 2.918866 1.629263 0.521175
v 2.865409 1.674615 0.524753
v 2.815747 1.729472 0.513238
v 3.040941 1.527927 0.383870
v 3.142104 1.519201 0.254640
v 2.978634 1.500410 0.396696
v 2.903904 1.342238 0.241161
v 2.805660 1.310974 0.203925
v 2.571023 1.421302 0.173598
v 2.518415 1.481743 0.163195
v 2.459200 1.547374 0.025132
v 2.545605 1.424867 0.124210
v 2.533566 1.391345 -0.064775
v 2.454432 1.535197 -0.035820
v 2.468846 1.459445 -0.190576
v 2.490936 1.410312 -0.290906
v 2.561575 1.338065 -0.185929
v 2.576013 1.380056 -0.384883
v 2.623404 1.372892 -0.417793
v 2.831212 1.336169 -0.410126
v 3.026000 1.342008 -0.325718
v 3.142086 1.386270 -0.240312
v 3.175743 1.437964 -0.084088
v 3.013050 1.347968 0.102610
v 3.114351 1.425649 0.143641
v 3.144195 1.417774 0.054625
v 3.058615 1.329997 -0.065160
v 3.118595 1.352310 -0.147398
v 2.997982 1.289354 -0.308172
v 2.884681 1.297519 -0.368881
v 2.951226 1.277640 -0.325714
v 2.967476 1.268062 -0.278420
v 2.971981 1.267791 -0.168195
v 3.076322 1.314754 -0.224377
v 2.947848 1.299835 0.039723
v 2.752075 1.299354 0.015605
v 2.798645 1.270669 -0.162630
v 2.879500 1.263188 -0.232503
v 2.855158 1.282568 -0.299657
v 2.693614 1.328984 -0.353591
v 2.622469 1.349410 -0.351203
v 2.589427 1.355784 -0.326311
v 2.563990 1.353716 -0.269377
v 2.593316 1.321358 -0.166941
v 2.641339 1.300507 -0.160654
v 2.709031 1.278150 -0.157185
v 2.681981 1.329616 0.030899
v 2.607254 1.369577 0.056065
v 2.618708 1.382234 0.147588
v -2.841273 1.685297 -0.044122
v -2.857692 1.685297 -0.114288
v -2.841273 1.769741 -0.044122
v -2.857692 1.769741 -0.114288
v -2.525582 1.769741 -0.018700
v -2.498146 1.769741 -0.085335
v -2.525582 1.685297 -0.018701
v -2.498146 1.685297 -0.085335
v -2.923815 1.685297 0.003504
v -2.985935 1.685297 -0.031657
v -2.985935 1.769741 -0.031656
v -2.923815 1.769741 0.003504
v -2.451725 1.769741 0.041520
v -2.384778 1.769741 0.016753
v -2.384778 1.685297 0.016753
v -2.451725 1.685297 0.041520
v -2.861748 1.685297 0.210149
v -2.889184 1.685297 0.276784
v -2.861748 1.769741 0.210149
v -2.889184 1.769741 0.276784
v -2.546057 1.769741 0.235570
v -2.529638 1.769741 0.305737
v -2.546057 1.685297 0.235571
v -2.529638 1.685297 0.305737
v -2.935606 1.685297 0.149929
v -3.002552 1.685297 0.174696
v -3.002552 1.769741 0.174696
v -2.935606 1.769741 0.149929
v -2.463516 1.769741 0.187945
v -2.401395 1.769741 0.223105
v -2.401395 1.685297 0.223105
v -2.463516 1.685297 0.187945
v -2.732328 1.701675 -0.104193
v -2.732328 1.753363 -0.104193
v -2.623511 1.753363 -0.095430
v -2.623511 1.701675 -0.095430
v -2.655003 1.701675 0.295642
v -2.763820 1.701675 0.286879
v -2.655003 1.753363 0.295642
v -2.763820 1.753363 0.286879
v -2.671954 1.727519 -0.173886
v -2.715376 1.727519 0.365335
v -3.654610 1.787635 -0.255381
v -3.697557 1.785115 -0.113537
v -3.663487 1.783020 0.049217
v -3.557841 1.782114 0.181904
v -3.414072 1.782073 0.236570
v -3.288851 1.782405 0.297707
v -3.161963 1.782879 0.350256
v -3.050390 1.783680 0.401566
v -2.882857 1.785433 0.400658
v -2.745714 1.787880 0.329964
v -2.697537 1.790551 0.190348
v -2.646549 1.793227 0.041338
v -2.655482 1.795488 -0.128822
v -2.765956 1.796460 -0.269317
v -2.896728 1.796630 -0.368467
v -3.024390 1.796626 -0.453729
v -3.167681 1.795892 -0.499402
v -3.298091 1.794792 -0.493097
v -3.442316 1.792761 -0.450711
v -3.552470 1.790283 -0.368314
v -3.690780 1.622101 -0.273230
v -3.727032 1.619636 -0.123937
v -3.688753 1.618074 0.041310
v -3.596333 1.617591 0.184492
v -3.457087 1.618032 0.257614
v -3.317820 1.619279 0.319866
v -3.192082 1.620759 0.374520
v -3.053087 1.622329 0.444610
v -2.886395 1.625055 0.427915
v -2.757089 1.628060 0.324525
v -2.692640 1.631157 0.183908
v -2.643615 1.633721 0.035165
v -2.636530 1.635725 -0.154880
v -2.744861 1.636077 -0.306118
v -2.898128 1.635343 -0.397303
v -3.039507 1.634204 -0.470396
v -3.185265 1.632763 -0.525072
v -3.321313 1.630798 -0.520354
v -3.474779 1.628053 -0.482434
v -3.587178 1.625031 -0.392305
v -3.637857 1.829199 -0.246316
v -3.686935 1.825633 -0.111696
v -3.663839 1.826860 0.049812
v -3.548568 1.822376 0.171921
v -3.409880 1.824835 0.227681
v -3.290010 1.826328 0.300633
v -3.161778 1.827624 0.348415
v -3.052073 1.822307 0.377584
v -2.882996 1.828402 0.402154
v -2.757124 1.828830 0.319811
v -2.705699 1.833321 0.186983
v -2.657868 1.835567 0.039715
v -2.672889 1.836095 -0.122765
v -2.774436 1.838223 -0.260216
v -2.900713 1.838724 -0.362100
v -3.028180 1.835556 -0.441912
v -3.169550 1.837511 -0.486775
v -3.296924 1.836758 -0.483268
v -3.441320 1.837368 -0.448137
v -3.552181 1.832286 -0.367109
v -3.528453 1.847285 -0.196613
v -3.560498 1.845670 -0.091686
v -3.552239 1.844186 0.021408
v -3.470440 1.847241 0.111555
v -3.357449 1.847125 0.154938
v -3.255799 1.847005 0.206874
v -3.154746 1.846944 0.246381
v -3.075985 1.844690 0.259425
v -2.964788 1.844985 0.264055
v -2.884233 1.847254 0.194451
v -2.833019 1.846993 0.114435
v -2.770141 1.844450 0.017956
v -2.790974 1.841910 -0.095896
v -2.864466 1.846481 -0.196454
v -2.964737 1.845056 -0.276211
v -3.064229 1.843588 -0.342708
v -3.176183 1.846816 -0.375482
v -3.268174 1.847199 -0.357078
v -3.373473 1.847554 -0.331133
v -3.475898 1.846999 -0.298175
v -3.672502 1.592740 -0.264813
v -3.720712 1.586704 -0.123617
v -3.679340 1.584841 0.038025
v -3.589310 1.584898 0.178657
v -3.453546 1.585398 0.250820
v -3.316373 1.585547 0.315915
v -3.188183 1.590530 0.356745
v -3.053085 1.589213 0.438338
v -2.887613 1.590459 0.424170
v -2.759302 1.594166 0.321265
v -2.688483 1.597315 0.185488
v -2.637386 1.600489 0.035788
v -2.636947 1.601034 -0.155118
v -2.744228 1.601726 -0.306649
v -2.896348 1.603778 -0.400351
v -3.042103 1.600669 -0.461355
v -3.184026 1.598459 -0.530527
v -3.321698 1.596321 -0.525243
v -3.474252 1.593200 -0.482828
v -3.578717 1.594179 -0.385623
v -3.541717 1.573532 -0.198347
v -3.580084 1.574121 -0.096221
v -3.553473 1.574736 0.017918
v -3.489078 1.573090 0.119085
v -3.387671 1.571926 0.161372
v -3.287127 1.572916 0.207155
v -3.170782 1.572715 0.229422
v -3.093120 1.574061 0.278952
v -2.992293 1.573155 0.243305
v -2.883860 1.573091 0.185665
v -2.815549 1.574556 0.110271
v -2.757924 1.571361 0.009384
v -2.764775 1.571653 -0.130327
v -2.841655 1.572244 -0.241283
v -2.947914 1.572402 -0.318626
v -3.065030 1.569566 -0.363725
v -3.179166 1.573323 -0.415079
v -3.274456 1.573372 -0.389943
v -3.383214 1.573623 -0.350455
v -3.481549 1.572604 -0.302056
v -3.728855 1.798241 -0.068213
v -3.701243 1.834849 -0.022547
v -3.137016 1.838342 0.327312
v -3.116475 1.791810 0.341909
v -2.991498 1.790331 0.414603
v -2.963056 1.831203 0.401400
v -3.481829 1.802283 0.152086
v -3.354296 1.777154 0.201590
v -3.259258 1.756522 0.246814
v -3.158759 1.733855 0.298335
v -3.014475 1.701454 0.371689
v -2.836076 1.686218 0.353973
v -2.726995 1.705557 0.217991
v -2.711992 1.741300 0.054808
v -2.687154 1.782475 -0.034410
v -2.792296 1.808632 -0.201321
v -2.880201 1.838112 -0.288546
v -2.976328 1.867076 -0.369641
v -3.103900 1.892242 -0.419292
v -3.234397 1.931978 -0.377268
v -3.385269 1.906115 -0.346983
v -3.543248 1.905991 -0.271825
v -3.622598 1.879818 -0.120041
v -3.570690 1.837996 0.038087
v -3.505922 1.683810 0.155997
v -3.372737 1.657489 0.201196
v -3.275608 1.637073 0.239665
v -3.182135 1.602376 0.344609
v -3.017976 1.564125 0.426537
v -2.844538 1.555930 0.367682
v -2.712749 1.568962 0.236041
v -2.680944 1.603901 0.060778
v -2.702112 1.662773 -0.143454
v -2.795767 1.679112 -0.215217
v -2.902920 1.709148 -0.291565
v -3.004344 1.736549 -0.359191
v -3.126173 1.762567 -0.409293
v -3.329153 1.764140 -0.420214
v -3.444786 1.799072 -0.397990
v -3.595419 1.793797 -0.290948
v -3.646708 1.762126 -0.119666
v -3.618448 1.722395 0.044029
v -3.532962 1.604873 0.118268
v -3.443071 1.588003 0.165584
v -3.312816 1.451511 0.310423
v -3.187341 1.422301 0.374540
v -3.034395 1.404072 0.374983
v -2.873277 1.395214 0.329179
v -2.753142 1.407900 0.208746
v -2.671146 1.431704 0.058813
v -2.695975 1.470815 -0.102949
v -2.790651 1.508884 -0.223019
v -2.891343 1.540269 -0.310000
v -2.996276 1.569665 -0.385841
v -3.126654 1.603281 -0.440659
v -3.283005 1.618543 -0.452435
v -3.467501 1.635156 -0.428916
v -3.612592 1.624663 -0.305064
v -3.644816 1.588102 -0.124460
v -3.596833 1.545158 0.034933
v -3.406875 1.933895 0.162174
v -3.296842 1.912481 0.215104
v -3.199193 1.891260 0.261478
v -3.086927 1.864836 0.287924
v -2.957709 1.824177 0.286923
v -2.889569 1.806994 0.262686
v -2.837870 1.811827 0.217572
v -2.801877 1.860091 0.113952
v -2.745359 1.904516 -0.054577
v -2.777158 1.941043 -0.137315
v -2.833131 1.969694 -0.236917
v -2.913988 1.999857 -0.351925
v -3.026693 2.032646 -0.419377
v -3.222036 2.030739 -0.373216
v -3.357697 2.041371 -0.294266
v -3.506517 2.034674 -0.200446
v -3.550577 2.004312 -0.051951
v -3.487829 1.965159 0.076241
v -3.334818 2.030247 0.143877
v -3.236446 2.006632 0.182015
v -3.140095 2.024853 0.194538
v -3.024831 1.993835 0.196229
v -2.930187 1.981871 0.139549
v -2.896864 2.017547 0.057576
v -2.832063 2.067209 -0.133484
v -2.850381 2.068694 -0.212433
v -2.914508 2.119554 -0.294925
v -2.984355 2.165681 -0.336717
v -3.185978 2.162419 -0.320606
v -3.321100 2.173899 -0.242397
v -3.430117 2.147714 -0.100872
v -3.443314 2.104085 0.019316
v -3.378972 2.071886 0.083850
v -3.141790 1.822792 -0.401647
v -3.188289 1.857333 -0.398571
v -3.342310 1.898507 -0.342478
v -3.388310 1.833344 -0.364082
v -3.207498 1.702642 -0.432025
v -3.155995 1.707213 -0.412139
v -3.281833 1.824075 -0.469610
v -3.217001 1.853295 -0.457197
v -3.241791 1.780854 -0.488393
v -3.187546 1.813110 -0.485159
v -3.171769 1.760963 -0.469477
v -3.219170 1.745630 -0.477502
v -3.181312 1.717824 -0.460759
v -3.260494 1.733920 -0.445572
v -3.261499 1.699865 -0.444383
v -3.218788 1.609959 -0.449238
v -2.723324 1.584563 -0.177444
v -3.085554 2.089536 0.118429
v -3.114573 2.127597 0.090257
v -3.212085 2.152721 0.050799
v -3.313935 2.140682 0.033257
v -3.365234 2.107081 0.041533
v -3.101408 2.064827 0.145614
v -3.132448 2.101645 0.133920
v -3.143744 2.075665 0.159924
v -3.177931 2.049784 0.183456
v -3.218405 2.048585 0.189101
v -3.298332 2.072235 0.167866
v -3.336954 2.093925 0.136935
v -3.319492 2.122648 0.099561
v -3.283586 2.144615 0.087744
v -3.213169 2.143349 0.094971
v -3.161731 2.127450 0.124482
v -3.196346 2.100878 0.169440
v -3.182936 2.121593 0.144773
v -3.266002 2.139786 0.129500
v -3.224567 2.131286 0.138503
v -3.239043 2.106133 0.169077
v -3.281967 2.113791 0.159531
v -3.075382 2.056823 0.173663
v -3.063382 2.088746 0.130150
v -3.079303 2.137195 0.095680
v -3.146181 2.167416 0.065079
v -3.201184 2.173733 0.042598
v -3.362179 2.220842 -0.057302
v -3.391874 2.140310 0.021290
v -3.407515 2.176596 -0.030858
v -3.429087 2.158472 -0.045561
v -3.319899 2.215437 -0.197523
v -3.305630 2.264823 -0.086214
v -3.194805 2.292286 -0.089691
v -3.173848 2.243107 -0.026696
v -3.096734 2.233068 0.001017
v -3.091737 2.266646 -0.038725
v -3.134672 2.293941 -0.078520
v -3.103709 2.281894 -0.059591
v -3.250161 2.282052 -0.089979
v -2.949432 2.118983 0.024801
v -2.939360 2.044324 0.090909
v -3.015518 2.211370 -0.031838
v -2.961804 2.175326 -0.132815
v -3.052582 2.233083 -0.184353
v -3.142311 2.249873 -0.236628
v -3.106989 2.232087 -0.293614
v -3.222572 2.221927 -0.250373
v -3.155270 2.282786 -0.137727
v -3.230270 2.266316 -0.144693
v -3.377997 1.565049 0.204409
v -3.372135 1.483114 0.234995
v -3.548409 1.496474 0.054845
v -3.483568 1.451170 0.096570
v -3.418812 1.446075 0.178912
v -3.569995 1.580862 0.075978
v -3.541820 1.491381 0.153892
v -3.460814 1.480215 0.218955
v -3.445699 1.529196 0.220999
v -3.535601 1.546682 0.176510
v -3.060134 1.588849 -0.430601
v -3.057844 1.536104 -0.433243
v -3.115228 1.478230 -0.429871
v -3.181135 1.428976 -0.418677
v -3.220584 1.397663 -0.412368
v -3.329360 1.497724 -0.417213
v -3.459204 1.450560 -0.308328
v -3.321201 1.368738 -0.328633
v -3.215173 1.361390 -0.383954
v -3.588226 1.585864 -0.347932
v -3.553054 1.631216 -0.388347
v -3.509861 1.686073 -0.415426
v -3.577013 1.484528 -0.164549
v -3.556772 1.475802 -0.001685
v -3.542154 1.457011 -0.217762
v -3.379194 1.298839 -0.161018
v -3.283500 1.267576 -0.204388
v -3.096492 1.377903 -0.349310
v -3.052009 1.438344 -0.379261
v -2.912378 1.503975 -0.323845
v -3.043555 1.381468 -0.332488
v -2.901108 1.347946 -0.207714
v -2.865811 1.491798 -0.284229
v -2.766284 1.416046 -0.164848
v -2.710751 1.366913 -0.078419
v -2.834989 1.294666 -0.102398
v -2.704151 1.336657 0.048177
v -2.714254 1.329493 0.104982
v -2.866276 1.292770 0.246871
v -3.063507 1.298609 0.325399
v -3.205930 1.342871 0.347438
v -3.340406 1.394565 0.261095
v -3.357977 1.304569 0.014081
v -3.458519 1.382250 0.056941
v -3.416474 1.374375 0.140886
v -3.271201 1.286598 0.164721
v -3.255219 1.308911 0.265246
v -3.056180 1.245955 0.293163
v -2.933227 1.254120 0.255677
v -3.010764 1.234241 0.272396
v -3.055751 1.224663 0.250553
v -3.137057 1.224392 0.175994
v -3.170836 1.271355 0.289584
v -3.267409 1.256436 0.012224
v -3.112217 1.255955 -0.109530
v -3.018731 1.227270 0.049206
v -3.026239 1.219789 0.155805
v -2.961468 1.239169 0.185921
v -2.809288 1.285585 0.109461
v -2.760795 1.306011 0.057348
v -2.755131 1.312385 0.016368
v -2.777543 1.310317 -0.041823
v -2.870837 1.277959 -0.093294
v -2.909169 1.257108 -0.063689
v -2.959378 1.234751 -0.018155
v -3.073613 1.286217 -0.170002
v -3.038740 1.326178 -0.240721
v -3.111692 1.338835 -0.297163
v -0.021882 1.638966 2.490097
v 0.029989 1.638966 2.440074
v -0.021882 1.723410 2.490097
v 0.029989 1.723410 2.440074
v 0.117880 1.723410 2.774304
v 0.189167 1.723410 2.763762
v 0.117881 1.638966 2.774303
v 0.189167 1.638966 2.763762
v -0.105048 1.638966 2.443569
v -0.106643 1.638966 2.372206
v -0.106643 1.723410 2.372206
v -0.105048 1.723410 2.443569
v 0.103955 1.723410 2.868577
v 0.159501 1.723410 2.913409
v 0.159502 1.638966 2.913409
v 0.103956 1.638966 2.868577
v -0.250795 1.638966 2.602668
v -0.322081 1.638966 2.613209
v -0.250794 1.723410 2.602668
v -0.322081 1.723410 2.613209
v -0.111032 1.723410 2.886874
v -0.162903 1.723410 2.936897
v -0.111032 1.638966 2.886875
v -0.162903 1.638966 2.936897
v -0.236869 1.638966 2.508394
v -0.292415 1.638966 2.463562
v -0.292416 1.723410 2.463562
v -0.236870 1.723410 2.508394
v -0.027866 1.723410 2.933402
v -0.026271 1.723410 3.004765
v -0.026271 1.638966 3.004765
v -0.027866 1.638966 2.933402
v 0.085490 1.655344 2.552936
v 0.085490 1.707032 2.552936
v 0.133666 1.707032 2.650900
v 0.133666 1.655344 2.650900
v -0.218404 1.655344 2.824036
v -0.266580 1.655344 2.726071
v -0.218404 1.707032 2.824036
v -0.266580 1.707032 2.726071
v 0.176265 1.681188 2.569124
v -0.309179 1.681188 2.807847
v 0.494279 1.741303 2.697443
v 0.380386 1.738784 2.602614
v 0.217222 1.736688 2.570562
v 0.053855 1.735783 2.616147
v -0.052517 1.735741 2.727245
v -0.157621 1.736073 2.818739
v -0.255465 1.736547 2.915116
v -0.346199 1.737348 2.997872
v -0.410653 1.739101 3.152514
v -0.398993 1.741548 3.306364
v -0.289191 1.744220 3.405142
v -0.171834 1.746895 3.510169
v -0.011645 1.749157 3.568256
v 0.160794 1.750129 3.521269
v 0.303069 1.750298 3.439476
v 0.431341 1.750295 3.355135
v 0.529245 1.749560 3.240971
v 0.574261 1.748461 3.118416
v 0.591432 1.746430 2.969074
v 0.558478 1.743952 2.835519
v 0.524813 1.575769 2.671089
v 0.401451 1.573304 2.579521
v 0.234351 1.571742 2.550376
v 0.066472 1.571260 2.579689
v -0.055134 1.571700 2.679430
v -0.166738 1.572948 2.783426
v -0.266072 1.574428 2.877923
v -0.384788 1.575998 2.978614
v -0.434376 1.578723 3.138633
v -0.389552 1.581728 3.298008
v -0.285169 1.584825 3.412161
v -0.167292 1.587390 3.515277
v 0.004967 1.589394 3.595864
v 0.186466 1.589746 3.555037
v 0.330170 1.589011 3.449424
v 0.452582 1.587872 3.347708
v 0.559739 1.586432 3.234782
v 0.608413 1.584466 3.107652
v 0.633298 1.581721 2.951542
v 0.594098 1.578699 2.812904
v 0.479402 1.782868 2.709339
v 0.374552 1.779301 2.611678
v 0.216812 1.780528 2.570007
v 0.059434 1.776044 2.628577
v -0.045965 1.778503 2.734570
v -0.159864 1.779996 2.816532
v -0.253841 1.781292 2.916005
v -0.323458 1.775975 3.005669
v -0.411977 1.782070 3.151803
v -0.385197 1.782498 3.299813
v -0.282912 1.786989 3.398937
v -0.165927 1.789235 3.500378
v -0.010440 1.789764 3.549865
v 0.155718 1.791892 3.509912
v 0.298758 1.792393 3.433324
v 0.421936 1.789225 3.347039
v 0.518345 1.791179 3.234330
v 0.564755 1.790426 3.115659
v 0.588674 1.791036 2.968989
v 0.557256 1.785954 2.835315
v 0.390992 1.800953 2.790723
v 0.306850 1.799338 2.720321
v 0.199478 1.797854 2.683853
v 0.084581 1.800909 2.724053
v 0.000594 1.800793 2.811204
v -0.086850 1.800673 2.884578
v -0.162615 1.800613 2.962244
v -0.205322 1.798358 3.029695
v -0.252920 1.798654 3.130296
v -0.220213 1.800923 3.231608
v -0.166481 1.800661 3.309956
v -0.102135 1.798118 3.405461
v 0.010835 1.795579 3.430644
v 0.132083 1.800149 3.402152
v 0.244611 1.798725 3.340891
v 0.344623 1.797256 3.275180
v 0.418436 1.800484 3.184849
v 0.437337 1.800868 3.092958
v 0.454480 1.801223 2.985874
v 0.464044 1.800668 2.878703
v 0.509938 1.546409 2.684642
v 0.398693 1.540372 2.585217
v 0.233708 1.538509 2.560325
v 0.069109 1.538567 2.588431
v -0.050257 1.539066 2.685338
v -0.163664 1.539216 2.786298
v -0.251223 1.544199 2.888441
v -0.379014 1.542881 2.981060
v -0.430452 1.544127 3.138971
v -0.385687 1.547835 3.297240
v -0.288244 1.550983 3.415374
v -0.170293 1.554157 3.520771
v 0.005349 1.554703 3.595573
v 0.186707 1.555394 3.555828
v 0.332284 1.557446 3.452251
v 0.445267 1.554337 3.341794
v 0.564279 1.552128 3.238050
v 0.613065 1.549989 3.109202
v 0.633456 1.546869 2.952180
v 0.584648 1.547848 2.818092
v 0.397759 1.527200 2.779183
v 0.318659 1.527789 2.704051
v 0.203173 1.528404 2.684076
v 0.084910 1.526759 2.703954
v 0.006446 1.525594 2.780864
v -0.074900 1.526584 2.855617
v -0.140747 1.526383 2.954085
v -0.216627 1.527729 3.006305
v -0.223092 1.526824 3.113053
v -0.212266 1.526760 3.235375
v -0.169455 1.528224 3.327667
v -0.099002 1.525029 3.420053
v 0.032334 1.525321 3.468191
v 0.164478 1.525913 3.440630
v 0.277117 1.526071 3.372913
v 0.364291 1.523235 3.282632
v 0.456064 1.526991 3.197533
v 0.470051 1.527040 3.099981
v 0.476070 1.527291 2.984434
v 0.469820 1.526273 2.875011
v 0.350843 1.751909 2.556127
v 0.298026 1.788518 2.563759
v -0.244057 1.792011 2.947034
v -0.265505 1.745479 2.960261
v -0.381157 1.743999 3.047028
v -0.380082 1.784871 3.078366
v 0.051692 1.755951 2.697769
v -0.043598 1.730823 2.795927
v -0.122284 1.710190 2.865827
v -0.208898 1.687523 2.938302
v -0.332681 1.655123 3.042592
v -0.385889 1.639886 3.213789
v -0.303169 1.659225 3.367241
v -0.158735 1.694968 3.444651
v -0.086250 1.736144 3.502294
v 0.108439 1.762300 3.470513
v 0.223026 1.791780 3.423550
v 0.335171 1.820745 3.366627
v 0.430613 1.845911 3.268491
v 0.442767 1.885646 3.131934
v 0.473673 1.859783 2.981188
v 0.466023 1.859660 2.806409
v 0.357164 1.833486 2.674180
v 0.191308 1.791665 2.660361
v 0.057480 1.637478 2.674057
v -0.036049 1.611157 2.779097
v -0.109329 1.590741 2.853555
v -0.242403 1.556045 2.898741
v -0.381828 1.517793 3.017992
v -0.395217 1.509598 3.200654
v -0.325343 1.522630 3.373325
v -0.176332 1.557570 3.470918
v 0.020003 1.616442 3.531014
v 0.122590 1.632781 3.472732
v 0.234660 1.662816 3.403804
v 0.336465 1.690218 3.336753
v 0.430084 1.716235 3.244082
v 0.519245 1.717809 3.061406
v 0.543842 1.752740 2.946254
v 0.503966 1.747465 2.765815
v 0.366214 1.715794 2.651831
v 0.204448 1.676064 2.614062
v 0.102764 1.558542 2.663858
v 0.024157 1.541671 2.728202
v -0.159992 1.405180 2.791714
v -0.267938 1.375969 2.882282
v -0.327952 1.357740 3.022962
v -0.348558 1.348882 3.189192
v -0.284465 1.361568 3.346763
v -0.178341 1.385372 3.480707
v -0.019692 1.424483 3.520882
v 0.127781 1.462553 3.480483
v 0.247126 1.493937 3.421649
v 0.357864 1.523333 3.354569
v 0.459158 1.556950 3.255862
v 0.530934 1.572212 3.116462
v 0.581175 1.588824 2.937387
v 0.523659 1.578332 2.755501
v 0.369892 1.541770 2.655441
v 0.204402 1.498827 2.637513
v 0.013192 1.887563 2.762866
v -0.078435 1.866149 2.843571
v -0.159197 1.844929 2.915428
v -0.227303 1.818505 3.008512
v -0.276739 1.777845 3.127903
v -0.280973 1.760662 3.200101
v -0.259573 1.765495 3.265294
v -0.178174 1.813759 3.338823
v -0.044994 1.858184 3.456550
v 0.043595 1.894711 3.459509
v 0.157135 1.923362 3.446778
v 0.294561 1.953526 3.417134
v 0.400603 1.986314 3.339627
v 0.434219 1.984407 3.141738
v 0.414379 1.995039 2.986036
v 0.385973 1.988342 2.812418
v 0.266390 1.957980 2.713971
v 0.123879 1.918827 2.721800
v 0.001961 1.983915 2.836357
v -0.071498 1.960301 2.912088
v -0.120580 1.978521 2.995941
v -0.167058 1.947504 3.101433
v -0.151743 1.935540 3.210683
v -0.089237 1.971215 3.273316
v 0.061464 2.020878 3.407453
v 0.141309 2.022362 3.421350
v 0.242270 2.073222 3.394442
v 0.307978 2.119349 3.346403
v 0.371716 2.116088 3.154443
v 0.352349 2.127567 2.999524
v 0.264498 2.101382 2.843974
v 0.158955 2.057753 2.784981
v 0.074449 2.025554 2.819087
v 0.429129 1.776460 3.226720
v 0.444418 1.811001 3.182698
v 0.452783 1.852175 3.018995
v 0.490605 1.787013 2.985051
v 0.482712 1.656311 3.178046
v 0.444327 1.660882 3.217727
v 0.546295 1.777743 3.124234
v 0.509597 1.806963 3.179103
v 0.547988 1.734522 3.168430
v 0.523870 1.766779 3.217126
v 0.503279 1.714631 3.225544
v 0.529143 1.699299 3.185019
v 0.498970 1.671493 3.213359
v 0.515842 1.687589 3.134518
v 0.515138 1.653533 3.133130
v 0.502965 1.563628 3.174356
v 0.059571 1.538232 3.524726
v -0.071744 2.043204 3.075830
v -0.034491 2.081265 3.060085
v 0.039850 2.106390 2.985659
v 0.095697 2.094350 2.898698
v 0.108066 2.060750 2.848230
v -0.090602 2.018495 3.050635
v -0.067736 2.055314 3.026606
v -0.087281 2.029333 3.006070
v -0.095629 2.003452 2.965415
v -0.085056 2.002253 2.925941
v -0.034351 2.025903 2.860609
v 0.009187 2.047593 2.837095
v 0.036801 2.076317 2.867741
v 0.033690 2.098284 2.905413
v -0.000408 2.097018 2.967447
v -0.047631 2.081118 3.003317
v -0.075545 2.054546 2.953919
v -0.058054 2.075261 2.975881
v -0.011617 2.093455 2.905334
v -0.036057 2.084955 2.939985
v -0.058571 2.059801 2.914739
v -0.033052 2.067459 2.878928
v -0.126575 2.010492 3.063673
v -0.091179 2.042414 3.091681
v -0.053231 2.090863 3.090453
v 0.001015 2.121084 3.040787
v 0.043154 2.127401 2.998895
v 0.197897 2.174511 2.889561
v 0.137092 2.093979 2.831584
v 0.191211 2.130265 2.837503
v 0.213159 2.112140 2.823366
v 0.310554 2.169105 2.983143
v 0.202486 2.218492 2.952906
v 0.162498 2.245955 3.056324
v 0.096316 2.196775 3.051074
v 0.040742 2.186736 3.111291
v 0.075394 2.220315 3.131381
v 0.128776 2.247609 3.107348
v 0.099277 2.235562 3.128488
v 0.184335 2.235720 3.005456
v -0.038567 2.072651 3.237678
v -0.103373 1.997993 3.221191
v 0.039349 2.165038 3.198889
v 0.111409 2.128995 3.287709
v 0.194249 2.186752 3.224193
v 0.277360 2.203541 3.161930
v 0.316075 2.185755 3.216667
v 0.321297 2.175595 3.093371
v 0.191329 2.236454 3.111453
v 0.226972 2.219984 3.045097
v -0.036958 1.518717 2.773001
v -0.067411 1.436782 2.766479
v 0.167193 1.450142 2.674349
v 0.103498 1.404838 2.717803
v 0.002429 1.399744 2.745350
v 0.156143 1.534530 2.646234
v 0.073409 1.445050 2.641817
v -0.018079 1.433883 2.691063
v -0.025852 1.482864 2.704186
v 0.050155 1.500350 2.638730
v 0.423972 1.542517 3.313203
v 0.425512 1.489773 3.316342
v 0.444770 1.431898 3.262180
v 0.460146 1.382644 3.197122
v 0.469710 1.351331 3.158334
v 0.516563 1.451392 3.060045
v 0.466888 1.404228 2.898034
v 0.431806 1.322407 3.033039
v 0.441434 1.315059 3.152243
v 0.553642 1.539532 2.794647
v 0.577155 1.584884 2.842788
v 0.585260 1.639741 2.893119
v 0.380388 1.438196 2.733507
v 0.222512 1.429471 2.688678
v 0.415808 1.410679 2.786348
v 0.300043 1.252507 2.914310
v 0.302692 1.221244 3.019339
v 0.363277 1.331571 3.248040
v 0.373524 1.392012 3.300678
v 0.268073 1.457644 3.407674
v 0.327155 1.335136 3.290236
v 0.156732 1.301614 3.372795
v 0.213442 1.445467 3.435120
v 0.064713 1.369714 3.480253
v -0.036524 1.320581 3.497714
v 0.033976 1.248335 3.392643
v -0.155683 1.290325 3.454456
v -0.204060 1.283161 3.423014
v -0.275487 1.246438 3.227716
v -0.270942 1.252278 3.015475
v -0.235735 1.296539 2.875724
v -0.103812 1.348233 2.785529
v 0.130521 1.258237 2.865611
v 0.130231 1.335918 2.756316
v 0.036537 1.328044 2.762322
v -0.042028 1.240266 2.886820
v -0.140833 1.262579 2.862363
v -0.244110 1.199623 3.034786
v -0.257504 1.207789 3.162627
v -0.242684 1.187910 3.084704
v -0.205037 1.178332 3.051787
v -0.104686 1.178060 3.005965
v -0.196131 1.225023 2.930590
v 0.096935 1.210104 2.949742
v 0.148583 1.209623 3.140113
v -0.034035 1.180938 3.164346
v -0.129281 1.173457 3.115890
v -0.182257 1.192838 3.163803
v -0.171149 1.239253 3.333749
v -0.142054 1.259680 3.398717
v -0.106522 1.266054 3.419904
v -0.044198 1.263985 3.421941
v 0.039562 1.231628 3.356081
v 0.027236 1.210777 3.309243
v 0.004869 1.188420 3.245259
v 0.189229 1.239885 3.199232
v 0.240767 1.279846 3.258908
v 0.321176 1.292504 3.213719
v -0.353659 1.831034 -3.548278
v -0.472947 1.828514 -3.460333
v -0.543044 1.826419 -3.309547
v -0.537801 1.825513 -3.140020
v -0.455327 1.825472 -3.010191
v -0.391585 1.825804 -2.886275
v -0.321368 1.826278 -2.768243
v -0.262680 1.827079 -2.660368
v -0.127910 1.828832 -2.560843
v 0.024271 1.831279 -2.535416
v 0.146417 1.833950 -2.618446
v 0.276436 1.836626 -2.707320
v 0.371104 1.838887 -2.848998
v 0.366665 1.839859 -3.027669
v 0.321224 1.840029 -3.185362
v 0.269962 1.840025 -3.330067
v 0.182488 1.839290 -3.452406
v 0.074233 1.838191 -3.525392
v -0.066684 1.836160 -3.577738
v -0.204246 1.833682 -3.577638
v -0.371957 1.665500 -3.584223
v -0.490340 1.663035 -3.486303
v -0.558555 1.661473 -3.331002
v -0.570190 1.660990 -3.160980
v -0.502382 1.661431 -3.019070
v -0.428054 1.662678 -2.885856
v -0.360019 1.664158 -2.766826
v -0.290599 1.665728 -2.627496
v -0.147056 1.668454 -2.541121
v 0.018412 1.671459 -2.546580
v 0.154194 1.674556 -2.620675
v 0.282481 1.677120 -2.710510
v 0.401881 1.679124 -2.858534
v 0.405588 1.679476 -3.044531
v 0.337357 1.678742 -3.209303
v 0.267824 1.677603 -3.352467
v 0.183762 1.676162 -3.483495
v 0.071938 1.674197 -3.561126
v -0.073709 1.671452 -3.622580
v -0.217697 1.668430 -3.617629
v -0.345660 1.872598 -3.530990
v -0.465539 1.869032 -3.452502
v -0.543681 1.870259 -3.309281
v -0.524397 1.865775 -3.142469
v -0.446649 1.868234 -3.014804
v -0.394264 1.869727 -2.884624
v -0.320118 1.871023 -2.769607
v -0.249678 1.865706 -2.680589
v -0.128917 1.871801 -2.559727
v 0.021205 1.872229 -2.550378
v 0.141891 1.876720 -2.626026
v 0.268339 1.878966 -2.715394
v 0.353533 1.879494 -2.854560
v 0.354425 1.881622 -3.025452
v 0.314220 1.882123 -3.182645
v 0.259855 1.878955 -3.322867
v 0.173436 1.880910 -3.443408
v 0.069285 1.880157 -3.516819
v -0.067426 1.880767 -3.575079
v -0.204735 1.875685 -3.576500
v -0.287750 1.890684 -3.425700
v -0.376212 1.889069 -3.360809
v -0.437271 1.887585 -3.265256
v -0.425678 1.890640 -3.144083
v -0.361111 1.890524 -3.041710
v -0.310748 1.890404 -2.939271
v -0.253427 1.890343 -2.847148
v -0.198130 1.888089 -2.789567
v -0.111809 1.888384 -2.719316
v -0.005618 1.890653 -2.726878
v 0.083297 1.890392 -2.760340
v 0.191407 1.887849 -2.800011
v 0.242845 1.885309 -2.903697
v 0.244138 1.889880 -3.028241
v 0.211529 1.888455 -3.152144
v 0.171608 1.886986 -3.264957
v 0.101523 1.890215 -3.358209
v 0.016807 1.890598 -3.398512
v -0.083083 1.890953 -3.440737
v -0.184867 1.890398 -3.475622
v -0.362349 1.636139 -3.566541
v -0.485468 1.630103 -3.482264
v -0.549048 1.628240 -3.328001
v -0.561071 1.628297 -3.161453
v -0.495480 1.628797 -3.022395
v -0.424531 1.628946 -2.888156
v -0.346259 1.633929 -2.778734
v -0.286844 1.632612 -2.632519
v -0.145791 1.633858 -2.544851
v 0.018590 1.637565 -2.550517
v 0.156579 1.640714 -2.616922
v 0.287099 1.643888 -2.706284
v 0.401690 1.644433 -2.858975
v 0.406413 1.645125 -3.044577
v 0.340607 1.647177 -3.210680
v 0.260335 1.644068 -3.346776
v 0.188019 1.641858 -3.487123
v 0.074554 1.639720 -3.565274
v -0.073052 1.636599 -3.622581
v -0.214917 1.637578 -3.607213
v -0.297339 1.616931 -3.435027
v -0.389191 1.617520 -3.376163
v -0.436172 1.618135 -3.268791
v -0.445117 1.616489 -3.149203
v -0.389175 1.615325 -3.054640
v -0.336017 1.616315 -2.957793
v -0.256126 1.616114 -2.870332
v -0.223543 1.617460 -2.784175
v -0.121429 1.616554 -2.752400
v -0.000062 1.616490 -2.733695
v 0.099785 1.617955 -2.753222
v 0.206325 1.614760 -2.799569
v 0.284440 1.615052 -2.915605
v 0.289240 1.615643 -3.050507
v 0.250388 1.615801 -3.176060
v 0.183543 1.612965 -3.282275
v 0.122828 1.616722 -3.391719
v 0.031440 1.616771 -3.428602
v -0.079325 1.617022 -3.462046
v -0.187073 1.616003 -3.482113
v -0.525145 1.841640 -3.442748
v -0.530350 1.878248 -3.389637
v -0.287650 1.881741 -2.771697
v -0.279928 1.835209 -2.747710
v -0.223298 1.833730 -2.614681
v -0.192610 1.874602 -2.608240
v -0.459058 1.845682 -3.118424
v -0.386502 1.820553 -3.002446
v -0.337420 1.799921 -2.909342
v -0.287731 1.777254 -2.807924
v -0.216027 1.744853 -2.662813
v -0.062494 1.729617 -2.570253
v 0.106274 1.748956 -2.613926
v 0.215943 1.784699 -2.735690
v 0.289232 1.825874 -2.792307
v 0.304873 1.852031 -2.988953
v 0.286640 1.881511 -3.111440
v 0.258151 1.910475 -3.233936
v 0.185652 1.935641 -3.350056
v 0.055951 1.975376 -3.394475
v -0.083049 1.949514 -3.460494
v -0.254596 1.949390 -3.494813
v -0.408999 1.923217 -3.420688
v -0.462035 1.881395 -3.262934
v -0.480701 1.727208 -3.129709
v -0.401041 1.700888 -3.013797
v -0.346242 1.680472 -2.924853
v -0.334150 1.645775 -2.784838
v -0.251653 1.607524 -2.620965
v -0.077477 1.599329 -2.564333
v 0.106886 1.612361 -2.590940
v 0.237247 1.647300 -2.712327
v 0.342499 1.706172 -2.888625
v 0.310408 1.722511 -3.002164
v 0.270244 1.752547 -3.127453
v 0.229451 1.779948 -3.242328
v 0.161824 1.805966 -3.355372
v 0.005733 1.807539 -3.485586
v -0.100212 1.842471 -3.536976
v -0.284952 1.837196 -3.541353
v -0.428540 1.805525 -3.434815
v -0.503854 1.765794 -3.286753
v -0.479788 1.648272 -3.176117
v -0.436082 1.631402 -3.084417
v -0.418395 1.494910 -2.890428
v -0.356232 1.465700 -2.763973
v -0.233958 1.447471 -2.672094
v -0.077462 1.438613 -2.612379
v 0.090857 1.451299 -2.636980
v 0.246273 1.475103 -2.708038
v 0.323179 1.514214 -2.852499
v 0.319175 1.552283 -3.005353
v 0.290550 1.583668 -3.135296
v 0.251862 1.613064 -3.258852
v 0.180208 1.646680 -3.380791
v 0.061986 1.661942 -3.483786
v -0.099904 1.678555 -3.575346
v -0.290263 1.668062 -3.562940
v -0.424156 1.631501 -3.437524
v -0.481093 1.588557 -3.281106
v -0.405041 1.977294 -3.065490
v -0.348557 1.955880 -2.957238
v -0.298072 1.934659 -2.861650
v -0.223950 1.908235 -2.773281
v -0.119822 1.867576 -2.696759
v -0.050725 1.850393 -2.675402
v 0.017692 1.855226 -2.680610
v 0.108536 1.903490 -2.742091
v 0.254666 1.947915 -2.843295
v 0.278700 1.984442 -2.928614
v 0.293457 2.013093 -3.041908
v 0.297496 2.043256 -3.182437
v 0.247561 2.076045 -3.303922
v 0.063430 2.074138 -3.383833
v -0.092504 2.084770 -3.401758
v -0.267881 2.078073 -3.415644
v -0.392042 2.047710 -3.323037
v -0.418479 2.008558 -3.182782
v -0.336360 2.073646 -3.037029
v -0.280367 2.050031 -2.947608
v -0.210665 2.068252 -2.879917
v -0.119328 2.037234 -2.809588
v -0.009582 2.025270 -2.798364
v 0.066168 2.060946 -2.844100
v 0.232418 2.110608 -2.958399
v 0.264984 2.112092 -3.032614
v 0.262970 2.162953 -3.137080
v 0.232017 2.209080 -3.212360
v 0.060838 2.205818 -3.320105
v -0.094223 2.217298 -3.338301
v -0.266254 2.191113 -3.290148
v -0.348749 2.147484 -3.201751
v -0.335816 2.115285 -3.111545
v 0.144736 1.866191 -3.358591
v 0.105640 1.900732 -3.383953
v -0.051326 1.941906 -3.431177
v -0.075254 1.876743 -3.476013
v 0.110270 1.746041 -3.422250
v 0.139633 1.750612 -3.375498
v 0.073203 1.867474 -3.496846
v 0.117718 1.896694 -3.448104
v 0.116524 1.824253 -3.487933
v 0.158050 1.856509 -3.452882
v 0.161306 1.804362 -3.430876
v 0.128131 1.789029 -3.465671
v 0.148444 1.761223 -3.429602
v 0.075916 1.777319 -3.464818
v 0.074399 1.743264 -3.464466
v 0.111525 1.653358 -3.442797
v 0.345844 1.627962 -2.928550
v -0.121423 2.132935 -2.908258
v -0.127815 2.170996 -2.948194
v -0.182330 2.196120 -3.038159
v -0.253434 2.184081 -3.113162
v -0.299487 2.150480 -3.137227
v -0.150394 2.108226 -2.895964
v -0.168265 2.145044 -2.923908
v -0.192876 2.119063 -2.909833
v -0.234348 2.093183 -2.911438
v -0.270153 2.091984 -2.931134
v -0.321484 2.115634 -2.995976
v -0.333918 2.137323 -3.043870
v -0.297563 2.166047 -3.063364
v -0.261724 2.188014 -3.051345
v -0.209630 2.186748 -3.003417
v -0.186078 2.170848 -2.948993
v -0.240714 2.144277 -2.933686
v -0.215209 2.164991 -2.945425
v -0.272623 2.183185 -3.007368
v -0.244812 2.174685 -2.975360
v -0.274706 2.149532 -2.959527
v -0.303384 2.157190 -2.992861
v -0.146326 2.100222 -2.857917
v -0.110673 2.132145 -2.885599
v -0.102802 2.180593 -2.922743
v -0.138073 2.210815 -2.987281
v -0.168688 2.217132 -3.038207
v -0.237895 2.264241 -3.214586
v -0.308717 2.183709 -3.169389
v -0.290043 2.219995 -3.220528
v -0.298528 2.201871 -3.245217
v -0.120113 2.258836 -3.301629
v -0.175288 2.308222 -3.203911
v -0.084415 2.335685 -3.140378
v -0.105321 2.286506 -3.077366
v -0.060121 2.276467 -3.009017
v -0.032336 2.310045 -3.037868
v -0.042922 2.337340 -3.095445
v -0.029441 2.325293 -3.061751
v -0.128594 2.325451 -3.173734
v 0.043664 2.162382 -2.901815
v 0.012175 2.087723 -2.842824
v 0.024609 2.254768 -2.986742
v 0.128069 2.218725 -3.035501
v 0.086180 2.276482 -3.131114
v 0.045570 2.293272 -3.226691
v 0.107970 2.275486 -3.251211
v -0.010509 2.265326 -3.285732
v -0.023995 2.326185 -3.155207
v -0.079916 2.309715 -3.205668
v -0.407178 1.608448 -3.014370
v -0.420785 1.526513 -2.986357
v -0.454211 1.539873 -3.236176
v -0.427230 1.494569 -3.163945
v -0.424621 1.489474 -3.059222
v -0.484152 1.624261 -3.232161
v -0.508203 1.534780 -3.152877
v -0.482235 1.523614 -3.052274
v -0.471348 1.572595 -3.041591
v -0.516755 1.590081 -3.131034
v 0.227485 1.632248 -3.332927
v 0.230900 1.579503 -3.333673
v 0.182906 1.521629 -3.365310
v 0.123404 1.472375 -3.395780
v 0.088022 1.441062 -3.414332
v 0.003771 1.541123 -3.483306
v -0.165417 1.493959 -3.473767
v -0.042699 1.412137 -3.407453
v 0.075354 1.404789 -3.388330
v -0.245089 1.629263 -3.582705
v -0.192725 1.674615 -3.594038
v -0.141915 1.729472 -3.589886
v -0.345843 1.527927 -3.429069
v -0.427084 1.519201 -3.286471
v -0.286071 1.500410 -3.450843
v -0.189464 1.342238 -3.307864
v -0.086842 1.310974 -3.285349
v 0.149710 1.421302 -3.289553
v 0.203272 1.481743 -3.286931
v 0.281983 1.547374 -3.158976
v 0.182056 1.424867 -3.244398
v 0.221519 1.391345 -3.059188
v 0.295585 1.535197 -3.099370
v 0.303888 1.459445 -2.944166
v 0.296661 1.410312 -2.841688
v 0.211471 1.338065 -2.935244
v 0.226193 1.380056 -2.736311
v 0.184107 1.372892 -2.696844
v -0.022599 1.336169 -2.674133
v -0.227612 1.342008 -2.729242
v -0.354908 1.386270 -2.796810
v -0.410981 1.437964 -2.946458
v -0.277245 1.347968 -3.154881
v -0.383446 1.425649 -3.180705
v -0.399993 1.417774 -3.088289
v -0.297865 1.329997 -2.982261
v -0.345214 1.352310 -2.892157
v -0.202451 1.289354 -2.750685
v -0.081509 1.297519 -2.707142
v -0.153637 1.277640 -2.740146
v -0.176609 1.268062 -2.784566
v -0.197135 1.267791 -2.892957
v -0.292170 1.314754 -2.822163
v -0.203572 1.299835 -3.102171
v -0.006374 1.299354 -3.106853
v -0.026462 1.270669 -2.923732
v -0.096266 1.263188 -2.842818
v -0.062394 1.282568 -2.779930
v 0.105286 1.328984 -2.750124
v 0.175323 1.349410 -2.762859
v 0.204384 1.355784 -2.792302
v 0.221248 1.353716 -2.852336
v 0.177302 1.321358 -2.949402
v 0.128875 1.300507 -2.948620
v 0.061401 1.278150 -2.942184
v 0.060742 1.329616 -3.132202
v 0.131001 1.369577 -3.167994
v 0.106326 1.382234 -3.256869
v 0.114098 1.728696 -2.742327
v 0.180166 1.728696 -2.771101
v 0.114098 1.813140 -2.742327
v 0.180166 1.813140 -2.771101
v 0.145881 1.813140 -2.427213
v 0.216364 1.813140 -2.412211
v 0.145881 1.728696 -2.427213
v 0.216364 1.728696 -2.412211
v 0.052401 1.728696 -2.814955
v 0.075812 1.728696 -2.882387
v 0.075812 1.813140 -2.882387
v 0.052400 1.813140 -2.814955
v 0.099929 1.813140 -2.343728
v 0.136335 1.813140 -2.282328
v 0.136335 1.728696 -2.282328
v 0.099929 1.728696 -2.343728
v -0.139709 1.728696 -2.716727
v -0.210192 1.728696 -2.731729
v -0.139709 1.813140 -2.716727
v -0.210192 1.813140 -2.731729
v -0.107926 1.813140 -2.401613
v -0.173994 1.813140 -2.372839
v -0.107926 1.728696 -2.401613
v -0.173994 1.728696 -2.372839
v -0.093757 1.728696 -2.800213
v -0.130163 1.728696 -2.861612
v -0.130163 1.813140 -2.861612
v -0.093757 1.813140 -2.800213
v -0.046228 1.813140 -2.328986
v -0.069641 1.813140 -2.261553
v -0.069640 1.728696 -2.261553
v -0.046228 1.728696 -2.328986
v 0.192787 1.745074 -2.645965
v 0.192787 1.796762 -2.645965
v 0.203742 1.796762 -2.537347
v 0.203742 1.745074 -2.537347
v -0.186615 1.745074 -2.497975
v -0.197570 1.745074 -2.606593
v -0.186615 1.796762 -2.497975
v -0.197570 1.796762 -2.606593
v 0.272203 1.770918 -2.599114
v -0.266031 1.770918 -2.544826
v -0.191350 3.340249 1.424179
v -0.191383 3.361933 1.355458
v -0.106952 3.337621 1.423310
v -0.106985 3.359305 1.354588
v -0.116792 3.021065 1.424813
v -0.118192 2.998774 1.356300
v -0.201191 3.023693 1.425683
v -0.202591 3.001402 1.357170
v -0.188348 3.418902 1.477901
v -0.186650 3.483480 1.447535
v -0.102252 3.480853 1.446666
v -0.103949 3.416275 1.477032
v -0.118665 2.942891 1.479280
v -0.120990 2.878047 1.449528
v -0.205389 2.880675 1.450397
v -0.203063 2.945518 1.480149
v -0.188687 3.341377 1.679258
v -0.187287 3.363668 1.747771
v -0.104288 3.338750 1.678387
v -0.102888 3.361041 1.746901
v -0.114128 3.022193 1.679891
v -0.114095 3.000509 1.748613
v -0.198527 3.024821 1.680761
v -0.198494 3.003137 1.749482
v -0.186814 3.419552 1.624791
v -0.184488 3.484396 1.654542
v -0.100090 3.481768 1.653673
v -0.102415 3.416925 1.623921
v -0.117131 2.943541 1.626169
v -0.118828 2.878963 1.656535
v -0.203227 2.881591 1.657405
v -0.201529 2.946169 1.627038
v -0.178922 3.235716 1.355886
v -0.127261 3.234107 1.355354
v -0.130653 3.124992 1.355872
v -0.182314 3.126600 1.356404
v -0.178217 3.128335 1.748717
v -0.174825 3.237451 1.748199
v -0.126557 3.126727 1.748185
v -0.123165 3.235842 1.747666
v -0.155564 3.180025 1.281570
v -0.149915 3.182417 1.822501
v -0.026146 3.804140 1.480952
v 0.040388 3.831816 1.481251
v -0.029333 3.810893 1.565065
v 0.037202 3.838568 1.565364
v -0.003326 3.496341 1.591300
v 0.066821 3.480320 1.595244
v -0.000140 3.489589 1.507187
v 0.070008 3.473568 1.511130
v -0.086465 3.877464 1.472781
v -0.061843 3.944317 1.468348
v -0.065030 3.951069 1.552461
v -0.089652 3.884216 1.556895
v -0.050761 3.413831 1.596127
v -0.015507 3.352082 1.602419
v -0.012320 3.345330 1.518306
v -0.047574 3.407079 1.512014
v -0.280197 3.782478 1.473067
v -0.350345 3.798499 1.469124
v -0.283383 3.789230 1.557180
v -0.353531 3.805252 1.553237
v -0.257376 3.474679 1.583415
v -0.323911 3.447003 1.583117
v -0.254190 3.467927 1.499302
v -0.320725 3.440252 1.499003
v -0.232763 3.864989 1.468241
v -0.268017 3.926737 1.461949
v -0.271204 3.933489 1.546062
v -0.235950 3.871741 1.552354
v -0.197059 3.401356 1.591586
v -0.221680 3.334502 1.596020
v -0.218493 3.327751 1.511907
v -0.193872 3.394604 1.507473
v 0.050098 3.708214 1.507983
v 0.048147 3.712347 1.559469
v 0.057112 3.603923 1.568512
v 0.059062 3.599790 1.517026
v -0.331671 3.566473 1.504899
v -0.340635 3.674897 1.495856
v -0.333621 3.570606 1.556385
v -0.342586 3.679030 1.547341
v 0.127614 3.662379 1.540544
v -0.411138 3.616441 1.523823
v -0.038473 2.889659 1.524837
v 0.031482 2.905230 1.517312
v -0.030760 2.895544 1.608721
v 0.039196 2.911114 1.601196
v -0.057690 2.580934 1.633268
v 0.008525 2.552799 1.629153
v -0.065403 2.575049 1.549383
v 0.000811 2.546915 1.545268
v -0.085477 2.972543 1.523345
v -0.050147 3.034104 1.515777
v -0.042433 3.039989 1.599662
v -0.077764 2.978428 1.607229
v -0.118035 2.507955 1.643937
v -0.093715 2.440891 1.646405
v -0.101428 2.435006 1.562520
v -0.125749 2.502071 1.560052
v -0.291574 2.913012 1.546473
v -0.357789 2.941147 1.550588
v -0.283860 2.918897 1.630358
v -0.350075 2.947031 1.634473
v -0.310790 2.604287 1.654904
v -0.380746 2.588717 1.662430
v -0.318504 2.598403 1.571020
v -0.388460 2.582832 1.578545
v -0.231228 2.985991 1.535804
v -0.255549 3.053056 1.533336
v -0.247835 3.058941 1.617221
v -0.223515 2.991876 1.619689
v -0.263786 2.521403 1.656396
v -0.299117 2.459842 1.663964
v -0.306830 2.453958 1.580079
v -0.271500 2.515519 1.572512
v 0.022284 2.781436 1.543329
v 0.027006 2.785038 1.594675
v 0.017723 2.676593 1.603136
v 0.013001 2.672992 1.551790
v -0.376269 2.708908 1.585066
v -0.366987 2.817353 1.576605
v -0.371548 2.712511 1.636413
v -0.362265 2.820955 1.627951
v 0.093737 2.722212 1.566929
v -0.443000 2.771735 1.612812
v -0.226262 2.424626 1.527361
v -0.235500 2.435821 1.456776
v -0.142521 2.427348 1.516833
v -0.151759 2.438543 1.446247
v -0.126447 2.114554 1.563828
v -0.133453 2.082296 1.499771
v -0.210188 2.111832 1.574356
v -0.217194 2.079574 1.510299
v -0.223841 2.510411 1.568791
v -0.230684 2.569739 1.529694
v -0.146943 2.572460 1.519165
v -0.140100 2.513132 1.558263
v -0.116063 2.045375 1.628540
v -0.116335 1.976820 1.608656
v -0.200076 1.974098 1.619185
v -0.199804 2.042654 1.639069
v -0.196070 2.463777 1.777618
v -0.189065 2.496036 1.841674
v -0.112329 2.466499 1.767089
v -0.105324 2.498757 1.831146
v -0.096256 2.153705 1.814084
v -0.087017 2.142510 1.884670
v -0.179996 2.150984 1.824613
v -0.170758 2.139789 1.895198
v -0.206454 2.532957 1.712905
v -0.206182 2.601512 1.732788
v -0.122441 2.604233 1.722260
v -0.122713 2.535678 1.702376
v -0.098677 2.067921 1.772654
v -0.091833 2.008592 1.811752
v -0.175574 2.005871 1.822280
v -0.182418 2.065199 1.783182
v -0.212875 2.312135 1.473396
v -0.161618 2.313801 1.466951
v -0.156077 2.205982 1.483151
v -0.207335 2.204316 1.489595
v -0.160900 2.264531 1.874494
v -0.166440 2.372350 1.858294
v -0.109642 2.266196 1.868049
v -0.115182 2.374015 1.851850
v -0.193272 2.247653 1.405368
v -0.129245 2.330678 1.936077
v -0.010422 1.989132 1.755491
v 0.057955 2.001359 1.736307
v 0.002529 2.030452 1.827987
v 0.070906 2.042679 1.808803
v -0.005991 1.756053 1.985909
v 0.061202 1.730160 1.988663
v -0.018942 1.714732 1.913413
v 0.048251 1.688840 1.916167
v -0.061749 2.062490 1.722849
v -0.030313 2.115590 1.686968
v -0.017362 2.156910 1.759464
v -0.048798 2.103810 1.795345
v -0.061539 1.693468 2.031503
v -0.033587 1.634382 2.060187
v -0.046538 1.593061 1.987691
v -0.074490 1.652148 1.959007
v -0.262405 2.014531 1.786030
v -0.329598 2.040423 1.783276
v -0.249453 2.055852 1.858526
v -0.316646 2.081744 1.855772
v -0.257973 1.781452 2.016447
v -0.326350 1.769225 2.035631
v -0.270925 1.740132 1.943951
v -0.339302 1.727905 1.963135
v -0.206856 2.077116 1.740435
v -0.234809 2.136203 1.711751
v -0.221858 2.177523 1.784247
v -0.193905 2.118437 1.812931
v -0.206647 1.708095 2.049089
v -0.238082 1.654995 2.084970
v -0.251033 1.613674 2.012475
v -0.219598 1.666774 1.976593
v 0.057083 1.900406 1.813080
v 0.065011 1.925698 1.857455
v 0.062074 1.831114 1.911890
v 0.054147 1.805822 1.867515
v -0.333406 1.844886 1.914483
v -0.330469 1.939470 1.860049
v -0.325479 1.870178 1.958858
v -0.322542 1.964763 1.904423
v 0.132986 1.858360 1.853589
v -0.401382 1.912223 1.918350
v -0.196329 1.557300 2.026292
v -0.206436 1.493375 1.994601
v -0.112901 1.544248 2.026012
v -0.123008 1.480322 1.994322
v -0.118955 1.498842 2.339395
v -0.129903 1.428608 2.351239
v -0.202383 1.511894 2.339674
v -0.213332 1.441661 2.351519
v -0.186530 1.621429 1.956486
v -0.189904 1.601326 1.888077
v -0.106476 1.588274 1.887798
v -0.103102 1.608377 1.956207
v -0.112155 1.540476 2.424844
v -0.118005 1.501809 2.484560
v -0.201433 1.514861 2.484839
v -0.195584 1.553528 2.425123
v -0.157194 1.806661 2.063178
v -0.146246 1.876895 2.051333
v -0.073765 1.793608 2.062898
v -0.062817 1.863842 2.051054
v -0.079820 1.748202 2.376281
v -0.069712 1.812129 2.407970
v -0.163248 1.761255 2.376560
v -0.153141 1.825181 2.408250
v -0.163994 1.765026 1.977727
v -0.158144 1.803694 1.918012
v -0.074716 1.790642 1.917733
v -0.080565 1.751975 1.977448
v -0.089619 1.684074 2.446085
v -0.086244 1.704177 2.514494
v -0.169673 1.717228 2.514774
v -0.173047 1.697125 2.446365
v -0.192660 1.472812 2.118995
v -0.141593 1.464822 2.118824
v -0.143680 1.449171 2.226846
v -0.194746 1.457160 2.227017
v -0.134556 1.840681 2.283748
v -0.132469 1.856332 2.175726
v -0.083489 1.832691 2.283577
v -0.081402 1.848343 2.175555
v -0.179571 1.388347 2.162174
v -0.096578 1.917155 2.240397
v 1.111721 3.314560 0.167720
v 1.040488 3.325400 0.168828
v 1.110051 3.312209 0.083325
v 1.038818 3.323049 0.084433
v 1.160410 2.999621 0.091036
v 1.096173 2.967037 0.093215
v 1.162081 3.001972 0.175430
v 1.097843 2.969388 0.177609
v 1.152646 3.400562 0.164514
v 1.112679 3.459699 0.163658
v 1.111008 3.457348 0.079264
v 1.150975 3.398211 0.080120
v 1.226283 2.930761 0.091650
v 1.206905 2.862098 0.093946
v 1.208576 2.864450 0.178341
v 1.227954 2.933112 0.176044
v 1.363520 3.354975 0.161610
v 1.427757 3.387559 0.159431
v 1.361849 3.352624 0.077215
v 1.426086 3.385208 0.075036
v 1.412208 3.040035 0.084925
v 1.483441 3.029196 0.083817
v 1.413879 3.042387 0.169320
v 1.485112 3.031547 0.168212
v 1.297646 3.423835 0.160996
v 1.317024 3.492498 0.158699
v 1.315354 3.490147 0.074305
v 1.295976 3.421485 0.076601
v 1.371284 2.954035 0.088131
v 1.411251 2.894897 0.088987
v 1.412921 2.897248 0.173382
v 1.372954 2.956386 0.172526
v 1.060163 3.200812 0.155522
v 1.059140 3.199373 0.103864
v 1.076499 3.091625 0.106521
v 1.077521 3.093065 0.158179
v 1.464790 3.155223 0.148782
v 1.447431 3.262971 0.146124
v 1.463767 3.153784 0.097124
v 1.446409 3.261532 0.094466
v 0.994977 3.134446 0.132802
v 1.528953 3.220151 0.119844
v 1.137624 3.816307 0.003445
v 1.136759 3.844233 -0.062980
v 1.221726 3.823632 0.005430
v 1.220861 3.851559 -0.060995
v 1.249752 3.509371 -0.022167
v 1.252780 3.493641 -0.092426
v 1.165650 3.502046 -0.024152
v 1.168678 3.486315 -0.094411
v 1.129829 3.889344 0.064158
v 1.124574 3.956257 0.039861
v 1.208676 3.963583 0.041846
v 1.213931 3.896671 0.066143
v 1.255842 3.426719 0.024874
v 1.262045 3.365149 -0.010706
v 1.177943 3.357823 -0.012691
v 1.171740 3.419393 0.022889
v 1.133604 3.793638 0.257499
v 1.130575 3.809368 0.327757
v 1.217706 3.800964 0.259482
v 1.214678 3.816695 0.329742
v 1.245732 3.486703 0.231885
v 1.246597 3.458777 0.298311
v 1.161630 3.479377 0.229901
v 1.162495 3.451451 0.296326
v 1.127514 3.876290 0.210458
v 1.121311 3.937861 0.246037
v 1.205413 3.945187 0.248022
v 1.211616 3.883617 0.212442
v 1.253527 3.413666 0.171173
v 1.258782 3.346753 0.195470
v 1.174680 3.339427 0.193485
v 1.169425 3.406340 0.169188
v 1.164200 3.720857 -0.073554
v 1.215679 3.725341 -0.072339
v 1.225339 3.617017 -0.081852
v 1.173860 3.612533 -0.083067
v 1.167677 3.577669 0.307670
v 1.158017 3.685993 0.317183
v 1.219156 3.582153 0.308885
v 1.209496 3.690477 0.318398
v 1.195940 3.675541 -0.151714
v 1.187415 3.627469 0.387045
v 1.229403 2.845148 0.011134
v 1.220849 2.860956 -0.058650
v 1.313165 2.851072 0.002208
v 1.304610 2.866879 -0.067576
v 1.338136 2.536376 0.027702
v 1.333050 2.508466 -0.038541
v 1.254375 2.530452 0.036628
v 1.249289 2.502542 -0.029615
v 1.228594 2.927871 0.058437
v 1.220502 2.989551 0.023432
v 1.304264 2.995474 0.014506
v 1.312356 2.933794 0.049512
v 1.349698 2.463193 0.087635
v 1.351815 2.396212 0.063052
v 1.268054 2.390289 0.071978
v 1.265937 2.457270 0.096561
v 1.254756 2.867642 0.263968
v 1.259842 2.895551 0.330210
v 1.338518 2.873565 0.255041
v 1.343603 2.901474 0.321284
v 1.363489 2.558869 0.280535
v 1.372044 2.543062 0.350319
v 1.279727 2.552946 0.289461
v 1.288282 2.537138 0.359245
v 1.243194 2.940825 0.204034
v 1.241077 3.007806 0.228617
v 1.324839 3.013729 0.219691
v 1.326956 2.946748 0.195109
v 1.364298 2.476146 0.233232
v 1.372390 2.414466 0.268238
v 1.288629 2.408543 0.277163
v 1.280536 2.470223 0.242158
v 1.247011 2.737135 -0.050257
v 1.298281 2.740761 -0.055721
v 1.306889 2.632287 -0.046933
v 1.255618 2.628661 -0.041470
v 1.294611 2.663256 0.347390
v 1.286004 2.771731 0.338603
v 1.345881 2.666882 0.341926
v 1.337274 2.775357 0.333139
v 1.269564 2.678158 -0.122250
v 1.323328 2.725859 0.413919
v 1.228439 2.362442 0.198028
v 1.157119 2.362633 0.208336
v 1.216365 2.363667 0.114461
v 1.145044 2.363858 0.124769
v 1.310637 2.061849 0.096417
v 1.252413 2.020112 0.104219
v 1.322712 2.060624 0.179984
v 1.264488 2.018888 0.187786
v 1.256150 2.453581 0.195359
v 1.208504 2.506180 0.203014
v 1.196430 2.507404 0.119447
v 1.244076 2.454806 0.111792
v 1.385052 2.003463 0.084809
v 1.375949 1.932664 0.085087
v 1.388024 1.931440 0.168655
v 1.397127 2.002238 0.168376
v 1.469224 2.439663 0.164368
v 1.527447 2.481400 0.156566
v 1.457149 2.440887 0.080801
v 1.515373 2.482625 0.072999
v 1.551421 2.139070 0.062757
v 1.622741 2.138878 0.052449
v 1.563496 2.137845 0.146324
v 1.634817 2.137654 0.136016
v 1.394808 2.498050 0.175976
v 1.403911 2.568848 0.175698
v 1.391837 2.570072 0.092130
v 1.382733 2.499275 0.092409
v 1.523710 2.047931 0.065426
v 1.571356 1.995333 0.057771
v 1.583430 1.994108 0.141338
v 1.535785 2.046706 0.148993
v 1.192214 2.243016 0.184963
v 1.184823 2.243765 0.133811
v 1.217318 2.139729 0.127592
v 1.224709 2.138980 0.178743
v 1.595038 2.257747 0.126974
v 1.562542 2.361783 0.133193
v 1.587647 2.258497 0.075822
v 1.555151 2.362532 0.082042
v 1.134620 2.168876 0.166083
v 1.645240 2.332635 0.094702
v 1.456980 1.951214 -0.021082
v 1.434756 1.958987 -0.089189
v 1.519481 2.006214 -0.035199
v 1.497257 2.013987 -0.103307
v 1.729514 1.769259 -0.028479
v 1.736467 1.744114 -0.095653
v 1.667013 1.714259 -0.014362
v 1.673966 1.689114 -0.081535
v 1.410972 2.016758 0.030578
v 1.364692 2.061392 -0.000427
v 1.427194 2.116392 -0.014545
v 1.473473 2.071758 0.016460
v 1.787560 1.717411 0.026509
v 1.827151 1.665167 -0.001748
v 1.764649 1.610167 0.012370
v 1.725059 1.662411 0.040627
v 1.485363 1.983504 0.230365
v 1.478410 2.008649 0.297538
v 1.547865 2.038504 0.216246
v 1.540911 2.063649 0.283419
v 1.757898 1.801549 0.222966
v 1.780122 1.793776 0.291073
v 1.695396 1.746549 0.237085
v 1.717620 1.738776 0.305192
v 1.427317 2.035353 0.175375
v 1.387726 2.087596 0.203633
v 1.450228 2.142596 0.189515
v 1.489819 2.090352 0.161257
v 1.803905 1.736005 0.171307
v 1.850186 1.691371 0.202311
v 1.787684 1.636371 0.216429
v 1.741404 1.681005 0.185425
v 1.530284 1.875557 -0.089258
v 1.568542 1.909222 -0.097900
v 1.640939 1.827545 -0.095584
v 1.602682 1.793879 -0.086942
v 1.646336 1.843541 0.299785
v 1.573938 1.925219 0.297468
v 1.684593 1.877207 0.291143
v 1.612195 1.958884 0.288826
v 1.577343 1.842144 -0.165672
v 1.637534 1.910619 0.367557
v 1.829949 1.551241 0.163079
v 1.816617 1.481311 0.174257
v 1.833067 1.537342 0.079845
v 1.819735 1.467412 0.091023
v 2.147133 1.577896 0.084836
v 2.177430 1.513600 0.096707
v 2.144015 1.591795 0.168069
v 2.174313 1.527499 0.179941
v 1.745464 1.594103 0.152757
v 1.684979 1.556413 0.156785
v 1.688096 1.542514 0.073552
v 1.748582 1.580204 0.069523
v 2.218241 1.640851 0.076986
v 2.286159 1.619741 0.083055
v 2.283042 1.633640 0.166289
v 2.215124 1.654749 0.160220
v 1.798414 1.800727 0.120236
v 1.768116 1.865023 0.108365
v 1.801532 1.786827 0.037003
v 1.771234 1.851124 0.025131
v 2.115598 1.827382 0.041993
v 2.128929 1.897312 0.030815
v 2.112480 1.841281 0.125227
v 2.125812 1.911211 0.114049
v 1.727305 1.737772 0.128086
v 1.659387 1.758882 0.122017
v 1.662504 1.744983 0.038783
v 1.730422 1.723874 0.044852
v 2.200082 1.784520 0.052315
v 2.260567 1.822210 0.048287
v 2.257450 1.836108 0.131520
v 2.196965 1.798418 0.135549
v 1.941941 1.494720 0.160096
v 1.943849 1.486212 0.109148
v 2.052106 1.500191 0.110868
v 2.050198 1.508699 0.161816
v 2.001697 1.892411 0.095924
v 1.893440 1.878432 0.094204
v 2.003605 1.883903 0.044976
v 1.895348 1.869924 0.043256
v 2.006210 1.424775 0.147963
v 1.939336 1.953848 0.057109
v -1.526567 3.384907 -0.077737
v -1.457248 3.403902 -0.082921
v -1.520223 3.384733 0.006468
v -1.450903 3.403728 0.001284
v -1.533998 3.068320 0.006853
v -1.466591 3.043360 0.001723
v -1.540342 3.068494 -0.077352
v -1.472936 3.043534 -0.082482
v -1.577049 3.465636 -0.073767
v -1.544285 3.529011 -0.076105
v -1.537941 3.528838 0.008100
v -1.570704 3.465462 0.010438
v -1.591303 2.992293 0.011014
v -1.564171 2.926305 0.008834
v -1.570516 2.926479 -0.075371
v -1.597647 2.992467 -0.073191
v -1.780699 3.395993 -0.058567
v -1.848105 3.420953 -0.053436
v -1.774354 3.395820 0.025638
v -1.841760 3.420780 0.030769
v -1.788128 3.079407 0.026024
v -1.857448 3.060411 0.031208
v -1.794473 3.079580 -0.058181
v -1.863793 3.060585 -0.052997
v -1.723393 3.472020 -0.062728
v -1.750524 3.538008 -0.060547
v -1.744180 3.537835 0.023658
v -1.717049 3.471847 0.021477
v -1.737647 2.998678 0.022054
v -1.770411 2.935302 0.024392
v -1.776755 2.935476 -0.059813
v -1.743992 2.998852 -0.062151
v -1.461488 3.278217 -0.066437
v -1.457604 3.278111 -0.014895
v -1.462352 3.169045 -0.014762
v -1.466235 3.169151 -0.066304
v -1.857092 3.186203 -0.036819
v -1.852344 3.295268 -0.036952
v -1.853209 3.186096 0.014723
v -1.848461 3.295162 0.014590
v -1.387886 3.220402 -0.046184
v -1.926810 3.243912 -0.005529
v -1.574853 3.852260 0.082674
v -1.571429 3.881280 0.148545
v -1.659158 3.856354 0.085252
v -1.655734 3.885374 0.151123
v -1.673409 3.541748 0.118824
v -1.671964 3.527064 0.189359
v -1.589103 3.537654 0.116246
v -1.587659 3.522970 0.186781
v -1.573242 3.924540 0.020590
v -1.569263 3.991992 0.043604
v -1.653568 3.996086 0.046182
v -1.657547 3.928634 0.023168
v -1.678857 3.458167 0.073373
v -1.680704 3.396995 0.110113
v -1.596399 3.392901 0.107535
v -1.594552 3.454073 0.070795
v -1.583901 3.825614 -0.170864
v -1.585345 3.840298 -0.241399
v -1.668206 3.829708 -0.168285
v -1.669650 3.844393 -0.238820
v -1.682456 3.515102 -0.134712
v -1.685880 3.486082 -0.200584
v -1.598151 3.511008 -0.137291
v -1.601575 3.481988 -0.203162
v -1.578452 3.909195 -0.125413
v -1.576605 3.970368 -0.162153
v -1.660911 3.974461 -0.159575
v -1.662758 3.913290 -0.122835
v -1.684068 3.442823 -0.072630
v -1.688047 3.375371 -0.095644
v -1.603742 3.371277 -0.098222
v -1.599763 3.438729 -0.075208
v -1.593439 3.757141 0.162377
v -1.645042 3.759647 0.163955
v -1.649954 3.651204 0.175527
v -1.598351 3.648698 0.173949
v -1.612267 3.607716 -0.215995
v -1.607355 3.716159 -0.227567
v -1.663871 3.610222 -0.214416
v -1.658958 3.718665 -0.225989
v -1.619061 3.711935 0.242812
v -1.638249 3.655427 -0.294852
v -1.651900 2.926976 0.092592
v -1.638577 2.942976 0.161580
v -1.734578 2.937587 0.106098
v -1.721255 2.953587 0.175086
v -1.778023 2.624506 0.086106
v -1.770735 2.597013 0.152317
v -1.695345 2.613895 0.072600
v -1.688057 2.586402 0.138811
v -1.649262 3.009060 0.044252
v -1.635867 3.070543 0.077952
v -1.718545 3.081153 0.091458
v -1.731941 3.019670 0.057758
v -1.796909 2.551483 0.027862
v -1.801276 2.484966 0.053389
v -1.718597 2.474355 0.039883
v -1.714230 2.540873 0.014357
v -1.690209 2.948339 -0.158703
v -1.697497 2.975832 -0.224914
v -1.772888 2.958949 -0.145197
v -1.780176 2.986442 -0.211408
v -1.816332 2.645868 -0.165189
v -1.829656 2.629869 -0.234177
v -1.733654 2.635257 -0.178695
v -1.746977 2.619258 -0.247683
v -1.671323 3.021362 -0.100459
v -1.666956 3.087879 -0.125985
v -1.749635 3.098490 -0.112480
v -1.754002 3.031972 -0.086953
v -1.818970 2.563785 -0.116849
v -1.832366 2.502302 -0.150549
v -1.749687 2.491691 -0.164054
v -1.736291 2.553174 -0.130355
v -1.671865 2.820706 0.156261
v -1.722472 2.827201 0.164528
v -1.737448 2.719283 0.157637
v -1.686840 2.712789 0.149370
v -1.745760 2.745644 -0.237125
v -1.730785 2.853562 -0.230234
v -1.796368 2.752139 -0.228858
v -1.781392 2.860056 -0.221967
v -1.693496 2.763772 0.230156
v -1.774737 2.809073 -0.302752
v -1.658207 2.482704 -0.090520
v -1.588359 2.493116 -0.104865
v -1.641848 2.486943 -0.007785
v -1.572000 2.497355 -0.022130
v -1.689852 2.174928 0.017695
v -1.626673 2.141996 0.006889
v -1.706212 2.170688 -0.065041
v -1.643033 2.137756 -0.075846
v -1.698752 2.568870 -0.086919
v -1.659801 2.627719 -0.097636
v -1.643442 2.631958 -0.014900
v -1.682392 2.573109 -0.004183
v -1.754178 2.106516 0.033919
v -1.734855 2.037801 0.033619
v -1.751214 2.033562 -0.049116
v -1.770538 2.102277 -0.048816
v -1.905464 2.524562 -0.043774
v -1.968642 2.557494 -0.032969
v -1.889104 2.528801 0.038961
v -1.952283 2.561734 0.049767
v -1.937108 2.216786 0.064441
v -2.006956 2.206374 0.078786
v -1.953468 2.212547 -0.018295
v -2.023316 2.202135 -0.003950
v -1.841137 2.592974 -0.059999
v -1.860461 2.661689 -0.059699
v -1.844102 2.665928 0.023037
v -1.824777 2.597214 0.022736
v -1.896564 2.130621 0.060839
v -1.935514 2.071771 0.071556
v -1.951874 2.067532 -0.011180
v -1.912923 2.126382 -0.021897
v -1.604249 2.370033 -0.078700
v -1.594236 2.372628 -0.028058
v -1.610783 2.265078 -0.019275
v -1.620797 2.262483 -0.069918
v -2.001080 2.326862 0.001978
v -1.984533 2.434412 -0.006804
v -1.991066 2.329457 0.052621
v -1.974519 2.437007 0.043838
v -1.535486 2.305362 -0.062606
v -2.059830 2.394129 0.036526
v -1.796720 2.038823 0.140536
v -1.772825 2.050675 0.207480
v -1.868581 2.079121 0.159052
v -1.844685 2.090974 0.225996
v -2.023469 1.802867 0.159174
v -2.021090 1.776342 0.226134
v -1.951609 1.762568 0.140658
v -1.949230 1.736044 0.207618
v -1.768709 2.113037 0.087725
v -1.731292 2.166296 0.117029
v -1.803153 2.206594 0.135545
v -1.840570 2.153336 0.106241
v -2.072193 1.740220 0.106423
v -2.098100 1.680534 0.135777
v -2.026240 1.640236 0.117261
v -2.000332 1.699922 0.087907
v -1.845556 2.066094 -0.108351
v -1.847935 2.092619 -0.175311
v -1.917417 2.106393 -0.089834
v -1.919796 2.132917 -0.156794
v -2.072305 1.830138 -0.089712
v -2.096201 1.818286 -0.156656
v -2.000445 1.789840 -0.108229
v -2.024340 1.777988 -0.175172
v -1.796832 2.128742 -0.055599
v -1.770925 2.188428 -0.084953
v -1.842786 2.228726 -0.066437
v -1.868693 2.169040 -0.037083
v -2.100316 1.755925 -0.036901
v -2.137733 1.702666 -0.066205
v -2.065873 1.662367 -0.084721
v -2.028455 1.715626 -0.055417
v -1.848270 1.948787 0.211119
v -1.892256 1.973454 0.222453
v -1.945645 1.878230 0.222495
v -1.901659 1.853564 0.211161
v -1.976770 1.895507 -0.171629
v -1.923380 1.990731 -0.171671
v -2.020756 1.920174 -0.160295
v -1.967366 2.015398 -0.160337
v -1.882730 1.905564 0.289313
v -1.986295 1.963397 -0.238489
v -2.102669 1.516683 -0.036615
v -2.094409 1.446731 -0.051832
v -2.106660 1.498302 0.045708
v -2.098400 1.428351 0.030490
v -2.417009 1.561464 0.044762
v -2.451863 1.500288 0.029413
v -2.413018 1.579844 -0.037560
v -2.447871 1.518668 -0.052909
v -2.015309 1.552723 -0.024332
v -1.957692 1.511090 -0.030833
v -1.961684 1.492710 0.051489
v -2.019301 1.534342 0.057991
v -2.483402 1.628796 0.056577
v -2.552670 1.612987 0.049688
v -2.548678 1.631367 -0.032634
v -2.479411 1.647177 -0.025746
v -2.053239 1.760408 0.020200
v -2.018385 1.821584 0.035550
v -2.057230 1.742026 0.102523
v -2.022377 1.803203 0.117872
v -2.367580 1.805188 0.101577
v -2.375839 1.875139 0.116795
v -2.363588 1.823569 0.019255
v -2.371847 1.893520 0.034473
v -1.986845 1.693075 0.008386
v -1.917578 1.708884 0.015274
v -1.921570 1.690503 0.097597
v -1.990836 1.674694 0.090708
v -2.454938 1.769148 0.089294
v -2.512555 1.810781 0.095796
v -2.508563 1.829161 0.013473
v -2.450946 1.787528 0.006972
v -2.218426 1.468249 -0.036242
v -2.220869 1.456998 0.014148
v -2.327845 1.478770 0.013822
v -2.325402 1.490021 -0.036567
v -2.249378 1.864873 0.050815
v -2.142402 1.843101 0.051140
v -2.251822 1.853622 0.101204
v -2.144846 1.831850 0.101530
v -2.287535 1.402508 -0.027761
v -2.182712 1.919363 0.092724
v 0.121033 3.396590 -1.415924
v 0.124260 3.418793 -1.347444
v 0.036703 3.395667 -1.411652
v 0.039929 3.417869 -1.343172
v 0.040210 3.078974 -1.410881
v 0.043923 3.057183 -1.342294
v 0.124540 3.079898 -1.415154
v 0.128254 3.058106 -1.346566
v 0.117429 3.474876 -1.470144
v 0.118232 3.539705 -1.440279
v 0.033902 3.538781 -1.436007
v 0.033099 3.473953 -1.465871
v 0.038343 3.000366 -1.464718
v 0.040580 2.935717 -1.434538
v 0.124910 2.936641 -1.438811
v 0.122673 3.001289 -1.468990
v 0.108134 3.395827 -1.670692
v 0.104421 3.417619 -1.739279
v 0.023804 3.394904 -1.666419
v 0.020090 3.416696 -1.735006
v 0.027311 3.078211 -1.665647
v 0.024084 3.056009 -1.734128
v 0.111641 3.079134 -1.669920
v 0.108415 3.056932 -1.738400
v 0.110001 3.474437 -1.616854
v 0.107764 3.539085 -1.647034
v 0.023434 3.538162 -1.642762
v 0.025670 3.473514 -1.612582
v 0.030915 2.999926 -1.611428
v 0.030112 2.935097 -1.641293
v 0.114442 2.936021 -1.645565
v 0.115245 3.000850 -1.615701
v 0.109296 3.292852 -1.346310
v 0.057678 3.292287 -1.343695
v 0.058886 3.183124 -1.343428
v 0.110505 3.183689 -1.346044
v 0.090666 3.182515 -1.737878
v 0.089458 3.291678 -1.738144
v 0.039047 3.181950 -1.735263
v 0.037839 3.291112 -1.735529
v 0.087849 3.238210 -1.270651
v 0.060495 3.236591 -1.810922
v -0.041301 3.820046 -1.410053
v -0.107465 3.848024 -1.404359
v -0.041686 3.836010 -1.492973
v -0.107851 3.863987 -1.487279
v -0.072400 3.526447 -1.552427
v -0.142831 3.511421 -1.554992
v -0.072014 3.510484 -1.469506
v -0.142445 3.495457 -1.472072
v 0.020149 3.891623 -1.396559
v -0.003491 3.957740 -1.383720
v -0.003877 3.973704 -1.466641
v 0.019764 3.907586 -1.479479
v -0.026165 3.444661 -1.568387
v -0.062362 3.384217 -1.579855
v -0.061977 3.368253 -1.496935
v -0.025780 3.428698 -1.485467
v 0.212588 3.795973 -1.415868
v 0.283019 3.810999 -1.413302
v 0.212202 3.811937 -1.498788
v 0.282634 3.826964 -1.496223
v 0.181489 3.502374 -1.558242
v 0.247654 3.474397 -1.563936
v 0.181875 3.486411 -1.475321
v 0.248039 3.458434 -1.481015
v 0.166354 3.877760 -1.399907
v 0.202551 3.938205 -1.388439
v 0.202166 3.954168 -1.471359
v 0.165969 3.893724 -1.482828
v 0.120040 3.430799 -1.571736
v 0.143680 3.364681 -1.584574
v 0.144065 3.348717 -1.501654
v 0.120425 3.414835 -1.488815
v -0.119737 3.728189 -1.444051
v -0.119973 3.737961 -1.494807
v -0.130559 3.631256 -1.515300
v -0.130323 3.621485 -1.464544
v 0.260161 3.584460 -1.473488
v 0.270748 3.691165 -1.452994
v 0.259925 3.594232 -1.524243
v 0.270512 3.700936 -1.503750
v -0.199111 3.686736 -1.477981
v 0.339300 3.635685 -1.490313
v -0.042758 2.937689 -1.499545
v -0.112157 2.954570 -1.489971
v -0.054067 2.938653 -1.583223
v -0.123466 2.955534 -1.573648
v -0.031422 2.622821 -1.589920
v -0.097675 2.595828 -1.581276
v -0.020113 2.621858 -1.506242
v -0.086366 2.594864 -1.497598
v 0.005103 3.019909 -1.505067
v -0.029238 3.082257 -1.499708
v -0.040547 3.083220 -1.583385
v -0.006206 3.020873 -1.588745
v 0.027658 2.548573 -1.598760
v 0.002575 2.481796 -1.596139
v 0.013884 2.480833 -1.512461
v 0.038967 2.547610 -1.515082
v 0.209380 2.956485 -1.533407
v 0.275633 2.983479 -1.542050
v 0.198070 2.957448 -1.617084
v 0.264324 2.984442 -1.625728
v 0.220715 2.641618 -1.623781
v 0.290115 2.624737 -1.633356
v 0.232026 2.640654 -1.540104
v 0.301424 2.623773 -1.549678
v 0.150300 3.030734 -1.524567
v 0.175383 3.097511 -1.527188
v 0.164074 3.098474 -1.610866
v 0.138991 3.031697 -1.608244
v 0.172855 2.559397 -1.618259
v 0.207196 2.497050 -1.623619
v 0.218505 2.496087 -1.539941
v 0.184164 2.558434 -1.534582
v -0.105358 2.829337 -1.508860
v -0.112280 2.829927 -1.560079
v -0.104475 2.721061 -1.562387
v -0.097552 2.720471 -1.511168
v 0.290238 2.749380 -1.563248
v 0.282432 2.858246 -1.560939
v 0.283315 2.749970 -1.614467
v 0.275510 2.858836 -1.612159
v -0.178369 2.769723 -1.525759
v 0.356326 2.809583 -1.597568
v 0.142248 2.495777 -1.430352
v 0.154658 2.511028 -1.361024
v 0.059078 2.500362 -1.416474
v 0.071488 2.515613 -1.347146
v 0.037164 2.185593 -1.443805
v 0.046529 2.157116 -1.378274
v 0.120333 2.181007 -1.457684
v 0.129698 2.152531 -1.392153
v 0.139093 2.578961 -1.476739
v 0.148342 2.640410 -1.441614
v 0.065173 2.644995 -1.427735
v 0.055924 2.583546 -1.462861
v 0.023152 2.112835 -1.503732
v 0.023442 2.045593 -1.479781
v 0.106611 2.041008 -1.493660
v 0.106321 2.108250 -1.517611
v 0.101774 2.520359 -1.681013
v 0.092409 2.548836 -1.746543
v 0.018605 2.524945 -1.667134
v 0.009240 2.553421 -1.732664
v -0.003310 2.210175 -1.694465
v -0.015719 2.194925 -1.763793
v 0.079859 2.205590 -1.708344
v 0.067450 2.190339 -1.777671
v 0.115786 2.593117 -1.621085
v 0.115496 2.660360 -1.645036
v 0.032327 2.664945 -1.631157
v 0.032617 2.597703 -1.607206
v -0.000155 2.126991 -1.648078
v -0.009404 2.065543 -1.683203
v 0.073765 2.060957 -1.697082
v 0.083014 2.122406 -1.661956
v 0.129824 2.386919 -1.369186
v 0.078916 2.389725 -1.360691
v 0.071362 2.281225 -1.370112
v 0.122270 2.278419 -1.378607
v 0.060022 2.316227 -1.764126
v 0.067576 2.424727 -1.754705
v 0.009114 2.319034 -1.755631
v 0.016668 2.427534 -1.746210
v 0.112384 2.326910 -1.296627
v 0.026554 2.379042 -1.828191
v -0.083159 2.056552 -1.565057
v -0.150690 2.061505 -1.540399
v -0.099568 2.116647 -1.622067
v -0.167099 2.121600 -1.597409
v -0.096400 1.899140 -1.852257
v -0.163491 1.873877 -1.859577
v -0.079992 1.839045 -1.795248
v -0.147082 1.813782 -1.802568
v -0.030880 2.118437 -1.514872
v -0.061014 2.158451 -1.464018
v -0.077423 2.218546 -1.521028
v -0.047289 2.178532 -1.571881
v -0.042552 1.853268 -1.916112
v -0.071391 1.804356 -1.959370
v -0.054982 1.744261 -1.902360
v -0.026143 1.793173 -1.859102
v 0.167060 2.094303 -1.597284
v 0.234150 2.119566 -1.589965
v 0.150650 2.154398 -1.654294
v 0.217740 2.179661 -1.646975
v 0.153818 1.936891 -1.884485
v 0.221349 1.931938 -1.909143
v 0.170228 1.876796 -1.827475
v 0.237758 1.871843 -1.852133
v 0.113211 2.140176 -1.533430
v 0.142050 2.189087 -1.490172
v 0.125641 2.249182 -1.547181
v 0.096802 2.200271 -1.590439
v 0.101539 1.875007 -1.934670
v 0.131673 1.834992 -1.985524
v 0.148082 1.774897 -1.928514
v 0.117948 1.814912 -1.877661
v -0.152614 1.986786 -1.642867
v -0.162658 2.023570 -1.677763
v -0.161566 1.948597 -1.757109
v -0.151522 1.911812 -1.722213
v 0.233317 1.969873 -1.771779
v 0.232225 2.044847 -1.692433
v 0.223273 2.006657 -1.806674
v 0.222181 2.081631 -1.727329
v -0.229984 1.956694 -1.690600
v 0.300643 2.036749 -1.758942
v 0.087730 1.882655 -2.261572
v 0.099030 1.937714 -2.286051
v 0.017294 1.896763 -2.262352
v 0.028594 1.951822 -2.286830
v 0.019754 1.923852 -1.994289
v 0.031395 1.982674 -1.981529
v 0.090190 1.909744 -1.993510
v 0.101831 1.968565 -1.980750
v 0.078079 1.831056 -2.323355
v 0.082601 1.850462 -2.380719
v 0.012165 1.864571 -2.381499
v 0.007643 1.845165 -2.324134
v 0.011320 1.885673 -1.923269
v 0.016848 1.916154 -1.871038
v 0.087284 1.902046 -1.870259
v 0.081757 1.871565 -1.922489
v 0.045091 1.670984 -2.239791
v 0.033450 1.612162 -2.252551
v -0.025345 1.685094 -2.240571
v -0.036986 1.626271 -2.253331
v -0.022885 1.712182 -1.972508
v -0.034185 1.657123 -1.948030
v 0.047551 1.698073 -1.971729
v 0.036252 1.643014 -1.947250
v 0.053525 1.709163 -2.310812
v 0.047997 1.678683 -2.363043
v -0.022439 1.692791 -2.363822
v -0.016912 1.723272 -2.311591
v -0.013234 1.763780 -1.910726
v -0.017756 1.744374 -1.853362
v 0.052681 1.730266 -1.852582
v 0.057203 1.749672 -1.909947
v 0.086345 1.951207 -2.179752
v 0.043231 1.959843 -2.180229
v 0.044079 1.969180 -2.087829
v 0.087193 1.960545 -2.087352
v 0.021614 1.634993 -2.053852
v 0.020766 1.625656 -2.146252
v -0.021500 1.643629 -2.054329
v -0.022348 1.634292 -2.146729
v 0.077634 2.021858 -2.140136
v -0.012789 1.572979 -2.093945
vt 0.967401 0.248852
vt 0.952774 0.247928
vt 0.953391 0.202758
vt 0.968739 0.203421
vt 0.952359 0.161719
vt 0.967139 0.161828
vt 0.962608 0.935750
vt 0.949159 0.935803
vt 0.949376 0.887427
vt 0.962798 0.887293
vt 0.951101 0.834656
vt 0.965969 0.834004
vt 0.950822 0.783754
vt 0.965330 0.783832
vt 0.951587 0.732290
vt 0.966088 0.733415
vt 0.951624 0.684657
vt 0.966169 0.685241
vt 0.951560 0.640121
vt 0.965825 0.640300
vt 0.951651 0.595282
vt 0.966465 0.594816
vt 0.951488 0.547804
vt 0.965969 0.547314
vt 0.952078 0.499025
vt 0.966884 0.499136
vt 0.952693 0.449498
vt 0.966691 0.449603
vt 0.952402 0.399809
vt 0.967580 0.399574
vt 0.985211 0.249988
vt 0.985211 0.203828
vt 0.985211 0.161611
vt 0.985211 0.935801
vt 0.985211 0.884765
vt 0.985211 0.833201
vt 0.985211 0.784032
vt 0.985211 0.734240
vt 0.985211 0.685547
vt 0.985211 0.640122
vt 0.985211 0.594566
vt 0.985211 0.547038
vt 0.985211 0.499264
vt 0.985211 0.449839
vt 0.985211 0.399583
vt 0.896892 0.254794
vt 0.896741 0.210487
vt 0.896724 0.167742
vt 0.896329 0.936954
vt 0.896761 0.885740
vt 0.897401 0.834354
vt 0.897678 0.779131
vt 0.897059 0.728544
vt 0.896465 0.679121
vt 0.896253 0.634138
vt 0.896292 0.589461
vt 0.895954 0.542351
vt 0.896203 0.494372
vt 0.896252 0.446294
vt 0.895952 0.398196
vt 0.896434 0.301304
vt 0.951516 0.296380
vt 0.966494 0.297956
vt 0.985211 0.298257
vt 0.963363 0.321019
vt 0.985211 0.348322
vt 0.965231 0.349779
vt 0.951707 0.350467
vt 0.952710 0.334069
vt 0.895927 0.349668
vt 0.985211 0.121270
vt 0.966796 0.121126
vt 0.951000 0.121494
vt 0.895782 0.126271
vt 0.967815 0.107122
vt 0.952524 0.100826
vt 0.895213 0.078753
vt 0.948990 0.076516
vt 0.894471 0.984524
vt 0.947801 0.984524
vt 0.949776 0.059838
vt 0.896757 0.031964
vt 0.949507 0.031964
vt 0.963285 0.984524
vt 0.985211 0.984524
vt 0.964099 0.076609
vt 0.985211 0.077190
vt 0.961213 0.050094
vt 0.964567 0.031964
vt 0.985211 0.031964
vt 0.885315 0.301807
vt 0.885863 0.349447
vt 0.884747 0.397756
vt 0.858371 0.398208
vt 0.858371 0.349523
vt 0.858371 0.301532
vt 0.882922 0.125576
vt 0.885275 0.168203
vt 0.885606 0.211037
vt 0.858371 0.210527
vt 0.858371 0.168760
vt 0.858371 0.126107
vt 0.885500 0.885785
vt 0.885155 0.936336
vt 0.883490 0.984524
vt 0.858371 0.984524
vt 0.858371 0.936285
vt 0.858371 0.886105
vt 0.886620 0.729273
vt 0.887430 0.779264
vt 0.884523 0.679852
vt 0.858371 0.781357
vt 0.858371 0.728102
vt 0.858371 0.678965
vt 0.884164 0.542154
vt 0.884143 0.589072
vt 0.885250 0.494483
vt 0.858371 0.590254
vt 0.858371 0.543389
vt 0.858371 0.495133
vt 0.885662 0.255310
vt 0.858371 0.254607
vt 0.885423 0.834372
vt 0.858371 0.837066
vt 0.885518 0.446229
vt 0.858371 0.446883
vt 0.885847 0.077852
vt 0.884839 0.031964
vt 0.858371 0.078935
vt 0.858371 0.031964
vt 0.883323 0.634219
vt 0.858371 0.634654
vt 0.381170 0.710663
vt 0.371947 0.686616
vt 0.385864 0.707104
vt 0.403122 0.729099
vt 0.316551 0.732822
vt 0.327791 0.791168
vt 0.287930 0.715624
vt 0.292762 0.717875
vt 0.400586 0.553105
vt 0.400308 0.544247
vt 0.415797 0.539811
vt 0.421832 0.546832
vt 0.369673 0.676300
vt 0.363466 0.692845
vt 0.344113 0.712496
vt 0.312388 0.726367
vt 0.424502 0.537943
vt 0.430289 0.522170
vt 0.429390 0.533577
vt 0.429200 0.544199
vt 0.445488 0.593820
vt 0.397083 0.571707
vt 0.473652 0.564331
vt 0.508336 0.644259
vt 0.500626 0.635322
vt 0.538255 0.637558
vt 0.553939 0.780280
vt 0.559227 0.781398
vt 0.561869 0.794541
vt 0.533193 0.776881
vt 0.563601 0.817413
vt 0.384567 0.614186
vt 0.443049 0.615535
vt 0.454103 0.606476
vt 0.467438 0.616016
vt 0.483079 0.632062
vt 0.492335 0.644055
vt 0.422764 0.691805
vt 0.493390 0.649556
vt 0.492872 0.675403
vt 0.409809 0.732340
vt 0.501106 0.711307
vt 0.411929 0.769608
vt 0.504458 0.744397
vt 0.510421 0.777974
vt 0.567011 0.846180
vt 0.417794 0.818650
vt 0.492443 0.804752
vt 0.485209 0.817530
vt 0.462879 0.821578
vt 0.486183 0.836871
vt 0.366593 0.851902
vt 0.455795 0.836020
vt 0.436451 0.840207
vt 0.488763 0.857312
vt 0.468179 0.869669
vt 0.434979 0.884169
vt 0.481301 0.887991
vt 0.499327 0.871681
vt 0.464079 0.915439
vt 0.602168 0.846794
vt 0.581344 0.848024
vt 0.568906 0.849909
vt 0.519584 0.874858
vt 0.515898 0.904922
vt 0.284009 0.984765
vt 0.270614 0.990163
vt 0.240318 0.972726
vt 0.242939 0.960569
vt 0.582114 0.962503
vt 0.562964 0.961878
vt 0.547298 0.958921
vt 0.508045 0.939553
vt 0.479426 0.927747
vt 0.383301 0.910770
vt 0.395660 0.915084
vt 0.375873 0.925591
vt 0.366748 0.860755
vt 0.317323 0.838457
vt 0.325110 0.844856
vt 0.319986 0.846689
vt 0.330372 0.846840
vt 0.346773 0.851717
vt 0.237929 0.959207
vt 0.236397 0.970919
vt 0.288039 0.817483
vt 0.247822 0.810140
vt 0.263246 0.802687
vt 0.264117 0.789519
vt 0.261370 0.779210
vt 0.306250 0.836744
vt 0.313747 0.844480
vt 0.312617 0.858179
vt 0.275245 0.819917
vt 0.310542 0.866509
vt 0.305670 0.878880
vt 0.296013 0.888223
vt 0.351026 0.950444
vt 0.282010 0.908115
vt 0.295870 0.976283
vt 0.253978 0.952664
vt 0.234197 0.951524
vt 0.261976 0.934821
vt 0.225348 0.941029
vt 0.309591 0.970028
vt 0.208922 0.922469
vt 0.197031 0.902621
vt 0.300755 0.649047
vt 0.378829 0.535025
vt 0.365884 0.563222
vt 0.344944 0.594351
vt 0.329870 0.617410
vt 0.289163 0.686625
vt 0.276783 0.620942
vt 0.284138 0.714845
vt 0.269376 0.585970
vt 0.262128 0.606328
vt 0.247910 0.642043
vt 0.237508 0.674226
vt 0.153176 0.708942
vt 0.152327 0.701490
vt 0.223331 0.705220
vt 0.166671 0.846993
vt 0.181092 0.881503
vt 0.159955 0.872794
vt 0.140378 0.881020
vt 0.151065 0.864395
vt 0.156907 0.853728
vt 0.182985 0.964814
vt 0.155969 0.946756
vt 0.144432 0.936087
vt 0.212797 0.973549
vt 0.707991 0.924442
vt 0.725763 0.957432
vt 0.693595 0.973713
vt 0.233218 0.977264
vt 0.689939 0.890249
vt 0.668223 0.983427
vt 0.241143 0.981006
vt 0.650825 0.982458
vt 0.259939 0.993258
vt 0.620684 0.969890
vt 0.603545 0.967737
vt 0.614756 0.961794
vt 0.618242 0.932523
vt 0.617623 0.912463
vt 0.617592 0.878287
vt 0.669936 0.902475
vt 0.688337 0.856451
vt 0.706663 0.857915
vt 0.669677 0.843084
vt 0.612149 0.841844
vt 0.617126 0.859469
vt 0.280622 0.726553
vt 0.275036 0.737516
vt 0.268122 0.761023
vt 0.205314 0.737723
vt 0.263544 0.771331
vt 0.243767 0.785910
vt 0.180579 0.768213
vt 0.242549 0.795904
vt 0.233993 0.808950
vt 0.226881 0.813913
vt 0.160547 0.776710
vt 0.205449 0.829434
vt 0.216891 0.822067
vt 0.190057 0.838227
vt 0.157186 0.805096
vt 0.178620 0.843238
vt 0.150863 0.768097
vt 0.159315 0.840369
vt 0.147909 0.841951
vt 0.136333 0.856328
vt 0.123215 0.866715
vt 0.154274 0.823067
vt 0.136710 0.741852
vt 0.138088 0.686834
vt 0.136350 0.718624
vt 0.051514 0.737524
vt 0.046117 0.719440
vt 0.146888 0.673282
vt 0.180026 0.639495
vt 0.202724 0.611481
vt 0.230137 0.586046
vt 0.250574 0.569676
vt 0.287194 0.534463
vt 0.304022 0.518662
vt 0.345222 0.502950
vt 0.340600 0.462898
vt 0.293312 0.473935
vt 0.261415 0.487747
vt 0.212988 0.516581
vt 0.114339 0.587525
vt 0.058400 0.630966
vt 0.147934 0.563982
vt 0.184209 0.536976
vt 0.052860 0.656581
vt 0.744979 0.657097
vt 0.767862 0.627248
vt 0.792090 0.650657
vt 0.043778 0.691349
vt 0.744707 0.725507
vt 0.717471 0.680304
vt 0.814210 0.691099
vt 0.745807 0.757740
vt 0.820899 0.728727
vt 0.033942 0.714254
vt 0.035458 0.736653
vt 0.049051 0.763370
vt 0.750518 0.789843
vt 0.828847 0.763896
vt 0.843224 0.800179
vt 0.739503 0.823933
vt 0.841359 0.827833
vt 0.057379 0.788111
vt 0.729709 0.851475
vt 0.076182 0.823742
vt 0.740452 0.875929
vt 0.835721 0.867821
vt 0.757230 0.904441
vt 0.132325 0.888158
vt 0.100001 0.849335
vt 0.831920 0.906030
vt 0.834995 0.927102
vt 0.818449 0.935589
vt 0.827085 0.886502
vt 0.799536 0.936635
vt 0.081582 0.838571
vt 0.139145 0.908972
vt 0.766170 0.930063
vt 0.774245 0.895647
vt 0.771772 0.935126
vt 0.757232 0.941637
vt 0.685591 0.821720
vt 0.641001 0.846096
vt 0.617823 0.843566
vt 0.605057 0.829804
vt 0.569827 0.777819
vt 0.601036 0.814917
vt 0.579654 0.779873
vt 0.696222 0.799800
vt 0.598232 0.801476
vt 0.588547 0.784021
vt 0.705274 0.776944
vt 0.597745 0.788222
vt 0.674215 0.757764
vt 0.657529 0.748478
vt 0.603256 0.779153
vt 0.619850 0.766340
vt 0.592250 0.764478
vt 0.588610 0.774015
vt 0.597192 0.774492
vt 0.586427 0.754927
vt 0.582096 0.745627
vt 0.583443 0.734375
vt 0.585864 0.722566
vt 0.591278 0.701256
vt 0.611822 0.751615
vt 0.639653 0.753721
vt 0.657697 0.718575
vt 0.630660 0.733140
vt 0.583645 0.685926
vt 0.570061 0.662605
vt 0.691432 0.672507
vt 0.719669 0.564701
vt 0.659575 0.622171
vt 0.559120 0.644847
vt 0.546826 0.629864
vt 0.636359 0.592285
vt 0.689361 0.532555
vt 0.654240 0.503955
vt 0.610924 0.568147
vt 0.558494 0.519827
vt 0.580044 0.464629
vt 0.627009 0.486903
vt 0.587461 0.546911
vt 0.522509 0.567468
vt 0.517898 0.547743
vt 0.406640 0.476965
vt 0.489871 0.528500
vt 0.475225 0.499988
vt 0.511107 0.451822
vt 0.534913 0.498184
vt 0.552367 0.456434
vt 0.138889 0.440776
vt 0.055048 0.488512
vt 0.036472 0.474177
vt 0.127955 0.423006
vt 0.022342 0.427038
vt 0.111315 0.381834
vt 0.117900 0.400376
vt 0.024592 0.450002
vt 0.068736 0.509811
vt 0.151131 0.462828
vt 0.150110 0.368045
vt 0.155620 0.385115
vt 0.163009 0.408242
vt 0.169517 0.427017
vt 0.178125 0.450894
vt 0.460153 0.445909
vt 0.432646 0.431212
vt 0.441289 0.413428
vt 0.479768 0.430367
vt 0.447640 0.391063
vt 0.489172 0.401508
vt 0.450950 0.372684
vt 0.484256 0.377611
vt 0.447427 0.467515
vt 0.422298 0.454593
vt 0.206921 0.353358
vt 0.209964 0.371033
vt 0.214290 0.395201
vt 0.384574 0.418046
vt 0.389011 0.398816
vt 0.393548 0.375011
vt 0.251699 0.412590
vt 0.251136 0.391577
vt 0.352017 0.393959
vt 0.350812 0.414683
vt 0.355702 0.349378
vt 0.353635 0.368924
vt 0.250183 0.366401
vt 0.248755 0.346853
vt 0.349218 0.439729
vt 0.252404 0.437766
vt 0.217960 0.414959
vt 0.222046 0.440088
vt 0.396719 0.357373
vt 0.379484 0.442866
vt 0.093838 0.435925
vt 0.087122 0.421979
vt 0.066311 0.451766
vt 0.059382 0.437593
vt 0.317310 0.372657
vt 0.286429 0.371806
vt 0.316949 0.388028
vt 0.286309 0.387193
vt 0.122002 0.513735
vt 0.133631 0.523827
vt 0.109813 0.539525
vt 0.132855 0.556341
vt 0.120756 0.565869
vt 0.088968 0.558998
vt 0.029589 0.538863
vt 0.062102 0.539638
vt 0.045285 0.562681
vt 0.071629 0.551738
vt 0.064758 0.583526
vt 0.051087 0.590611
vt 0.138889 0.440776
vt 0.055048 0.488512
vt 0.036472 0.474177
vt 0.127955 0.423006
vt 0.022342 0.427038
vt 0.111315 0.381834
vt 0.117900 0.400376
vt 0.024592 0.450002
vt 0.068736 0.509811
vt 0.151131 0.462828
vt 0.150110 0.368045
vt 0.155620 0.385115
vt 0.163009 0.408242
vt 0.169517 0.427017
vt 0.178125 0.450894
vt 0.460153 0.445909
vt 0.432646 0.431212
vt 0.441289 0.413428
vt 0.479768 0.430367
vt 0.447640 0.391063
vt 0.489172 0.401508
vt 0.450950 0.372684
vt 0.484256 0.377611
vt 0.447427 0.467515
vt 0.422298 0.454593
vt 0.206921 0.353358
vt 0.209964 0.371033
vt 0.214290 0.395201
vt 0.384574 0.418046
vt 0.389011 0.398816
vt 0.393548 0.375011
vt 0.251699 0.412590
vt 0.251136 0.391577
vt 0.352017 0.393959
vt 0.350812 0.414683
vt 0.355702 0.349378
vt 0.353635 0.368924
vt 0.250183 0.366401
vt 0.248755 0.346853
vt 0.349218 0.439729
vt 0.252404 0.437766
vt 0.217960 0.414959
vt 0.222046 0.440088
vt 0.396719 0.357373
vt 0.379484 0.442866
vt 0.093838 0.435925
vt 0.087122 0.421979
vt 0.066311 0.451766
vt 0.059382 0.437593
vt 0.317310 0.372657
vt 0.286429 0.371806
vt 0.316949 0.388028
vt 0.286309 0.387193
vt 0.122002 0.513735
vt 0.133631 0.523827
vt 0.109813 0.539525
vt 0.132855 0.556341
vt 0.120756 0.565869
vt 0.088968 0.558998
vt 0.029589 0.538863
vt 0.062102 0.539638
vt 0.045285 0.562681
vt 0.071629 0.551738
vt 0.064758 0.583526
vt 0.051087 0.590611
vt 0.138889 0.440776
vt 0.055048 0.488512
vt 0.036472 0.474177
vt 0.127955 0.423006
vt 0.022342 0.427038
vt 0.111315 0.381834
vt 0.117900 0.400376
vt 0.024592 0.450002
vt 0.068736 0.509811
vt 0.151131 0.462828
vt 0.150110 0.368045
vt 0.155620 0.385115
vt 0.163009 0.408242
vt 0.169517 0.427017
vt 0.178125 0.450894
vt 0.460153 0.445909
vt 0.432646 0.431212
vt 0.441289 0.413428
vt 0.479768 0.430367
vt 0.447640 0.391063
vt 0.489172 0.401508
vt 0.450950 0.372684
vt 0.484256 0.377611
vt 0.447427 0.467515
vt 0.422298 0.454593
vt 0.206921 0.353358
vt 0.209964 0.371033
vt 0.214290 0.395201
vt 0.384574 0.418046
vt 0.389011 0.398816
vt 0.393548 0.375011
vt 0.251699 0.412590
vt 0.251136 0.391577
vt 0.352017 0.393959
vt 0.350812 0.414683
vt 0.355702 0.349378
vt 0.353635 0.368924
vt 0.250183 0.366401
vt 0.248755 0.346853
vt 0.349218 0.439729
vt 0.252404 0.437766
vt 0.217960 0.414959
vt 0.222046 0.440088
vt 0.396719 0.357373
vt 0.379484 0.442866
vt 0.093838 0.435925
vt 0.087122 0.421979
vt 0.066311 0.451766
vt 0.059382 0.437593
vt 0.317310 0.372657
vt 0.286429 0.371806
vt 0.316949 0.388028
vt 0.286309 0.387193
vt 0.122002 0.513735
vt 0.133631 0.523827
vt 0.109813 0.539525
vt 0.132855 0.556341
vt 0.120756 0.565869
vt 0.088968 0.558998
vt 0.029589 0.538863
vt 0.062102 0.539638
vt 0.045285 0.562681
vt 0.071629 0.551738
vt 0.064758 0.583526
vt 0.051087 0.590611
vt 0.138889 0.440776
vt 0.055048 0.488512
vt 0.036472 0.474177
vt 0.127955 0.423006
vt 0.022342 0.427038
vt 0.111315 0.381834
vt 0.117900 0.400376
vt 0.024592 0.450002
vt 0.068736 0.509811
vt 0.151131 0.462828
vt 0.150110 0.368045
vt 0.155620 0.385115
vt 0.163009 0.408242
vt 0.169517 0.427017
vt 0.178125 0.450894
vt 0.460153 0.445909
vt 0.432646 0.431212
vt 0.441289 0.413428
vt 0.479768 0.430367
vt 0.447640 0.391063
vt 0.489172 0.401508
vt 0.450950 0.372684
vt 0.484256 0.377611
vt 0.447427 0.467515
vt 0.422298 0.454593
vt 0.206921 0.353358
vt 0.209964 0.371033
vt 0.214290 0.395201
vt 0.384574 0.418046
vt 0.389011 0.398816
vt 0.393548 0.375011
vt 0.251699 0.412590
vt 0.251136 0.391577
vt 0.352017 0.393959
vt 0.350812 0.414683
vt 0.355702 0.349378
vt 0.353635 0.368924
vt 0.250183 0.366401
vt 0.248755 0.346853
vt 0.349218 0.439729
vt 0.252404 0.437766
vt 0.217960 0.414959
vt 0.222046 0.440088
vt 0.396719 0.357373
vt 0.379484 0.442866
vt 0.093838 0.435925
vt 0.087122 0.421979
vt 0.066311 0.451766
vt 0.059382 0.437593
vt 0.317310 0.372657
vt 0.286429 0.371806
vt 0.316949 0.388028
vt 0.286309 0.387193
vt 0.122002 0.513735
vt 0.133631 0.523827
vt 0.109813 0.539525
vt 0.132855 0.556341
vt 0.120756 0.565869
vt 0.088968 0.558998
vt 0.029589 0.538863
vt 0.062102 0.539638
vt 0.045285 0.562681
vt 0.071629 0.551738
vt 0.064758 0.583526
vt 0.051087 0.590611
vt 0.138889 0.440776
vt 0.055048 0.488512
vt 0.036472 0.474177
vt 0.127955 0.423006
vt 0.022342 0.427038
vt 0.111315 0.381834
vt 0.117900 0.400376
vt 0.024592 0.450002
vt 0.068736 0.509811
vt 0.151131 0.462828
vt 0.150110 0.368045
vt 0.155620 0.385115
vt 0.163009 0.408242
vt 0.169517 0.427017
vt 0.178125 0.450894
vt 0.460153 0.445909
vt 0.432646 0.431212
vt 0.441289 0.413428
vt 0.479768 0.430367
vt 0.447640 0.391063
vt 0.489172 0.401508
vt 0.450950 0.372684
vt 0.484256 0.377611
vt 0.447427 0.467515
vt 0.422298 0.454593
vt 0.206921 0.353358
vt 0.209964 0.371033
vt 0.214290 0.395201
vt 0.384574 0.418046
vt 0.389011 0.398816
vt 0.393548 0.375011
vt 0.251699 0.412590
vt 0.251136 0.391577
vt 0.352017 0.393959
vt 0.350812 0.414683
vt 0.355702 0.349378
vt 0.353635 0.368924
vt 0.250183 0.366401
vt 0.248755 0.346853
vt 0.349218 0.439729
vt 0.252404 0.437766
vt 0.217960 0.414959
vt 0.222046 0.440088
vt 0.396719 0.357373
vt 0.379484 0.442866
vt 0.093838 0.435925
vt 0.087122 0.421979
vt 0.066311 0.451766
vt 0.059382 0.437593
vt 0.317310 0.372657
vt 0.286429 0.371806
vt 0.316949 0.388028
vt 0.286309 0.387193
vt 0.122002 0.513735
vt 0.133631 0.523827
vt 0.109813 0.539525
vt 0.132855 0.556341
vt 0.120756 0.565869
vt 0.088968 0.558998
vt 0.029589 0.538863
vt 0.062102 0.539638
vt 0.045285 0.562681
vt 0.071629 0.551738
vt 0.064758 0.583526
vt 0.051087 0.590611
vt 0.967401 0.248852
vt 0.952774 0.247928
vt 0.953391 0.202758
vt 0.968739 0.203421
vt 0.952359 0.161719
vt 0.967139 0.161828
vt 0.962608 0.935750
vt 0.949159 0.935803
vt 0.949376 0.887427
vt 0.962798 0.887293
vt 0.951101 0.834656
vt 0.965969 0.834004
vt 0.950822 0.783754
vt 0.965330 0.783832
vt 0.951587 0.732290
vt 0.966088 0.733415
vt 0.951624 0.684657
vt 0.966169 0.685241
vt 0.951560 0.640121
vt 0.965825 0.640300
vt 0.951651 0.595282
vt 0.966465 0.594816
vt 0.951488 0.547804
vt 0.965969 0.547314
vt 0.952078 0.499025
vt 0.966884 0.499136
vt 0.952693 0.449498
vt 0.966691 0.449603
vt 0.952402 0.399809
vt 0.967580 0.399574
vt 0.985211 0.249988
vt 0.985211 0.203828
vt 0.985211 0.161611
vt 0.985211 0.935801
vt 0.985211 0.884765
vt 0.985211 0.833201
vt 0.985211 0.784032
vt 0.985211 0.734240
vt 0.985211 0.685547
vt 0.985211 0.640122
vt 0.985211 0.594566
vt 0.985211 0.547038
vt 0.985211 0.499264
vt 0.985211 0.449839
vt 0.985211 0.399583
vt 0.896892 0.254794
vt 0.896741 0.210487
vt 0.896724 0.167742
vt 0.896329 0.936954
vt 0.896761 0.885740
vt 0.897401 0.834354
vt 0.897678 0.779131
vt 0.897059 0.728544
vt 0.896465 0.679121
vt 0.896253 0.634138
vt 0.896292 0.589461
vt 0.895954 0.542351
vt 0.896203 0.494372
vt 0.896252 0.446294
vt 0.895952 0.398196
vt 0.896434 0.301304
vt 0.951516 0.296380
vt 0.966494 0.297956
vt 0.985211 0.298257
vt 0.963363 0.321019
vt 0.985211 0.348322
vt 0.965231 0.349779
vt 0.951707 0.350467
vt 0.952710 0.334069
vt 0.895927 0.349668
vt 0.985211 0.121270
vt 0.966796 0.121126
vt 0.951000 0.121494
vt 0.895782 0.126271
vt 0.967815 0.107122
vt 0.952524 0.100826
vt 0.895213 0.078753
vt 0.948990 0.076516
vt 0.894471 0.984524
vt 0.947801 0.984524
vt 0.949776 0.059838
vt 0.896757 0.031964
vt 0.949507 0.031964
vt 0.963285 0.984524
vt 0.985211 0.984524
vt 0.964099 0.076609
vt 0.985211 0.077190
vt 0.961213 0.050094
vt 0.964567 0.031964
vt 0.985211 0.031964
vt 0.885315 0.301807
vt 0.885863 0.349447
vt 0.884747 0.397756
vt 0.858371 0.398208
vt 0.858371 0.349523
vt 0.858371 0.301532
vt 0.882922 0.125576
vt 0.885275 0.168203
vt 0.885606 0.211037
vt 0.858371 0.210527
vt 0.858371 0.168760
vt 0.858371 0.126107
vt 0.885500 0.885785
vt 0.885155 0.936336
vt 0.883490 0.984524
vt 0.858371 0.984524
vt 0.858371 0.936285
vt 0.858371 0.886105
vt 0.886620 0.729273
vt 0.887430 0.779264
vt 0.884523 0.679852
vt 0.858371 0.781357
vt 0.858371 0.728102
vt 0.858371 0.678965
vt 0.884164 0.542154
vt 0.884143 0.589072
vt 0.885250 0.494483
vt 0.858371 0.590254
vt 0.858371 0.543389
vt 0.858371 0.495133
vt 0.885662 0.255310
vt 0.858371 0.254607
vt 0.885423 0.834372
vt 0.858371 0.837066
vt 0.885518 0.446229
vt 0.858371 0.446883
vt 0.885847 0.077852
vt 0.884839 0.031964
vt 0.858371 0.078935
vt 0.858371 0.031964
vt 0.883323 0.634219
vt 0.858371 0.634654
vt 0.442180 0.167279
vt 0.442456 0.200052
vt 0.415983 0.204833
vt 0.415845 0.171578
vt 0.373538 0.180490
vt 0.395353 0.175674
vt 0.396568 0.208995
vt 0.371859 0.219424
vt 0.342668 0.188688
vt 0.338697 0.229420
vt 0.308571 0.187851
vt 0.305121 0.230182
vt 0.112727 0.073768
vt 0.099755 0.043545
vt 0.138187 0.019030
vt 0.147424 0.052408
vt 0.469744 0.158788
vt 0.471937 0.191314
vt 0.433288 0.129452
vt 0.409494 0.132942
vt 0.388408 0.136888
vt 0.365750 0.141466
vt 0.339509 0.147797
vt 0.324840 0.147969
vt 0.069259 0.077062
vt 0.077176 0.087757
vt 0.116781 0.105728
vt 0.077557 0.114042
vt 0.087445 0.149172
vt 0.115792 0.126135
vt 0.126327 0.161870
vt 0.087546 0.168364
vt 0.130689 0.185494
vt 0.091969 0.189627
vt 0.135619 0.209420
vt 0.098712 0.214557
vt 0.482741 0.110854
vt 0.500773 0.147698
vt 0.456027 0.121647
vt 0.102413 0.238196
vt 0.141006 0.235522
vt 0.160164 0.231552
vt 0.155194 0.245708
vt 0.173455 0.240170
vt 0.165295 0.248190
vt 0.184395 0.243337
vt 0.177164 0.253851
vt 0.182304 0.231156
vt 0.174969 0.220524
vt 0.190325 0.236479
vt 0.192641 0.227401
vt 0.192736 0.218149
vt 0.198468 0.241636
vt 0.196962 0.258440
vt 0.200055 0.227414
vt 0.206205 0.236507
vt 0.159310 0.280692
vt 0.142107 0.263982
vt 0.115663 0.271897
vt 0.161568 0.289102
vt 0.119660 0.300299
vt 0.181418 0.279785
vt 0.172445 0.320452
vt 0.127416 0.332108
vt 0.151076 0.086120
vt 0.153977 0.127439
vt 0.175297 0.124264
vt 0.159299 0.148663
vt 0.164257 0.173152
vt 0.426749 0.100613
vt 0.405070 0.104487
vt 0.441897 0.087882
vt 0.411815 0.070009
vt 0.403921 0.070574
vt 0.401273 0.066404
vt 0.412556 0.061643
vt 0.419414 0.070271
vt 0.425448 0.065641
vt 0.418709 0.078665
vt 0.430395 0.073315
vt 0.428919 0.083803
vt 0.419936 0.089561
vt 0.411297 0.078785
vt 0.403609 0.093227
vt 0.404302 0.078024
vt 0.396526 0.090598
vt 0.393059 0.080482
vt 0.393215 0.071304
vt 0.387696 0.095703
vt 0.384499 0.079438
vt 0.383819 0.070066
vt 0.393556 0.059987
vt 0.415344 0.054467
vt 0.435673 0.061555
vt 0.444656 0.073990
vt 0.459877 0.079095
vt 0.452209 0.065736
vt 0.460254 0.053738
vt 0.467703 0.060470
vt 0.451799 0.037007
vt 0.414517 0.048685
vt 0.402552 0.049659
vt 0.415896 0.024657
vt 0.364141 0.099005
vt 0.378334 0.083406
vt 0.387132 0.056686
vt 0.379125 0.070695
vt 0.037544 0.127540
vt 0.344067 0.092766
vt 0.399455 0.026080
vt 0.401892 0.014298
vt 0.038025 0.155141
vt 0.351490 0.072090
vt 0.338852 0.072227
vt 0.058280 0.192324
vt 0.018396 0.192605
vt 0.359978 0.047494
vt 0.381901 0.022967
vt 0.067008 0.203221
vt 0.067383 0.225579
vt 0.033536 0.225837
vt 0.010740 0.231372
vt 0.405304 0.009086
vt 0.008940 0.266895
vt 0.033963 0.254506
vt 0.065604 0.242220
vt 0.053606 0.266631
vt 0.076815 0.276464
vt 0.077345 0.304098
vt 0.044909 0.274409
vt 0.412755 0.005824
vt 0.424633 0.007981
vt 0.014216 0.279966
vt 0.027056 0.283139
vt 0.021051 0.293750
vt 0.434695 0.013342
vt 0.444091 0.020647
vt 0.053894 0.333741
vt 0.039056 0.318446
vt 0.062186 0.307916
vt 0.058475 0.288106
vt 0.029001 0.306187
vt 0.037298 0.297835
vt 0.509239 0.095949
vt 0.530601 0.134708
vt 0.480949 0.062899
vt 0.081734 0.337079
vt 0.073591 0.345445
vt 0.066481 0.345025
vt 0.502563 0.182138
vt 0.449074 0.222633
vt 0.429456 0.224042
vt 0.424288 0.242029
vt 0.411177 0.254750
vt 0.414878 0.230197
vt 0.426670 0.254279
vt 0.441557 0.238425
vt 0.459503 0.229802
vt 0.443880 0.251539
vt 0.169217 0.196094
vt 0.216527 0.200645
vt 0.213685 0.189346
vt 0.223854 0.215755
vt 0.227296 0.227176
vt 0.197408 0.282138
vt 0.240557 0.258904
vt 0.535930 0.173720
vt 0.212897 0.312749
vt 0.231681 0.273549
vt 0.250970 0.272697
vt 0.262089 0.215105
vt 0.261054 0.289157
vt 0.273702 0.179599
vt 0.534086 0.228790
vt 0.498740 0.232261
vt 0.459870 0.254862
vt 0.467258 0.240423
vt 0.295451 0.226475
vt 0.498081 0.266084
vt 0.538887 0.248538
vt 0.269004 0.272141
vt 0.503955 0.279278
vt 0.520234 0.295557
vt 0.299594 0.182631
vt 0.262913 0.180113
vt 0.245007 0.179777
vt 0.210857 0.174812
vt 0.205640 0.150507
vt 0.226005 0.182113
vt 0.246469 0.161756
vt 0.216019 0.149147
vt 0.200450 0.126271
vt 0.212978 0.138917
vt 0.195594 0.097799
vt 0.216267 0.103957
vt 0.194412 0.067009
vt 0.193324 0.036243
vt 0.193371 0.004721
vt 0.342069 0.276450
vt 0.311176 0.282303
vt 0.369431 0.270459
vt 0.394698 0.262913
vt 0.473496 0.327406
vt 0.511724 0.333194
vt 0.445263 0.268312
vt 0.468186 0.261754
vt 0.446365 0.288605
vt 0.425200 0.267081
vt 0.403787 0.279276
vt 0.429157 0.287893
vt 0.374589 0.292449
vt 0.351546 0.308864
vt 0.355105 0.326830
vt 0.390261 0.304322
vt 0.374814 0.315143
vt 0.405844 0.316961
vt 0.440259 0.318114
vt 0.383275 0.339686
vt 0.429674 0.337735
vt 0.359193 0.336271
vt 0.347571 0.333059
vt 0.330020 0.329249
vt 0.313315 0.319310
vt 0.219067 0.052567
vt 0.237867 0.018304
vt 0.219653 0.060350
vt 0.218437 0.082743
vt 0.231463 0.064691
vt 0.236220 0.074816
vt 0.248167 0.085456
vt 0.231364 0.057701
vt 0.239137 0.047622
vt 0.263703 0.019915
vt 0.271105 0.034636
vt 0.283563 0.020445
vt 0.294728 0.028183
vt 0.309978 0.048597
vt 0.282986 0.065971
vt 0.286001 0.044225
vt 0.270748 0.075003
vt 0.292200 0.103226
vt 0.326864 0.091251
vt 0.261333 0.080987
vt 0.254932 0.084649
vt 0.246734 0.112425
vt 0.256864 0.147254
vt 0.268237 0.126878
vt 0.264056 0.154341
vt 0.281187 0.169701
vt 0.473725 0.348760
vt 0.274251 0.143442
vt 0.314975 0.136964
vt 0.280836 0.114049
vt 0.138889 0.440776
vt 0.055048 0.488512
vt 0.036472 0.474177
vt 0.127955 0.423006
vt 0.022342 0.427038
vt 0.111315 0.381834
vt 0.117900 0.400376
vt 0.024592 0.450002
vt 0.068736 0.509811
vt 0.151131 0.462828
vt 0.150110 0.368045
vt 0.155620 0.385115
vt 0.163009 0.408242
vt 0.169517 0.427017
vt 0.178125 0.450894
vt 0.460153 0.445909
vt 0.432646 0.431212
vt 0.441289 0.413428
vt 0.479768 0.430367
vt 0.447640 0.391063
vt 0.489172 0.401508
vt 0.450950 0.372684
vt 0.484256 0.377611
vt 0.447427 0.467515
vt 0.422298 0.454593
vt 0.206921 0.353358
vt 0.209964 0.371033
vt 0.214290 0.395201
vt 0.384574 0.418046
vt 0.389011 0.398816
vt 0.393548 0.375011
vt 0.251699 0.412590
vt 0.251136 0.391577
vt 0.352017 0.393959
vt 0.350812 0.414683
vt 0.355702 0.349378
vt 0.353635 0.368924
vt 0.250183 0.366401
vt 0.248755 0.346853
vt 0.349218 0.439729
vt 0.252404 0.437766
vt 0.217960 0.414959
vt 0.222046 0.440088
vt 0.396719 0.357373
vt 0.379484 0.442866
vt 0.093838 0.435925
vt 0.087122 0.421979
vt 0.066311 0.451766
vt 0.059382 0.437593
vt 0.317310 0.372657
vt 0.286429 0.371806
vt 0.316949 0.388028
vt 0.286309 0.387193
vt 0.122002 0.513735
vt 0.133631 0.523827
vt 0.109813 0.539525
vt 0.132855 0.556341
vt 0.120756 0.565869
vt 0.088968 0.558998
vt 0.029589 0.538863
vt 0.062102 0.539638
vt 0.045285 0.562681
vt 0.071629 0.551738
vt 0.064758 0.583526
vt 0.051087 0.590611
vt 0.967401 0.248852
vt 0.952774 0.247928
vt 0.953391 0.202758
vt 0.968739 0.203421
vt 0.952359 0.161719
vt 0.967139 0.161828
vt 0.962608 0.935750
vt 0.949159 0.935803
vt 0.949376 0.887427
vt 0.962798 0.887293
vt 0.951101 0.834656
vt 0.965969 0.834004
vt 0.950822 0.783754
vt 0.965330 0.783832
vt 0.951587 0.732290
vt 0.966088 0.733415
vt 0.951624 0.684657
vt 0.966169 0.685241
vt 0.951560 0.640121
vt 0.965825 0.640300
vt 0.951651 0.595282
vt 0.966465 0.594816
vt 0.951488 0.547804
vt 0.965969 0.547314
vt 0.952078 0.499025
vt 0.966884 0.499136
vt 0.952693 0.449498
vt 0.966691 0.449603
vt 0.952402 0.399809
vt 0.967580 0.399574
vt 0.985211 0.249988
vt 0.985211 0.203828
vt 0.985211 0.161611
vt 0.985211 0.935801
vt 0.985211 0.884765
vt 0.985211 0.833201
vt 0.985211 0.784032
vt 0.985211 0.734240
vt 0.985211 0.685547
vt 0.985211 0.640122
vt 0.985211 0.594566
vt 0.985211 0.547038
vt 0.985211 0.499264
vt 0.985211 0.449839
vt 0.985211 0.399583
vt 0.896892 0.254794
vt 0.896741 0.210487
vt 0.896724 0.167742
vt 0.896329 0.936954
vt 0.896761 0.885740
vt 0.897401 0.834354
vt 0.897678 0.779131
vt 0.897059 0.728544
vt 0.896465 0.679121
vt 0.896253 0.634138
vt 0.896292 0.589461
vt 0.895954 0.542351
vt 0.896203 0.494372
vt 0.896252 0.446294
vt 0.895952 0.398196
vt 0.896434 0.301304
vt 0.951516 0.296380
vt 0.966494 0.297956
vt 0.985211 0.298257
vt 0.963363 0.321019
vt 0.985211 0.348322
vt 0.965231 0.349779
vt 0.951707 0.350467
vt 0.952710 0.334069
vt 0.895927 0.349668
vt 0.985211 0.121270
vt 0.966796 0.121126
vt 0.951000 0.121494
vt 0.895782 0.126271
vt 0.967815 0.107122
vt 0.952524 0.100826
vt 0.895213 0.078753
vt 0.948990 0.076516
vt 0.894471 0.984524
vt 0.947801 0.984524
vt 0.949776 0.059838
vt 0.896757 0.031964
vt 0.949507 0.031964
vt 0.963285 0.984524
vt 0.985211 0.984524
vt 0.964099 0.076609
vt 0.985211 0.077190
vt 0.961213 0.050094
vt 0.964567 0.031964
vt 0.985211 0.031964
vt 0.885315 0.301807
vt 0.885863 0.349447
vt 0.884747 0.397756
vt 0.858371 0.398208
vt 0.858371 0.349523
vt 0.858371 0.301532
vt 0.882922 0.125576
vt 0.885275 0.168203
vt 0.885606 0.211037
vt 0.858371 0.210527
vt 0.858371 0.168760
vt 0.858371 0.126107
vt 0.885500 0.885785
vt 0.885155 0.936336
vt 0.883490 0.984524
vt 0.858371 0.984524
vt 0.858371 0.936285
vt 0.858371 0.886105
vt 0.886620 0.729273
vt 0.887430 0.779264
vt 0.884523 0.679852
vt 0.858371 0.781357
vt 0.858371 0.728102
vt 0.858371 0.678965
vt 0.884164 0.542154
vt 0.884143 0.589072
vt 0.885250 0.494483
vt 0.858371 0.590254
vt 0.858371 0.543389
vt 0.858371 0.495133
vt 0.885662 0.255310
vt 0.858371 0.254607
vt 0.885423 0.834372
vt 0.858371 0.837066
vt 0.885518 0.446229
vt 0.858371 0.446883
vt 0.885847 0.077852
vt 0.884839 0.031964
vt 0.858371 0.078935
vt 0.858371 0.031964
vt 0.883323 0.634219
vt 0.858371 0.634654
vt 0.442180 0.167279
vt 0.442456 0.200052
vt 0.415983 0.204833
vt 0.415845 0.171578
vt 0.373538 0.180490
vt 0.395353 0.175674
vt 0.396568 0.208995
vt 0.371859 0.219424
vt 0.342668 0.188688
vt 0.338697 0.229420
vt 0.308571 0.187851
vt 0.305121 0.230182
vt 0.112727 0.073768
vt 0.099755 0.043545
vt 0.138187 0.019030
vt 0.147424 0.052408
vt 0.469744 0.158788
vt 0.471937 0.191314
vt 0.433288 0.129452
vt 0.409494 0.132942
vt 0.388408 0.136888
vt 0.365750 0.141466
vt 0.339509 0.147797
vt 0.324840 0.147969
vt 0.069259 0.077062
vt 0.077176 0.087757
vt 0.116781 0.105728
vt 0.077557 0.114042
vt 0.087445 0.149172
vt 0.115792 0.126135
vt 0.126327 0.161870
vt 0.087546 0.168364
vt 0.130689 0.185494
vt 0.091969 0.189627
vt 0.135619 0.209420
vt 0.098712 0.214557
vt 0.482741 0.110854
vt 0.500773 0.147698
vt 0.456027 0.121647
vt 0.102413 0.238196
vt 0.141006 0.235522
vt 0.160164 0.231552
vt 0.155194 0.245708
vt 0.173455 0.240170
vt 0.165295 0.248190
vt 0.184395 0.243337
vt 0.177164 0.253851
vt 0.182304 0.231156
vt 0.174969 0.220524
vt 0.190325 0.236479
vt 0.192641 0.227401
vt 0.192736 0.218149
vt 0.198468 0.241636
vt 0.196962 0.258440
vt 0.200055 0.227414
vt 0.206205 0.236507
vt 0.159310 0.280692
vt 0.142107 0.263982
vt 0.115663 0.271897
vt 0.161568 0.289102
vt 0.119660 0.300299
vt 0.181418 0.279785
vt 0.172445 0.320452
vt 0.127416 0.332108
vt 0.151076 0.086120
vt 0.153977 0.127439
vt 0.175297 0.124264
vt 0.159299 0.148663
vt 0.164257 0.173152
vt 0.426749 0.100613
vt 0.405070 0.104487
vt 0.441897 0.087882
vt 0.411815 0.070009
vt 0.403921 0.070574
vt 0.401273 0.066404
vt 0.412556 0.061643
vt 0.419414 0.070271
vt 0.425448 0.065641
vt 0.418709 0.078665
vt 0.430395 0.073315
vt 0.428919 0.083803
vt 0.419936 0.089561
vt 0.411297 0.078785
vt 0.403609 0.093227
vt 0.404302 0.078024
vt 0.396526 0.090598
vt 0.393059 0.080482
vt 0.393215 0.071304
vt 0.387696 0.095703
vt 0.384499 0.079438
vt 0.383819 0.070066
vt 0.393556 0.059987
vt 0.415344 0.054467
vt 0.435673 0.061555
vt 0.444656 0.073990
vt 0.459877 0.079095
vt 0.452209 0.065736
vt 0.460254 0.053738
vt 0.467703 0.060470
vt 0.451799 0.037007
vt 0.414517 0.048685
vt 0.402552 0.049659
vt 0.415896 0.024657
vt 0.364141 0.099005
vt 0.378334 0.083406
vt 0.387132 0.056686
vt 0.379125 0.070695
vt 0.037544 0.127540
vt 0.344067 0.092766
vt 0.399455 0.026080
vt 0.401892 0.014298
vt 0.038025 0.155141
vt 0.351490 0.072090
vt 0.338852 0.072227
vt 0.058280 0.192324
vt 0.018396 0.192605
vt 0.359978 0.047494
vt 0.381901 0.022967
vt 0.067008 0.203221
vt 0.067383 0.225579
vt 0.033536 0.225837
vt 0.010740 0.231372
vt 0.405304 0.009086
vt 0.008940 0.266895
vt 0.033963 0.254506
vt 0.065604 0.242220
vt 0.053606 0.266631
vt 0.076815 0.276464
vt 0.077345 0.304098
vt 0.044909 0.274409
vt 0.412755 0.005824
vt 0.424633 0.007981
vt 0.014216 0.279966
vt 0.027056 0.283139
vt 0.021051 0.293750
vt 0.434695 0.013342
vt 0.444091 0.020647
vt 0.053894 0.333741
vt 0.039056 0.318446
vt 0.062186 0.307916
vt 0.058475 0.288106
vt 0.029001 0.306187
vt 0.037298 0.297835
vt 0.509239 0.095949
vt 0.530601 0.134708
vt 0.480949 0.062899
vt 0.081734 0.337079
vt 0.073591 0.345445
vt 0.066481 0.345025
vt 0.502563 0.182138
vt 0.449074 0.222633
vt 0.429456 0.224042
vt 0.424288 0.242029
vt 0.411177 0.254750
vt 0.414878 0.230197
vt 0.426670 0.254279
vt 0.441557 0.238425
vt 0.459503 0.229802
vt 0.443880 0.251539
vt 0.169217 0.196094
vt 0.216527 0.200645
vt 0.213685 0.189346
vt 0.223854 0.215755
vt 0.227296 0.227176
vt 0.197408 0.282138
vt 0.240557 0.258904
vt 0.535930 0.173720
vt 0.212897 0.312749
vt 0.231681 0.273549
vt 0.250970 0.272697
vt 0.262089 0.215105
vt 0.261054 0.289157
vt 0.273702 0.179599
vt 0.534086 0.228790
vt 0.498740 0.232261
vt 0.459870 0.254862
vt 0.467258 0.240423
vt 0.295451 0.226475
vt 0.498081 0.266084
vt 0.538887 0.248538
vt 0.269004 0.272141
vt 0.503955 0.279278
vt 0.520234 0.295557
vt 0.299594 0.182631
vt 0.262913 0.180113
vt 0.245007 0.179777
vt 0.210857 0.174812
vt 0.205640 0.150507
vt 0.226005 0.182113
vt 0.246469 0.161756
vt 0.216019 0.149147
vt 0.200450 0.126271
vt 0.212978 0.138917
vt 0.195594 0.097799
vt 0.216267 0.103957
vt 0.194412 0.067009
vt 0.193324 0.036243
vt 0.193371 0.004721
vt 0.342069 0.276450
vt 0.311176 0.282303
vt 0.369431 0.270459
vt 0.394698 0.262913
vt 0.473496 0.327406
vt 0.511724 0.333194
vt 0.445263 0.268312
vt 0.468186 0.261754
vt 0.446365 0.288605
vt 0.425200 0.267081
vt 0.403787 0.279276
vt 0.429157 0.287893
vt 0.374589 0.292449
vt 0.351546 0.308864
vt 0.355105 0.326830
vt 0.390261 0.304322
vt 0.374814 0.315143
vt 0.405844 0.316961
vt 0.440259 0.318114
vt 0.383275 0.339686
vt 0.429674 0.337735
vt 0.359193 0.336271
vt 0.347571 0.333059
vt 0.330020 0.329249
vt 0.313315 0.319310
vt 0.219067 0.052567
vt 0.237867 0.018304
vt 0.219653 0.060350
vt 0.218437 0.082743
vt 0.231463 0.064691
vt 0.236220 0.074816
vt 0.248167 0.085456
vt 0.231364 0.057701
vt 0.239137 0.047622
vt 0.263703 0.019915
vt 0.271105 0.034636
vt 0.283563 0.020445
vt 0.294728 0.028183
vt 0.309978 0.048597
vt 0.282986 0.065971
vt 0.286001 0.044225
vt 0.270748 0.075003
vt 0.292200 0.103226
vt 0.326864 0.091251
vt 0.261333 0.080987
vt 0.254932 0.084649
vt 0.246734 0.112425
vt 0.256864 0.147254
vt 0.268237 0.126878
vt 0.264056 0.154341
vt 0.281187 0.169701
vt 0.473725 0.348760
vt 0.274251 0.143442
vt 0.314975 0.136964
vt 0.280836 0.114049
vt 0.138889 0.440776
vt 0.055048 0.488512
vt 0.036472 0.474177
vt 0.127955 0.423006
vt 0.022342 0.427038
vt 0.111315 0.381834
vt 0.117900 0.400376
vt 0.024592 0.450002
vt 0.068736 0.509811
vt 0.151131 0.462828
vt 0.150110 0.368045
vt 0.155620 0.385115
vt 0.163009 0.408242
vt 0.169517 0.427017
vt 0.178125 0.450894
vt 0.460153 0.445909
vt 0.432646 0.431212
vt 0.441289 0.413428
vt 0.479768 0.430367
vt 0.447640 0.391063
vt 0.489172 0.401508
vt 0.450950 0.372684
vt 0.484256 0.377611
vt 0.447427 0.467515
vt 0.422298 0.454593
vt 0.206921 0.353358
vt 0.209964 0.371033
vt 0.214290 0.395201
vt 0.384574 0.418046
vt 0.389011 0.398816
vt 0.393548 0.375011
vt 0.251699 0.412590
vt 0.251136 0.391577
vt 0.352017 0.393959
vt 0.350812 0.414683
vt 0.355702 0.349378
vt 0.353635 0.368924
vt 0.250183 0.366401
vt 0.248755 0.346853
vt 0.349218 0.439729
vt 0.252404 0.437766
vt 0.217960 0.414959
vt 0.222046 0.440088
vt 0.396719 0.357373
vt 0.379484 0.442866
vt 0.093838 0.435925
vt 0.087122 0.421979
vt 0.066311 0.451766
vt 0.059382 0.437593
vt 0.317310 0.372657
vt 0.286429 0.371806
vt 0.316949 0.388028
vt 0.286309 0.387193
vt 0.122002 0.513735
vt 0.133631 0.523827
vt 0.109813 0.539525
vt 0.132855 0.556341
vt 0.120756 0.565869
vt 0.088968 0.558998
vt 0.029589 0.538863
vt 0.062102 0.539638
vt 0.045285 0.562681
vt 0.071629 0.551738
vt 0.064758 0.583526
vt 0.051087 0.590611
vt 0.967401 0.248852
vt 0.952774 0.247928
vt 0.953391 0.202758
vt 0.968739 0.203421
vt 0.952359 0.161719
vt 0.967139 0.161828
vt 0.962608 0.935750
vt 0.949159 0.935803
vt 0.949376 0.887427
vt 0.962798 0.887293
vt 0.951101 0.834656
vt 0.965969 0.834004
vt 0.950822 0.783754
vt 0.965330 0.783832
vt 0.951587 0.732290
vt 0.966088 0.733415
vt 0.951624 0.684657
vt 0.966169 0.685241
vt 0.951560 0.640121
vt 0.965825 0.640300
vt 0.951651 0.595282
vt 0.966465 0.594816
vt 0.951488 0.547804
vt 0.965969 0.547314
vt 0.952078 0.499025
vt 0.966884 0.499136
vt 0.952693 0.449498
vt 0.966691 0.449603
vt 0.952402 0.399809
vt 0.967580 0.399574
vt 0.985211 0.249988
vt 0.985211 0.203828
vt 0.985211 0.161611
vt 0.985211 0.935801
vt 0.985211 0.884765
vt 0.985211 0.833201
vt 0.985211 0.784032
vt 0.985211 0.734240
vt 0.985211 0.685547
vt 0.985211 0.640122
vt 0.985211 0.594566
vt 0.985211 0.547038
vt 0.985211 0.499264
vt 0.985211 0.449839
vt 0.985211 0.399583
vt 0.896892 0.254794
vt 0.896741 0.210487
vt 0.896724 0.167742
vt 0.896329 0.936954
vt 0.896761 0.885740
vt 0.897401 0.834354
vt 0.897678 0.779131
vt 0.897059 0.728544
vt 0.896465 0.679121
vt 0.896253 0.634138
vt 0.896292 0.589461
vt 0.895954 0.542351
vt 0.896203 0.494372
vt 0.896252 0.446294
vt 0.895952 0.398196
vt 0.896434 0.301304
vt 0.951516 0.296380
vt 0.966494 0.297956
vt 0.985211 0.298257
vt 0.963363 0.321019
vt 0.985211 0.348322
vt 0.965231 0.349779
vt 0.951707 0.350467
vt 0.952710 0.334069
vt 0.895927 0.349668
vt 0.985211 0.121270
vt 0.966796 0.121126
vt 0.951000 0.121494
vt 0.895782 0.126271
vt 0.967815 0.107122
vt 0.952524 0.100826
vt 0.895213 0.078753
vt 0.948990 0.076516
vt 0.894471 0.984524
vt 0.947801 0.984524
vt 0.949776 0.059838
vt 0.896757 0.031964
vt 0.949507 0.031964
vt 0.963285 0.984524
vt 0.985211 0.984524
vt 0.964099 0.076609
vt 0.985211 0.077190
vt 0.961213 0.050094
vt 0.964567 0.031964
vt 0.985211 0.031964
vt 0.885315 0.301807
vt 0.885863 0.349447
vt 0.884747 0.397756
vt 0.858371 0.398208
vt 0.858371 0.349523
vt 0.858371 0.301532
vt 0.882922 0.125576
vt 0.885275 0.168203
vt 0.885606 0.211037
vt 0.858371 0.210527
vt 0.858371 0.168760
vt 0.858371 0.126107
vt 0.885500 0.885785
vt 0.885155 0.936336
vt 0.883490 0.984524
vt 0.858371 0.984524
vt 0.858371 0.936285
vt 0.858371 0.886105
vt 0.886620 0.729273
vt 0.887430 0.779264
vt 0.884523 0.679852
vt 0.858371 0.781357
vt 0.858371 0.728102
vt 0.858371 0.678965
vt 0.884164 0.542154
vt 0.884143 0.589072
vt 0.885250 0.494483
vt 0.858371 0.590254
vt 0.858371 0.543389
vt 0.858371 0.495133
vt 0.885662 0.255310
vt 0.858371 0.254607
vt 0.885423 0.834372
vt 0.858371 0.837066
vt 0.885518 0.446229
vt 0.858371 0.446883
vt 0.885847 0.077852
vt 0.884839 0.031964
vt 0.858371 0.078935
vt 0.858371 0.031964
vt 0.883323 0.634219
vt 0.858371 0.634654
vt 0.442180 0.167279
vt 0.442456 0.200052
vt 0.415983 0.204833
vt 0.415845 0.171578
vt 0.373538 0.180490
vt 0.395353 0.175674
vt 0.396568 0.208995
vt 0.371859 0.219424
vt 0.342668 0.188688
vt 0.338697 0.229420
vt 0.308571 0.187851
vt 0.305121 0.230182
vt 0.112727 0.073768
vt 0.099755 0.043545
vt 0.138187 0.019030
vt 0.147424 0.052408
vt 0.469744 0.158788
vt 0.471937 0.191314
vt 0.433288 0.129452
vt 0.409494 0.132942
vt 0.388408 0.136888
vt 0.365750 0.141466
vt 0.339509 0.147797
vt 0.324840 0.147969
vt 0.069259 0.077062
vt 0.077176 0.087757
vt 0.116781 0.105728
vt 0.077557 0.114042
vt 0.087445 0.149172
vt 0.115792 0.126135
vt 0.126327 0.161870
vt 0.087546 0.168364
vt 0.130689 0.185494
vt 0.091969 0.189627
vt 0.135619 0.209420
vt 0.098712 0.214557
vt 0.482741 0.110854
vt 0.500773 0.147698
vt 0.456027 0.121647
vt 0.102413 0.238196
vt 0.141006 0.235522
vt 0.160164 0.231552
vt 0.155194 0.245708
vt 0.173455 0.240170
vt 0.165295 0.248190
vt 0.184395 0.243337
vt 0.177164 0.253851
vt 0.182304 0.231156
vt 0.174969 0.220524
vt 0.190325 0.236479
vt 0.192641 0.227401
vt 0.192736 0.218149
vt 0.198468 0.241636
vt 0.196962 0.258440
vt 0.200055 0.227414
vt 0.206205 0.236507
vt 0.159310 0.280692
vt 0.142107 0.263982
vt 0.115663 0.271897
vt 0.161568 0.289102
vt 0.119660 0.300299
vt 0.181418 0.279785
vt 0.172445 0.320452
vt 0.127416 0.332108
vt 0.151076 0.086120
vt 0.153977 0.127439
vt 0.175297 0.124264
vt 0.159299 0.148663
vt 0.164257 0.173152
vt 0.426749 0.100613
vt 0.405070 0.104487
vt 0.441897 0.087882
vt 0.411815 0.070009
vt 0.403921 0.070574
vt 0.401273 0.066404
vt 0.412556 0.061643
vt 0.419414 0.070271
vt 0.425448 0.065641
vt 0.418709 0.078665
vt 0.430395 0.073315
vt 0.428919 0.083803
vt 0.419936 0.089561
vt 0.411297 0.078785
vt 0.403609 0.093227
vt 0.404302 0.078024
vt 0.396526 0.090598
vt 0.393059 0.080482
vt 0.393215 0.071304
vt 0.387696 0.095703
vt 0.384499 0.079438
vt 0.383819 0.070066
vt 0.393556 0.059987
vt 0.415344 0.054467
vt 0.435673 0.061555
vt 0.444656 0.073990
vt 0.459877 0.079095
vt 0.452209 0.065736
vt 0.460254 0.053738
vt 0.467703 0.060470
vt 0.451799 0.037007
vt 0.414517 0.048685
vt 0.402552 0.049659
vt 0.415896 0.024657
vt 0.364141 0.099005
vt 0.378334 0.083406
vt 0.387132 0.056686
vt 0.379125 0.070695
vt 0.037544 0.127540
vt 0.344067 0.092766
vt 0.399455 0.026080
vt 0.401892 0.014298
vt 0.038025 0.155141
vt 0.351490 0.072090
vt 0.338852 0.072227
vt 0.058280 0.192324
vt 0.018396 0.192605
vt 0.359978 0.047494
vt 0.381901 0.022967
vt 0.067008 0.203221
vt 0.067383 0.225579
vt 0.033536 0.225837
vt 0.010740 0.231372
vt 0.405304 0.009086
vt 0.008940 0.266895
vt 0.033963 0.254506
vt 0.065604 0.242220
vt 0.053606 0.266631
vt 0.076815 0.276464
vt 0.077345 0.304098
vt 0.044909 0.274409
vt 0.412755 0.005824
vt 0.424633 0.007981
vt 0.014216 0.279966
vt 0.027056 0.283139
vt 0.021051 0.293750
vt 0.434695 0.013342
vt 0.444091 0.020647
vt 0.053894 0.333741
vt 0.039056 0.318446
vt 0.062186 0.307916
vt 0.058475 0.288106
vt 0.029001 0.306187
vt 0.037298 0.297835
vt 0.509239 0.095949
vt 0.530601 0.134708
vt 0.480949 0.062899
vt 0.081734 0.337079
vt 0.073591 0.345445
vt 0.066481 0.345025
vt 0.502563 0.182138
vt 0.449074 0.222633
vt 0.429456 0.224042
vt 0.424288 0.242029
vt 0.411177 0.254750
vt 0.414878 0.230197
vt 0.426670 0.254279
vt 0.441557 0.238425
vt 0.459503 0.229802
vt 0.443880 0.251539
vt 0.169217 0.196094
vt 0.216527 0.200645
vt 0.213685 0.189346
vt 0.223854 0.215755
vt 0.227296 0.227176
vt 0.197408 0.282138
vt 0.240557 0.258904
vt 0.535930 0.173720
vt 0.212897 0.312749
vt 0.231681 0.273549
vt 0.250970 0.272697
vt 0.262089 0.215105
vt 0.261054 0.289157
vt 0.273702 0.179599
vt 0.534086 0.228790
vt 0.498740 0.232261
vt 0.459870 0.254862
vt 0.467258 0.240423
vt 0.295451 0.226475
vt 0.498081 0.266084
vt 0.538887 0.248538
vt 0.269004 0.272141
vt 0.503955 0.279278
vt 0.520234 0.295557
vt 0.299594 0.182631
vt 0.262913 0.180113
vt 0.245007 0.179777
vt 0.210857 0.174812
vt 0.205640 0.150507
vt 0.226005 0.182113
vt 0.246469 0.161756
vt 0.216019 0.149147
vt 0.200450 0.126271
vt 0.212978 0.138917
vt 0.195594 0.097799
vt 0.216267 0.103957
vt 0.194412 0.067009
vt 0.193324 0.036243
vt 0.193371 0.004721
vt 0.342069 0.276450
vt 0.311176 0.282303
vt 0.369431 0.270459
vt 0.394698 0.262913
vt 0.473496 0.327406
vt 0.511724 0.333194
vt 0.445263 0.268312
vt 0.468186 0.261754
vt 0.446365 0.288605
vt 0.425200 0.267081
vt 0.403787 0.279276
vt 0.429157 0.287893
vt 0.374589 0.292449
vt 0.351546 0.308864
vt 0.355105 0.326830
vt 0.390261 0.304322
vt 0.374814 0.315143
vt 0.405844 0.316961
vt 0.440259 0.318114
vt 0.383275 0.339686
vt 0.429674 0.337735
vt 0.359193 0.336271
vt 0.347571 0.333059
vt 0.330020 0.329249
vt 0.313315 0.319310
vt 0.219067 0.052567
vt 0.237867 0.018304
vt 0.219653 0.060350
vt 0.218437 0.082743
vt 0.231463 0.064691
vt 0.236220 0.074816
vt 0.248167 0.085456
vt 0.231364 0.057701
vt 0.239137 0.047622
vt 0.263703 0.019915
vt 0.271105 0.034636
vt 0.283563 0.020445
vt 0.294728 0.028183
vt 0.309978 0.048597
vt 0.282986 0.065971
vt 0.286001 0.044225
vt 0.270748 0.075003
vt 0.292200 0.103226
vt 0.326864 0.091251
vt 0.261333 0.080987
vt 0.254932 0.084649
vt 0.246734 0.112425
vt 0.256864 0.147254
vt 0.268237 0.126878
vt 0.264056 0.154341
vt 0.281187 0.169701
vt 0.473725 0.348760
vt 0.274251 0.143442
vt 0.314975 0.136964
vt 0.280836 0.114049
vt 0.967401 0.248852
vt 0.952774 0.247928
vt 0.953391 0.202758
vt 0.968739 0.203421
vt 0.952359 0.161719
vt 0.967139 0.161828
vt 0.962608 0.935750
vt 0.949159 0.935803
vt 0.949376 0.887427
vt 0.962798 0.887293
vt 0.951101 0.834656
vt 0.965969 0.834004
vt 0.950822 0.783754
vt 0.965330 0.783832
vt 0.951587 0.732290
vt 0.966088 0.733415
vt 0.951624 0.684657
vt 0.966169 0.685241
vt 0.951560 0.640121
vt 0.965825 0.640300
vt 0.951651 0.595282
vt 0.966465 0.594816
vt 0.951488 0.547804
vt 0.965969 0.547314
vt 0.952078 0.499025
vt 0.966884 0.499136
vt 0.952693 0.449498
vt 0.966691 0.449603
vt 0.952402 0.399809
vt 0.967580 0.399574
vt 0.985211 0.249988
vt 0.985211 0.203828
vt 0.985211 0.161611
vt 0.985211 0.935801
vt 0.985211 0.884765
vt 0.985211 0.833201
vt 0.985211 0.784032
vt 0.985211 0.734240
vt 0.985211 0.685547
vt 0.985211 0.640122
vt 0.985211 0.594566
vt 0.985211 0.547038
vt 0.985211 0.499264
vt 0.985211 0.449839
vt 0.985211 0.399583
vt 0.896892 0.254794
vt 0.896741 0.210487
vt 0.896724 0.167742
vt 0.896329 0.936954
vt 0.896761 0.885740
vt 0.897401 0.834354
vt 0.897678 0.779131
vt 0.897059 0.728544
vt 0.896465 0.679121
vt 0.896253 0.634138
vt 0.896292 0.589461
vt 0.895954 0.542351
vt 0.896203 0.494372
vt 0.896252 0.446294
vt 0.895952 0.398196
vt 0.896434 0.301304
vt 0.951516 0.296380
vt 0.966494 0.297956
vt 0.985211 0.298257
vt 0.963363 0.321019
vt 0.985211 0.348322
vt 0.965231 0.349779
vt 0.951707 0.350467
vt 0.952710 0.334069
vt 0.895927 0.349668
vt 0.985211 0.121270
vt 0.966796 0.121126
vt 0.951000 0.121494
vt 0.895782 0.126271
vt 0.967815 0.107122
vt 0.952524 0.100826
vt 0.895213 0.078753
vt 0.948990 0.076516
vt 0.894471 0.984524
vt 0.947801 0.984524
vt 0.949776 0.059838
vt 0.896757 0.031964
vt 0.949507 0.031964
vt 0.963285 0.984524
vt 0.985211 0.984524
vt 0.964099 0.076609
vt 0.985211 0.077190
vt 0.961213 0.050094
vt 0.964567 0.031964
vt 0.985211 0.031964
vt 0.885315 0.301807
vt 0.885863 0.349447
vt 0.884747 0.397756
vt 0.858371 0.398208
vt 0.858371 0.349523
vt 0.858371 0.301532
vt 0.882922 0.125576
vt 0.885275 0.168203
vt 0.885606 0.211037
vt 0.858371 0.210527
vt 0.858371 0.168760
vt 0.858371 0.126107
vt 0.885500 0.885785
vt 0.885155 0.936336
vt 0.883490 0.984524
vt 0.858371 0.984524
vt 0.858371 0.936285
vt 0.858371 0.886105
vt 0.886620 0.729273
vt 0.887430 0.779264
vt 0.884523 0.679852
vt 0.858371 0.781357
vt 0.858371 0.728102
vt 0.858371 0.678965
vt 0.884164 0.542154
vt 0.884143 0.589072
vt 0.885250 0.494483
vt 0.858371 0.590254
vt 0.858371 0.543389
vt 0.858371 0.495133
vt 0.885662 0.255310
vt 0.858371 0.254607
vt 0.885423 0.834372
vt 0.858371 0.837066
vt 0.885518 0.446229
vt 0.858371 0.446883
vt 0.885847 0.077852
vt 0.884839 0.031964
vt 0.858371 0.078935
vt 0.858371 0.031964
vt 0.883323 0.634219
vt 0.858371 0.634654
vt 0.442180 0.167279
vt 0.442456 0.200052
vt 0.415983 0.204833
vt 0.415845 0.171578
vt 0.373538 0.180490
vt 0.395353 0.175674
vt 0.396568 0.208995
vt 0.371859 0.219424
vt 0.342668 0.188688
vt 0.338697 0.229420
vt 0.308571 0.187851
vt 0.305121 0.230182
vt 0.112727 0.073768
vt 0.099755 0.043545
vt 0.138187 0.019030
vt 0.147424 0.052408
vt 0.469744 0.158788
vt 0.471937 0.191314
vt 0.433288 0.129452
vt 0.409494 0.132942
vt 0.388408 0.136888
vt 0.365750 0.141466
vt 0.339509 0.147797
vt 0.324840 0.147969
vt 0.069259 0.077062
vt 0.077176 0.087757
vt 0.116781 0.105728
vt 0.077557 0.114042
vt 0.087445 0.149172
vt 0.115792 0.126135
vt 0.126327 0.161870
vt 0.087546 0.168364
vt 0.130689 0.185494
vt 0.091969 0.189627
vt 0.135619 0.209420
vt 0.098712 0.214557
vt 0.482741 0.110854
vt 0.500773 0.147698
vt 0.456027 0.121647
vt 0.102413 0.238196
vt 0.141006 0.235522
vt 0.160164 0.231552
vt 0.155194 0.245708
vt 0.173455 0.240170
vt 0.165295 0.248190
vt 0.184395 0.243337
vt 0.177164 0.253851
vt 0.182304 0.231156
vt 0.174969 0.220524
vt 0.190325 0.236479
vt 0.192641 0.227401
vt 0.192736 0.218149
vt 0.198468 0.241636
vt 0.196962 0.258440
vt 0.200055 0.227414
vt 0.206205 0.236507
vt 0.159310 0.280692
vt 0.142107 0.263982
vt 0.115663 0.271897
vt 0.161568 0.289102
vt 0.119660 0.300299
vt 0.181418 0.279785
vt 0.172445 0.320452
vt 0.127416 0.332108
vt 0.151076 0.086120
vt 0.153977 0.127439
vt 0.175297 0.124264
vt 0.159299 0.148663
vt 0.164257 0.173152
vt 0.426749 0.100613
vt 0.405070 0.104487
vt 0.441897 0.087882
vt 0.411815 0.070009
vt 0.403921 0.070574
vt 0.401273 0.066404
vt 0.412556 0.061643
vt 0.419414 0.070271
vt 0.425448 0.065641
vt 0.418709 0.078665
vt 0.430395 0.073315
vt 0.428919 0.083803
vt 0.419936 0.089561
vt 0.411297 0.078785
vt 0.403609 0.093227
vt 0.404302 0.078024
vt 0.396526 0.090598
vt 0.393059 0.080482
vt 0.393215 0.071304
vt 0.387696 0.095703
vt 0.384499 0.079438
vt 0.383819 0.070066
vt 0.393556 0.059987
vt 0.415344 0.054467
vt 0.435673 0.061555
vt 0.444656 0.073990
vt 0.459877 0.079095
vt 0.452209 0.065736
vt 0.460254 0.053738
vt 0.467703 0.060470
vt 0.451799 0.037007
vt 0.414517 0.048685
vt 0.402552 0.049659
vt 0.415896 0.024657
vt 0.364141 0.099005
vt 0.378334 0.083406
vt 0.387132 0.056686
vt 0.379125 0.070695
vt 0.037544 0.127540
vt 0.344067 0.092766
vt 0.399455 0.026080
vt 0.401892 0.014298
vt 0.038025 0.155141
vt 0.351490 0.072090
vt 0.338852 0.072227
vt 0.058280 0.192324
vt 0.018396 0.192605
vt 0.359978 0.047494
vt 0.381901 0.022967
vt 0.067008 0.203221
vt 0.067383 0.225579
vt 0.033536 0.225837
vt 0.010740 0.231372
vt 0.405304 0.009086
vt 0.008940 0.266895
vt 0.033963 0.254506
vt 0.065604 0.242220
vt 0.053606 0.266631
vt 0.076815 0.276464
vt 0.077345 0.304098
vt 0.044909 0.274409
vt 0.412755 0.005824
vt 0.424633 0.007981
vt 0.014216 0.279966
vt 0.027056 0.283139
vt 0.021051 0.293750
vt 0.434695 0.013342
vt 0.444091 0.020647
vt 0.053894 0.333741
vt 0.039056 0.318446
vt 0.062186 0.307916
vt 0.058475 0.288106
vt 0.029001 0.306187
vt 0.037298 0.297835
vt 0.509239 0.095949
vt 0.530601 0.134708
vt 0.480949 0.062899
vt 0.081734 0.337079
vt 0.073591 0.345445
vt 0.066481 0.345025
vt 0.502563 0.182138
vt 0.449074 0.222633
vt 0.429456 0.224042
vt 0.424288 0.242029
vt 0.411177 0.254750
vt 0.414878 0.230197
vt 0.426670 0.254279
vt 0.441557 0.238425
vt 0.459503 0.229802
vt 0.443880 0.251539
vt 0.169217 0.196094
vt 0.216527 0.200645
vt 0.213685 0.189346
vt 0.223854 0.215755
vt 0.227296 0.227176
vt 0.197408 0.282138
vt 0.240557 0.258904
vt 0.535930 0.173720
vt 0.212897 0.312749
vt 0.231681 0.273549
vt 0.250970 0.272697
vt 0.262089 0.215105
vt 0.261054 0.289157
vt 0.273702 0.179599
vt 0.534086 0.228790
vt 0.498740 0.232261
vt 0.459870 0.254862
vt 0.467258 0.240423
vt 0.295451 0.226475
vt 0.498081 0.266084
vt 0.538887 0.248538
vt 0.269004 0.272141
vt 0.503955 0.279278
vt 0.520234 0.295557
vt 0.299594 0.182631
vt 0.262913 0.180113
vt 0.245007 0.179777
vt 0.210857 0.174812
vt 0.205640 0.150507
vt 0.226005 0.182113
vt 0.246469 0.161756
vt 0.216019 0.149147
vt 0.200450 0.126271
vt 0.212978 0.138917
vt 0.195594 0.097799
vt 0.216267 0.103957
vt 0.194412 0.067009
vt 0.193324 0.036243
vt 0.193371 0.004721
vt 0.342069 0.276450
vt 0.311176 0.282303
vt 0.369431 0.270459
vt 0.394698 0.262913
vt 0.473496 0.327406
vt 0.511724 0.333194
vt 0.445263 0.268312
vt 0.468186 0.261754
vt 0.446365 0.288605
vt 0.425200 0.267081
vt 0.403787 0.279276
vt 0.429157 0.287893
vt 0.374589 0.292449
vt 0.351546 0.308864
vt 0.355105 0.326830
vt 0.390261 0.304322
vt 0.374814 0.315143
vt 0.405844 0.316961
vt 0.440259 0.318114
vt 0.383275 0.339686
vt 0.429674 0.337735
vt 0.359193 0.336271
vt 0.347571 0.333059
vt 0.330020 0.329249
vt 0.313315 0.319310
vt 0.219067 0.052567
vt 0.237867 0.018304
vt 0.219653 0.060350
vt 0.218437 0.082743
vt 0.231463 0.064691
vt 0.236220 0.074816
vt 0.248167 0.085456
vt 0.231364 0.057701
vt 0.239137 0.047622
vt 0.263703 0.019915
vt 0.271105 0.034636
vt 0.283563 0.020445
vt 0.294728 0.028183
vt 0.309978 0.048597
vt 0.282986 0.065971
vt 0.286001 0.044225
vt 0.270748 0.075003
vt 0.292200 0.103226
vt 0.326864 0.091251
vt 0.261333 0.080987
vt 0.254932 0.084649
vt 0.246734 0.112425
vt 0.256864 0.147254
vt 0.268237 0.126878
vt 0.264056 0.154341
vt 0.281187 0.169701
vt 0.473725 0.348760
vt 0.274251 0.143442
vt 0.314975 0.136964
vt 0.280836 0.114049
vt 0.138889 0.440776
vt 0.055048 0.488512
vt 0.036472 0.474177
vt 0.127955 0.423006
vt 0.022342 0.427038
vt 0.111315 0.381834
vt 0.117900 0.400376
vt 0.024592 0.450002
vt 0.068736 0.509811
vt 0.151131 0.462828
vt 0.150110 0.368045
vt 0.155620 0.385115
vt 0.163009 0.408242
vt 0.169517 0.427017
vt 0.178125 0.450894
vt 0.460153 0.445909
vt 0.432646 0.431212
vt 0.441289 0.413428
vt 0.479768 0.430367
vt 0.447640 0.391063
vt 0.489172 0.401508
vt 0.450950 0.372684
vt 0.484256 0.377611
vt 0.447427 0.467515
vt 0.422298 0.454593
vt 0.206921 0.353358
vt 0.209964 0.371033
vt 0.214290 0.395201
vt 0.384574 0.418046
vt 0.389011 0.398816
vt 0.393548 0.375011
vt 0.251699 0.412590
vt 0.251136 0.391577
vt 0.352017 0.393959
vt 0.350812 0.414683
vt 0.355702 0.349378
vt 0.353635 0.368924
vt 0.250183 0.366401
vt 0.248755 0.346853
vt 0.349218 0.439729
vt 0.252404 0.437766
vt 0.217960 0.414959
vt 0.222046 0.440088
vt 0.396719 0.357373
vt 0.379484 0.442866
vt 0.093838 0.435925
vt 0.087122 0.421979
vt 0.066311 0.451766
vt 0.059382 0.437593
vt 0.317310 0.372657
vt 0.286429 0.371806
vt 0.316949 0.388028
vt 0.286309 0.387193
vt 0.122002 0.513735
vt 0.133631 0.523827
vt 0.109813 0.539525
vt 0.132855 0.556341
vt 0.120756 0.565869
vt 0.088968 0.558998
vt 0.029589 0.538863
vt 0.062102 0.539638
vt 0.045285 0.562681
vt 0.071629 0.551738
vt 0.064758 0.583526
vt 0.051087 0.590611
vt 0.138889 0.440776
vt 0.055048 0.488512
vt 0.036472 0.474177
vt 0.127955 0.423006
vt 0.022342 0.427038
vt 0.111315 0.381834
vt 0.117900 0.400376
vt 0.024592 0.450002
vt 0.068736 0.509811
vt 0.151131 0.462828
vt 0.150110 0.368045
vt 0.155620 0.385115
vt 0.163009 0.408242
vt 0.169517 0.427017
vt 0.178125 0.450894
vt 0.460153 0.445909
vt 0.432646 0.431212
vt 0.441289 0.413428
vt 0.479768 0.430367
vt 0.447640 0.391063
vt 0.489172 0.401508
vt 0.450950 0.372684
vt 0.484256 0.377611
vt 0.447427 0.467515
vt 0.422298 0.454593
vt 0.206921 0.353358
vt 0.209964 0.371033
vt 0.214290 0.395201
vt 0.384574 0.418046
vt 0.389011 0.398816
vt 0.393548 0.375011
vt 0.251699 0.412590
vt 0.251136 0.391577
vt 0.352017 0.393959
vt 0.350812 0.414683
vt 0.355702 0.349378
vt 0.353635 0.368924
vt 0.250183 0.366401
vt 0.248755 0.346853
vt 0.349218 0.439729
vt 0.252404 0.437766
vt 0.217960 0.414959
vt 0.222046 0.440088
vt 0.396719 0.357373
vt 0.379484 0.442866
vt 0.093838 0.435925
vt 0.087122 0.421979
vt 0.066311 0.451766
vt 0.059382 0.437593
vt 0.317310 0.372657
vt 0.286429 0.371806
vt 0.316949 0.388028
vt 0.286309 0.387193
vt 0.122002 0.513735
vt 0.133631 0.523827
vt 0.109813 0.539525
vt 0.132855 0.556341
vt 0.120756 0.565869
vt 0.088968 0.558998
vt 0.029589 0.538863
vt 0.062102 0.539638
vt 0.045285 0.562681
vt 0.071629 0.551738
vt 0.064758 0.583526
vt 0.051087 0.590611
vt 0.138889 0.440776
vt 0.055048 0.488512
vt 0.036472 0.474177
vt 0.127955 0.423006
vt 0.022342 0.427038
vt 0.111315 0.381834
vt 0.117900 0.400376
vt 0.024592 0.450002
vt 0.068736 0.509811
vt 0.151131 0.462828
vt 0.150110 0.368045
vt 0.155620 0.385115
vt 0.163009 0.408242
vt 0.169517 0.427017
vt 0.178125 0.450894
vt 0.460153 0.445909
vt 0.432646 0.431212
vt 0.441289 0.413428
vt 0.479768 0.430367
vt 0.447640 0.391063
vt 0.489172 0.401508
vt 0.450950 0.372684
vt 0.484256 0.377611
vt 0.447427 0.467515
vt 0.422298 0.454593
vt 0.206921 0.353358
vt 0.209964 0.371033
vt 0.214290 0.395201
vt 0.384574 0.418046
vt 0.389011 0.398816
vt 0.393548 0.375011
vt 0.251699 0.412590
vt 0.251136 0.391577
vt 0.352017 0.393959
vt 0.350812 0.414683
vt 0.355702 0.349378
vt 0.353635 0.368924
vt 0.250183 0.366401
vt 0.248755 0.346853
vt 0.349218 0.439729
vt 0.252404 0.437766
vt 0.217960 0.414959
vt 0.222046 0.440088
vt 0.396719 0.357373
vt 0.379484 0.442866
vt 0.093838 0.435925
vt 0.087122 0.421979
vt 0.066311 0.451766
vt 0.059382 0.437593
vt 0.317310 0.372657
vt 0.286429 0.371806
vt 0.316949 0.388028
vt 0.286309 0.387193
vt 0.122002 0.513735
vt 0.133631 0.523827
vt 0.109813 0.539525
vt 0.132855 0.556341
vt 0.120756 0.565869
vt 0.088968 0.558998
vt 0.029589 0.538863
vt 0.062102 0.539638
vt 0.045285 0.562681
vt 0.071629 0.551738
vt 0.064758 0.583526
vt 0.051087 0.590611
vt 0.138889 0.440776
vt 0.055048 0.488512
vt 0.036472 0.474177
vt 0.127955 0.423006
vt 0.022342 0.427038
vt 0.111315 0.381834
vt 0.117900 0.400376
vt 0.024592 0.450002
vt 0.068736 0.509811
vt 0.151131 0.462828
vt 0.150110 0.368045
vt 0.155620 0.385115
vt 0.163009 0.408242
vt 0.169517 0.427017
vt 0.178125 0.450894
vt 0.460153 0.445909
vt 0.432646 0.431212
vt 0.441289 0.413428
vt 0.479768 0.430367
vt 0.447640 0.391063
vt 0.489172 0.401508
vt 0.450950 0.372684
vt 0.484256 0.377611
vt 0.447427 0.467515
vt 0.422298 0.454593
vt 0.206921 0.353358
vt 0.209964 0.371033
vt 0.214290 0.395201
vt 0.384574 0.418046
vt 0.389011 0.398816
vt 0.393548 0.375011
vt 0.251699 0.412590
vt 0.251136 0.391577
vt 0.352017 0.393959
vt 0.350812 0.414683
vt 0.355702 0.349378
vt 0.353635 0.368924
vt 0.250183 0.366401
vt 0.248755 0.346853
vt 0.349218 0.439729
vt 0.252404 0.437766
vt 0.217960 0.414959
vt 0.222046 0.440088
vt 0.396719 0.357373
vt 0.379484 0.442866
vt 0.093838 0.435925
vt 0.087122 0.421979
vt 0.066311 0.451766
vt 0.059382 0.437593
vt 0.317310 0.372657
vt 0.286429 0.371806
vt 0.316949 0.388028
vt 0.286309 0.387193
vt 0.122002 0.513735
vt 0.133631 0.523827
vt 0.109813 0.539525
vt 0.132855 0.556341
vt 0.120756 0.565869
vt 0.088968 0.558998
vt 0.029589 0.538863
vt 0.062102 0.539638
vt 0.045285 0.562681
vt 0.071629 0.551738
vt 0.064758 0.583526
vt 0.051087 0.590611
vt 0.138889 0.440776
vt 0.055048 0.488512
vt 0.036472 0.474177
vt 0.127955 0.423006
vt 0.022342 0.427038
vt 0.111315 0.381834
vt 0.117900 0.400376
vt 0.024592 0.450002
vt 0.068736 0.509811
vt 0.151131 0.462828
vt 0.150110 0.368045
vt 0.155620 0.385115
vt 0.163009 0.408242
vt 0.169517 0.427017
vt 0.178125 0.450894
vt 0.460153 0.445909
vt 0.432646 0.431212
vt 0.441289 0.413428
vt 0.479768 0.430367
vt 0.447640 0.391063
vt 0.489172 0.401508
vt 0.450950 0.372684
vt 0.484256 0.377611
vt 0.447427 0.467515
vt 0.422298 0.454593
vt 0.206921 0.353358
vt 0.209964 0.371033
vt 0.214290 0.395201
vt 0.384574 0.418046
vt 0.389011 0.398816
vt 0.393548 0.375011
vt 0.251699 0.412590
vt 0.251136 0.391577
vt 0.352017 0.393959
vt 0.350812 0.414683
vt 0.355702 0.349378
vt 0.353635 0.368924
vt 0.250183 0.366401
vt 0.248755 0.346853
vt 0.349218 0.439729
vt 0.252404 0.437766
vt 0.217960 0.414959
vt 0.222046 0.440088
vt 0.396719 0.357373
vt 0.379484 0.442866
vt 0.093838 0.435925
vt 0.087122 0.421979
vt 0.066311 0.451766
vt 0.059382 0.437593
vt 0.317310 0.372657
vt 0.286429 0.371806
vt 0.316949 0.388028
vt 0.286309 0.387193
vt 0.122002 0.513735
vt 0.133631 0.523827
vt 0.109813 0.539525
vt 0.132855 0.556341
vt 0.120756 0.565869
vt 0.088968 0.558998
vt 0.029589 0.538863
vt 0.062102 0.539638
vt 0.045285 0.562681
vt 0.071629 0.551738
vt 0.064758 0.583526
vt 0.051087 0.590611
vt 0.138889 0.440776
vt 0.055048 0.488512
vt 0.036472 0.474177
vt 0.127955 0.423006
vt 0.022342 0.427038
vt 0.111315 0.381834
vt 0.117900 0.400376
vt 0.024592 0.450002
vt 0.068736 0.509811
vt 0.151131 0.462828
vt 0.150110 0.368045
vt 0.155620 0.385115
vt 0.163009 0.408242
vt 0.169517 0.427017
vt 0.178125 0.450894
vt 0.460153 0.445909
vt 0.432646 0.431212
vt 0.441289 0.413428
vt 0.479768 0.430367
vt 0.447640 0.391063
vt 0.489172 0.401508
vt 0.450950 0.372684
vt 0.484256 0.377611
vt 0.447427 0.467515
vt 0.422298 0.454593
vt 0.206921 0.353358
vt 0.209964 0.371033
vt 0.214290 0.395201
vt 0.384574 0.418046
vt 0.389011 0.398816
vt 0.393548 0.375011
vt 0.251699 0.412590
vt 0.251136 0.391577
vt 0.352017 0.393959
vt 0.350812 0.414683
vt 0.355702 0.349378
vt 0.353635 0.368924
vt 0.250183 0.366401
vt 0.248755 0.346853
vt 0.349218 0.439729
vt 0.252404 0.437766
vt 0.217960 0.414959
vt 0.222046 0.440088
vt 0.396719 0.357373
vt 0.379484 0.442866
vt 0.093838 0.435925
vt 0.087122 0.421979
vt 0.066311 0.451766
vt 0.059382 0.437593
vt 0.317310 0.372657
vt 0.286429 0.371806
vt 0.316949 0.388028
vt 0.286309 0.387193
vt 0.122002 0.513735
vt 0.133631 0.523827
vt 0.109813 0.539525
vt 0.132855 0.556341
vt 0.120756 0.565869
vt 0.088968 0.558998
vt 0.029589 0.538863
vt 0.062102 0.539638
vt 0.045285 0.562681
vt 0.071629 0.551738
vt 0.064758 0.583526
vt 0.051087 0.590611
vt 0.138889 0.440776
vt 0.055048 0.488512
vt 0.036472 0.474177
vt 0.127955 0.423006
vt 0.022342 0.427038
vt 0.111315 0.381834
vt 0.117900 0.400376
vt 0.024592 0.450002
vt 0.068736 0.509811
vt 0.151131 0.462828
vt 0.150110 0.368045
vt 0.155620 0.385115
vt 0.163009 0.408242
vt 0.169517 0.427017
vt 0.178125 0.450894
vt 0.460153 0.445909
vt 0.432646 0.431212
vt 0.441289 0.413428
vt 0.479768 0.430367
vt 0.447640 0.391063
vt 0.489172 0.401508
vt 0.450950 0.372684
vt 0.484256 0.377611
vt 0.447427 0.467515
vt 0.422298 0.454593
vt 0.206921 0.353358
vt 0.209964 0.371033
vt 0.214290 0.395201
vt 0.384574 0.418046
vt 0.389011 0.398816
vt 0.393548 0.375011
vt 0.251699 0.412590
vt 0.251136 0.391577
vt 0.352017 0.393959
vt 0.350812 0.414683
vt 0.355702 0.349378
vt 0.353635 0.368924
vt 0.250183 0.366401
vt 0.248755 0.346853
vt 0.349218 0.439729
vt 0.252404 0.437766
vt 0.217960 0.414959
vt 0.222046 0.440088
vt 0.396719 0.357373
vt 0.379484 0.442866
vt 0.093838 0.435925
vt 0.087122 0.421979
vt 0.066311 0.451766
vt 0.059382 0.437593
vt 0.317310 0.372657
vt 0.286429 0.371806
vt 0.316949 0.388028
vt 0.286309 0.387193
vt 0.122002 0.513735
vt 0.133631 0.523827
vt 0.109813 0.539525
vt 0.132855 0.556341
vt 0.120756 0.565869
vt 0.088968 0.558998
vt 0.029589 0.538863
vt 0.062102 0.539638
vt 0.045285 0.562681
vt 0.071629 0.551738
vt 0.064758 0.583526
vt 0.051087 0.590611
vt 0.138889 0.440776
vt 0.055048 0.488512
vt 0.036472 0.474177
vt 0.127955 0.423006
vt 0.022342 0.427038
vt 0.111315 0.381834
vt 0.117900 0.400376
vt 0.024592 0.450002
vt 0.068736 0.509811
vt 0.151131 0.462828
vt 0.150110 0.368045
vt 0.155620 0.385115
vt 0.163009 0.408242
vt 0.169517 0.427017
vt 0.178125 0.450894
vt 0.460153 0.445909
vt 0.432646 0.431212
vt 0.441289 0.413428
vt 0.479768 0.430367
vt 0.447640 0.391063
vt 0.489172 0.401508
vt 0.450950 0.372684
vt 0.484256 0.377611
vt 0.447427 0.467515
vt 0.422298 0.454593
vt 0.206921 0.353358
vt 0.209964 0.371033
vt 0.214290 0.395201
vt 0.384574 0.418046
vt 0.389011 0.398816
vt 0.393548 0.375011
vt 0.251699 0.412590
vt 0.251136 0.391577
vt 0.352017 0.393959
vt 0.350812 0.414683
vt 0.355702 0.349378
vt 0.353635 0.368924
vt 0.250183 0.366401
vt 0.248755 0.346853
vt 0.349218 0.439729
vt 0.252404 0.437766
vt 0.217960 0.414959
vt 0.222046 0.440088
vt 0.396719 0.357373
vt 0.379484 0.442866
vt 0.093838 0.435925
vt 0.087122 0.421979
vt 0.066311 0.451766
vt 0.059382 0.437593
vt 0.317310 0.372657
vt 0.286429 0.371806
vt 0.316949 0.388028
vt 0.286309 0.387193
vt 0.122002 0.513735
vt 0.133631 0.523827
vt 0.109813 0.539525
vt 0.132855 0.556341
vt 0.120756 0.565869
vt 0.088968 0.558998
vt 0.029589 0.538863
vt 0.062102 0.539638
vt 0.045285 0.562681
vt 0.071629 0.551738
vt 0.064758 0.583526
vt 0.051087 0.590611
vt 0.138889 0.440776
vt 0.055048 0.488512
vt 0.036472 0.474177
vt 0.127955 0.423006
vt 0.022342 0.427038
vt 0.111315 0.381834
vt 0.117900 0.400376
vt 0.024592 0.450002
vt 0.068736 0.509811
vt 0.151131 0.462828
vt 0.150110 0.368045
vt 0.155620 0.385115
vt 0.163009 0.408242
vt 0.169517 0.427017
vt 0.178125 0.450894
vt 0.460153 0.445909
vt 0.432646 0.431212
vt 0.441289 0.413428
vt 0.479768 0.430367
vt 0.447640 0.391063
vt 0.489172 0.401508
vt 0.450950 0.372684
vt 0.484256 0.377611
vt 0.447427 0.467515
vt 0.422298 0.454593
vt 0.206921 0.353358
vt 0.209964 0.371033
vt 0.214290 0.395201
vt 0.384574 0.418046
vt 0.389011 0.398816
vt 0.393548 0.375011
vt 0.251699 0.412590
vt 0.251136 0.391577
vt 0.352017 0.393959
vt 0.350812 0.414683
vt 0.355702 0.349378
vt 0.353635 0.368924
vt 0.250183 0.366401
vt 0.248755 0.346853
vt 0.349218 0.439729
vt 0.252404 0.437766
vt 0.217960 0.414959
vt 0.222046 0.440088
vt 0.396719 0.357373
vt 0.379484 0.442866
vt 0.093838 0.435925
vt 0.087122 0.421979
vt 0.066311 0.451766
vt 0.059382 0.437593
vt 0.317310 0.372657
vt 0.286429 0.371806
vt 0.316949 0.388028
vt 0.286309 0.387193
vt 0.122002 0.513735
vt 0.133631 0.523827
vt 0.109813 0.539525
vt 0.132855 0.556341
vt 0.120756 0.565869
vt 0.088968 0.558998
vt 0.029589 0.538863
vt 0.062102 0.539638
vt 0.045285 0.562681
vt 0.071629 0.551738
vt 0.064758 0.583526
vt 0.051087 0.590611
vt 0.138889 0.440776
vt 0.055048 0.488512
vt 0.036472 0.474177
vt 0.127955 0.423006
vt 0.022342 0.427038
vt 0.111315 0.381834
vt 0.117900 0.400376
vt 0.024592 0.450002
vt 0.068736 0.509811
vt 0.151131 0.462828
vt 0.150110 0.368045
vt 0.155620 0.385115
vt 0.163009 0.408242
vt 0.169517 0.427017
vt 0.178125 0.450894
vt 0.460153 0.445909
vt 0.432646 0.431212
vt 0.441289 0.413428
vt 0.479768 0.430367
vt 0.447640 0.391063
vt 0.489172 0.401508
vt 0.450950 0.372684
vt 0.484256 0.377611
vt 0.447427 0.467515
vt 0.422298 0.454593
vt 0.206921 0.353358
vt 0.209964 0.371033
vt 0.214290 0.395201
vt 0.384574 0.418046
vt 0.389011 0.398816
vt 0.393548 0.375011
vt 0.251699 0.412590
vt 0.251136 0.391577
vt 0.352017 0.393959
vt 0.350812 0.414683
vt 0.355702 0.349378
vt 0.353635 0.368924
vt 0.250183 0.366401
vt 0.248755 0.346853
vt 0.349218 0.439729
vt 0.252404 0.437766
vt 0.217960 0.414959
vt 0.222046 0.440088
vt 0.396719 0.357373
vt 0.379484 0.442866
vt 0.093838 0.435925
vt 0.087122 0.421979
vt 0.066311 0.451766
vt 0.059382 0.437593
vt 0.317310 0.372657
vt 0.286429 0.371806
vt 0.316949 0.388028
vt 0.286309 0.387193
vt 0.122002 0.513735
vt 0.133631 0.523827
vt 0.109813 0.539525
vt 0.132855 0.556341
vt 0.120756 0.565869
vt 0.088968 0.558998
vt 0.029589 0.538863
vt 0.062102 0.539638
vt 0.045285 0.562681
vt 0.071629 0.551738
vt 0.064758 0.583526
vt 0.051087 0.590611
vt 0.138889 0.440776
vt 0.055048 0.488512
vt 0.036472 0.474177
vt 0.127955 0.423006
vt 0.022342 0.427038
vt 0.111315 0.381834
vt 0.117900 0.400376
vt 0.024592 0.450002
vt 0.068736 0.509811
vt 0.151131 0.462828
vt 0.150110 0.368045
vt 0.155620 0.385115
vt 0.163009 0.408242
vt 0.169517 0.427017
vt 0.178125 0.450894
vt 0.460153 0.445909
vt 0.432646 0.431212
vt 0.441289 0.413428
vt 0.479768 0.430367
vt 0.447640 0.391063
vt 0.489172 0.401508
vt 0.450950 0.372684
vt 0.484256 0.377611
vt 0.447427 0.467515
vt 0.422298 0.454593
vt 0.206921 0.353358
vt 0.209964 0.371033
vt 0.214290 0.395201
vt 0.384574 0.418046
vt 0.389011 0.398816
vt 0.393548 0.375011
vt 0.251699 0.412590
vt 0.251136 0.391577
vt 0.352017 0.393959
vt 0.350812 0.414683
vt 0.355702 0.349378
vt 0.353635 0.368924
vt 0.250183 0.366401
vt 0.248755 0.346853
vt 0.349218 0.439729
vt 0.252404 0.437766
vt 0.217960 0.414959
vt 0.222046 0.440088
vt 0.396719 0.357373
vt 0.379484 0.442866
vt 0.093838 0.435925
vt 0.087122 0.421979
vt 0.066311 0.451766
vt 0.059382 0.437593
vt 0.317310 0.372657
vt 0.286429 0.371806
vt 0.316949 0.388028
vt 0.286309 0.387193
vt 0.122002 0.513735
vt 0.133631 0.523827
vt 0.109813 0.539525
vt 0.132855 0.556341
vt 0.120756 0.565869
vt 0.088968 0.558998
vt 0.029589 0.538863
vt 0.062102 0.539638
vt 0.045285 0.562681
vt 0.071629 0.551738
vt 0.064758 0.583526
vt 0.051087 0.590611
vt 0.138889 0.440776
vt 0.055048 0.488512
vt 0.036472 0.474177
vt 0.127955 0.423006
vt 0.022342 0.427038
vt 0.111315 0.381834
vt 0.117900 0.400376
vt 0.024592 0.450002
vt 0.068736 0.509811
vt 0.151131 0.462828
vt 0.150110 0.368045
vt 0.155620 0.385115
vt 0.163009 0.408242
vt 0.169517 0.427017
vt 0.178125 0.450894
vt 0.460153 0.445909
vt 0.432646 0.431212
vt 0.441289 0.413428
vt 0.479768 0.430367
vt 0.447640 0.391063
vt 0.489172 0.401508
vt 0.450950 0.372684
vt 0.484256 0.377611
vt 0.447427 0.467515
vt 0.422298 0.454593
vt 0.206921 0.353358
vt 0.209964 0.371033
vt 0.214290 0.395201
vt 0.384574 0.418046
vt 0.389011 0.398816
vt 0.393548 0.375011
vt 0.251699 0.412590
vt 0.251136 0.391577
vt 0.352017 0.393959
vt 0.350812 0.414683
vt 0.355702 0.349378
vt 0.353635 0.368924
vt 0.250183 0.366401
vt 0.248755 0.346853
vt 0.349218 0.439729
vt 0.252404 0.437766
vt 0.217960 0.414959
vt 0.222046 0.440088
vt 0.396719 0.357373
vt 0.379484 0.442866
vt 0.093838 0.435925
vt 0.087122 0.421979
vt 0.066311 0.451766
vt 0.059382 0.437593
vt 0.317310 0.372657
vt 0.286429 0.371806
vt 0.316949 0.388028
vt 0.286309 0.387193
vt 0.122002 0.513735
vt 0.133631 0.523827
vt 0.109813 0.539525
vt 0.132855 0.556341
vt 0.120756 0.565869
vt 0.088968 0.558998
vt 0.029589 0.538863
vt 0.062102 0.539638
vt 0.045285 0.562681
vt 0.071629 0.551738
vt 0.064758 0.583526
vt 0.051087 0.590611
vt 0.138889 0.440776
vt 0.055048 0.488512
vt 0.036472 0.474177
vt 0.127955 0.423006
vt 0.022342 0.427038
vt 0.111315 0.381834
vt 0.117900 0.400376
vt 0.024592 0.450002
vt 0.068736 0.509811
vt 0.151131 0.462828
vt 0.150110 0.368045
vt 0.155620 0.385115
vt 0.163009 0.408242
vt 0.169517 0.427017
vt 0.178125 0.450894
vt 0.460153 0.445909
vt 0.432646 0.431212
vt 0.441289 0.413428
vt 0.479768 0.430367
vt 0.447640 0.391063
vt 0.489172 0.401508
vt 0.450950 0.372684
vt 0.484256 0.377611
vt 0.447427 0.467515
vt 0.422298 0.454593
vt 0.206921 0.353358
vt 0.209964 0.371033
vt 0.214290 0.395201
vt 0.384574 0.418046
vt 0.389011 0.398816
vt 0.393548 0.375011
vt 0.251699 0.412590
vt 0.251136 0.391577
vt 0.352017 0.393959
vt 0.350812 0.414683
vt 0.355702 0.349378
vt 0.353635 0.368924
vt 0.250183 0.366401
vt 0.248755 0.346853
vt 0.349218 0.439729
vt 0.252404 0.437766
vt 0.217960 0.414959
vt 0.222046 0.440088
vt 0.396719 0.357373
vt 0.379484 0.442866
vt 0.093838 0.435925
vt 0.087122 0.421979
vt 0.066311 0.451766
vt 0.059382 0.437593
vt 0.317310 0.372657
vt 0.286429 0.371806
vt 0.316949 0.388028
vt 0.286309 0.387193
vt 0.122002 0.513735
vt 0.133631 0.523827
vt 0.109813 0.539525
vt 0.132855 0.556341
vt 0.120756 0.565869
vt 0.088968 0.558998
vt 0.029589 0.538863
vt 0.062102 0.539638
vt 0.045285 0.562681
vt 0.071629 0.551738
vt 0.064758 0.583526
vt 0.051087 0.590611
vt 0.138889 0.440776
vt 0.055048 0.488512
vt 0.036472 0.474177
vt 0.127955 0.423006
vt 0.022342 0.427038
vt 0.111315 0.381834
vt 0.117900 0.400376
vt 0.024592 0.450002
vt 0.068736 0.509811
vt 0.151131 0.462828
vt 0.150110 0.368045
vt 0.155620 0.385115
vt 0.163009 0.408242
vt 0.169517 0.427017
vt 0.178125 0.450894
vt 0.460153 0.445909
vt 0.432646 0.431212
vt 0.441289 0.413428
vt 0.479768 0.430367
vt 0.447640 0.391063
vt 0.489172 0.401508
vt 0.450950 0.372684
vt 0.484256 0.377611
vt 0.447427 0.467515
vt 0.422298 0.454593
vt 0.206921 0.353358
vt 0.209964 0.371033
vt 0.214290 0.395201
vt 0.384574 0.418046
vt 0.389011 0.398816
vt 0.393548 0.375011
vt 0.251699 0.412590
vt 0.251136 0.391577
vt 0.352017 0.393959
vt 0.350812 0.414683
vt 0.355702 0.349378
vt 0.353635 0.368924
vt 0.250183 0.366401
vt 0.248755 0.346853
vt 0.349218 0.439729
vt 0.252404 0.437766
vt 0.217960 0.414959
vt 0.222046 0.440088
vt 0.396719 0.357373
vt 0.379484 0.442866
vt 0.093838 0.435925
vt 0.087122 0.421979
vt 0.066311 0.451766
vt 0.059382 0.437593
vt 0.317310 0.372657
vt 0.286429 0.371806
vt 0.316949 0.388028
vt 0.286309 0.387193
vt 0.122002 0.513735
vt 0.133631 0.523827
vt 0.109813 0.539525
vt 0.132855 0.556341
vt 0.120756 0.565869
vt 0.088968 0.558998
vt 0.029589 0.538863
vt 0.062102 0.539638
vt 0.045285 0.562681
vt 0.071629 0.551738
vt 0.064758 0.583526
vt 0.051087 0.590611
vt 0.138889 0.440776
vt 0.055048 0.488512
vt 0.036472 0.474177
vt 0.127955 0.423006
vt 0.022342 0.427038
vt 0.111315 0.381834
vt 0.117900 0.400376
vt 0.024592 0.450002
vt 0.068736 0.509811
vt 0.151131 0.462828
vt 0.150110 0.368045
vt 0.155620 0.385115
vt 0.163009 0.408242
vt 0.169517 0.427017
vt 0.178125 0.450894
vt 0.460153 0.445909
vt 0.432646 0.431212
vt 0.441289 0.413428
vt 0.479768 0.430367
vt 0.447640 0.391063
vt 0.489172 0.401508
vt 0.450950 0.372684
vt 0.484256 0.377611
vt 0.447427 0.467515
vt 0.422298 0.454593
vt 0.206921 0.353358
vt 0.209964 0.371033
vt 0.214290 0.395201
vt 0.384574 0.418046
vt 0.389011 0.398816
vt 0.393548 0.375011
vt 0.251699 0.412590
vt 0.251136 0.391577
vt 0.352017 0.393959
vt 0.350812 0.414683
vt 0.355702 0.349378
vt 0.353635 0.368924
vt 0.250183 0.366401
vt 0.248755 0.346853
vt 0.349218 0.439729
vt 0.252404 0.437766
vt 0.217960 0.414959
vt 0.222046 0.440088
vt 0.396719 0.357373
vt 0.379484 0.442866
vt 0.093838 0.435925
vt 0.087122 0.421979
vt 0.066311 0.451766
vt 0.059382 0.437593
vt 0.317310 0.372657
vt 0.286429 0.371806
vt 0.316949 0.388028
vt 0.286309 0.387193
vt 0.122002 0.513735
vt 0.133631 0.523827
vt 0.109813 0.539525
vt 0.132855 0.556341
vt 0.120756 0.565869
vt 0.088968 0.558998
vt 0.029589 0.538863
vt 0.062102 0.539638
vt 0.045285 0.562681
vt 0.071629 0.551738
vt 0.064758 0.583526
vt 0.051087 0.590611
vt 0.138889 0.440776
vt 0.055048 0.488512
vt 0.036472 0.474177
vt 0.127955 0.423006
vt 0.022342 0.427038
vt 0.111315 0.381834
vt 0.117900 0.400376
vt 0.024592 0.450002
vt 0.068736 0.509811
vt 0.151131 0.462828
vt 0.150110 0.368045
vt 0.155620 0.385115
vt 0.163009 0.408242
vt 0.169517 0.427017
vt 0.178125 0.450894
vt 0.460153 0.445909
vt 0.432646 0.431212
vt 0.441289 0.413428
vt 0.479768 0.430367
vt 0.447640 0.391063
vt 0.489172 0.401508
vt 0.450950 0.372684
vt 0.484256 0.377611
vt 0.447427 0.467515
vt 0.422298 0.454593
vt 0.206921 0.353358
vt 0.209964 0.371033
vt 0.214290 0.395201
vt 0.384574 0.418046
vt 0.389011 0.398816
vt 0.393548 0.375011
vt 0.251699 0.412590
vt 0.251136 0.391577
vt 0.352017 0.393959
vt 0.350812 0.414683
vt 0.355702 0.349378
vt 0.353635 0.368924
vt 0.250183 0.366401
vt 0.248755 0.346853
vt 0.349218 0.439729
vt 0.252404 0.437766
vt 0.217960 0.414959
vt 0.222046 0.440088
vt 0.396719 0.357373
vt 0.379484 0.442866
vt 0.093838 0.435925
vt 0.087122 0.421979
vt 0.066311 0.451766
vt 0.059382 0.437593
vt 0.317310 0.372657
vt 0.286429 0.371806
vt 0.316949 0.388028
vt 0.286309 0.387193
vt 0.122002 0.513735
vt 0.133631 0.523827
vt 0.109813 0.539525
vt 0.132855 0.556341
vt 0.120756 0.565869
vt 0.088968 0.558998
vt 0.029589 0.538863
vt 0.062102 0.539638
vt 0.045285 0.562681
vt 0.071629 0.551738
vt 0.064758 0.583526
vt 0.051087 0.590611
vt 0.138889 0.440776
vt 0.055048 0.488512
vt 0.036472 0.474177
vt 0.127955 0.423006
vt 0.022342 0.427038
vt 0.111315 0.381834
vt 0.117900 0.400376
vt 0.024592 0.450002
vt 0.068736 0.509811
vt 0.151131 0.462828
vt 0.150110 0.368045
vt 0.155620 0.385115
vt 0.163009 0.408242
vt 0.169517 0.427017
vt 0.178125 0.450894
vt 0.460153 0.445909
vt 0.432646 0.431212
vt 0.441289 0.413428
vt 0.479768 0.430367
vt 0.447640 0.391063
vt 0.489172 0.401508
vt 0.450950 0.372684
vt 0.484256 0.377611
vt 0.447427 0.467515
vt 0.422298 0.454593
vt 0.206921 0.353358
vt 0.209964 0.371033
vt 0.214290 0.395201
vt 0.384574 0.418046
vt 0.389011 0.398816
vt 0.393548 0.375011
vt 0.251699 0.412590
vt 0.251136 0.391577
vt 0.352017 0.393959
vt 0.350812 0.414683
vt 0.355702 0.349378
vt 0.353635 0.368924
vt 0.250183 0.366401
vt 0.248755 0.346853
vt 0.349218 0.439729
vt 0.252404 0.437766
vt 0.217960 0.414959
vt 0.222046 0.440088
vt 0.396719 0.357373
vt 0.379484 0.442866
vt 0.093838 0.435925
vt 0.087122 0.421979
vt 0.066311 0.451766
vt 0.059382 0.437593
vt 0.317310 0.372657
vt 0.286429 0.371806
vt 0.316949 0.388028
vt 0.286309 0.387193
vt 0.122002 0.513735
vt 0.133631 0.523827
vt 0.109813 0.539525
vt 0.132855 0.556341
vt 0.120756 0.565869
vt 0.088968 0.558998
vt 0.029589 0.538863
vt 0.062102 0.539638
vt 0.045285 0.562681
vt 0.071629 0.551738
vt 0.064758 0.583526
vt 0.051087 0.590611
vt 0.138889 0.440776
vt 0.055048 0.488512
vt 0.036472 0.474177
vt 0.127955 0.423006
vt 0.022342 0.427038
vt 0.111315 0.381834
vt 0.117900 0.400376
vt 0.024592 0.450002
vt 0.068736 0.509811
vt 0.151131 0.462828
vt 0.150110 0.368045
vt 0.155620 0.385115
vt 0.163009 0.408242
vt 0.169517 0.427017
vt 0.178125 0.450894
vt 0.460153 0.445909
vt 0.432646 0.431212
vt 0.441289 0.413428
vt 0.479768 0.430367
vt 0.447640 0.391063
vt 0.489172 0.401508
vt 0.450950 0.372684
vt 0.484256 0.377611
vt 0.447427 0.467515
vt 0.422298 0.454593
vt 0.206921 0.353358
vt 0.209964 0.371033
vt 0.214290 0.395201
vt 0.384574 0.418046
vt 0.389011 0.398816
vt 0.393548 0.375011
vt 0.251699 0.412590
vt 0.251136 0.391577
vt 0.352017 0.393959
vt 0.350812 0.414683
vt 0.355702 0.349378
vt 0.353635 0.368924
vt 0.250183 0.366401
vt 0.248755 0.346853
vt 0.349218 0.439729
vt 0.252404 0.437766
vt 0.217960 0.414959
vt 0.222046 0.440088
vt 0.396719 0.357373
vt 0.379484 0.442866
vt 0.093838 0.435925
vt 0.087122 0.421979
vt 0.066311 0.451766
vt 0.059382 0.437593
vt 0.317310 0.372657
vt 0.286429 0.371806
vt 0.316949 0.388028
vt 0.286309 0.387193
vt 0.122002 0.513735
vt 0.133631 0.523827
vt 0.109813 0.539525
vt 0.132855 0.556341
vt 0.120756 0.565869
vt 0.088968 0.558998
vt 0.029589 0.538863
vt 0.062102 0.539638
vt 0.045285 0.562681
vt 0.071629 0.551738
vt 0.064758 0.583526
vt 0.051087 0.590611
vt 0.138889 0.440776
vt 0.055048 0.488512
vt 0.036472 0.474177
vt 0.127955 0.423006
vt 0.022342 0.427038
vt 0.111315 0.381834
vt 0.117900 0.400376
vt 0.024592 0.450002
vt 0.068736 0.509811
vt 0.151131 0.462828
vt 0.150110 0.368045
vt 0.155620 0.385115
vt 0.163009 0.408242
vt 0.169517 0.427017
vt 0.178125 0.450894
vt 0.460153 0.445909
vt 0.432646 0.431212
vt 0.441289 0.413428
vt 0.479768 0.430367
vt 0.447640 0.391063
vt 0.489172 0.401508
vt 0.450950 0.372684
vt 0.484256 0.377611
vt 0.447427 0.467515
vt 0.422298 0.454593
vt 0.206921 0.353358
vt 0.209964 0.371033
vt 0.214290 0.395201
vt 0.384574 0.418046
vt 0.389011 0.398816
vt 0.393548 0.375011
vt 0.251699 0.412590
vt 0.251136 0.391577
vt 0.352017 0.393959
vt 0.350812 0.414683
vt 0.355702 0.349378
vt 0.353635 0.368924
vt 0.250183 0.366401
vt 0.248755 0.346853
vt 0.349218 0.439729
vt 0.252404 0.437766
vt 0.217960 0.414959
vt 0.222046 0.440088
vt 0.396719 0.357373
vt 0.379484 0.442866
vt 0.093838 0.435925
vt 0.087122 0.421979
vt 0.066311 0.451766
vt 0.059382 0.437593
vt 0.317310 0.372657
vt 0.286429 0.371806
vt 0.316949 0.388028
vt 0.286309 0.387193
vt 0.122002 0.513735
vt 0.133631 0.523827
vt 0.109813 0.539525
vt 0.132855 0.556341
vt 0.120756 0.565869
vt 0.088968 0.558998
vt 0.029589 0.538863
vt 0.062102 0.539638
vt 0.045285 0.562681
vt 0.071629 0.551738
vt 0.064758 0.583526
vt 0.051087 0.590611
vt 0.138889 0.440776
vt 0.055048 0.488512
vt 0.036472 0.474177
vt 0.127955 0.423006
vt 0.022342 0.427038
vt 0.111315 0.381834
vt 0.117900 0.400376
vt 0.024592 0.450002
vt 0.068736 0.509811
vt 0.151131 0.462828
vt 0.150110 0.368045
vt 0.155620 0.385115
vt 0.163009 0.408242
vt 0.169517 0.427017
vt 0.178125 0.450894
vt 0.460153 0.445909
vt 0.432646 0.431212
vt 0.441289 0.413428
vt 0.479768 0.430367
vt 0.447640 0.391063
vt 0.489172 0.401508
vt 0.450950 0.372684
vt 0.484256 0.377611
vt 0.447427 0.467515
vt 0.422298 0.454593
vt 0.206921 0.353358
vt 0.209964 0.371033
vt 0.214290 0.395201
vt 0.384574 0.418046
vt 0.389011 0.398816
vt 0.393548 0.375011
vt 0.251699 0.412590
vt 0.251136 0.391577
vt 0.352017 0.393959
vt 0.350812 0.414683
vt 0.355702 0.349378
vt 0.353635 0.368924
vt 0.250183 0.366401
vt 0.248755 0.346853
vt 0.349218 0.439729
vt 0.252404 0.437766
vt 0.217960 0.414959
vt 0.222046 0.440088
vt 0.396719 0.357373
vt 0.379484 0.442866
vt 0.093838 0.435925
vt 0.087122 0.421979
vt 0.066311 0.451766
vt 0.059382 0.437593
vt 0.317310 0.372657
vt 0.286429 0.371806
vt 0.316949 0.388028
vt 0.286309 0.387193
vt 0.122002 0.513735
vt 0.133631 0.523827
vt 0.109813 0.539525
vt 0.132855 0.556341
vt 0.120756 0.565869
vt 0.088968 0.558998
vt 0.029589 0.538863
vt 0.062102 0.539638
vt 0.045285 0.562681
vt 0.071629 0.551738
vt 0.064758 0.583526
vt 0.051087 0.590611
vt 0.138889 0.440776
vt 0.055048 0.488512
vt 0.036472 0.474177
vt 0.127955 0.423006
vt 0.022342 0.427038
vt 0.111315 0.381834
vt 0.117900 0.400376
vt 0.024592 0.450002
vt 0.068736 0.509811
vt 0.151131 0.462828
vt 0.150110 0.368045
vt 0.155620 0.385115
vt 0.163009 0.408242
vt 0.169517 0.427017
vt 0.178125 0.450894
vt 0.460153 0.445909
vt 0.432646 0.431212
vt 0.441289 0.413428
vt 0.479768 0.430367
vt 0.447640 0.391063
vt 0.489172 0.401508
vt 0.450950 0.372684
vt 0.484256 0.377611
vt 0.447427 0.467515
vt 0.422298 0.454593
vt 0.206921 0.353358
vt 0.209964 0.371033
vt 0.214290 0.395201
vt 0.384574 0.418046
vt 0.389011 0.398816
vt 0.393548 0.375011
vt 0.251699 0.412590
vt 0.251136 0.391577
vt 0.352017 0.393959
vt 0.350812 0.414683
vt 0.355702 0.349378
vt 0.353635 0.368924
vt 0.250183 0.366401
vt 0.248755 0.346853
vt 0.349218 0.439729
vt 0.252404 0.437766
vt 0.217960 0.414959
vt 0.222046 0.440088
vt 0.396719 0.357373
vt 0.379484 0.442866
vt 0.093838 0.435925
vt 0.087122 0.421979
vt 0.066311 0.451766
vt 0.059382 0.437593
vt 0.317310 0.372657
vt 0.286429 0.371806
vt 0.316949 0.388028
vt 0.286309 0.387193
vt 0.122002 0.513735
vt 0.133631 0.523827
vt 0.109813 0.539525
vt 0.132855 0.556341
vt 0.120756 0.565869
vt 0.088968 0.558998
vt 0.029589 0.538863
vt 0.062102 0.539638
vt 0.045285 0.562681
vt 0.071629 0.551738
vt 0.064758 0.583526
vt 0.051087 0.590611
vt 0.138889 0.440776
vt 0.055048 0.488512
vt 0.036472 0.474177
vt 0.127955 0.423006
vt 0.022342 0.427038
vt 0.111315 0.381834
vt 0.117900 0.400376
vt 0.024592 0.450002
vt 0.068736 0.509811
vt 0.151131 0.462828
vt 0.150110 0.368045
vt 0.155620 0.385115
vt 0.163009 0.408242
vt 0.169517 0.427017
vt 0.178125 0.450894
vt 0.460153 0.445909
vt 0.432646 0.431212
vt 0.441289 0.413428
vt 0.479768 0.430367
vt 0.447640 0.391063
vt 0.489172 0.401508
vt 0.450950 0.372684
vt 0.484256 0.377611
vt 0.447427 0.467515
vt 0.422298 0.454593
vt 0.206921 0.353358
vt 0.209964 0.371033
vt 0.214290 0.395201
vt 0.384574 0.418046
vt 0.389011 0.398816
vt 0.393548 0.375011
vt 0.251699 0.412590
vt 0.251136 0.391577
vt 0.352017 0.393959
vt 0.350812 0.414683
vt 0.355702 0.349378
vt 0.353635 0.368924
vt 0.250183 0.366401
vt 0.248755 0.346853
vt 0.349218 0.439729
vt 0.252404 0.437766
vt 0.217960 0.414959
vt 0.222046 0.440088
vt 0.396719 0.357373
vt 0.379484 0.442866
vt 0.093838 0.435925
vt 0.087122 0.421979
vt 0.066311 0.451766
vt 0.059382 0.437593
vt 0.317310 0.372657
vt 0.286429 0.371806
vt 0.316949 0.388028
vt 0.286309 0.387193
vt 0.122002 0.513735
vt 0.133631 0.523827
vt 0.109813 0.539525
vt 0.132855 0.556341
vt 0.120756 0.565869
vt 0.088968 0.558998
vt 0.029589 0.538863
vt 0.062102 0.539638
vt 0.045285 0.562681
vt 0.071629 0.551738
vt 0.064758 0.583526
vt 0.051087 0.590611
vt 0.138889 0.440776
vt 0.055048 0.488512
vt 0.036472 0.474177
vt 0.127955 0.423006
vt 0.022342 0.427038
vt 0.111315 0.381834
vt 0.117900 0.400376
vt 0.024592 0.450002
vt 0.068736 0.509811
vt 0.151131 0.462828
vt 0.150110 0.368045
vt 0.155620 0.385115
vt 0.163009 0.408242
vt 0.169517 0.427017
vt 0.178125 0.450894
vt 0.460153 0.445909
vt 0.432646 0.431212
vt 0.441289 0.413428
vt 0.479768 0.430367
vt 0.447640 0.391063
vt 0.489172 0.401508
vt 0.450950 0.372684
vt 0.484256 0.377611
vt 0.447427 0.467515
vt 0.422298 0.454593
vt 0.206921 0.353358
vt 0.209964 0.371033
vt 0.214290 0.395201
vt 0.384574 0.418046
vt 0.389011 0.398816
vt 0.393548 0.375011
vt 0.251699 0.412590
vt 0.251136 0.391577
vt 0.352017 0.393959
vt 0.350812 0.414683
vt 0.355702 0.349378
vt 0.353635 0.368924
vt 0.250183 0.366401
vt 0.248755 0.346853
vt 0.349218 0.439729
vt 0.252404 0.437766
vt 0.217960 0.414959
vt 0.222046 0.440088
vt 0.396719 0.357373
vt 0.379484 0.442866
vt 0.093838 0.435925
vt 0.087122 0.421979
vt 0.066311 0.451766
vt 0.059382 0.437593
vt 0.317310 0.372657
vt 0.286429 0.371806
vt 0.316949 0.388028
vt 0.286309 0.387193
vt 0.122002 0.513735
vt 0.133631 0.523827
vt 0.109813 0.539525
vt 0.132855 0.556341
vt 0.120756 0.565869
vt 0.088968 0.558998
vt 0.029589 0.538863
vt 0.062102 0.539638
vt 0.045285 0.562681
vt 0.071629 0.551738
vt 0.064758 0.583526
vt 0.051087 0.590611
vt 0.138889 0.440776
vt 0.055048 0.488512
vt 0.036472 0.474177
vt 0.127955 0.423006
vt 0.022342 0.427038
vt 0.111315 0.381834
vt 0.117900 0.400376
vt 0.024592 0.450002
vt 0.068736 0.509811
vt 0.151131 0.462828
vt 0.150110 0.368045
vt 0.155620 0.385115
vt 0.163009 0.408242
vt 0.169517 0.427017
vt 0.178125 0.450894
vt 0.460153 0.445909
vt 0.432646 0.431212
vt 0.441289 0.413428
vt 0.479768 0.430367
vt 0.447640 0.391063
vt 0.489172 0.401508
vt 0.450950 0.372684
vt 0.484256 0.377611
vt 0.447427 0.467515
vt 0.422298 0.454593
vt 0.206921 0.353358
vt 0.209964 0.371033
vt 0.214290 0.395201
vt 0.384574 0.418046
vt 0.389011 0.398816
vt 0.393548 0.375011
vt 0.251699 0.412590
vt 0.251136 0.391577
vt 0.352017 0.393959
vt 0.350812 0.414683
vt 0.355702 0.349378
vt 0.353635 0.368924
vt 0.250183 0.366401
vt 0.248755 0.346853
vt 0.349218 0.439729
vt 0.252404 0.437766
vt 0.217960 0.414959
vt 0.222046 0.440088
vt 0.396719 0.357373
vt 0.379484 0.442866
vt 0.093838 0.435925
vt 0.087122 0.421979
vt 0.066311 0.451766
vt 0.059382 0.437593
vt 0.317310 0.372657
vt 0.286429 0.371806
vt 0.316949 0.388028
vt 0.286309 0.387193
vt 0.122002 0.513735
vt 0.133631 0.523827
vt 0.109813 0.539525
vt 0.132855 0.556341
vt 0.120756 0.565869
vt 0.088968 0.558998
vt 0.029589 0.538863
vt 0.062102 0.539638
vt 0.045285 0.562681
vt 0.071629 0.551738
vt 0.064758 0.583526
vt 0.051087 0.590611
vt 0.138889 0.440776
vt 0.055048 0.488512
vt 0.036472 0.474177
vt 0.127955 0.423006
vt 0.022342 0.427038
vt 0.111315 0.381834
vt 0.117900 0.400376
vt 0.024592 0.450002
vt 0.068736 0.509811
vt 0.151131 0.462828
vt 0.150110 0.368045
vt 0.155620 0.385115
vt 0.163009 0.408242
vt 0.169517 0.427017
vt 0.178125 0.450894
vt 0.460153 0.445909
vt 0.432646 0.431212
vt 0.441289 0.413428
vt 0.479768 0.430367
vt 0.447640 0.391063
vt 0.489172 0.401508
vt 0.450950 0.372684
vt 0.484256 0.377611
vt 0.447427 0.467515
vt 0.422298 0.454593
vt 0.206921 0.353358
vt 0.209964 0.371033
vt 0.214290 0.395201
vt 0.384574 0.418046
vt 0.389011 0.398816
vt 0.393548 0.375011
vt 0.251699 0.412590
vt 0.251136 0.391577
vt 0.352017 0.393959
vt 0.350812 0.414683
vt 0.355702 0.349378
vt 0.353635 0.368924
vt 0.250183 0.366401
vt 0.248755 0.346853
vt 0.349218 0.439729
vt 0.252404 0.437766
vt 0.217960 0.414959
vt 0.222046 0.440088
vt 0.396719 0.357373
vt 0.379484 0.442866
vt 0.093838 0.435925
vt 0.087122 0.421979
vt 0.066311 0.451766
vt 0.059382 0.437593
vt 0.317310 0.372657
vt 0.286429 0.371806
vt 0.316949 0.388028
vt 0.286309 0.387193
vt 0.122002 0.513735
vt 0.133631 0.523827
vt 0.109813 0.539525
vt 0.132855 0.556341
vt 0.120756 0.565869
vt 0.088968 0.558998
vt 0.029589 0.538863
vt 0.062102 0.539638
vt 0.045285 0.562681
vt 0.071629 0.551738
vt 0.064758 0.583526
vt 0.051087 0.590611
vn 0.783205 0.621702 0.008787
vn 0.980799 0.184610 0.062865
vn 0.958624 0.200127 -0.202458
vn 0.775135 0.616289 -0.139119
vn 0.921733 0.143798 -0.360180
vn 0.770387 0.582109 -0.260101
vn 0.062055 0.742764 -0.666671
vn 0.100719 0.008537 -0.994878
vn -0.293975 0.040541 -0.954953
vn -0.182624 0.768597 -0.613113
vn -0.576246 0.088677 -0.812451
vn -0.380728 0.769837 -0.512246
vn -0.840445 0.180936 -0.510798
vn -0.556619 0.772324 -0.306090
vn -0.973107 0.225060 -0.049099
vn -0.613898 0.787551 -0.053784
vn -0.970418 0.167664 0.173717
vn -0.606532 0.790744 0.082728
vn -0.939448 0.125021 0.319072
vn -0.597327 0.776059 0.202320
vn -0.871781 0.136673 0.470445
vn -0.533511 0.794719 0.289460
vn -0.698994 0.166271 0.695529
vn -0.466925 0.746700 0.473730
vn -0.307136 0.187138 0.933085
vn -0.218725 0.711572 0.667701
vn 0.012785 0.200864 0.979536
vn 0.031351 0.679283 0.733207
vn 0.291317 0.214052 0.932371
vn 0.223979 0.713253 0.664156
vn 0.434339 0.900744 0.003219
vn 0.443947 0.893558 -0.066819
vn 0.377744 0.917702 -0.123015
vn 0.023091 0.969439 -0.244244
vn -0.044943 0.980892 -0.189290
vn -0.089000 0.988524 -0.122062
vn -0.105445 0.992244 -0.065825
vn -0.118249 0.992777 -0.020269
vn -0.123244 0.992063 0.024947
vn -0.133282 0.989961 0.047049
vn -0.141560 0.987420 0.070447
vn -0.111779 0.987571 0.110496
vn -0.049280 0.983363 0.174838
vn 0.029216 0.967305 0.251929
vn 0.116078 0.949341 0.292024
vn 0.988781 0.101823 0.109286
vn 0.973645 0.136137 -0.182980
vn 0.921348 0.104914 -0.374315
vn 0.117751 -0.039644 -0.992252
vn -0.292531 0.007435 -0.956227
vn -0.573972 0.056525 -0.816922
vn -0.856363 0.133717 -0.498761
vn -0.983492 0.178222 -0.031321
vn -0.971769 0.120042 0.203114
vn -0.939543 0.063093 0.336569
vn -0.876556 0.096346 0.471559
vn -0.678017 0.154847 0.718551
vn -0.288883 0.170364 0.942084
vn 0.020204 0.140998 0.989804
vn 0.299031 0.111720 0.947681
vn 0.914052 0.016286 0.405270
vn 0.930854 0.082047 0.356061
vn 0.709889 0.683809 0.168711
vn 0.284127 0.957301 0.053352
vn 0.555113 0.758162 0.342111
vn 0.146506 0.959729 0.239700
vn 0.255533 0.729615 0.634322
vn 0.379043 0.228982 0.896601
vn 0.765139 0.083001 0.638493
vn 0.639820 0.038858 0.767542
vn 0.276497 0.954302 -0.113392
vn 0.691295 0.660258 -0.293548
vn 0.908566 0.101246 -0.405286
vn 0.908255 0.032922 -0.417120
vn 0.519853 0.802715 -0.292237
vn 0.890687 0.137042 -0.433470
vn 0.722791 -0.045809 -0.689547
vn 0.843385 0.218328 -0.490954
vn 0.371974 -0.064654 -0.925989
vn 0.355331 -0.027880 -0.934325
vn 0.533183 0.022190 -0.845709
vn 0.217522 0.745795 -0.629662
vn 0.083528 0.971014 -0.223952
vn 0.606397 0.690218 -0.394820
vn 0.184938 0.966975 -0.175377
vn 0.355603 0.771998 -0.526846
vn 0.434144 -0.869040 0.237252
vn 0.306035 -0.862440 0.403163
vn 0.141370 -0.863381 0.484343
vn 0.053187 -0.974948 0.215979
vn 0.083671 -0.987170 0.135997
vn 0.114383 -0.991279 0.065440
vn 0.423243 -0.879953 -0.215751
vn 0.457355 -0.860090 -0.225989
vn 0.510183 -0.855583 -0.087696
vn 0.154985 -0.987531 -0.027593
vn 0.155112 -0.983662 -0.091377
vn 0.179769 -0.978747 -0.098678
vn -0.182280 -0.744430 -0.642338
vn 0.069443 -0.791744 -0.606894
vn 0.214472 -0.822987 -0.526018
vn 0.077589 -0.976025 -0.203362
vn 0.023256 -0.967855 -0.250432
vn -0.084791 -0.955826 -0.281436
vn -0.672293 -0.739808 -0.026569
vn -0.570485 -0.741108 -0.353987
vn -0.672304 -0.718756 0.177190
vn -0.276818 -0.944819 -0.175184
vn -0.350531 -0.936511 -0.008643
vn -0.391922 -0.914220 0.102953
vn -0.457430 -0.756622 0.467204
vn -0.613155 -0.730867 0.299791
vn -0.178053 -0.804170 0.567105
vn -0.314805 -0.938046 0.144801
vn -0.192587 -0.963171 0.187649
vn -0.067351 -0.971694 0.226438
vn 0.488985 -0.868837 0.077562
vn 0.139620 -0.989923 0.023640
vn -0.390562 -0.735430 -0.553718
vn -0.193237 -0.942307 -0.273346
vn 0.023830 -0.843544 0.536531
vn 0.014302 -0.969935 0.242945
vn 0.419246 -0.824425 -0.380206
vn 0.151248 -0.980664 -0.124188
vn -0.639609 -0.734383 0.227117
vn -0.385391 -0.912997 0.133832
vn -0.033128 0.012076 0.999378
vn -0.274630 0.271250 0.922498
vn -0.360512 0.308464 0.880273
vn -0.088365 0.163280 0.982614
vn 0.106598 0.179998 0.977874
vn 0.106239 0.219444 0.969823
vn 0.353251 0.199247 0.914065
vn 0.308282 0.299240 0.903005
vn -0.230489 0.380081 0.895775
vn -0.038150 0.710064 0.703103
vn -0.269749 0.884923 0.379668
vn -0.481726 0.352924 0.802113
vn -0.089711 0.332182 0.938939
vn 0.238180 0.264183 0.934600
vn 0.202556 0.261124 0.943814
vn 0.290844 0.279091 0.915160
vn -0.470599 0.730799 0.494439
vn -0.541999 0.813376 0.211322
vn -0.853832 0.514418 0.079663
vn -0.854303 0.467312 0.227566
vn -0.625089 0.383352 0.679930
vn -0.211151 0.370213 0.904631
vn -0.900419 0.432571 0.046129
vn -0.986467 0.139519 0.086128
vn -0.922376 0.384799 0.033948
vn -0.934290 0.355976 0.019602
vn -0.984265 0.085795 0.154471
vn -0.990415 -0.073841 0.116726
vn -0.942563 -0.226738 0.245287
vn -0.977667 0.084975 0.192217
vn -0.934498 -0.227414 0.273857
vn -0.172377 0.348491 0.921325
vn -0.555407 0.260574 0.789699
vn -0.918751 0.194770 0.343453
vn -0.916124 0.205740 0.344076
vn -0.915129 0.270148 0.299265
vn -0.894729 0.172097 0.412119
vn -0.658761 0.213895 0.721306
vn -0.908291 0.138864 0.394620
vn -0.930793 0.134503 0.339903
vn -0.789762 0.182473 0.585645
vn -0.922453 0.170390 0.346478
vn -0.522846 0.192939 0.830305
vn -0.915613 0.220292 0.336341
vn -0.945652 0.110008 0.306007
vn -0.924827 -0.216872 0.312510
vn -0.558331 0.097448 0.823875
vn -0.924818 -0.116102 0.362260
vn -0.900889 -0.158106 0.404231
vn -0.817784 0.145610 0.556801
vn -0.877481 -0.187812 0.441309
vn -0.205095 0.081053 0.975380
vn -0.846767 -0.084770 0.525166
vn -0.620363 -0.147271 0.770364
vn -0.852347 -0.214082 0.477152
vn -0.771792 -0.259596 0.580471
vn -0.574701 -0.254529 0.777775
vn -0.737930 -0.383580 0.555271
vn -0.801223 -0.349221 0.485888
vn -0.581736 -0.318184 0.748560
vn -0.886882 -0.427228 0.175830
vn -0.846920 -0.490475 0.205332
vn -0.713418 -0.642597 0.279469
vn -0.795570 -0.511274 0.325066
vn -0.710158 -0.623477 0.327035
vn -0.518488 -0.773177 0.365194
vn -0.319087 -0.807431 0.496225
vn 0.097302 -0.806425 0.583276
vn 0.133902 -0.825006 0.549032
vn -0.177244 -0.804405 0.567026
vn -0.056830 -0.709335 0.702577
vn -0.146956 -0.675780 0.722305
vn -0.177153 -0.620985 0.763541
vn -0.147594 -0.487990 0.860280
vn -0.153505 -0.447356 0.881084
vn 0.341643 0.188499 0.920733
vn 0.230901 0.192592 0.953726
vn 0.108481 -0.499011 0.859779
vn -0.049465 0.125616 0.990845
vn 0.010272 -0.473470 0.880750
vn 0.563013 -0.747272 0.352988
vn 0.547232 -0.824258 0.145383
vn 0.427966 0.097075 0.898567
vn 0.616150 -0.518348 0.593021
vn 0.695675 -0.340400 0.632585
vn 0.569366 0.021653 0.821799
vn 0.587845 0.092974 0.803613
vn 0.492695 -0.041465 0.869214
vn 0.576349 -0.460483 0.675113
vn 0.518264 -0.544662 0.659352
vn 0.622468 -0.496034 0.605380
vn 0.311835 -0.587797 0.746494
vn 0.275252 -0.605034 0.747108
vn 0.382800 -0.619106 0.685690
vn 0.359606 -0.654097 0.665463
vn 0.123048 -0.791796 0.598263
vn 0.600577 -0.769013 0.218920
vn 0.342931 -0.684212 0.643624
vn 0.613102 -0.753923 0.236020
vn 0.620205 -0.753496 0.218150
vn 0.598000 -0.745727 0.293746
vn 0.470326 0.393678 0.789817
vn 0.103082 0.846725 0.521949
vn 0.462958 0.446117 0.765930
vn 0.424316 0.439415 0.791751
vn 0.383006 0.399088 0.833088
vn 0.695779 0.378489 0.610441
vn 0.798112 0.402482 0.448359
vn 0.794040 0.304881 0.525878
vn 0.813088 0.431435 0.390836
vn 0.951328 0.275252 0.138610
vn 0.931011 0.300116 0.207724
vn 0.927032 0.314113 0.204806
vn 0.934276 0.289408 -0.208259
vn 0.941714 0.261041 -0.212210
vn 0.957078 0.257229 0.133547
vn 0.665511 -0.591022 0.455838
vn 0.579888 -0.740706 0.339242
vn 0.542118 -0.792600 0.279095
vn 0.683996 -0.728818 -0.031191
vn 0.753410 -0.656620 0.034990
vn 0.818566 -0.551686 0.159975
vn 0.332745 -0.918822 -0.212244
vn 0.417123 -0.887552 -0.195604
vn 0.610836 -0.781399 -0.127656
vn 0.151326 -0.967919 -0.200583
vn 0.003331 -0.913380 -0.407095
vn 0.079387 -0.969514 -0.231821
vn -0.032392 -0.906443 -0.421085
vn -0.063336 -0.961953 -0.265774
vn -0.074311 -0.962687 -0.260215
vn -0.437029 -0.899253 -0.018702
vn -0.600007 -0.793029 0.105340
vn -0.643821 -0.754546 0.127103
vn -0.607641 -0.792252 0.055771
vn -0.224062 -0.912543 -0.342141
vn -0.261439 -0.687311 -0.677682
vn -0.137408 -0.721006 -0.679168
vn -0.503032 -0.653287 -0.565840
vn -0.902292 -0.422015 0.088161
vn -0.512729 -0.845526 -0.148981
vn 0.717500 0.279321 0.638101
vn 0.810929 0.226132 0.539684
vn 0.785650 0.209124 0.582255
vn 0.970722 0.211027 0.114747
vn 0.856568 0.169320 0.487466
vn 0.960584 0.092529 0.262137
vn 0.989415 0.121502 0.079338
vn 0.937127 -0.106836 0.332232
vn 0.957259 -0.092517 0.274036
vn 0.758288 -0.401743 0.513422
vn 0.993063 0.053032 0.104947
vn 0.701235 -0.471617 0.534646
vn 0.728186 -0.447188 0.519392
vn 0.674542 -0.518060 0.525934
vn 0.992693 0.018371 -0.119257
vn 0.645420 -0.580952 0.495911
vn 0.924066 0.203473 -0.323576
vn 0.974964 -0.169166 0.144321
vn 0.920864 -0.063129 -0.384739
vn 0.891874 -0.333573 -0.305435
vn 0.786226 -0.479000 -0.390394
vn 0.937781 0.030816 -0.345858
vn 0.914791 0.174018 -0.364521
vn 0.905397 0.209000 -0.369560
vn 0.898161 0.177315 -0.402327
vn 0.884253 0.155397 -0.440396
vn 0.882995 0.143066 -0.447049
vn 0.910992 0.219928 -0.348891
vn 0.919309 0.207793 -0.334204
vn 0.928858 0.230885 -0.289681
vn 0.932601 0.277832 -0.230359
vn 0.893175 0.332688 -0.302583
vn 0.893113 0.447961 -0.040979
vn 0.856469 0.513641 0.051323
vn 0.257970 0.907455 0.331628
vn -0.049115 0.929340 -0.365945
vn 0.455289 0.507945 -0.731234
vn 0.529388 0.413367 -0.740862
vn 0.535190 0.396748 -0.745763
vn 0.528678 0.410106 -0.743177
vn 0.488863 0.410081 -0.769965
vn 0.564898 0.363927 -0.740572
vn 0.456362 0.391817 -0.798883
vn 0.757105 0.145692 -0.636841
vn 0.169119 0.301119 -0.938470
vn 0.659739 0.103133 -0.744384
vn 0.008216 -0.008729 -0.999928
vn 0.005449 0.185696 -0.982592
vn 0.032145 -0.191823 -0.980903
vn 0.375717 -0.130556 -0.917492
vn 0.444043 -0.311095 -0.840265
vn 0.752825 -0.092833 -0.651641
vn 0.167839 -0.431935 -0.886150
vn 0.101184 -0.466721 -0.878597
vn 0.720645 -0.236761 -0.651625
vn 0.289886 -0.603568 -0.742746
vn 0.638766 -0.335238 -0.692527
vn 0.298311 -0.679772 -0.670015
vn 0.166019 -0.844014 -0.509979
vn 0.599908 -0.612650 -0.514559
vn 0.822883 -0.236485 -0.516661
vn 0.491238 -0.483964 -0.724199
vn 0.589317 -0.782838 -0.199674
vn 0.328410 -0.766700 -0.551650
vn 0.470444 -0.495423 -0.730232
vn -0.441406 -0.416464 -0.794807
vn -0.510321 -0.693484 -0.508579
vn -0.639656 -0.683554 -0.351560
vn -0.801422 -0.374135 -0.466632
vn -0.988283 -0.087594 0.125001
vn -0.687682 -0.390756 -0.611884
vn -0.993217 -0.079548 0.084808
vn -0.404480 -0.427086 -0.808699
vn -0.630640 -0.390379 -0.670744
vn -0.996670 -0.075477 -0.030852
vn -0.388413 -0.276041 -0.879168
vn -0.615677 -0.374306 -0.693424
vn -0.495286 -0.262430 -0.828144
vn -0.470659 -0.008429 -0.882275
vn -0.718785 -0.222693 -0.658602
vn -0.709732 -0.177318 -0.681791
vn -0.933618 0.308645 -0.181920
vn -0.988603 0.149513 -0.017632
vn -0.919973 0.262044 -0.291518
vn -0.957188 0.286212 -0.043291
vn -0.977341 0.207916 -0.039692
vn -0.978200 0.207595 0.005305
vn -0.979045 0.201284 0.030916
vn -0.940455 0.248100 -0.232359
vn -0.890917 0.211995 -0.401653
vn -0.721857 -0.020886 -0.691727
vn -0.582513 0.277030 -0.764155
vn -0.781978 0.225757 -0.580985
vn -0.867830 0.337475 -0.364667
vn -0.821697 0.363562 -0.438904
vn -0.378395 0.421399 -0.824160
vn -0.309231 0.483190 -0.819087
vn -0.746526 0.393080 -0.536831
vn -0.708842 0.419220 -0.567273
vn -0.320718 0.434604 -0.841582
vn -0.300982 0.392476 -0.869122
vn -0.146215 0.390369 -0.908974
vn -0.130224 0.380179 -0.915700
vn -0.744113 0.406022 -0.530511
vn -0.585597 0.422584 -0.691736
vn -0.474673 0.880095 0.010898
vn -0.801475 0.546931 -0.241877
vn -0.251698 0.502212 -0.827304
vn -0.736850 0.662457 -0.134918
vn -0.747677 0.662458 0.046137
vn -0.764786 -0.575019 -0.290611
vn -0.793971 -0.575019 0.197391
vn 0.736849 0.662458 0.134918
vn 0.747678 0.662457 -0.046137
vn 0.764786 -0.575019 0.290611
vn 0.793971 -0.575019 -0.197391
vn 0.736849 0.662458 0.134918
vn -0.747677 0.662458 0.046137
vn -0.736850 0.662457 -0.134918
vn 0.747678 0.662457 -0.046137
vn 0.747678 0.662457 -0.046137
vn 0.844362 0.211474 -0.492273
vn 0.403622 -0.334104 0.851742
vn 0.764786 -0.575019 0.290611
vn 0.764786 -0.575019 0.290611
vn 0.403622 -0.334104 0.851742
vn -0.502257 -0.334104 0.797566
vn -0.793971 -0.575019 0.197391
vn -0.793971 -0.575019 0.197391
vn -0.502257 -0.334104 0.797566
vn -0.779674 0.211474 -0.589396
vn -0.736850 0.662457 -0.134918
vn -0.736850 0.662457 -0.134918
vn -0.779674 0.211474 -0.589396
vn 0.844362 0.211474 -0.492273
vn 0.747678 0.662457 -0.046137
vn -0.747677 0.662458 0.046137
vn -0.844362 0.211474 0.492273
vn -0.403621 -0.334104 -0.851742
vn -0.764786 -0.575019 -0.290611
vn -0.764786 -0.575019 -0.290611
vn -0.403621 -0.334104 -0.851742
vn 0.502257 -0.334104 -0.797567
vn 0.793971 -0.575019 -0.197391
vn 0.793971 -0.575019 -0.197391
vn 0.502257 -0.334104 -0.797567
vn 0.779673 0.211474 0.589397
vn 0.736849 0.662458 0.134918
vn 0.736849 0.662458 0.134918
vn 0.779673 0.211474 0.589397
vn -0.844362 0.211474 0.492273
vn -0.747677 0.662458 0.046137
vn 0.403622 -0.334104 0.851742
vn 0.844362 0.211474 -0.492273
vn 0.844362 -0.211474 -0.492273
vn 0.403622 0.334104 0.851742
vn -0.502257 -0.334104 0.797566
vn 0.403622 -0.334104 0.851742
vn 0.403622 0.334104 0.851742
vn -0.502257 0.334104 0.797566
vn -0.403621 -0.334104 -0.851742
vn -0.844362 0.211474 0.492273
vn -0.844362 -0.211474 0.492273
vn -0.403621 0.334104 -0.851742
vn 0.502257 -0.334104 -0.797567
vn -0.403621 -0.334104 -0.851742
vn -0.403621 0.334104 -0.851742
vn 0.502257 0.334104 -0.797567
vn -0.736850 -0.662457 -0.134918
vn -0.793971 0.575019 0.197391
vn -0.764786 0.575019 -0.290611
vn -0.747678 -0.662457 0.046137
vn 0.736850 -0.662457 0.134918
vn 0.793971 0.575019 -0.197391
vn 0.764786 0.575019 0.290611
vn 0.747678 -0.662457 -0.046137
vn 0.736850 -0.662457 0.134918
vn 0.747678 -0.662457 -0.046137
vn -0.736850 -0.662457 -0.134918
vn -0.747678 -0.662457 0.046137
vn 0.747678 -0.662457 -0.046137
vn 0.764786 0.575019 0.290611
vn 0.403622 0.334104 0.851742
vn 0.844362 -0.211474 -0.492273
vn 0.764786 0.575019 0.290611
vn -0.793971 0.575019 0.197391
vn -0.502257 0.334104 0.797566
vn 0.403622 0.334104 0.851742
vn -0.793971 0.575019 0.197391
vn -0.736850 -0.662457 -0.134918
vn -0.779673 -0.211474 -0.589397
vn -0.502257 0.334104 0.797566
vn -0.736850 -0.662457 -0.134918
vn 0.747678 -0.662457 -0.046137
vn 0.844362 -0.211474 -0.492273
vn -0.779673 -0.211474 -0.589397
vn -0.747678 -0.662457 0.046137
vn -0.764786 0.575019 -0.290611
vn -0.403621 0.334104 -0.851742
vn -0.844362 -0.211474 0.492273
vn -0.764786 0.575019 -0.290611
vn 0.793971 0.575019 -0.197391
vn 0.502257 0.334104 -0.797567
vn -0.403621 0.334104 -0.851742
vn 0.793971 0.575019 -0.197391
vn 0.736850 -0.662457 0.134918
vn 0.779673 -0.211474 0.589397
vn 0.502257 0.334104 -0.797567
vn 0.736850 -0.662457 0.134918
vn -0.747678 -0.662457 0.046137
vn -0.844362 -0.211474 0.492273
vn 0.779673 -0.211474 0.589397
vn -0.502257 -0.334104 0.797566
vn -0.502257 0.334104 0.797566
vn -0.779673 -0.211474 -0.589397
vn -0.779674 0.211474 -0.589396
vn -0.779674 0.211474 -0.589396
vn -0.779673 -0.211474 -0.589397
vn 0.844362 -0.211474 -0.492273
vn 0.844362 0.211474 -0.492273
vn 0.502257 -0.334104 -0.797567
vn 0.502257 0.334104 -0.797567
vn 0.779673 -0.211474 0.589397
vn 0.779673 0.211474 0.589397
vn 0.779673 0.211474 0.589397
vn 0.779673 -0.211474 0.589397
vn -0.844362 -0.211474 0.492273
vn -0.844362 0.211474 0.492273
vn 0.764786 -0.575019 0.290611
vn -0.793971 -0.575019 0.197391
vn -0.136472 -0.987733 0.075891
vn 0.126454 -0.987733 0.091615
vn -0.793971 -0.575019 0.197391
vn -0.764786 -0.575019 -0.290611
vn -0.126453 -0.987733 -0.091615
vn -0.136472 -0.987733 0.075891
vn -0.764786 -0.575019 -0.290611
vn 0.793971 -0.575019 -0.197391
vn 0.136471 -0.987733 -0.075891
vn -0.126453 -0.987733 -0.091615
vn 0.793971 -0.575019 -0.197391
vn 0.764786 -0.575019 0.290611
vn 0.126454 -0.987733 0.091615
vn 0.136471 -0.987733 -0.075891
vn 0.764786 0.575019 0.290611
vn 0.793971 0.575019 -0.197391
vn 0.136471 0.987733 -0.075891
vn 0.126452 0.987733 0.091615
vn 0.793971 0.575019 -0.197391
vn -0.764786 0.575019 -0.290611
vn -0.126453 0.987733 -0.091615
vn 0.136471 0.987733 -0.075891
vn -0.764786 0.575019 -0.290611
vn -0.793971 0.575019 0.197391
vn -0.136470 0.987733 0.075891
vn -0.126453 0.987733 -0.091615
vn -0.793971 0.575019 0.197391
vn 0.764786 0.575019 0.290611
vn 0.126452 0.987733 0.091615
vn -0.136470 0.987733 0.075891
vn 0.126454 -0.987733 0.091615
vn -0.136472 -0.987733 0.075891
vn -0.000000 -1.000000 -0.000000
vn -0.136472 -0.987733 0.075891
vn -0.126453 -0.987733 -0.091615
vn -0.000000 -1.000000 -0.000000
vn -0.126453 -0.987733 -0.091615
vn 0.136471 -0.987733 -0.075891
vn -0.000000 -1.000000 -0.000000
vn 0.136471 -0.987733 -0.075891
vn 0.126454 -0.987733 0.091615
vn -0.000000 -1.000000 -0.000000
vn 0.126452 0.987733 0.091615
vn 0.136471 0.987733 -0.075891
vn 0.000000 1.000000 0.000000
vn 0.136471 0.987733 -0.075891
vn -0.126453 0.987733 -0.091615
vn 0.000000 1.000000 0.000000
vn -0.126453 0.987733 -0.091615
vn -0.136470 0.987733 0.075891
vn 0.000000 1.000000 0.000000
vn -0.136470 0.987733 0.075891
vn 0.126452 0.987733 0.091615
vn 0.000000 1.000000 0.000000
vn -0.736850 0.662457 -0.134918
vn -0.747677 0.662458 0.046137
vn -0.764786 -0.575019 -0.290611
vn -0.793971 -0.575019 0.197391
vn 0.736849 0.662458 0.134918
vn 0.747678 0.662457 -0.046137
vn 0.764786 -0.575019 0.290611
vn 0.793971 -0.575019 -0.197391
vn 0.736849 0.662458 0.134918
vn -0.747677 0.662458 0.046137
vn -0.736850 0.662457 -0.134918
vn 0.747678 0.662457 -0.046137
vn 0.747678 0.662457 -0.046137
vn 0.844362 0.211474 -0.492273
vn 0.403622 -0.334104 0.851742
vn 0.764786 -0.575019 0.290611
vn 0.764786 -0.575019 0.290611
vn 0.403622 -0.334104 0.851742
vn -0.502257 -0.334104 0.797566
vn -0.793971 -0.575019 0.197391
vn -0.793971 -0.575019 0.197391
vn -0.502257 -0.334104 0.797566
vn -0.779674 0.211474 -0.589396
vn -0.736850 0.662457 -0.134918
vn -0.736850 0.662457 -0.134918
vn -0.779674 0.211474 -0.589396
vn 0.844362 0.211474 -0.492273
vn 0.747678 0.662457 -0.046137
vn -0.747677 0.662458 0.046137
vn -0.844362 0.211474 0.492273
vn -0.403621 -0.334104 -0.851742
vn -0.764786 -0.575019 -0.290611
vn -0.764786 -0.575019 -0.290611
vn -0.403621 -0.334104 -0.851742
vn 0.502257 -0.334104 -0.797567
vn 0.793971 -0.575019 -0.197391
vn 0.793971 -0.575019 -0.197391
vn 0.502257 -0.334104 -0.797567
vn 0.779673 0.211474 0.589397
vn 0.736849 0.662458 0.134918
vn 0.736849 0.662458 0.134918
vn 0.779673 0.211474 0.589397
vn -0.844362 0.211474 0.492273
vn -0.747677 0.662458 0.046137
vn 0.403622 -0.334104 0.851742
vn 0.844362 0.211474 -0.492273
vn 0.844362 -0.211474 -0.492273
vn 0.403622 0.334104 0.851742
vn -0.502257 -0.334104 0.797566
vn 0.403622 -0.334104 0.851742
vn 0.403622 0.334104 0.851742
vn -0.502257 0.334104 0.797566
vn -0.403621 -0.334104 -0.851742
vn -0.844362 0.211474 0.492273
vn -0.844362 -0.211474 0.492273
vn -0.403621 0.334104 -0.851742
vn 0.502257 -0.334104 -0.797567
vn -0.403621 -0.334104 -0.851742
vn -0.403621 0.334104 -0.851742
vn 0.502257 0.334104 -0.797567
vn -0.736850 -0.662457 -0.134918
vn -0.793971 0.575019 0.197391
vn -0.764786 0.575019 -0.290611
vn -0.747678 -0.662457 0.046137
vn 0.736850 -0.662457 0.134918
vn 0.793971 0.575019 -0.197391
vn 0.764786 0.575019 0.290611
vn 0.747678 -0.662457 -0.046137
vn 0.736850 -0.662457 0.134918
vn 0.747678 -0.662457 -0.046137
vn -0.736850 -0.662457 -0.134918
vn -0.747678 -0.662457 0.046137
vn 0.747678 -0.662457 -0.046137
vn 0.764786 0.575019 0.290611
vn 0.403622 0.334104 0.851742
vn 0.844362 -0.211474 -0.492273
vn 0.764786 0.575019 0.290611
vn -0.793971 0.575019 0.197391
vn -0.502257 0.334104 0.797566
vn 0.403622 0.334104 0.851742
vn -0.793971 0.575019 0.197391
vn -0.736850 -0.662457 -0.134918
vn -0.779673 -0.211474 -0.589397
vn -0.502257 0.334104 0.797566
vn -0.736850 -0.662457 -0.134918
vn 0.747678 -0.662457 -0.046137
vn 0.844362 -0.211474 -0.492273
vn -0.779673 -0.211474 -0.589397
vn -0.747678 -0.662457 0.046137
vn -0.764786 0.575019 -0.290611
vn -0.403621 0.334104 -0.851742
vn -0.844362 -0.211474 0.492273
vn -0.764786 0.575019 -0.290611
vn 0.793971 0.575019 -0.197391
vn 0.502257 0.334104 -0.797567
vn -0.403621 0.334104 -0.851742
vn 0.793971 0.575019 -0.197391
vn 0.736850 -0.662457 0.134918
vn 0.779673 -0.211474 0.589397
vn 0.502257 0.334104 -0.797567
vn 0.736850 -0.662457 0.134918
vn -0.747678 -0.662457 0.046137
vn -0.844362 -0.211474 0.492273
vn 0.779673 -0.211474 0.589397
vn -0.502257 -0.334104 0.797566
vn -0.502257 0.334104 0.797566
vn -0.779673 -0.211474 -0.589397
vn -0.779674 0.211474 -0.589396
vn -0.779674 0.211474 -0.589396
vn -0.779673 -0.211474 -0.589397
vn 0.844362 -0.211474 -0.492273
vn 0.844362 0.211474 -0.492273
vn 0.502257 -0.334104 -0.797567
vn 0.502257 0.334104 -0.797567
vn 0.779673 -0.211474 0.589397
vn 0.779673 0.211474 0.589397
vn 0.779673 0.211474 0.589397
vn 0.779673 -0.211474 0.589397
vn -0.844362 -0.211474 0.492273
vn -0.844362 0.211474 0.492273
vn 0.764786 -0.575019 0.290611
vn -0.793971 -0.575019 0.197391
vn -0.136472 -0.987733 0.075891
vn 0.126454 -0.987733 0.091615
vn -0.793971 -0.575019 0.197391
vn -0.764786 -0.575019 -0.290611
vn -0.126453 -0.987733 -0.091615
vn -0.136472 -0.987733 0.075891
vn -0.764786 -0.575019 -0.290611
vn 0.793971 -0.575019 -0.197391
vn 0.136471 -0.987733 -0.075891
vn -0.126453 -0.987733 -0.091615
vn 0.793971 -0.575019 -0.197391
vn 0.764786 -0.575019 0.290611
vn 0.126454 -0.987733 0.091615
vn 0.136471 -0.987733 -0.075891
vn 0.764786 0.575019 0.290611
vn 0.793971 0.575019 -0.197391
vn 0.136471 0.987733 -0.075891
vn 0.126452 0.987733 0.091615
vn 0.793971 0.575019 -0.197391
vn -0.764786 0.575019 -0.290611
vn -0.126453 0.987733 -0.091615
vn 0.136471 0.987733 -0.075891
vn -0.764786 0.575019 -0.290611
vn -0.793971 0.575019 0.197391
vn -0.136470 0.987733 0.075891
vn -0.126453 0.987733 -0.091615
vn -0.793971 0.575019 0.197391
vn 0.764786 0.575019 0.290611
vn 0.126452 0.987733 0.091615
vn -0.136470 0.987733 0.075891
vn 0.126454 -0.987733 0.091615
vn -0.136472 -0.987733 0.075891
vn -0.000000 -1.000000 -0.000000
vn -0.136472 -0.987733 0.075891
vn -0.126453 -0.987733 -0.091615
vn -0.000000 -1.000000 -0.000000
vn -0.126453 -0.987733 -0.091615
vn 0.136471 -0.987733 -0.075891
vn -0.000000 -1.000000 -0.000000
vn 0.136471 -0.987733 -0.075891
vn 0.126454 -0.987733 0.091615
vn -0.000000 -1.000000 -0.000000
vn 0.126452 0.987733 0.091615
vn 0.136471 0.987733 -0.075891
vn 0.000000 1.000000 0.000000
vn 0.136471 0.987733 -0.075891
vn -0.126453 0.987733 -0.091615
vn 0.000000 1.000000 0.000000
vn -0.126453 0.987733 -0.091615
vn -0.136470 0.987733 0.075891
vn 0.000000 1.000000 0.000000
vn -0.136470 0.987733 0.075891
vn 0.126452 0.987733 0.091615
vn 0.000000 1.000000 0.000000
vn -0.125583 0.662457 0.738498
vn 0.055594 0.662458 0.747034
vn -0.280911 -0.575019 0.768402
vn 0.207421 -0.575019 0.791410
vn 0.125583 0.662458 -0.738498
vn -0.055594 0.662457 -0.747034
vn 0.280911 -0.575019 -0.768402
vn -0.207421 -0.575019 -0.791410
vn 0.125583 0.662458 -0.738498
vn 0.055594 0.662458 0.747034
vn -0.125583 0.662457 0.738498
vn -0.055594 0.662457 -0.747034
vn -0.055594 0.662457 -0.747034
vn -0.502917 0.211474 -0.838065
vn 0.846566 -0.334104 -0.414367
vn 0.280911 -0.575019 -0.768402
vn 0.280911 -0.575019 -0.768402
vn 0.846566 -0.334104 -0.414367
vn 0.803858 -0.334104 0.492125
vn 0.207421 -0.575019 0.791410
vn 0.207421 -0.575019 0.791410
vn 0.803858 -0.334104 0.492125
vn -0.579484 0.211474 0.787069
vn -0.125583 0.662457 0.738498
vn -0.125583 0.662457 0.738498
vn -0.579484 0.211474 0.787069
vn -0.502917 0.211474 -0.838065
vn -0.055594 0.662457 -0.747034
vn 0.055594 0.662458 0.747034
vn 0.502917 0.211474 0.838065
vn -0.846567 -0.334104 0.414366
vn -0.280911 -0.575019 0.768402
vn -0.280911 -0.575019 0.768402
vn -0.846567 -0.334104 0.414366
vn -0.803858 -0.334104 -0.492125
vn -0.207421 -0.575019 -0.791410
vn -0.207421 -0.575019 -0.791410
vn -0.803858 -0.334104 -0.492125
vn 0.579484 0.211474 -0.787069
vn 0.125583 0.662458 -0.738498
vn 0.125583 0.662458 -0.738498
vn 0.579484 0.211474 -0.787069
vn 0.502917 0.211474 0.838065
vn 0.055594 0.662458 0.747034
vn 0.846566 -0.334104 -0.414367
vn -0.502917 0.211474 -0.838065
vn -0.502917 -0.211474 -0.838065
vn 0.846566 0.334104 -0.414367
vn 0.803858 -0.334104 0.492125
vn 0.846566 -0.334104 -0.414367
vn 0.846566 0.334104 -0.414367
vn 0.803858 0.334104 0.492125
vn -0.846567 -0.334104 0.414366
vn 0.502917 0.211474 0.838065
vn 0.502917 -0.211474 0.838065
vn -0.846567 0.334104 0.414366
vn -0.803858 -0.334104 -0.492125
vn -0.846567 -0.334104 0.414366
vn -0.846567 0.334104 0.414366
vn -0.803858 0.334104 -0.492125
vn -0.125583 -0.662457 0.738498
vn 0.207421 0.575019 0.791410
vn -0.280911 0.575019 0.768402
vn 0.055594 -0.662457 0.747034
vn 0.125583 -0.662457 -0.738498
vn -0.207421 0.575019 -0.791410
vn 0.280911 0.575019 -0.768402
vn -0.055594 -0.662457 -0.747034
vn 0.125583 -0.662457 -0.738498
vn -0.055594 -0.662457 -0.747034
vn -0.125583 -0.662457 0.738498
vn 0.055594 -0.662457 0.747034
vn -0.055594 -0.662457 -0.747034
vn 0.280911 0.575019 -0.768402
vn 0.846566 0.334104 -0.414367
vn -0.502917 -0.211474 -0.838065
vn 0.280911 0.575019 -0.768402
vn 0.207421 0.575019 0.791410
vn 0.803858 0.334104 0.492125
vn 0.846566 0.334104 -0.414367
vn 0.207421 0.575019 0.791410
vn -0.125583 -0.662457 0.738498
vn -0.579484 -0.211474 0.787069
vn 0.803858 0.334104 0.492125
vn -0.125583 -0.662457 0.738498
vn -0.055594 -0.662457 -0.747034
vn -0.502917 -0.211474 -0.838065
vn -0.579484 -0.211474 0.787069
vn 0.055594 -0.662457 0.747034
vn -0.280911 0.575019 0.768402
vn -0.846567 0.334104 0.414366
vn 0.502917 -0.211474 0.838065
vn -0.280911 0.575019 0.768402
vn -0.207421 0.575019 -0.791410
vn -0.803858 0.334104 -0.492125
vn -0.846567 0.334104 0.414366
vn -0.207421 0.575019 -0.791410
vn 0.125583 -0.662457 -0.738498
vn 0.579484 -0.211474 -0.787069
vn -0.803858 0.334104 -0.492125
vn 0.125583 -0.662457 -0.738498
vn 0.055594 -0.662457 0.747034
vn 0.502917 -0.211474 0.838065
vn 0.579484 -0.211474 -0.787069
vn 0.803858 -0.334104 0.492125
vn 0.803858 0.334104 0.492125
vn -0.579484 -0.211474 0.787069
vn -0.579484 0.211474 0.787069
vn -0.579484 0.211474 0.787069
vn -0.579484 -0.211474 0.787069
vn -0.502917 -0.211474 -0.838065
vn -0.502917 0.211474 -0.838065
vn -0.803858 -0.334104 -0.492125
vn -0.803858 0.334104 -0.492125
vn 0.579484 -0.211474 -0.787069
vn 0.579484 0.211474 -0.787069
vn 0.579484 0.211474 -0.787069
vn 0.579484 -0.211474 -0.787069
vn 0.502917 -0.211474 0.838065
vn 0.502917 0.211474 0.838065
vn 0.280911 -0.575019 -0.768402
vn 0.207421 -0.575019 0.791410
vn 0.077612 -0.987733 0.135501
vn 0.090008 -0.987733 -0.127603
vn 0.207421 -0.575019 0.791410
vn -0.280911 -0.575019 0.768402
vn -0.090008 -0.987733 0.127602
vn 0.077612 -0.987733 0.135501
vn -0.280911 -0.575019 0.768402
vn -0.207421 -0.575019 -0.791410
vn -0.077612 -0.987733 -0.135500
vn -0.090008 -0.987733 0.127602
vn -0.207421 -0.575019 -0.791410
vn 0.280911 -0.575019 -0.768402
vn 0.090008 -0.987733 -0.127603
vn -0.077612 -0.987733 -0.135500
vn 0.280911 0.575019 -0.768402
vn -0.207421 0.575019 -0.791410
vn -0.077612 0.987733 -0.135500
vn 0.090008 0.987733 -0.127601
vn -0.207421 0.575019 -0.791410
vn -0.280911 0.575019 0.768402
vn -0.090008 0.987733 0.127602
vn -0.077612 0.987733 -0.135500
vn -0.280911 0.575019 0.768402
vn 0.207421 0.575019 0.791410
vn 0.077612 0.987733 0.135499
vn -0.090008 0.987733 0.127602
vn 0.207421 0.575019 0.791410
vn 0.280911 0.575019 -0.768402
vn 0.090008 0.987733 -0.127601
vn 0.077612 0.987733 0.135499
vn 0.090008 -0.987733 -0.127603
vn 0.077612 -0.987733 0.135501
vn -0.000000 -1.000000 0.000000
vn 0.077612 -0.987733 0.135501
vn -0.090008 -0.987733 0.127602
vn -0.000000 -1.000000 0.000000
vn -0.090008 -0.987733 0.127602
vn -0.077612 -0.987733 -0.135500
vn -0.000000 -1.000000 0.000000
vn -0.077612 -0.987733 -0.135500
vn 0.090008 -0.987733 -0.127603
vn -0.000000 -1.000000 0.000000
vn 0.090008 0.987733 -0.127601
vn -0.077612 0.987733 -0.135500
vn 0.000000 1.000000 -0.000000
vn -0.077612 0.987733 -0.135500
vn -0.090008 0.987733 0.127602
vn 0.000000 1.000000 -0.000000
vn -0.090008 0.987733 0.127602
vn 0.077612 0.987733 0.135499
vn 0.000000 1.000000 -0.000000
vn 0.077612 0.987733 0.135499
vn 0.090008 0.987733 -0.127601
vn 0.000000 1.000000 -0.000000
vn -0.125583 0.662457 0.738498
vn 0.055594 0.662458 0.747034
vn -0.280911 -0.575019 0.768402
vn 0.207421 -0.575019 0.791410
vn 0.125583 0.662458 -0.738498
vn -0.055594 0.662457 -0.747034
vn 0.280911 -0.575019 -0.768402
vn -0.207421 -0.575019 -0.791410
vn 0.125583 0.662458 -0.738498
vn 0.055594 0.662458 0.747034
vn -0.125583 0.662457 0.738498
vn -0.055594 0.662457 -0.747034
vn -0.055594 0.662457 -0.747034
vn -0.502917 0.211474 -0.838065
vn 0.846566 -0.334104 -0.414367
vn 0.280911 -0.575019 -0.768402
vn 0.280911 -0.575019 -0.768402
vn 0.846566 -0.334104 -0.414367
vn 0.803858 -0.334104 0.492125
vn 0.207421 -0.575019 0.791410
vn 0.207421 -0.575019 0.791410
vn 0.803858 -0.334104 0.492125
vn -0.579484 0.211474 0.787069
vn -0.125583 0.662457 0.738498
vn -0.125583 0.662457 0.738498
vn -0.579484 0.211474 0.787069
vn -0.502917 0.211474 -0.838065
vn -0.055594 0.662457 -0.747034
vn 0.055594 0.662458 0.747034
vn 0.502917 0.211474 0.838065
vn -0.846567 -0.334104 0.414366
vn -0.280911 -0.575019 0.768402
vn -0.280911 -0.575019 0.768402
vn -0.846567 -0.334104 0.414366
vn -0.803858 -0.334104 -0.492125
vn -0.207421 -0.575019 -0.791410
vn -0.207421 -0.575019 -0.791410
vn -0.803858 -0.334104 -0.492125
vn 0.579484 0.211474 -0.787069
vn 0.125583 0.662458 -0.738498
vn 0.125583 0.662458 -0.738498
vn 0.579484 0.211474 -0.787069
vn 0.502917 0.211474 0.838065
vn 0.055594 0.662458 0.747034
vn 0.846566 -0.334104 -0.414367
vn -0.502917 0.211474 -0.838065
vn -0.502917 -0.211474 -0.838065
vn 0.846566 0.334104 -0.414367
vn 0.803858 -0.334104 0.492125
vn 0.846566 -0.334104 -0.414367
vn 0.846566 0.334104 -0.414367
vn 0.803858 0.334104 0.492125
vn -0.846567 -0.334104 0.414366
vn 0.502917 0.211474 0.838065
vn 0.502917 -0.211474 0.838065
vn -0.846567 0.334104 0.414366
vn -0.803858 -0.334104 -0.492125
vn -0.846567 -0.334104 0.414366
vn -0.846567 0.334104 0.414366
vn -0.803858 0.334104 -0.492125
vn -0.125583 -0.662457 0.738498
vn 0.207421 0.575019 0.791410
vn -0.280911 0.575019 0.768402
vn 0.055594 -0.662457 0.747034
vn 0.125583 -0.662457 -0.738498
vn -0.207421 0.575019 -0.791410
vn 0.280911 0.575019 -0.768402
vn -0.055594 -0.662457 -0.747034
vn 0.125583 -0.662457 -0.738498
vn -0.055594 -0.662457 -0.747034
vn -0.125583 -0.662457 0.738498
vn 0.055594 -0.662457 0.747034
vn -0.055594 -0.662457 -0.747034
vn 0.280911 0.575019 -0.768402
vn 0.846566 0.334104 -0.414367
vn -0.502917 -0.211474 -0.838065
vn 0.280911 0.575019 -0.768402
vn 0.207421 0.575019 0.791410
vn 0.803858 0.334104 0.492125
vn 0.846566 0.334104 -0.414367
vn 0.207421 0.575019 0.791410
vn -0.125583 -0.662457 0.738498
vn -0.579484 -0.211474 0.787069
vn 0.803858 0.334104 0.492125
vn -0.125583 -0.662457 0.738498
vn -0.055594 -0.662457 -0.747034
vn -0.502917 -0.211474 -0.838065
vn -0.579484 -0.211474 0.787069
vn 0.055594 -0.662457 0.747034
vn -0.280911 0.575019 0.768402
vn -0.846567 0.334104 0.414366
vn 0.502917 -0.211474 0.838065
vn -0.280911 0.575019 0.768402
vn -0.207421 0.575019 -0.791410
vn -0.803858 0.334104 -0.492125
vn -0.846567 0.334104 0.414366
vn -0.207421 0.575019 -0.791410
vn 0.125583 -0.662457 -0.738498
vn 0.579484 -0.211474 -0.787069
vn -0.803858 0.334104 -0.492125
vn 0.125583 -0.662457 -0.738498
vn 0.055594 -0.662457 0.747034
vn 0.502917 -0.211474 0.838065
vn 0.579484 -0.211474 -0.787069
vn 0.803858 -0.334104 0.492125
vn 0.803858 0.334104 0.492125
vn -0.579484 -0.211474 0.787069
vn -0.579484 0.211474 0.787069
vn -0.579484 0.211474 0.787069
vn -0.579484 -0.211474 0.787069
vn -0.502917 -0.211474 -0.838065
vn -0.502917 0.211474 -0.838065
vn -0.803858 -0.334104 -0.492125
vn -0.803858 0.334104 -0.492125
vn 0.579484 -0.211474 -0.787069
vn 0.579484 0.211474 -0.787069
vn 0.579484 0.211474 -0.787069
vn 0.579484 -0.211474 -0.787069
vn 0.502917 -0.211474 0.838065
vn 0.502917 0.211474 0.838065
vn 0.280911 -0.575019 -0.768402
vn 0.207421 -0.575019 0.791410
vn 0.077612 -0.987733 0.135501
vn 0.090008 -0.987733 -0.127603
vn 0.207421 -0.575019 0.791410
vn -0.280911 -0.575019 0.768402
vn -0.090008 -0.987733 0.127602
vn 0.077612 -0.987733 0.135501
vn -0.280911 -0.575019 0.768402
vn -0.207421 -0.575019 -0.791410
vn -0.077612 -0.987733 -0.135500
vn -0.090008 -0.987733 0.127602
vn -0.207421 -0.575019 -0.791410
vn 0.280911 -0.575019 -0.768402
vn 0.090008 -0.987733 -0.127603
vn -0.077612 -0.987733 -0.135500
vn 0.280911 0.575019 -0.768402
vn -0.207421 0.575019 -0.791410
vn -0.077612 0.987733 -0.135500
vn 0.090008 0.987733 -0.127601
vn -0.207421 0.575019 -0.791410
vn -0.280911 0.575019 0.768402
vn -0.090008 0.987733 0.127602
vn -0.077612 0.987733 -0.135500
vn -0.280911 0.575019 0.768402
vn 0.207421 0.575019 0.791410
vn 0.077612 0.987733 0.135499
vn -0.090008 0.987733 0.127602
vn 0.207421 0.575019 0.791410
vn 0.280911 0.575019 -0.768402
vn 0.090008 0.987733 -0.127601
vn 0.077612 0.987733 0.135499
vn 0.090008 -0.987733 -0.127603
vn 0.077612 -0.987733 0.135501
vn -0.000000 -1.000000 0.000000
vn 0.077612 -0.987733 0.135501
vn -0.090008 -0.987733 0.127602
vn -0.000000 -1.000000 0.000000
vn -0.090008 -0.987733 0.127602
vn -0.077612 -0.987733 -0.135500
vn -0.000000 -1.000000 0.000000
vn -0.077612 -0.987733 -0.135500
vn 0.090008 -0.987733 -0.127603
vn -0.000000 -1.000000 0.000000
vn 0.090008 0.987733 -0.127601
vn -0.077612 0.987733 -0.135500
vn 0.000000 1.000000 -0.000000
vn -0.077612 0.987733 -0.135500
vn -0.090008 0.987733 0.127602
vn 0.000000 1.000000 -0.000000
vn -0.090008 0.987733 0.127602
vn 0.077612 0.987733 0.135499
vn 0.000000 1.000000 -0.000000
vn 0.077612 0.987733 0.135499
vn 0.090008 0.987733 -0.127601
vn 0.000000 1.000000 -0.000000
vn -0.082536 -0.759858 0.644828
vn 0.098827 -0.759858 0.642534
vn -0.251937 -0.766208 -0.591145
vn 0.236898 -0.766208 -0.597331
vn 0.099296 0.726860 0.679569
vn -0.082068 0.726861 0.681864
vn 0.237390 0.794850 -0.558444
vn -0.251445 0.794850 -0.552258
vn 0.099296 0.726860 0.679569
vn 0.098827 -0.759858 0.642534
vn -0.082536 -0.759858 0.644828
vn -0.082068 0.726861 0.681864
vn -0.082068 0.726861 0.681864
vn -0.538826 0.807949 0.238505
vn 0.821978 0.461929 -0.333127
vn 0.237390 0.794850 -0.558444
vn 0.237390 0.794850 -0.558444
vn 0.821978 0.461929 -0.333127
vn 0.821692 -0.445287 -0.355726
vn 0.236898 -0.766208 -0.597331
vn 0.236898 -0.766208 -0.597331
vn 0.821692 -0.445287 -0.355726
vn -0.539339 -0.818483 0.197989
vn -0.082536 -0.759858 0.644828
vn -0.082536 -0.759858 0.644828
vn -0.539339 -0.818483 0.197989
vn -0.538826 0.807949 0.238505
vn -0.082068 0.726861 0.681864
vn 0.098827 -0.759858 0.642534
vn 0.544176 -0.818483 0.184278
vn -0.830431 -0.445286 -0.334820
vn -0.251937 -0.766208 -0.591145
vn -0.251937 -0.766208 -0.591145
vn -0.830431 -0.445286 -0.334820
vn -0.830145 0.461928 -0.312221
vn -0.251445 0.794850 -0.552258
vn -0.251445 0.794850 -0.552258
vn -0.830145 0.461928 -0.312221
vn 0.544689 0.807949 0.224794
vn 0.099296 0.726860 0.679569
vn 0.099296 0.726860 0.679569
vn 0.544689 0.807949 0.224794
vn 0.544176 -0.818483 0.184278
vn 0.098827 -0.759858 0.642534
vn 0.821978 0.461929 -0.333127
vn -0.538826 0.807949 0.238505
vn -0.544176 0.818483 -0.184278
vn 0.830431 0.445287 0.334820
vn 0.821692 -0.445287 -0.355726
vn 0.821978 0.461929 -0.333127
vn 0.830431 0.445287 0.334820
vn 0.830145 -0.461929 0.312220
vn -0.830431 -0.445286 -0.334820
vn 0.544176 -0.818483 0.184278
vn 0.538826 -0.807949 -0.238505
vn -0.821979 -0.461928 0.333127
vn -0.830145 0.461928 -0.312221
vn -0.830431 -0.445286 -0.334820
vn -0.821979 -0.461928 0.333127
vn -0.821693 0.445286 0.355727
vn -0.099296 -0.726861 -0.679569
vn 0.251445 -0.794850 0.552258
vn -0.237390 -0.794850 0.558444
vn 0.082068 -0.726861 -0.681864
vn 0.082536 0.759858 -0.644828
vn -0.236898 0.766208 0.597331
vn 0.251937 0.766208 0.591145
vn -0.098827 0.759858 -0.642533
vn 0.082536 0.759858 -0.644828
vn -0.098827 0.759858 -0.642533
vn -0.099296 -0.726861 -0.679569
vn 0.082068 -0.726861 -0.681864
vn -0.098827 0.759858 -0.642533
vn 0.251937 0.766208 0.591145
vn 0.830431 0.445287 0.334820
vn -0.544176 0.818483 -0.184278
vn 0.251937 0.766208 0.591145
vn 0.251445 -0.794850 0.552258
vn 0.830145 -0.461929 0.312220
vn 0.830431 0.445287 0.334820
vn 0.251445 -0.794850 0.552258
vn -0.099296 -0.726861 -0.679569
vn -0.544689 -0.807949 -0.224794
vn 0.830145 -0.461929 0.312220
vn -0.099296 -0.726861 -0.679569
vn -0.098827 0.759858 -0.642533
vn -0.544176 0.818483 -0.184278
vn -0.544689 -0.807949 -0.224794
vn 0.082068 -0.726861 -0.681864
vn -0.237390 -0.794850 0.558444
vn -0.821979 -0.461928 0.333127
vn 0.538826 -0.807949 -0.238505
vn -0.237390 -0.794850 0.558444
vn -0.236898 0.766208 0.597331
vn -0.821693 0.445286 0.355727
vn -0.821979 -0.461928 0.333127
vn -0.236898 0.766208 0.597331
vn 0.082536 0.759858 -0.644828
vn 0.539339 0.818483 -0.197989
vn -0.821693 0.445286 0.355727
vn 0.082536 0.759858 -0.644828
vn 0.082068 -0.726861 -0.681864
vn 0.538826 -0.807949 -0.238505
vn 0.539339 0.818483 -0.197989
vn 0.821692 -0.445287 -0.355726
vn 0.830145 -0.461929 0.312220
vn -0.544689 -0.807949 -0.224794
vn -0.539339 -0.818483 0.197989
vn -0.539339 -0.818483 0.197989
vn -0.544689 -0.807949 -0.224794
vn -0.544176 0.818483 -0.184278
vn -0.538826 0.807949 0.238505
vn -0.830145 0.461928 -0.312221
vn -0.821693 0.445286 0.355727
vn 0.539339 0.818483 -0.197989
vn 0.544689 0.807949 0.224794
vn 0.544689 0.807949 0.224794
vn 0.539339 0.818483 -0.197989
vn 0.538826 -0.807949 -0.238505
vn 0.544176 -0.818483 0.184278
vn 0.237390 0.794850 -0.558444
vn 0.236898 -0.766208 -0.597331
vn 0.071361 -0.107057 -0.991689
vn 0.071444 0.156257 -0.985129
vn 0.236898 -0.766208 -0.597331
vn -0.251937 -0.766208 -0.591145
vn -0.096432 -0.107056 -0.989566
vn 0.071361 -0.107057 -0.991689
vn -0.251937 -0.766208 -0.591145
vn -0.251445 0.794850 -0.552258
vn -0.096349 0.156256 -0.983006
vn -0.096432 -0.107056 -0.989566
vn -0.251445 0.794850 -0.552258
vn 0.237390 0.794850 -0.558444
vn 0.071444 0.156257 -0.985129
vn -0.096349 0.156256 -0.983006
vn 0.251937 0.766208 0.591145
vn -0.236898 0.766208 0.597331
vn -0.071361 0.107056 0.991689
vn 0.096432 0.107055 0.989566
vn -0.236898 0.766208 0.597331
vn -0.237390 -0.794850 0.558444
vn -0.071444 -0.156256 0.985129
vn -0.071361 0.107056 0.991689
vn -0.237390 -0.794850 0.558444
vn 0.251445 -0.794850 0.552258
vn 0.096349 -0.156255 0.983006
vn -0.071444 -0.156256 0.985129
vn 0.251445 -0.794850 0.552258
vn 0.251937 0.766208 0.591145
vn 0.096432 0.107055 0.989566
vn 0.096349 -0.156255 0.983006
vn 0.071444 0.156257 -0.985129
vn 0.071361 -0.107057 -0.991689
vn -0.012649 0.024905 -0.999610
vn 0.071361 -0.107057 -0.991689
vn -0.096432 -0.107056 -0.989566
vn -0.012649 0.024905 -0.999610
vn -0.096432 -0.107056 -0.989566
vn -0.096349 0.156256 -0.983006
vn -0.012649 0.024905 -0.999610
vn -0.096349 0.156256 -0.983006
vn 0.071444 0.156257 -0.985129
vn -0.012649 0.024905 -0.999610
vn 0.096432 0.107055 0.989566
vn -0.071361 0.107056 0.991689
vn 0.012649 -0.024905 0.999610
vn -0.071361 0.107056 0.991689
vn -0.071444 -0.156256 0.985129
vn 0.012649 -0.024905 0.999610
vn -0.071444 -0.156256 0.985129
vn 0.096349 -0.156255 0.983006
vn 0.012649 -0.024905 0.999610
vn 0.096349 -0.156255 0.983006
vn 0.096432 0.107055 0.989566
vn 0.012649 -0.024905 0.999610
vn 0.582382 0.807882 -0.090323
vn 0.978339 0.170652 -0.117176
vn 0.922876 0.185769 -0.337327
vn 0.532714 0.825364 -0.187057
vn 0.922684 0.168439 -0.346818
vn 0.558596 0.805745 -0.196841
vn -0.018433 0.912307 -0.409092
vn -0.089447 0.042420 -0.995088
vn -0.418771 0.043591 -0.907045
vn -0.148912 0.924068 -0.352027
vn -0.592031 0.091749 -0.800676
vn -0.262902 0.901950 -0.342592
vn -0.875629 0.184211 -0.446475
vn -0.409895 0.892315 -0.189103
vn -0.974231 0.225440 0.007180
vn -0.428812 0.903256 -0.015782
vn -0.964316 0.169459 0.203416
vn -0.419411 0.904591 0.076218
vn -0.934342 0.127504 0.332789
vn -0.416257 0.897388 0.146369
vn -0.806715 0.155161 0.570207
vn -0.352181 0.899898 0.257202
vn -0.579419 0.191660 0.792175
vn -0.248900 0.905244 0.344357
vn -0.329421 0.207662 0.921064
vn -0.153796 0.886988 0.435430
vn -0.026818 0.225151 0.973955
vn 0.008846 0.870897 0.491386
vn 0.272885 0.240433 0.931518
vn 0.150743 0.883336 0.443840
vn 0.227474 0.972508 -0.049828
vn 0.228304 0.970897 -0.072366
vn 0.200982 0.977431 -0.065071
vn 0.006278 0.995003 -0.099651
vn -0.022694 0.995653 -0.090338
vn -0.043079 0.997343 -0.058744
vn -0.054815 0.997968 -0.032478
vn -0.061489 0.998066 -0.009134
vn -0.065060 0.997676 0.020234
vn -0.071579 0.997088 0.026291
vn -0.067143 0.996838 0.042494
vn -0.047595 0.996711 0.065588
vn -0.030725 0.996233 0.081092
vn 0.016459 0.992357 0.122300
vn 0.065700 0.988772 0.134217
vn 0.994623 0.089647 -0.051855
vn 0.933418 0.118113 -0.338792
vn 0.926126 0.128587 -0.354623
vn -0.083351 -0.008530 -0.996484
vn -0.411854 0.006999 -0.911223
vn -0.592333 0.056661 -0.803699
vn -0.892806 0.135966 -0.429431
vn -0.983617 0.178546 0.024865
vn -0.965624 0.120646 0.230251
vn -0.934445 0.064351 0.350246
vn -0.801572 0.114613 0.586811
vn -0.570118 0.178792 0.801872
vn -0.306593 0.190092 0.932666
vn -0.017210 0.155623 0.987667
vn 0.284969 0.127999 0.949952
vn 0.949720 0.015652 0.312709
vn 0.961072 0.084046 0.263205
vn 0.514198 0.854903 0.068860
vn 0.166451 0.986033 0.005696
vn 0.442238 0.872948 0.205881
vn 0.087497 0.991837 0.092760
vn 0.188140 0.889959 0.415423
vn 0.421637 0.255199 0.870112
vn 0.837541 0.085575 0.539632
vn 0.708176 0.041577 0.704811
vn 0.173662 0.982487 -0.067531
vn 0.539978 0.776233 -0.325401
vn 0.884897 0.225040 -0.407817
vn 0.915798 0.132327 -0.379214
vn 0.306981 0.928379 -0.209466
vn 0.891951 0.282961 -0.352643
vn 0.786687 0.108857 -0.607680
vn 0.924362 0.277126 -0.262214
vn 0.421981 0.050848 -0.905177
vn 0.408839 0.097626 -0.907369
vn 0.672600 0.200691 -0.712273
vn 0.161355 0.920153 -0.356769
vn 0.042148 0.994948 -0.091114
vn 0.613714 0.765075 -0.194974
vn 0.098889 0.991488 -0.084689
vn 0.284980 0.920672 -0.266739
vn 0.345566 -0.927037 0.145555
vn 0.239334 -0.932384 0.270887
vn 0.090802 -0.936495 0.338720
vn 0.026535 -0.991553 0.126957
vn 0.051285 -0.995712 0.076992
vn 0.081120 -0.996054 0.036011
vn 0.328992 -0.935534 -0.128612
vn 0.347577 -0.923823 -0.160444
vn 0.391165 -0.910534 -0.133859
vn 0.111659 -0.992892 -0.041206
vn 0.103769 -0.992687 -0.061683
vn 0.113648 -0.991686 -0.060357
vn -0.152012 -0.911166 -0.382975
vn -0.035775 -0.941501 -0.335107
vn 0.114169 -0.947974 -0.297173
vn 0.027863 -0.995892 -0.086153
vn -0.014333 -0.993769 -0.110530
vn -0.055684 -0.987040 -0.150507
vn -0.551030 -0.834446 0.008109
vn -0.468561 -0.847553 -0.249208
vn -0.550101 -0.819811 0.159053
vn -0.204843 -0.974030 -0.096465
vn -0.260145 -0.965479 0.013219
vn -0.284289 -0.955288 0.081264
vn -0.253127 -0.902118 0.349442
vn -0.430728 -0.853366 0.293665
vn -0.133070 -0.914368 0.382392
vn -0.189217 -0.974872 0.117564
vn -0.095433 -0.986814 0.130734
vn -0.054724 -0.990016 0.129896
vn 0.416611 -0.909049 -0.008093
vn 0.102816 -0.994666 -0.008241
vn -0.285973 -0.871814 -0.397694
vn -0.120809 -0.978502 -0.167147
vn 0.002392 -0.932685 0.360683
vn -0.000237 -0.989684 0.143269
vn 0.279484 -0.938167 -0.204280
vn 0.089828 -0.994440 -0.054949
vn -0.508382 -0.840211 0.188662
vn -0.272162 -0.957231 0.098168
vn 0.974333 0.127972 -0.185198
vn 0.977482 0.027004 -0.209285
vn 0.924457 0.009311 -0.381174
vn 0.920630 0.051634 -0.387007
vn 0.895999 0.201622 -0.395644
vn 0.938269 0.078480 -0.336887
vn 0.966396 0.136635 -0.217735
vn 0.935926 0.152795 -0.317327
vn 0.719809 0.272046 -0.638644
vn 0.895999 0.201622 -0.395644
vn 0.935926 0.152795 -0.317327
vn 0.719090 0.018168 -0.694679
vn 0.249225 0.230667 -0.940574
vn 0.719809 0.272046 -0.638644
vn 0.719090 0.018168 -0.694679
vn 0.249593 -0.065562 -0.966129
vn -0.295534 0.239767 -0.924755
vn 0.249225 0.230667 -0.940574
vn 0.249593 -0.065562 -0.966129
vn -0.266545 -0.039189 -0.963025
vn 0.954711 0.202810 0.217704
vn 0.936990 0.055743 0.344881
vn 0.977482 0.027004 -0.209285
vn 0.974333 0.127972 -0.185198
vn 0.951382 0.211293 -0.224115
vn 0.974333 0.127972 -0.185198
vn 0.920630 0.051634 -0.387007
vn 0.898722 0.177578 -0.400955
vn 0.898722 0.177578 -0.400955
vn 0.920630 0.051634 -0.387007
vn 0.938269 0.078480 -0.336887
vn 0.834874 0.221119 -0.504075
vn 0.834874 0.221119 -0.504075
vn 0.938269 0.078480 -0.336887
vn 0.895999 0.201622 -0.395644
vn 0.672188 0.304445 -0.674890
vn 0.672188 0.304445 -0.674890
vn 0.895999 0.201622 -0.395644
vn 0.719809 0.272046 -0.638644
vn 0.528934 0.378835 -0.759416
vn 0.528934 0.378835 -0.759416
vn 0.719809 0.272046 -0.638644
vn 0.249225 0.230667 -0.940574
vn 0.246385 0.447718 -0.859560
vn 0.246385 0.447718 -0.859560
vn 0.249225 0.230667 -0.940574
vn -0.295534 0.239767 -0.924755
vn -0.133986 0.448208 -0.883831
vn -0.133986 0.448208 -0.883831
vn -0.295534 0.239767 -0.924755
vn -0.514149 0.203387 -0.833237
vn -0.249578 0.395769 -0.883786
vn -0.590944 0.322620 -0.739393
vn -0.734789 0.192801 -0.650318
vn -0.988755 0.086971 -0.121652
vn -0.937498 0.146484 -0.315658
vn -0.937498 0.146484 -0.315658
vn -0.988755 0.086971 -0.121652
vn -0.999146 -0.036673 0.019050
vn -0.979108 0.072420 -0.190007
vn -0.979108 0.072420 -0.190007
vn -0.999146 -0.036673 0.019050
vn -0.973182 -0.092306 0.210705
vn -0.996741 0.032239 0.073953
vn 0.783404 0.352097 0.512158
vn 0.689769 0.270581 0.671568
vn 0.954711 0.202810 0.217704
vn 0.959632 0.266622 0.089557
vn 0.959632 0.266622 0.089557
vn 0.954711 0.202810 0.217704
vn 0.974333 0.127972 -0.185198
vn 0.951382 0.211293 -0.224115
vn -0.775893 0.173912 0.606420
vn -0.996741 0.032239 0.073953
vn -0.973182 -0.092306 0.210705
vn -0.758227 -0.021225 0.651645
vn -0.896228 0.002547 0.443587
vn -0.596251 0.301820 0.743901
vn -0.758227 -0.021225 0.651645
vn -0.889028 0.246427 0.385879
vn -0.417150 0.658318 0.626580
vn -0.596251 0.301820 0.743901
vn -0.517821 -0.085394 0.851216
vn -0.228770 0.369320 0.900704
vn -0.417150 0.658318 0.626580
vn -0.889028 0.246427 0.385879
vn -0.889028 0.246427 0.385879
vn -0.596251 0.301820 0.743901
vn -0.896228 0.002547 0.443587
vn -0.990466 -0.104437 0.089831
vn -0.896228 0.002547 0.443587
vn -0.921188 0.036544 0.387398
vn -0.889028 0.246427 0.385879
vn -0.896228 0.002547 0.443587
vn -0.990466 -0.104437 0.089831
vn -0.498758 -0.354012 0.791149
vn -0.990466 -0.104437 0.089831
vn -0.854424 -0.467129 0.227486
vn -0.854424 -0.467129 0.227486
vn -0.990466 -0.104437 0.089831
vn -0.921188 0.036544 0.387398
vn -0.880237 0.011530 0.474395
vn -0.498758 -0.354012 0.791149
vn -0.517821 -0.085394 0.851216
vn -0.889028 0.246427 0.385879
vn -0.990466 -0.104437 0.089831
vn -0.517821 -0.085394 0.851216
vn -0.498758 -0.354012 0.791149
vn -0.315417 -0.326407 0.891050
vn -0.543301 0.100033 0.833557
vn -0.543301 0.100033 0.833557
vn -0.228770 0.369320 0.900704
vn -0.517821 -0.085394 0.851216
vn -0.854424 -0.467129 0.227486
vn -0.880237 0.011530 0.474395
vn -0.785742 -0.095056 0.611207
vn -0.315417 -0.326407 0.891050
vn -0.498758 -0.354012 0.791149
vn -0.854424 -0.467129 0.227486
vn -0.785742 -0.095056 0.611207
vn -0.543301 0.100033 0.833557
vn -0.315417 -0.326407 0.891050
vn -0.664597 0.080757 0.742825
vn -0.664597 0.080757 0.742825
vn -0.315417 -0.326407 0.891050
vn -0.785742 -0.095056 0.611207
vn -0.380267 0.280841 0.881207
vn -0.596251 0.301820 0.743901
vn -0.417150 0.658318 0.626580
vn -0.775893 0.173912 0.606420
vn -0.758227 -0.021225 0.651645
vn -0.483723 0.064656 0.872830
vn -0.454301 0.236191 0.858967
vn -0.380267 0.280841 0.881207
vn -0.483723 0.064656 0.872830
vn -0.758227 -0.021225 0.651645
vn -0.596251 0.301820 0.743901
vn -0.454301 0.236191 0.858967
vn -0.483723 0.064656 0.872830
vn -0.380267 0.280841 0.881207
vn -0.304692 0.293779 0.906012
vn -0.203888 0.342152 0.917258
vn -0.454301 0.236191 0.858967
vn -0.380267 0.280841 0.881207
vn -0.410042 0.421036 0.809070
vn -0.380267 0.280841 0.881207
vn -0.417150 0.658318 0.626580
vn -0.228770 0.369320 0.900704
vn -0.228770 0.369320 0.900704
vn -0.543301 0.100033 0.833557
vn -0.410042 0.421036 0.809070
vn -0.304692 0.293779 0.906012
vn 0.071947 0.338120 0.938349
vn 0.131692 0.410593 0.902259
vn -0.203888 0.342152 0.917258
vn -0.380267 0.280841 0.881207
vn -0.410042 0.421036 0.809070
vn -0.304692 0.293779 0.906012
vn -0.249578 0.395769 -0.883786
vn -0.514149 0.203387 -0.833237
vn -0.734789 0.192801 -0.650318
vn -0.590944 0.322620 -0.739393
vn -0.514149 0.203387 -0.833237
vn -0.295534 0.239767 -0.924755
vn -0.266545 -0.039189 -0.963025
vn -0.643300 0.032293 -0.764933
vn -0.643300 0.032293 -0.764933
vn -0.907926 0.072366 -0.412836
vn -0.734789 0.192801 -0.650318
vn -0.514149 0.203387 -0.833237
vn -0.933554 0.006270 -0.358382
vn -0.907926 0.072366 -0.412836
vn -0.643300 0.032293 -0.764933
vn -0.988755 0.086971 -0.121652
vn -0.734789 0.192801 -0.650318
vn -0.907926 0.072366 -0.412836
vn -0.996350 0.081091 0.026670
vn -0.996350 0.081091 0.026670
vn -0.907926 0.072366 -0.412836
vn -0.933554 0.006270 -0.358382
vn -0.996350 0.081091 0.026670
vn -0.992072 0.026395 0.122866
vn -0.999146 -0.036673 0.019050
vn -0.988755 0.086971 -0.121652
vn 0.927965 0.268435 -0.258503
vn 0.951382 0.211293 -0.224115
vn 0.898722 0.177578 -0.400955
vn 0.851131 0.269553 -0.450462
vn 0.937737 0.347345 -0.000376
vn 0.959632 0.266622 0.089557
vn 0.951382 0.211293 -0.224115
vn 0.927965 0.268435 -0.258503
vn 0.396377 0.739720 -0.543783
vn 0.297535 0.662590 -0.687348
vn 0.136460 0.791510 -0.595728
vn 0.116773 0.956769 -0.266378
vn 0.396377 0.739720 -0.543783
vn 0.116773 0.956769 -0.266378
vn 0.585656 0.790241 -0.180349
vn 0.585656 0.790241 -0.180349
vn 0.116773 0.956769 -0.266378
vn 0.422474 0.902058 0.088358
vn 0.781322 0.547664 -0.299333
vn 0.585656 0.790241 -0.180349
vn 0.422474 0.902058 0.088358
vn 0.722882 0.648758 0.237814
vn 0.781322 0.547664 -0.299333
vn 0.722882 0.648758 0.237814
vn 0.950694 0.292199 0.103929
vn 0.950694 0.292199 0.103929
vn 0.937737 0.347345 -0.000376
vn 0.927965 0.268435 -0.258503
vn 0.953607 0.021793 -0.300264
vn 0.781322 0.547664 -0.299333
vn 0.950694 0.292199 0.103929
vn 0.953607 0.021793 -0.300264
vn 0.674720 0.404159 -0.617583
vn 0.396377 0.739720 -0.543783
vn 0.585656 0.790241 -0.180349
vn 0.781322 0.547664 -0.299333
vn 0.674720 0.404159 -0.617583
vn 0.781322 0.547664 -0.299333
vn 0.953607 0.021793 -0.300264
vn 0.953607 0.021793 -0.300264
vn 0.927965 0.268435 -0.258503
vn 0.851131 0.269553 -0.450462
vn 0.833324 0.015352 -0.552572
vn 0.674720 0.404159 -0.617583
vn 0.953607 0.021793 -0.300264
vn 0.833324 0.015352 -0.552572
vn 0.453402 0.399784 -0.796618
vn 0.297535 0.662590 -0.687348
vn 0.396377 0.739720 -0.543783
vn 0.674720 0.404159 -0.617583
vn 0.575422 0.218821 -0.788040
vn 0.346348 0.367895 -0.862958
vn 0.233079 0.462681 -0.855336
vn 0.453402 0.399784 -0.796618
vn 0.453402 0.399784 -0.796618
vn 0.833324 0.015352 -0.552572
vn 0.575422 0.218821 -0.788040
vn 0.453402 0.399784 -0.796618
vn 0.233079 0.462681 -0.855336
vn 0.136460 0.791510 -0.595728
vn 0.297535 0.662590 -0.687348
vn 0.453402 0.399784 -0.796618
vn 0.674720 0.404159 -0.617583
vn 0.833324 0.015352 -0.552572
vn 0.575422 0.218821 -0.788040
vn 0.833324 0.015352 -0.552572
vn 0.851131 0.269553 -0.450462
vn 0.692331 0.352548 -0.629593
vn 0.851131 0.269553 -0.450462
vn 0.898722 0.177578 -0.400955
vn 0.834874 0.221119 -0.504075
vn 0.692331 0.352548 -0.629593
vn 0.346348 0.367895 -0.862958
vn 0.575422 0.218821 -0.788040
vn 0.692331 0.352548 -0.629593
vn 0.483762 0.538656 -0.689800
vn 0.233079 0.462681 -0.855336
vn 0.346348 0.367895 -0.862958
vn 0.483762 0.538656 -0.689800
vn 0.575298 0.464974 -0.672927
vn 0.136460 0.791510 -0.595728
vn 0.233079 0.462681 -0.855336
vn 0.575298 0.464974 -0.672927
vn 0.524404 0.596249 -0.607855
vn 0.116773 0.956769 -0.266378
vn 0.136460 0.791510 -0.595728
vn 0.524404 0.596249 -0.607855
vn 0.671040 0.643410 -0.368413
vn 0.422474 0.902058 0.088358
vn 0.116773 0.956769 -0.266378
vn 0.671040 0.643410 -0.368413
vn 0.734682 0.600689 -0.315302
vn 0.722882 0.648758 0.237814
vn 0.422474 0.902058 0.088358
vn 0.734682 0.600689 -0.315302
vn 0.790872 0.588819 -0.166777
vn 0.790872 0.588819 -0.166777
vn 0.937737 0.347345 -0.000376
vn 0.950694 0.292199 0.103929
vn 0.722882 0.648758 0.237814
vn 0.897619 0.408267 0.166126
vn 0.937737 0.347345 -0.000376
vn 0.790872 0.588819 -0.166777
vn 0.897619 0.408267 0.166126
vn 0.790872 0.588819 -0.166777
vn 0.797622 0.491439 -0.349694
vn 0.897619 0.408267 0.166126
vn 0.797622 0.491439 -0.349694
vn 0.749256 0.594447 0.291972
vn 0.735390 0.474183 0.484099
vn 0.797622 0.491439 -0.349694
vn 0.790872 0.588819 -0.166777
vn 0.734682 0.600689 -0.315302
vn 0.718424 0.684858 0.121803
vn 0.749256 0.594447 0.291972
vn 0.797622 0.491439 -0.349694
vn 0.718424 0.684858 0.121803
vn 0.718424 0.684858 0.121803
vn 0.734682 0.600689 -0.315302
vn 0.671040 0.643410 -0.368413
vn 0.764702 0.502678 -0.403168
vn 0.764702 0.502678 -0.403168
vn 0.671040 0.643410 -0.368413
vn 0.524404 0.596249 -0.607855
vn 0.727392 0.473278 -0.496899
vn 0.702202 0.580938 -0.411611
vn 0.718424 0.684858 0.121803
vn 0.764702 0.502678 -0.403168
vn 0.692331 0.352548 -0.629593
vn 0.834874 0.221119 -0.504075
vn 0.672188 0.304445 -0.674890
vn 0.456566 0.393726 -0.797827
vn 0.483762 0.538656 -0.689800
vn 0.692331 0.352548 -0.629593
vn 0.298539 0.475993 -0.827227
vn 0.298539 0.475993 -0.827227
vn 0.692331 0.352548 -0.629593
vn 0.456566 0.393726 -0.797827
vn 0.727392 0.473278 -0.496899
vn 0.524404 0.596249 -0.607855
vn 0.251324 0.502213 -0.827417
vn 0.251324 0.502213 -0.827417
vn 0.524404 0.596249 -0.607855
vn 0.575298 0.464974 -0.672927
vn 0.219272 0.475540 -0.851928
vn 0.575298 0.464974 -0.672927
vn 0.483762 0.538656 -0.689800
vn 0.219272 0.475540 -0.851928
vn 0.219272 0.475540 -0.851928
vn 0.483762 0.538656 -0.689800
vn 0.298539 0.475993 -0.827227
vn 0.038770 0.431680 -0.901193
vn 0.246385 0.447718 -0.859560
vn -0.133986 0.448208 -0.883831
vn 0.038770 0.431680 -0.901193
vn 0.528934 0.378835 -0.759416
vn 0.246385 0.447718 -0.859560
vn 0.298539 0.475993 -0.827227
vn 0.456566 0.393726 -0.797827
vn 0.038770 0.431680 -0.901193
vn 0.456566 0.393726 -0.797827
vn 0.672188 0.304445 -0.674890
vn 0.528934 0.378835 -0.759416
vn 0.038770 0.431680 -0.901193
vn 0.038770 0.431680 -0.901193
vn -0.133986 0.448208 -0.883831
vn -0.249578 0.395769 -0.883786
vn 0.702202 0.580938 -0.411611
vn 0.764702 0.502678 -0.403168
vn 0.316554 0.562845 -0.763544
vn 0.316554 0.562845 -0.763544
vn 0.764702 0.502678 -0.403168
vn 0.727392 0.473278 -0.496899
vn 0.316554 0.562845 -0.763544
vn 0.727392 0.473278 -0.496899
vn 0.251324 0.502213 -0.827417
vn 0.401469 0.656819 -0.638288
vn 0.702202 0.580938 -0.411611
vn 0.316554 0.562845 -0.763544
vn 0.038770 0.431680 -0.901193
vn -0.249578 0.395769 -0.883786
vn -0.590944 0.322620 -0.739393
vn -0.225672 0.411641 -0.882963
vn 0.096217 0.449158 -0.888256
vn 0.038770 0.431680 -0.901193
vn -0.225672 0.411641 -0.882963
vn 0.096217 0.449158 -0.888256
vn 0.219272 0.475540 -0.851928
vn 0.298539 0.475993 -0.827227
vn 0.038770 0.431680 -0.901193
vn -0.590944 0.322620 -0.739393
vn -0.937498 0.146484 -0.315658
vn -0.550453 0.437748 -0.710899
vn -0.550453 0.437748 -0.710899
vn -0.225672 0.411641 -0.882963
vn -0.590944 0.322620 -0.739393
vn -0.087744 0.506978 -0.857481
vn -0.225672 0.411641 -0.882963
vn -0.550453 0.437748 -0.710899
vn -0.087744 0.506978 -0.857481
vn 0.251324 0.502213 -0.827417
vn 0.219272 0.475540 -0.851928
vn 0.096217 0.449158 -0.888256
vn 0.096217 0.449158 -0.888256
vn -0.225672 0.411641 -0.882963
vn -0.087744 0.506978 -0.857481
vn 0.316554 0.562845 -0.763544
vn 0.251324 0.502213 -0.827417
vn -0.087744 0.506978 -0.857481
vn -0.228285 0.621150 -0.749706
vn 0.401469 0.656819 -0.638288
vn 0.316554 0.562845 -0.763544
vn -0.228285 0.621150 -0.749706
vn -0.550453 0.437748 -0.710899
vn -0.937498 0.146484 -0.315658
vn -0.979108 0.072420 -0.190007
vn -0.884079 0.300560 -0.357867
vn -0.884079 0.300560 -0.357867
vn -0.979108 0.072420 -0.190007
vn -0.996741 0.032239 0.073953
vn -0.891816 0.407096 -0.197325
vn -0.538906 0.641267 -0.546220
vn -0.550453 0.437748 -0.710899
vn -0.884079 0.300560 -0.357867
vn -0.087744 0.506978 -0.857481
vn -0.550453 0.437748 -0.710899
vn -0.538906 0.641267 -0.546220
vn -0.228285 0.621150 -0.749706
vn -0.087744 0.506978 -0.857481
vn -0.538906 0.641267 -0.546220
vn -0.538906 0.641267 -0.546220
vn -0.884079 0.300560 -0.357867
vn -0.891816 0.407096 -0.197325
vn -0.336291 0.818359 -0.466045
vn 0.401469 0.656819 -0.638288
vn -0.228285 0.621150 -0.749706
vn -0.336291 0.818359 -0.466045
vn -0.228285 0.621150 -0.749706
vn -0.538906 0.641267 -0.546220
vn -0.573738 0.729773 -0.371829
vn -0.891816 0.407096 -0.197325
vn -0.996741 0.032239 0.073953
vn -0.775893 0.173912 0.606420
vn -0.799697 0.524063 0.292990
vn -0.573738 0.729773 -0.371829
vn -0.538906 0.641267 -0.546220
vn -0.891816 0.407096 -0.197325
vn -0.799697 0.524063 0.292990
vn -0.604548 0.680225 0.414505
vn -0.573738 0.729773 -0.371829
vn -0.799697 0.524063 0.292990
vn -0.799697 0.524063 0.292990
vn -0.775893 0.173912 0.606420
vn -0.454301 0.236191 0.858967
vn -0.440576 0.342947 0.829627
vn -0.604548 0.680225 0.414505
vn -0.799697 0.524063 0.292990
vn -0.440576 0.342947 0.829627
vn -0.440576 0.342947 0.829627
vn -0.454301 0.236191 0.858967
vn -0.203888 0.342152 0.917258
vn -0.111844 0.395633 0.911573
vn -0.311914 0.892658 0.325378
vn -0.336291 0.818359 -0.466045
vn -0.573738 0.729773 -0.371829
vn -0.311914 0.892658 0.325378
vn -0.573738 0.729773 -0.371829
vn -0.604548 0.680225 0.414505
vn -0.114228 0.946880 -0.300616
vn 0.702202 0.580938 -0.411611
vn 0.401469 0.656819 -0.638288
vn -0.336291 0.818359 -0.466045
vn 0.256819 0.963650 0.073641
vn 0.702202 0.580938 -0.411611
vn -0.114228 0.946880 -0.300616
vn -0.114228 0.946880 -0.300616
vn -0.336291 0.818359 -0.466045
vn -0.311914 0.892658 0.325378
vn -0.371870 0.885750 0.277776
vn -0.371870 0.885750 0.277776
vn 0.256819 0.963650 0.073641
vn -0.114228 0.946880 -0.300616
vn 0.702202 0.580938 -0.411611
vn 0.256819 0.963650 0.073641
vn 0.451637 0.889717 0.066536
vn 0.451637 0.889717 0.066536
vn 0.565808 0.816056 0.117960
vn 0.718424 0.684858 0.121803
vn 0.702202 0.580938 -0.411611
vn 0.718424 0.684858 0.121803
vn 0.565808 0.816056 0.117960
vn 0.103842 0.609929 0.785623
vn -0.111844 0.395633 0.911573
vn 0.103842 0.609929 0.785623
vn -0.214137 0.657412 0.722465
vn 0.103842 0.609929 0.785623
vn 0.565808 0.816056 0.117960
vn 0.451637 0.889717 0.066536
vn -0.115520 0.810741 0.573894
vn -0.311914 0.892658 0.325378
vn -0.604548 0.680225 0.414505
vn -0.214137 0.657412 0.722465
vn -0.214137 0.657412 0.722465
vn -0.604548 0.680225 0.414505
vn -0.440576 0.342947 0.829627
vn -0.214137 0.657412 0.722465
vn 0.103842 0.609929 0.785623
vn -0.115520 0.810741 0.573894
vn -0.214137 0.657412 0.722465
vn -0.440576 0.342947 0.829627
vn -0.111844 0.395633 0.911573
vn -0.115520 0.810741 0.573894
vn -0.371870 0.885750 0.277776
vn -0.311914 0.892658 0.325378
vn -0.214137 0.657412 0.722465
vn 0.451637 0.889717 0.066536
vn 0.256819 0.963650 0.073641
vn -0.371870 0.885750 0.277776
vn -0.115520 0.810741 0.573894
vn 0.131692 0.410593 0.902259
vn 0.071947 0.338120 0.938349
vn 0.689769 0.270581 0.671568
vn 0.783404 0.352097 0.512158
vn 0.249926 0.493029 0.833342
vn 0.131692 0.410593 0.902259
vn 0.783404 0.352097 0.512158
vn 0.783404 0.352097 0.512158
vn 0.959632 0.266622 0.089557
vn 0.937737 0.347345 -0.000376
vn 0.897619 0.408267 0.166126
vn 0.783404 0.352097 0.512158
vn 0.897619 0.408267 0.166126
vn 0.249926 0.493029 0.833342
vn -0.111844 0.395633 0.911573
vn -0.203888 0.342152 0.917258
vn 0.131692 0.410593 0.902259
vn 0.249926 0.493029 0.833342
vn 0.103842 0.609929 0.785623
vn -0.111844 0.395633 0.911573
vn 0.249926 0.493029 0.833342
vn 0.249926 0.493029 0.833342
vn 0.897619 0.408267 0.166126
vn 0.735390 0.474183 0.484099
vn 0.249926 0.493029 0.833342
vn 0.735390 0.474183 0.484099
vn 0.749256 0.594447 0.291972
vn 0.718424 0.684858 0.121803
vn 0.718424 0.684858 0.121803
vn 0.103842 0.609929 0.785623
vn 0.249926 0.493029 0.833342
vn 0.954711 0.202810 0.217704
vn 0.689769 0.270581 0.671568
vn 0.696333 0.089407 0.712128
vn 0.936990 0.055743 0.344881
vn 0.924457 0.009311 -0.381174
vn 0.977482 0.027004 -0.209285
vn 0.993226 0.039727 -0.109201
vn 0.937181 0.084076 -0.338561
vn 0.887831 0.177773 -0.424445
vn 0.988159 0.115962 -0.100472
vn 0.951730 0.198736 -0.233912
vn 0.864608 -0.478351 -0.153734
vn 0.988159 0.115962 -0.100472
vn 0.887831 0.177773 -0.424445
vn 0.983467 0.125834 0.130226
vn 0.937181 0.084076 -0.338561
vn 0.993226 0.039727 -0.109201
vn 0.987690 -0.006947 0.156268
vn 0.987690 -0.006947 0.156268
vn 0.993226 0.039727 -0.109201
vn 0.977482 0.027004 -0.209285
vn 0.936990 0.055743 0.344881
vn 0.887831 0.177773 -0.424445
vn 0.937181 0.084076 -0.338561
vn 0.983467 0.125834 0.130226
vn 0.983467 0.125834 0.130226
vn 0.883993 -0.367349 0.289155
vn 0.864608 -0.478351 -0.153734
vn 0.887831 0.177773 -0.424445
vn 0.938269 0.078480 -0.336887
vn 0.920630 0.051634 -0.387007
vn 0.924457 0.009311 -0.381174
vn 0.966396 0.136635 -0.217735
vn 0.966396 0.136635 -0.217735
vn 0.924457 0.009311 -0.381174
vn 0.937181 0.084076 -0.338561
vn 0.951730 0.198736 -0.233912
vn 0.951730 0.198736 -0.233912
vn 0.937181 0.084076 -0.338561
vn 0.887831 0.177773 -0.424445
vn -0.962836 0.031012 0.268299
vn -0.921188 0.036544 0.387398
vn -0.896228 0.002547 0.443587
vn -0.758227 -0.021225 0.651645
vn -0.973182 -0.092306 0.210705
vn -0.999146 -0.036673 0.019050
vn -0.992072 0.026395 0.122866
vn -0.962836 0.031012 0.268299
vn -0.758227 -0.021225 0.651645
vn -0.973182 -0.092306 0.210705
vn -0.962836 0.031012 0.268299
vn -0.785742 -0.095056 0.611207
vn -0.880237 0.011530 0.474395
vn -0.854007 0.078008 0.514380
vn -0.854007 0.078008 0.514380
vn -0.921188 0.036544 0.387398
vn -0.962836 0.031012 0.268299
vn -0.922806 0.112957 0.368334
vn -0.880237 0.011530 0.474395
vn -0.921188 0.036544 0.387398
vn -0.854007 0.078008 0.514380
vn -0.664597 0.080757 0.742825
vn -0.785742 -0.095056 0.611207
vn -0.734043 -0.054470 0.676915
vn -0.734043 -0.054470 0.676915
vn -0.785742 -0.095056 0.611207
vn -0.854007 0.078008 0.514380
vn -0.634281 0.002045 0.773100
vn -0.543301 0.100033 0.833557
vn -0.664597 0.080757 0.742825
vn -0.664597 0.080757 0.742825
vn -0.734043 -0.054470 0.676915
vn -0.634281 0.002045 0.773100
vn -0.410042 0.421036 0.809070
vn -0.543301 0.100033 0.833557
vn -0.396493 0.272403 0.876693
vn -0.396493 0.272403 0.876693
vn -0.543301 0.100033 0.833557
vn -0.634281 0.002045 0.773100
vn -0.557428 -0.015560 0.830080
vn -0.304692 0.293779 0.906012
vn -0.410042 0.421036 0.809070
vn -0.396493 0.272403 0.876693
vn 0.259898 0.193420 0.946067
vn 0.696333 0.089407 0.712128
vn 0.689769 0.270581 0.671568
vn 0.071947 0.338120 0.938349
vn 0.071947 0.338120 0.938349
vn -0.304692 0.293779 0.906012
vn -0.396493 0.272403 0.876693
vn 0.259898 0.193420 0.946067
vn 0.259898 0.193420 0.946067
vn -0.396493 0.272403 0.876693
vn -0.112642 0.150829 0.982122
vn -0.396493 0.272403 0.876693
vn -0.557428 -0.015560 0.830080
vn -0.112642 0.150829 0.982122
vn -0.058528 -0.032901 0.997744
vn -0.557428 -0.015560 0.830080
vn -0.439112 -0.268989 0.857220
vn -0.112642 0.150829 0.982122
vn -0.557428 -0.015560 0.830080
vn -0.058528 -0.032901 0.997744
vn -0.058528 -0.032901 0.997744
vn 0.441002 -0.048197 0.896211
vn 0.259898 0.193420 0.946067
vn -0.112642 0.150829 0.982122
vn -0.734043 -0.054470 0.676915
vn -0.572641 -0.346399 0.743028
vn -0.439112 -0.268989 0.857220
vn -0.634281 0.002045 0.773100
vn -0.734043 -0.054470 0.676915
vn -0.439112 -0.268989 0.857220
vn -0.557428 -0.015560 0.830080
vn -0.634281 0.002045 0.773100
vn -0.439112 -0.268989 0.857220
vn 0.696333 0.089407 0.712128
vn 0.259898 0.193420 0.946067
vn 0.441002 -0.048197 0.896211
vn 0.694359 -0.130891 0.707625
vn 0.883993 -0.367349 0.289155
vn 0.983467 0.125834 0.130226
vn 0.987690 -0.006947 0.156268
vn 0.821639 -0.322583 0.469946
vn 0.821639 -0.322583 0.469946
vn 0.987690 -0.006947 0.156268
vn 0.829019 -0.212086 0.517444
vn 0.829019 -0.212086 0.517444
vn 0.987690 -0.006947 0.156268
vn 0.936990 0.055743 0.344881
vn 0.936990 0.055743 0.344881
vn 0.696333 0.089407 0.712128
vn 0.694359 -0.130891 0.707625
vn 0.829019 -0.212086 0.517444
vn -0.051743 -0.515777 0.855159
vn -0.439112 -0.268989 0.857220
vn -0.572641 -0.346399 0.743028
vn 0.594671 -0.482183 0.643324
vn 0.694359 -0.130891 0.707625
vn 0.441002 -0.048197 0.896211
vn 0.155850 -0.357529 0.920806
vn 0.155850 -0.357529 0.920806
vn 0.441002 -0.048197 0.896211
vn -0.058528 -0.032901 0.997744
vn -0.439112 -0.268989 0.857220
vn -0.051743 -0.515777 0.855159
vn 0.155850 -0.357529 0.920806
vn 0.155850 -0.357529 0.920806
vn -0.058528 -0.032901 0.997744
vn -0.439112 -0.268989 0.857220
vn 0.371683 -0.578720 0.725903
vn 0.594671 -0.482183 0.643324
vn 0.155850 -0.357529 0.920806
vn 0.155850 -0.357529 0.920806
vn -0.051743 -0.515777 0.855159
vn 0.371683 -0.578720 0.725903
vn -0.057559 -0.552108 0.831784
vn -0.051743 -0.515777 0.855159
vn -0.572641 -0.346399 0.743028
vn -0.734043 -0.054470 0.676915
vn -0.854007 0.078008 0.514380
vn -0.795059 -0.291305 0.531999
vn -0.572641 -0.346399 0.743028
vn -0.734043 -0.054470 0.676915
vn -0.795059 -0.291305 0.531999
vn -0.795059 -0.291305 0.531999
vn -0.854007 0.078008 0.514380
vn -0.798694 -0.254533 0.545253
vn -0.854007 0.078008 0.514380
vn -0.922806 0.112957 0.368334
vn -0.798694 -0.254533 0.545253
vn -0.986749 0.081081 0.140545
vn -0.922806 0.112957 0.368334
vn -0.962836 0.031012 0.268299
vn -0.962836 0.031012 0.268299
vn -0.992072 0.026395 0.122866
vn -0.991723 0.059157 0.113955
vn -0.986749 0.081081 0.140545
vn -0.934347 -0.149780 0.323360
vn -0.922806 0.112957 0.368334
vn -0.986749 0.081081 0.140545
vn -0.798694 -0.254533 0.545253
vn -0.922806 0.112957 0.368334
vn -0.934347 -0.149780 0.323360
vn -0.901994 -0.358789 0.240161
vn -0.798694 -0.254533 0.545253
vn -0.934347 -0.149780 0.323360
vn -0.901994 -0.358789 0.240161
vn -0.934347 -0.149780 0.323360
vn -0.945328 -0.286463 0.155867
vn -0.986749 0.081081 0.140545
vn -0.991723 0.059157 0.113955
vn -0.945328 -0.286463 0.155867
vn -0.934347 -0.149780 0.323360
vn -0.986749 0.081081 0.140545
vn -0.945328 -0.286463 0.155867
vn -0.997577 -0.048487 0.049888
vn -0.991723 0.059157 0.113955
vn -0.992072 0.026395 0.122866
vn -0.996350 0.081091 0.026670
vn -0.997577 -0.048487 0.049888
vn -0.996350 0.081091 0.026670
vn -0.933554 0.006270 -0.358382
vn -0.945788 -0.292845 0.140455
vn -0.945328 -0.286463 0.155867
vn -0.991723 0.059157 0.113955
vn -0.997577 -0.048487 0.049888
vn -0.882695 -0.029410 -0.469026
vn -0.997577 -0.048487 0.049888
vn -0.933554 0.006270 -0.358382
vn -0.949673 -0.309418 0.048813
vn -0.945788 -0.292845 0.140455
vn -0.997577 -0.048487 0.049888
vn -0.635870 -0.066684 -0.768910
vn -0.882695 -0.029410 -0.469026
vn -0.933554 0.006270 -0.358382
vn -0.643300 0.032293 -0.764933
vn -0.177373 -0.198991 -0.963816
vn -0.635870 -0.066684 -0.768910
vn -0.643300 0.032293 -0.764933
vn -0.266545 -0.039189 -0.963025
vn 0.239751 -0.276250 -0.930702
vn -0.177373 -0.198991 -0.963816
vn -0.266545 -0.039189 -0.963025
vn 0.249593 -0.065562 -0.966129
vn 0.631555 -0.214524 -0.745062
vn 0.239751 -0.276250 -0.930702
vn 0.249593 -0.065562 -0.966129
vn 0.719090 0.018168 -0.694679
vn 0.896543 -0.025121 -0.442243
vn 0.631555 -0.214524 -0.745062
vn 0.719090 0.018168 -0.694679
vn 0.935926 0.152795 -0.317327
vn 0.984007 0.118247 -0.133219
vn 0.896543 -0.025121 -0.442243
vn 0.935926 0.152795 -0.317327
vn 0.966396 0.136635 -0.217735
vn 0.984007 0.118247 -0.133219
vn 0.966396 0.136635 -0.217735
vn 0.951730 0.198736 -0.233912
vn 0.988159 0.115962 -0.100472
vn 0.363780 -0.671558 0.645503
vn 0.371683 -0.578720 0.725903
vn -0.051743 -0.515777 0.855159
vn -0.057559 -0.552108 0.831784
vn 0.883993 -0.367349 0.289155
vn 0.821639 -0.322583 0.469946
vn 0.828520 -0.508321 0.234871
vn 0.829019 -0.212086 0.517444
vn 0.694359 -0.130891 0.707625
vn 0.594671 -0.482183 0.643324
vn 0.661639 -0.519649 0.540554
vn 0.828520 -0.508321 0.234871
vn 0.821639 -0.322583 0.469946
vn 0.661639 -0.519649 0.540554
vn 0.661639 -0.519649 0.540554
vn 0.594671 -0.482183 0.643324
vn 0.371683 -0.578720 0.725903
vn 0.363780 -0.671558 0.645503
vn 0.661639 -0.519649 0.540554
vn 0.821639 -0.322583 0.469946
vn 0.829019 -0.212086 0.517444
vn 0.676565 -0.592330 0.437498
vn 0.828520 -0.508321 0.234871
vn 0.661639 -0.519649 0.540554
vn 0.909914 -0.396412 0.122124
vn 0.988159 0.115962 -0.100472
vn 0.864608 -0.478351 -0.153734
vn 0.864608 -0.478351 -0.153734
vn 0.883993 -0.367349 0.289155
vn 0.828520 -0.508321 0.234871
vn 0.909914 -0.396412 0.122124
vn 0.961516 -0.267964 0.060684
vn 0.984007 0.118247 -0.133219
vn 0.988159 0.115962 -0.100472
vn 0.909914 -0.396412 0.122124
vn 0.909914 -0.396412 0.122124
vn 0.828520 -0.508321 0.234871
vn 0.676565 -0.592330 0.437498
vn 0.795937 -0.547757 0.257773
vn 0.795937 -0.547757 0.257773
vn 0.961516 -0.267964 0.060684
vn 0.909914 -0.396412 0.122124
vn 0.816048 -0.335550 -0.470607
vn 0.984007 0.118247 -0.133219
vn 0.961516 -0.267964 0.060684
vn 0.816048 -0.335550 -0.470607
vn 0.530420 -0.345561 -0.774107
vn 0.631555 -0.214524 -0.745062
vn 0.896543 -0.025121 -0.442243
vn 0.816048 -0.335550 -0.470607
vn 0.896543 -0.025121 -0.442243
vn 0.984007 0.118247 -0.133219
vn 0.579766 -0.527177 -0.621253
vn 0.530420 -0.345561 -0.774107
vn 0.816048 -0.335550 -0.470607
vn 0.818117 -0.574770 0.018022
vn 0.961516 -0.267964 0.060684
vn 0.795937 -0.547757 0.257773
vn 0.818117 -0.574770 0.018022
vn 0.816048 -0.335550 -0.470607
vn 0.961516 -0.267964 0.060684
vn 0.579766 -0.527177 -0.621253
vn 0.816048 -0.335550 -0.470607
vn 0.818117 -0.574770 0.018022
vn 0.733090 -0.666390 -0.136026
vn 0.818117 -0.574770 0.018022
vn 0.795937 -0.547757 0.257773
vn 0.620235 -0.741641 0.255493
vn 0.733090 -0.666390 -0.136026
vn 0.818117 -0.574770 0.018022
vn 0.620235 -0.741641 0.255493
vn 0.620235 -0.741641 0.255493
vn 0.795937 -0.547757 0.257773
vn 0.676565 -0.592330 0.437498
vn 0.594573 -0.692515 0.408541
vn 0.676565 -0.592330 0.437498
vn 0.661639 -0.519649 0.540554
vn 0.363780 -0.671558 0.645503
vn 0.594573 -0.692515 0.408541
vn 0.204909 -0.960294 0.189334
vn 0.733090 -0.666390 -0.136026
vn 0.620235 -0.741641 0.255493
vn 0.204909 -0.960294 0.189334
vn 0.579766 -0.527177 -0.621253
vn 0.733090 -0.666390 -0.136026
vn 0.204909 -0.960294 0.189334
vn 0.620235 -0.741641 0.255493
vn 0.594573 -0.692515 0.408541
vn 0.252784 -0.930650 0.264558
vn 0.118078 -0.985940 -0.118239
vn 0.579766 -0.527177 -0.621253
vn 0.204909 -0.960294 0.189334
vn 0.021210 -0.876914 -0.480179
vn 0.101425 -0.622834 -0.775752
vn 0.579766 -0.527177 -0.621253
vn 0.021210 -0.876914 -0.480179
vn 0.579766 -0.527177 -0.621253
vn 0.118078 -0.985940 -0.118239
vn 0.096911 -0.487481 -0.867739
vn 0.530420 -0.345561 -0.774107
vn 0.579766 -0.527177 -0.621253
vn 0.101425 -0.622834 -0.775752
vn 0.096911 -0.487481 -0.867739
vn 0.239751 -0.276250 -0.930702
vn 0.631555 -0.214524 -0.745062
vn 0.530420 -0.345561 -0.774107
vn -0.240396 -0.377884 -0.894099
vn -0.177373 -0.198991 -0.963816
vn 0.239751 -0.276250 -0.930702
vn 0.096911 -0.487481 -0.867739
vn -0.644517 -0.303574 -0.701742
vn -0.635870 -0.066684 -0.768910
vn -0.177373 -0.198991 -0.963816
vn -0.240396 -0.377884 -0.894099
vn -0.905965 -0.331196 -0.263699
vn -0.882695 -0.029410 -0.469026
vn -0.635870 -0.066684 -0.768910
vn -0.644517 -0.303574 -0.701742
vn -0.905965 -0.331196 -0.263699
vn -0.949673 -0.309418 0.048813
vn -0.997577 -0.048487 0.049888
vn -0.882695 -0.029410 -0.469026
vn -0.905965 -0.331196 -0.263699
vn -0.644517 -0.303574 -0.701742
vn -0.574410 -0.760888 -0.301831
vn -0.608273 -0.747674 -0.266435
vn -0.847850 -0.523219 0.085978
vn -0.905965 -0.331196 -0.263699
vn -0.608273 -0.747674 -0.266435
vn -0.574410 -0.760888 -0.301831
vn -0.644517 -0.303574 -0.701742
vn -0.240396 -0.377884 -0.894099
vn -0.377322 -0.833757 -0.403084
vn -0.377322 -0.833757 -0.403084
vn -0.240396 -0.377884 -0.894099
vn 0.096911 -0.487481 -0.867739
vn -0.311549 -0.853923 -0.416837
vn -0.311549 -0.853923 -0.416837
vn 0.096911 -0.487481 -0.867739
vn 0.101425 -0.622834 -0.775752
vn -0.259370 -0.884932 -0.386811
vn -0.259370 -0.884932 -0.386811
vn 0.101425 -0.622834 -0.775752
vn 0.021210 -0.876914 -0.480179
vn 0.118078 -0.985940 -0.118239
vn 0.204909 -0.960294 0.189334
vn -0.034864 -0.979962 0.196111
vn -0.066408 -0.994448 -0.081624
vn -0.259370 -0.884932 -0.386811
vn 0.021210 -0.876914 -0.480179
vn 0.118078 -0.985940 -0.118239
vn -0.066408 -0.994448 -0.081624
vn -0.066408 -0.994448 -0.081624
vn -0.034864 -0.979962 0.196111
vn -0.346732 -0.933300 -0.093428
vn -0.346732 -0.933300 -0.093428
vn -0.034864 -0.979962 0.196111
vn -0.174207 -0.960128 0.218645
vn -0.346732 -0.933300 -0.093428
vn -0.259370 -0.884932 -0.386811
vn -0.066408 -0.994448 -0.081624
vn -0.034864 -0.979962 0.196111
vn 0.204909 -0.960294 0.189334
vn 0.252784 -0.930650 0.264558
vn -0.174207 -0.960128 0.218645
vn -0.431122 -0.897895 -0.088982
vn -0.311549 -0.853923 -0.416837
vn -0.259370 -0.884932 -0.386811
vn -0.346732 -0.933300 -0.093428
vn -0.554813 -0.831556 -0.026398
vn -0.847850 -0.523219 0.085978
vn -0.608273 -0.747674 -0.266435
vn -0.865584 -0.470142 0.172426
vn -0.949673 -0.309418 0.048813
vn -0.905965 -0.331196 -0.263699
vn -0.847850 -0.523219 0.085978
vn -0.554813 -0.831556 -0.026398
vn -0.608273 -0.747674 -0.266435
vn -0.574410 -0.760888 -0.301831
vn -0.377322 -0.833757 -0.403084
vn -0.554813 -0.831556 -0.026398
vn -0.377322 -0.833757 -0.403084
vn -0.311549 -0.853923 -0.416837
vn -0.431122 -0.897895 -0.088982
vn -0.865584 -0.470142 0.172426
vn -0.945788 -0.292845 0.140455
vn -0.949673 -0.309418 0.048813
vn -0.865584 -0.470142 0.172426
vn -0.812224 -0.539676 0.221453
vn -0.901994 -0.358789 0.240161
vn -0.865584 -0.470142 0.172426
vn -0.901994 -0.358789 0.240161
vn -0.945328 -0.286463 0.155867
vn -0.945788 -0.292845 0.140455
vn -0.865584 -0.470142 0.172426
vn -0.847850 -0.523219 0.085978
vn -0.554813 -0.831556 -0.026398
vn -0.636981 -0.728406 0.252351
vn -0.812224 -0.539676 0.221453
vn -0.865584 -0.470142 0.172426
vn -0.554813 -0.831556 -0.026398
vn -0.431122 -0.897895 -0.088982
vn -0.636981 -0.728406 0.252351
vn -0.865584 -0.470142 0.172426
vn -0.554813 -0.831556 -0.026398
vn -0.636981 -0.728406 0.252351
vn -0.778798 -0.538312 0.322014
vn -0.795059 -0.291305 0.531999
vn -0.798694 -0.254533 0.545253
vn -0.901994 -0.358789 0.240161
vn -0.778798 -0.538312 0.322014
vn -0.901994 -0.358789 0.240161
vn -0.812224 -0.539676 0.221453
vn -0.546126 -0.669007 0.504158
vn -0.057559 -0.552108 0.831784
vn -0.572641 -0.346399 0.743028
vn -0.546126 -0.669007 0.504158
vn -0.572641 -0.346399 0.743028
vn -0.795059 -0.291305 0.531999
vn -0.778798 -0.538312 0.322014
vn 0.594573 -0.692515 0.408541
vn 0.363780 -0.671558 0.645503
vn -0.127257 -0.899472 0.418038
vn -0.778798 -0.538312 0.322014
vn -0.812224 -0.539676 0.221453
vn -0.636981 -0.728406 0.252351
vn -0.587679 -0.770097 0.248161
vn -0.546126 -0.669007 0.504158
vn -0.778798 -0.538312 0.322014
vn -0.587679 -0.770097 0.248161
vn -0.127257 -0.899472 0.418038
vn -0.057559 -0.552108 0.831784
vn -0.546126 -0.669007 0.504158
vn -0.431122 -0.897895 -0.088982
vn -0.346732 -0.933300 -0.093428
vn -0.174207 -0.960128 0.218645
vn -0.509381 -0.818134 0.266810
vn -0.127257 -0.899472 0.418038
vn 0.363780 -0.671558 0.645503
vn -0.057559 -0.552108 0.831784
vn -0.127257 -0.899472 0.418038
vn -0.546126 -0.669007 0.504158
vn -0.587679 -0.770097 0.248161
vn 0.252784 -0.930650 0.264558
vn 0.594573 -0.692515 0.408541
vn -0.127257 -0.899472 0.418038
vn -0.174207 -0.960128 0.218645
vn 0.252784 -0.930650 0.264558
vn -0.127257 -0.899472 0.418038
vn -0.509381 -0.818134 0.266810
vn -0.174207 -0.960128 0.218645
vn -0.127257 -0.899472 0.418038
vn -0.127257 -0.899472 0.418038
vn -0.587679 -0.770097 0.248161
vn -0.509381 -0.818134 0.266810
vn -0.636981 -0.728406 0.252351
vn -0.431122 -0.897895 -0.088982
vn -0.509381 -0.818134 0.266810
vn -0.587679 -0.770097 0.248161
vn -0.636981 -0.728406 0.252351
vn -0.509381 -0.818134 0.266810
vn 0.037223 0.743590 0.667599
vn -0.143570 0.743590 0.653041
vn 0.289803 0.780771 -0.553544
vn -0.197493 0.780771 -0.592784
vn -0.143570 -0.743590 0.653041
vn 0.037223 -0.743590 0.667599
vn -0.197493 -0.780771 -0.592784
vn 0.289803 -0.780771 -0.553544
vn -0.143570 -0.743590 0.653041
vn -0.143570 0.743590 0.653041
vn 0.037223 0.743590 0.667599
vn 0.037223 -0.743590 0.667599
vn 0.037223 -0.743590 0.667599
vn 0.523079 -0.813468 0.254280
vn -0.796645 -0.453749 -0.399337
vn -0.197493 -0.780771 -0.592784
vn -0.197493 -0.780771 -0.592784
vn -0.796645 -0.453749 -0.399337
vn -0.796645 0.453749 -0.399337
vn -0.197493 0.780771 -0.592784
vn -0.197493 0.780771 -0.592784
vn -0.796645 0.453749 -0.399337
vn 0.523078 0.813468 0.254280
vn 0.037223 0.743590 0.667599
vn 0.037223 0.743590 0.667599
vn 0.523078 0.813468 0.254280
vn 0.523079 -0.813468 0.254280
vn 0.037223 -0.743590 0.667599
vn -0.143570 0.743590 0.653041
vn -0.557027 0.813468 0.167303
vn 0.850280 0.453748 -0.266715
vn 0.289803 0.780771 -0.553544
vn 0.289803 0.780771 -0.553544
vn 0.850280 0.453748 -0.266715
vn 0.850280 -0.453748 -0.266715
vn 0.289803 -0.780771 -0.553544
vn 0.289803 -0.780771 -0.553544
vn 0.850280 -0.453748 -0.266715
vn -0.557027 -0.813468 0.167303
vn -0.143570 -0.743590 0.653041
vn -0.143570 -0.743590 0.653041
vn -0.557027 -0.813468 0.167303
vn -0.557027 0.813468 0.167303
vn -0.143570 0.743590 0.653041
vn -0.796645 -0.453749 -0.399337
vn 0.523079 -0.813468 0.254280
vn 0.557027 -0.813468 -0.167303
vn -0.850279 -0.453749 0.266715
vn -0.796645 0.453749 -0.399337
vn -0.796645 -0.453749 -0.399337
vn -0.850279 -0.453749 0.266715
vn -0.850279 0.453749 0.266715
vn 0.850280 0.453748 -0.266715
vn -0.557027 0.813468 0.167303
vn -0.523079 0.813468 -0.254280
vn 0.796645 0.453748 0.399337
vn 0.850280 -0.453748 -0.266715
vn 0.850280 0.453748 -0.266715
vn 0.796645 0.453748 0.399337
vn 0.796645 -0.453748 0.399337
vn 0.143570 0.743590 -0.653040
vn -0.289803 0.780771 0.553544
vn 0.197493 0.780771 0.592784
vn -0.037223 0.743590 -0.667599
vn -0.037223 -0.743590 -0.667599
vn 0.197493 -0.780771 0.592784
vn -0.289803 -0.780771 0.553544
vn 0.143570 -0.743590 -0.653040
vn -0.037223 -0.743590 -0.667599
vn 0.143570 -0.743590 -0.653040
vn 0.143570 0.743590 -0.653040
vn -0.037223 0.743590 -0.667599
vn 0.143570 -0.743590 -0.653040
vn -0.289803 -0.780771 0.553544
vn -0.850279 -0.453749 0.266715
vn 0.557027 -0.813468 -0.167303
vn -0.289803 -0.780771 0.553544
vn -0.289803 0.780771 0.553544
vn -0.850279 0.453749 0.266715
vn -0.850279 -0.453749 0.266715
vn -0.289803 0.780771 0.553544
vn 0.143570 0.743590 -0.653040
vn 0.557027 0.813468 -0.167303
vn -0.850279 0.453749 0.266715
vn 0.143570 0.743590 -0.653040
vn 0.143570 -0.743590 -0.653040
vn 0.557027 -0.813468 -0.167303
vn 0.557027 0.813468 -0.167303
vn -0.037223 0.743590 -0.667599
vn 0.197493 0.780771 0.592784
vn 0.796645 0.453748 0.399337
vn -0.523079 0.813468 -0.254280
vn 0.197493 0.780771 0.592784
vn 0.197493 -0.780771 0.592784
vn 0.796645 -0.453748 0.399337
vn 0.796645 0.453748 0.399337
vn 0.197493 -0.780771 0.592784
vn -0.037223 -0.743590 -0.667599
vn -0.523079 -0.813468 -0.254280
vn 0.796645 -0.453748 0.399337
vn -0.037223 -0.743590 -0.667599
vn -0.037223 0.743590 -0.667599
vn -0.523079 0.813468 -0.254280
vn -0.523079 -0.813468 -0.254280
vn -0.796645 0.453749 -0.399337
vn -0.850279 0.453749 0.266715
vn 0.557027 0.813468 -0.167303
vn 0.523078 0.813468 0.254280
vn 0.523078 0.813468 0.254280
vn 0.557027 0.813468 -0.167303
vn 0.557027 -0.813468 -0.167303
vn 0.523079 -0.813468 0.254280
vn 0.850280 -0.453748 -0.266715
vn 0.796645 -0.453748 0.399337
vn -0.523079 -0.813468 -0.254280
vn -0.557027 -0.813468 0.167303
vn -0.557027 -0.813468 0.167303
vn -0.523079 -0.813468 -0.254280
vn -0.523079 0.813468 -0.254280
vn -0.557027 0.813468 0.167303
vn -0.197493 -0.780771 -0.592784
vn -0.197493 0.780771 -0.592784
vn -0.004350 0.131698 -0.991280
vn -0.004350 -0.131698 -0.991280
vn -0.197493 0.780771 -0.592784
vn 0.289803 0.780771 -0.553544
vn 0.162915 0.131697 -0.977811
vn -0.004350 0.131698 -0.991280
vn 0.289803 0.780771 -0.553544
vn 0.289803 -0.780771 -0.553544
vn 0.162915 -0.131697 -0.977811
vn 0.162915 0.131697 -0.977811
vn 0.289803 -0.780771 -0.553544
vn -0.197493 -0.780771 -0.592784
vn -0.004350 -0.131698 -0.991280
vn 0.162915 -0.131697 -0.977811
vn -0.289803 -0.780771 0.553544
vn 0.197493 -0.780771 0.592784
vn 0.004350 -0.131697 0.991281
vn -0.162915 -0.131696 0.977811
vn 0.197493 -0.780771 0.592784
vn 0.197493 0.780771 0.592784
vn 0.004350 0.131697 0.991281
vn 0.004350 -0.131697 0.991281
vn 0.197493 0.780771 0.592784
vn -0.289803 0.780771 0.553544
vn -0.162915 0.131696 0.977811
vn 0.004350 0.131697 0.991281
vn -0.289803 0.780771 0.553544
vn -0.289803 -0.780771 0.553544
vn -0.162915 -0.131696 0.977811
vn -0.162915 0.131696 0.977811
vn -0.004350 -0.131698 -0.991280
vn -0.004350 0.131698 -0.991280
vn 0.080267 0.000000 -0.996773
vn -0.004350 0.131698 -0.991280
vn 0.162915 0.131697 -0.977811
vn 0.080267 0.000000 -0.996773
vn 0.162915 0.131697 -0.977811
vn 0.162915 -0.131697 -0.977811
vn 0.080267 0.000000 -0.996773
vn 0.162915 -0.131697 -0.977811
vn -0.004350 -0.131698 -0.991280
vn 0.080267 0.000000 -0.996773
vn -0.162915 -0.131696 0.977811
vn 0.004350 -0.131697 0.991281
vn -0.080267 -0.000000 0.996773
vn 0.004350 -0.131697 0.991281
vn 0.004350 0.131697 0.991281
vn -0.080267 -0.000000 0.996773
vn 0.004350 0.131697 0.991281
vn -0.162915 0.131696 0.977811
vn -0.080267 -0.000000 0.996773
vn -0.162915 0.131696 0.977811
vn -0.162915 -0.131696 0.977811
vn -0.080267 -0.000000 0.996773
vn -0.346788 0.807881 0.476514
vn -0.607059 0.170651 0.776117
vn -0.411889 0.185769 0.892097
vn -0.243185 0.825362 0.509547
vn -0.405025 0.168439 0.898656
vn -0.254505 0.805745 0.534792
vn 0.302974 0.912307 0.275505
vn 0.768429 0.042419 0.638528
vn 0.938326 0.043590 0.342994
vn 0.354565 0.924068 0.142766
vn 0.985146 0.091750 0.145151
vn 0.428284 0.901950 0.055315
vn 0.934132 0.184211 -0.305719
vn 0.423178 0.892314 -0.157149
vn 0.682127 0.225440 -0.695615
vn 0.313669 0.903255 -0.292818
vn 0.536038 0.169459 -0.827011
vn 0.241827 0.904591 -0.351049
vn 0.423193 0.127504 -0.897023
vn 0.189877 0.897389 -0.398297
vn 0.164881 0.155161 -0.974033
vn 0.066118 0.899898 -0.431060
vn -0.152787 0.191661 -0.969496
vn -0.068513 0.905244 -0.419332
vn -0.420492 0.207663 -0.883211
vn -0.200153 0.886988 -0.416163
vn -0.671436 0.225152 -0.706032
vn -0.354541 0.870897 -0.340351
vn -0.852765 0.240433 -0.463663
vn -0.420933 0.883337 -0.206233
vn -0.125141 0.972508 0.196386
vn -0.109749 0.970896 0.212874
vn -0.095647 0.977431 0.188360
vn 0.066206 0.995003 0.074743
vn 0.080042 0.995653 0.047638
vn 0.072026 0.997343 0.010904
vn 0.061687 0.997968 -0.015944
vn 0.049848 0.998066 -0.037142
vn 0.031552 0.997676 -0.060389
vn 0.031856 0.997088 -0.069281
vn 0.017242 0.996838 -0.077566
vn -0.012917 0.996711 -0.080000
vn -0.035806 0.996233 -0.078979
vn -0.098297 0.992357 -0.074602
vn -0.141477 0.988772 -0.048105
vn -0.664846 0.089644 0.741581
vn -0.418287 0.118113 0.900603
vn -0.401921 0.128586 0.906601
vn 0.765118 -0.008530 0.643833
vn 0.936408 0.006999 0.350843
vn 0.987502 0.056662 0.147069
vn 0.934167 0.135968 -0.329916
vn 0.676213 0.178548 -0.714742
vn 0.517940 0.120646 -0.846866
vn 0.410892 0.064350 -0.909410
vn 0.149484 0.114613 -0.982099
vn -0.166221 0.178792 -0.969744
vn -0.444819 0.190092 -0.875215
vn -0.687933 0.155623 -0.708893
vn -0.874356 0.127999 -0.468100
vn -0.891580 0.015651 0.452593
vn -0.864499 0.084044 0.495559
vn -0.411522 0.854903 0.315897
vn -0.121451 0.986033 0.113963
vn -0.457885 0.872948 0.168238
vn -0.127469 0.991837 -0.003412
vn -0.427171 0.889959 -0.159679
vn -0.914170 0.255198 -0.314909
vn -0.973296 0.085574 0.213008
vn -0.999124 0.041578 0.004797
vn -0.074632 0.982487 0.170730
vn -0.150248 0.776233 0.612282
vn -0.335135 0.225038 0.914900
vn -0.377207 0.132327 0.916627
vn -0.068069 0.928379 0.365348
vn -0.379219 0.282958 0.880981
vn -0.124192 0.108857 0.986269
vn -0.466178 0.277127 0.840166
vn 0.343941 0.050849 0.937614
vn 0.354765 0.097626 0.929845
vn 0.030422 0.200690 0.979182
vn 0.139064 0.920153 0.366034
vn 0.034852 0.994948 0.094147
vn -0.294709 0.765075 0.572544
vn -0.009726 0.991488 0.129833
vn -0.011954 0.920671 0.390156
vn -0.346932 -0.927037 0.142269
vn -0.360836 -0.932383 -0.021439
vn -0.304141 -0.936495 -0.174569
vn -0.108707 -0.991553 -0.070747
vn -0.090750 -0.995712 -0.017958
vn -0.082747 -0.996054 0.032097
vn -0.140906 -0.935534 0.323917
vn -0.131453 -0.923823 0.359543
vn -0.181044 -0.910535 0.371686
vn -0.049556 -0.992892 0.108212
vn -0.029476 -0.992687 0.117065
vn -0.037385 -0.991686 0.123132
vn 0.378687 -0.911166 0.162399
vn 0.262765 -0.941501 0.211024
vn 0.130107 -0.947973 0.290549
vn 0.041413 -0.995892 0.080522
vn 0.088456 -0.993769 0.067807
vn 0.145961 -0.987040 0.066696
vn 0.382945 -0.834447 -0.396297
vn 0.507163 -0.847553 -0.156333
vn 0.275299 -0.819812 -0.502114
vn 0.212871 -0.974030 -0.077151
vn 0.174135 -0.965479 -0.193718
vn 0.142935 -0.955288 -0.258832
vn -0.069135 -0.902118 -0.425915
vn 0.095679 -0.853367 -0.512455
vn -0.177179 -0.914368 -0.364059
vn 0.050142 -0.974872 -0.217048
vn -0.025348 -0.986814 -0.159863
vn -0.053470 -0.990017 -0.130416
vn -0.288139 -0.909049 0.301007
vn -0.066684 -0.994666 0.078690
vn 0.483616 -0.871813 0.077829
vn 0.203695 -0.978502 0.032273
vn -0.257345 -0.932686 -0.252727
vn -0.101385 -0.989684 -0.101228
vn -0.052350 -0.938167 0.342201
vn -0.024416 -0.994440 0.102434
vn 0.224883 -0.840212 -0.493428
vn 0.122399 -0.957231 -0.262160
vn -0.556018 0.127972 0.821260
vn -0.541165 0.027004 0.840483
vn -0.381924 0.009311 0.924147
vn -0.375091 0.051634 0.925549
vn -0.351594 0.201622 0.914183
vn -0.423059 0.078480 0.902697
vn -0.527356 0.136635 0.838586
vn -0.435271 0.152795 0.887239
vn -0.055068 0.272046 0.960707
vn -0.351594 0.201622 0.914183
vn -0.435271 0.152795 0.887239
vn -0.014842 0.018168 0.999725
vn 0.490891 0.230667 0.840130
vn -0.055068 0.272046 0.960707
vn -0.014842 0.018168 0.999725
vn 0.508745 -0.065562 0.858417
vn 0.863948 0.239767 0.442838
vn 0.490891 0.230667 0.840130
vn 0.508745 -0.065562 0.858417
vn 0.870627 -0.039189 0.490381
vn -0.827759 0.202810 0.523147
vn -0.905404 0.055743 0.420876
vn -0.541165 0.027004 0.840483
vn -0.556018 0.127972 0.821260
vn -0.512243 0.211293 0.832444
vn -0.556018 0.127972 0.821260
vn -0.375091 0.051634 0.925549
vn -0.349750 0.177578 0.919859
vn -0.349750 0.177578 0.919859
vn -0.375091 0.051634 0.925549
vn -0.423059 0.078480 0.902697
vn -0.231619 0.221119 0.947343
vn -0.231619 0.221119 0.947343
vn -0.423059 0.078480 0.902697
vn -0.351594 0.201622 0.914183
vn 0.004214 0.304445 0.952521
vn 0.004214 0.304445 0.952521
vn -0.351594 0.201622 0.914183
vn -0.055068 0.272046 0.960707
vn 0.165179 0.378835 0.910604
vn 0.165179 0.378835 0.910604
vn -0.055068 0.272046 0.960707
vn 0.490891 0.230667 0.840130
vn 0.435470 0.447718 0.780970
vn 0.435470 0.447718 0.780970
vn 0.490891 0.230667 0.840130
vn 0.863948 0.239767 0.442838
vn 0.720986 0.448208 0.528478
vn 0.720986 0.448208 0.528478
vn 0.863948 0.239767 0.442838
vn 0.953289 0.203387 0.223324
vn 0.802492 0.395769 0.446513
vn 0.940941 0.322620 0.102694
vn 0.979271 0.192801 -0.062099
vn 0.783691 0.086971 -0.615032
vn 0.885049 0.146484 -0.441849
vn 0.885049 0.146484 -0.441849
vn 0.783691 0.086971 -0.615032
vn 0.691288 -0.036673 -0.721648
vn 0.825337 0.072420 -0.559977
vn 0.825337 0.072420 -0.559977
vn 0.691288 -0.036673 -0.721648
vn 0.537126 -0.092306 -0.838436
vn 0.650676 0.032239 -0.758671
vn -0.915634 0.352097 0.194015
vn -0.962577 0.270581 0.015199
vn -0.827759 0.202810 0.523147
vn -0.740398 0.266622 0.617028
vn -0.740398 0.266622 0.617028
vn -0.827759 0.202810 0.523147
vn -0.556018 0.127972 0.821260
vn -0.512243 0.211293 0.832444
vn 0.117471 0.173912 -0.977730
vn 0.650676 0.032239 -0.758671
vn 0.537126 -0.092306 -0.838436
vn 0.072953 -0.021225 -0.997110
vn 0.317772 0.002547 -0.948164
vn -0.106696 0.301820 -0.947376
vn 0.072953 -0.021225 -0.997110
vn 0.353598 0.246427 -0.902353
vn -0.149874 0.658318 -0.737668
vn -0.106696 0.301820 -0.947376
vn -0.238087 -0.085394 -0.967483
vn -0.477060 0.369320 -0.797507
vn -0.149874 0.658318 -0.737668
vn 0.353598 0.246427 -0.902353
vn 0.353598 0.246427 -0.902353
vn -0.106696 0.301820 -0.947376
vn 0.317772 0.002547 -0.948164
vn 0.634995 -0.104437 -0.765424
vn 0.317772 0.002547 -0.948164
vn 0.375207 0.036544 -0.926220
vn 0.353598 0.246427 -0.902353
vn 0.317772 0.002547 -0.948164
vn 0.634995 -0.104437 -0.765424
vn -0.208958 -0.354012 -0.911599
vn 0.634995 -0.104437 -0.765424
vn 0.441460 -0.467129 -0.766096
vn 0.441460 -0.467129 -0.766096
vn 0.634995 -0.104437 -0.765424
vn 0.375207 0.036544 -0.926220
vn 0.284655 0.011530 -0.958561
vn -0.208958 -0.354012 -0.911599
vn -0.238087 -0.085394 -0.967483
vn 0.353598 0.246427 -0.902353
vn 0.634995 -0.104437 -0.765424
vn -0.238087 -0.085394 -0.967483
vn -0.208958 -0.354012 -0.911599
vn -0.409097 -0.326407 -0.852114
vn -0.207597 0.100033 -0.973086
vn -0.207597 0.100033 -0.973086
vn -0.477060 0.369320 -0.797507
vn -0.238087 -0.085394 -0.967483
vn 0.441460 -0.467129 -0.766096
vn 0.284655 0.011530 -0.958561
vn 0.121025 -0.095056 -0.988088
vn -0.409097 -0.326407 -0.852114
vn -0.208958 -0.354012 -0.911599
vn 0.441460 -0.467129 -0.766096
vn 0.121025 -0.095056 -0.988088
vn -0.207597 0.100033 -0.973086
vn -0.409097 -0.326407 -0.852114
vn -0.057723 0.080757 -0.995061
vn -0.057723 0.080757 -0.995061
vn -0.409097 -0.326407 -0.852114
vn 0.121025 -0.095056 -0.988088
vn -0.356375 0.280841 -0.891137
vn -0.106696 0.301820 -0.947376
vn -0.149874 0.658318 -0.737668
vn 0.117471 0.173912 -0.977730
vn 0.072953 -0.021225 -0.997110
vn -0.277460 0.064656 -0.958559
vn -0.288388 0.236191 -0.927926
vn -0.356375 0.280841 -0.891137
vn -0.277460 0.064656 -0.958559
vn 0.072953 -0.021225 -0.997110
vn -0.106696 0.301820 -0.947376
vn -0.288388 0.236191 -0.927926
vn -0.277460 0.064656 -0.958559
vn -0.356375 0.280841 -0.891137
vn -0.427267 0.293779 -0.855066
vn -0.506345 0.342152 -0.791547
vn -0.288388 0.236191 -0.927926
vn -0.356375 0.280841 -0.891137
vn -0.284240 0.421036 -0.861358
vn -0.356375 0.280841 -0.891137
vn -0.149874 0.658318 -0.737668
vn -0.477060 0.369320 -0.797507
vn -0.477060 0.369320 -0.797507
vn -0.207597 0.100033 -0.973086
vn -0.284240 0.421036 -0.861358
vn -0.427267 0.293779 -0.855066
vn -0.715867 0.338120 -0.610909
vn -0.732429 0.410593 -0.543103
vn -0.506345 0.342152 -0.791547
vn -0.356375 0.280841 -0.891137
vn -0.284240 0.421036 -0.861358
vn -0.427267 0.293779 -0.855066
vn 0.802492 0.395769 0.446513
vn 0.953289 0.203387 0.223324
vn 0.979271 0.192801 -0.062099
vn 0.940941 0.322620 0.102694
vn 0.953289 0.203387 0.223324
vn 0.863948 0.239767 0.442838
vn 0.870627 -0.039189 0.490381
vn 0.995976 0.032293 0.083598
vn 0.995976 0.032293 0.083598
vn 0.933070 0.072366 -0.352340
vn 0.979271 0.192801 -0.062099
vn 0.953289 0.203387 0.223324
vn 0.912550 0.006270 -0.408917
vn 0.933070 0.072366 -0.352340
vn 0.995976 0.032293 0.083598
vn 0.783691 0.086971 -0.615032
vn 0.979271 0.192801 -0.062099
vn 0.933070 0.072366 -0.352340
vn 0.683915 0.081091 -0.725041
vn 0.683915 0.081091 -0.725041
vn 0.933070 0.072366 -0.352340
vn 0.912550 0.006270 -0.408917
vn 0.683915 0.081091 -0.725041
vn 0.612713 0.026395 -0.789865
vn 0.691288 -0.036673 -0.721648
vn 0.783691 0.086971 -0.615032
vn -0.471350 0.268435 0.840102
vn -0.512243 0.211293 0.832444
vn -0.349750 0.177578 0.919859
vn -0.281088 0.269553 0.921049
vn -0.661208 0.347345 0.664948
vn -0.740398 0.266622 0.617028
vn -0.512243 0.211293 0.832444
vn -0.471350 0.268435 0.840102
vn 0.105840 0.739720 0.664540
vn 0.277324 0.662590 0.695749
vn 0.326003 0.791510 0.516948
vn 0.106442 0.956769 0.270672
vn 0.105840 0.739720 0.664540
vn 0.106442 0.956769 0.270672
vn -0.285285 0.790241 0.542339
vn -0.285285 0.790241 0.542339
vn 0.106442 0.956769 0.270672
vn -0.360640 0.902058 0.237129
vn -0.338968 0.547664 0.764961
vn -0.285285 0.790241 0.542339
vn -0.360640 0.902058 0.237129
vn -0.678483 0.648758 0.344637
vn -0.338968 0.547664 0.764961
vn -0.678483 0.648758 0.344637
vn -0.744280 0.292199 0.600555
vn -0.744280 0.292199 0.600555
vn -0.661208 0.347345 0.664948
vn -0.471350 0.268435 0.840102
vn -0.459837 0.021793 0.887736
vn -0.338968 0.547664 0.764961
vn -0.744280 0.292199 0.600555
vn -0.459837 0.021793 0.887736
vn -0.038191 0.404159 0.913891
vn 0.105840 0.739720 0.664540
vn -0.285285 0.790241 0.542339
vn -0.338968 0.547664 0.764961
vn -0.038191 0.404159 0.913891
vn -0.338968 0.547664 0.764961
vn -0.459837 0.021793 0.887736
vn -0.459837 0.021793 0.887736
vn -0.471350 0.268435 0.840102
vn -0.281088 0.269553 0.921049
vn -0.196150 0.015352 0.980454
vn -0.038191 0.404159 0.913891
vn -0.459837 0.021793 0.887736
vn -0.196150 0.015352 0.980454
vn 0.244828 0.399784 0.883308
vn 0.277324 0.662590 0.695749
vn 0.105840 0.739720 0.664540
vn -0.038191 0.404159 0.913891
vn 0.152675 0.218821 0.963747
vn 0.367366 0.367895 0.854222
vn 0.441863 0.462681 0.768559
vn 0.244828 0.399784 0.883308
vn 0.244828 0.399784 0.883308
vn -0.196150 0.015352 0.980454
vn 0.152675 0.218821 0.963747
vn 0.244828 0.399784 0.883308
vn 0.441863 0.462681 0.768559
vn 0.326003 0.791510 0.516948
vn 0.277324 0.662590 0.695749
vn 0.244828 0.399784 0.883308
vn -0.038191 0.404159 0.913891
vn -0.196150 0.015352 0.980454
vn 0.152675 0.218821 0.963747
vn -0.196150 0.015352 0.980454
vn -0.281088 0.269553 0.921049
vn -0.042102 0.352548 0.934846
vn -0.281088 0.269553 0.921049
vn -0.349750 0.177578 0.919859
vn -0.231619 0.221119 0.947343
vn -0.042102 0.352548 0.934846
vn 0.367366 0.367895 0.854222
vn 0.152675 0.218821 0.963747
vn -0.042102 0.352548 0.934846
vn 0.147698 0.538656 0.829479
vn 0.441863 0.462681 0.768559
vn 0.367366 0.367895 0.854222
vn 0.147698 0.538656 0.829479
vn 0.071169 0.464974 0.882459
vn 0.326003 0.791510 0.516948
vn 0.441863 0.462681 0.768559
vn 0.071169 0.464974 0.882459
vn 0.060945 0.596249 0.800483
vn 0.106442 0.956769 0.270672
vn 0.326003 0.791510 0.516948
vn 0.060945 0.596249 0.800483
vn -0.212211 0.643410 0.735520
vn -0.360640 0.902058 0.237129
vn 0.106442 0.956769 0.270672
vn -0.212211 0.643410 0.735520
vn -0.294750 0.600689 0.743166
vn -0.678483 0.648758 0.344637
vn -0.360640 0.902058 0.237129
vn -0.294750 0.600689 0.743166
vn -0.439662 0.588819 0.678225
vn -0.439662 0.588819 0.678225
vn -0.661208 0.347345 0.664948
vn -0.744280 0.292199 0.600555
vn -0.678483 0.648758 0.344637
vn -0.750928 0.408267 0.519062
vn -0.661208 0.347345 0.664948
vn -0.439662 0.588819 0.678225
vn -0.750928 0.408267 0.519062
vn -0.439662 0.588819 0.678225
vn -0.314770 0.491439 0.812039
vn -0.750928 0.408267 0.519062
vn -0.314770 0.491439 0.812039
vn -0.735475 0.594447 0.325129
vn -0.861877 0.474183 0.179775
vn -0.314770 0.491439 0.812039
vn -0.439662 0.588819 0.678225
vn -0.294750 0.600689 0.743166
vn -0.593108 0.684858 0.423311
vn -0.735475 0.594447 0.325129
vn -0.314770 0.491439 0.812039
vn -0.593108 0.684858 0.423311
vn -0.593108 0.684858 0.423311
vn -0.294750 0.600689 0.743166
vn -0.212211 0.643410 0.735520
vn -0.253645 0.502678 0.826425
vn -0.253645 0.502678 0.826425
vn -0.212211 0.643410 0.735520
vn 0.060945 0.596249 0.800483
vn -0.160888 0.473278 0.866097
vn -0.203573 0.580938 0.788080
vn -0.593108 0.684858 0.423311
vn -0.253645 0.502678 0.826425
vn -0.042102 0.352548 0.934846
vn -0.231619 0.221119 0.947343
vn 0.004214 0.304445 0.952521
vn 0.243453 0.393726 0.886403
vn 0.147698 0.538656 0.829479
vn -0.042102 0.352548 0.934846
vn 0.375764 0.475993 0.795130
vn 0.375764 0.475993 0.795130
vn -0.042102 0.352548 0.934846
vn 0.243453 0.393726 0.886403
vn -0.160888 0.473278 0.866097
vn 0.060945 0.596249 0.800483
vn 0.409203 0.502213 0.761797
vn 0.409203 0.502213 0.761797
vn 0.060945 0.596249 0.800483
vn 0.071169 0.464974 0.882459
vn 0.449187 0.475540 0.756369
vn 0.071169 0.464974 0.882459
vn 0.147698 0.538656 0.829479
vn 0.449187 0.475540 0.756369
vn 0.449187 0.475540 0.756369
vn 0.147698 0.538656 0.829479
vn 0.375764 0.475993 0.795130
vn 0.611431 0.431680 0.663177
vn 0.435470 0.447718 0.780970
vn 0.720986 0.448208 0.528478
vn 0.611431 0.431680 0.663177
vn 0.165179 0.378835 0.910604
vn 0.435470 0.447718 0.780970
vn 0.375764 0.475993 0.795130
vn 0.243453 0.393726 0.886403
vn 0.611431 0.431680 0.663177
vn 0.243453 0.393726 0.886403
vn 0.004214 0.304445 0.952521
vn 0.165179 0.378835 0.910604
vn 0.611431 0.431680 0.663177
vn 0.611431 0.431680 0.663177
vn 0.720986 0.448208 0.528478
vn 0.802492 0.395769 0.446513
vn -0.203573 0.580938 0.788080
vn -0.253645 0.502678 0.826425
vn 0.317916 0.562845 0.762978
vn 0.317916 0.562845 0.762978
vn -0.253645 0.502678 0.826425
vn -0.160888 0.473278 0.866097
vn 0.317916 0.562845 0.762978
vn -0.160888 0.473278 0.866097
vn 0.409203 0.502213 0.761797
vn 0.169234 0.656819 0.734812
vn -0.203573 0.580938 0.788080
vn 0.317916 0.562845 0.762978
vn 0.611431 0.431680 0.663177
vn 0.802492 0.395769 0.446513
vn 0.940941 0.322620 0.102694
vn 0.785045 0.411641 0.462877
vn 0.561739 0.449158 0.694771
vn 0.611431 0.431680 0.663177
vn 0.785045 0.411641 0.462877
vn 0.561739 0.449158 0.694771
vn 0.449187 0.475540 0.756369
vn 0.375764 0.475993 0.795130
vn 0.611431 0.431680 0.663177
vn 0.940941 0.322620 0.102694
vn 0.885049 0.146484 -0.441849
vn 0.892183 0.437748 0.111295
vn 0.892183 0.437748 0.111295
vn 0.785045 0.411641 0.462877
vn 0.940941 0.322620 0.102694
vn 0.669690 0.506978 0.542668
vn 0.785045 0.411641 0.462877
vn 0.892183 0.437748 0.111295
vn 0.669690 0.506978 0.542668
vn 0.409203 0.502213 0.761797
vn 0.449187 0.475540 0.756369
vn 0.561739 0.449158 0.694771
vn 0.561739 0.449158 0.694771
vn 0.785045 0.411641 0.462877
vn 0.669690 0.506978 0.542668
vn 0.317916 0.562845 0.762978
vn 0.409203 0.502213 0.761797
vn 0.669690 0.506978 0.542668
vn 0.692434 0.621150 0.367026
vn 0.169234 0.656819 0.734812
vn 0.317916 0.562845 0.762978
vn 0.692434 0.621150 0.367026
vn 0.892183 0.437748 0.111295
vn 0.885049 0.146484 -0.441849
vn 0.825337 0.072420 -0.559977
vn 0.877285 0.300560 -0.374211
vn 0.877285 0.300560 -0.374211
vn 0.825337 0.072420 -0.559977
vn 0.650676 0.032239 -0.758671
vn 0.768949 0.407096 -0.492941
vn 0.767311 0.641267 0.003316
vn 0.892183 0.437748 0.111295
vn 0.877285 0.300560 -0.374211
vn 0.669690 0.506978 0.542668
vn 0.892183 0.437748 0.111295
vn 0.767311 0.641267 0.003316
vn 0.692434 0.621150 0.367026
vn 0.669690 0.506978 0.542668
vn 0.767311 0.641267 0.003316
vn 0.767311 0.641267 0.003316
vn 0.877285 0.300560 -0.374211
vn 0.768949 0.407096 -0.492941
vn 0.567557 0.818359 0.090377
vn 0.169234 0.656819 0.734812
vn 0.692434 0.621150 0.367026
vn 0.567557 0.818359 0.090377
vn 0.692434 0.621150 0.367026
vn 0.767311 0.641267 0.003316
vn 0.668269 0.729773 -0.144388
vn 0.768949 0.407096 -0.492941
vn 0.650676 0.032239 -0.758671
vn 0.117471 0.173912 -0.977730
vn 0.356426 0.524063 -0.773511
vn 0.668269 0.729773 -0.144388
vn 0.767311 0.641267 0.003316
vn 0.768949 0.407096 -0.492941
vn 0.356426 0.524063 -0.773511
vn 0.132637 0.680225 -0.720903
vn 0.668269 0.729773 -0.144388
vn 0.356426 0.524063 -0.773511
vn 0.356426 0.524063 -0.773511
vn 0.117471 0.173912 -0.977730
vn -0.288388 0.236191 -0.927926
vn -0.277272 0.342947 -0.897501
vn 0.132637 0.680225 -0.720903
vn 0.356426 0.524063 -0.773511
vn -0.277272 0.342947 -0.897501
vn -0.277272 0.342947 -0.897501
vn -0.288388 0.236191 -0.927926
vn -0.506345 0.342152 -0.791547
vn -0.567243 0.395633 -0.722295
vn -0.010611 0.892658 -0.450609
vn 0.567557 0.818359 0.090377
vn 0.668269 0.729773 -0.144388
vn -0.010611 0.892658 -0.450609
vn 0.668269 0.729773 -0.144388
vn 0.132637 0.680225 -0.720903
vn 0.293657 0.946880 0.131086
vn -0.203573 0.580938 0.788080
vn 0.169234 0.656819 0.734812
vn 0.567557 0.818359 0.090377
vn -0.233356 0.963650 0.130092
vn -0.203573 0.580938 0.788080
vn 0.293657 0.946880 0.131086
vn 0.293657 0.946880 0.131086
vn 0.567557 0.818359 0.090377
vn -0.010611 0.892658 -0.450609
vn 0.065423 0.885750 -0.459529
vn 0.065423 0.885750 -0.459529
vn -0.233356 0.963650 0.130092
vn 0.293657 0.946880 0.131086
vn -0.203573 0.580938 0.788080
vn -0.233356 0.963650 0.130092
vn -0.365744 0.889718 0.273193
vn -0.365744 0.889718 0.273193
vn -0.482729 0.816056 0.317845
vn -0.593108 0.684858 0.423311
vn -0.203573 0.580938 0.788080
vn -0.593108 0.684858 0.423311
vn -0.482729 0.816056 0.317845
vn -0.630111 0.609929 -0.480569
vn -0.567243 0.395633 -0.722295
vn -0.630111 0.609929 -0.480569
vn -0.361043 0.657412 -0.661406
vn -0.630111 0.609929 -0.480569
vn -0.482729 0.816056 0.317845
vn -0.365744 0.889718 0.273193
vn -0.325298 0.810741 -0.486704
vn -0.010611 0.892658 -0.450609
vn 0.132637 0.680225 -0.720903
vn -0.361043 0.657412 -0.661406
vn -0.361043 0.657412 -0.661406
vn 0.132637 0.680225 -0.720903
vn -0.277272 0.342947 -0.897501
vn -0.361043 0.657412 -0.661406
vn -0.630111 0.609929 -0.480569
vn -0.325298 0.810741 -0.486704
vn -0.361043 0.657412 -0.661406
vn -0.277272 0.342947 -0.897501
vn -0.567243 0.395633 -0.722295
vn -0.325298 0.810741 -0.486704
vn 0.065423 0.885750 -0.459529
vn -0.010611 0.892658 -0.450609
vn -0.361043 0.657412 -0.661406
vn -0.365744 0.889718 0.273193
vn -0.233356 0.963650 0.130092
vn 0.065423 0.885750 -0.459529
vn -0.325298 0.810741 -0.486704
vn -0.732429 0.410593 -0.543103
vn -0.715867 0.338120 -0.610909
vn -0.962577 0.270581 0.015199
vn -0.915634 0.352097 0.194015
vn -0.766982 0.493029 -0.410683
vn -0.732429 0.410593 -0.543103
vn -0.915634 0.352097 0.194015
vn -0.915634 0.352097 0.194015
vn -0.740398 0.266622 0.617028
vn -0.661208 0.347345 0.664948
vn -0.750928 0.408267 0.519062
vn -0.915634 0.352097 0.194015
vn -0.750928 0.408267 0.519062
vn -0.766982 0.493029 -0.410683
vn -0.567243 0.395633 -0.722295
vn -0.506345 0.342152 -0.791547
vn -0.732429 0.410593 -0.543103
vn -0.766982 0.493029 -0.410683
vn -0.630111 0.609929 -0.480569
vn -0.567243 0.395633 -0.722295
vn -0.766982 0.493029 -0.410683
vn -0.766982 0.493029 -0.410683
vn -0.750928 0.408267 0.519062
vn -0.861877 0.474183 0.179775
vn -0.766982 0.493029 -0.410683
vn -0.861877 0.474183 0.179775
vn -0.735475 0.594447 0.325129
vn -0.593108 0.684858 0.423311
vn -0.593108 0.684858 0.423311
vn -0.630111 0.609929 -0.480569
vn -0.766982 0.493029 -0.410683
vn -0.827759 0.202810 0.523147
vn -0.962577 0.270581 0.015199
vn -0.995957 0.089407 -0.008760
vn -0.905404 0.055743 0.420876
vn -0.381924 0.009311 0.924147
vn -0.541165 0.027004 0.840483
vn -0.623212 0.039727 0.781044
vn -0.421104 0.084076 0.903107
vn -0.325418 0.177773 0.928709
vn -0.625825 0.115962 0.771295
vn -0.505544 0.198736 0.839601
vn -0.500920 -0.478351 0.721290
vn -0.625825 0.115962 0.771295
vn -0.325418 0.177773 0.928709
vn -0.786038 0.125834 0.605236
vn -0.421104 0.084076 0.903107
vn -0.623212 0.039727 0.781044
vn -0.807476 -0.006947 0.589859
vn -0.807476 -0.006947 0.589859
vn -0.623212 0.039727 0.781044
vn -0.541165 0.027004 0.840483
vn -0.905404 0.055743 0.420876
vn -0.325418 0.177773 0.928709
vn -0.421104 0.084076 0.903107
vn -0.786038 0.125834 0.605236
vn -0.786038 0.125834 0.605236
vn -0.828521 -0.367349 0.422619
vn -0.500920 -0.478351 0.721290
vn -0.325418 0.177773 0.928709
vn -0.423059 0.078480 0.902697
vn -0.375091 0.051634 0.925549
vn -0.381924 0.009311 0.924147
vn -0.527356 0.136635 0.838586
vn -0.527356 0.136635 0.838586
vn -0.381924 0.009311 0.924147
vn -0.421104 0.084076 0.903107
vn -0.505544 0.198736 0.839601
vn -0.505544 0.198736 0.839601
vn -0.421104 0.084076 0.903107
vn -0.325418 0.177773 0.928709
vn 0.489005 0.031012 -0.871730
vn 0.375207 0.036544 -0.926220
vn 0.317772 0.002547 -0.948164
vn 0.072953 -0.021225 -0.997110
vn 0.537126 -0.092306 -0.838436
vn 0.691288 -0.036673 -0.721648
vn 0.612713 0.026395 -0.789865
vn 0.489005 0.031012 -0.871730
vn 0.072953 -0.021225 -0.997110
vn 0.537126 -0.092306 -0.838436
vn 0.489005 0.031012 -0.871730
vn 0.121025 -0.095056 -0.988088
vn 0.284655 0.011530 -0.958561
vn 0.237811 0.078008 -0.968174
vn 0.237811 0.078008 -0.968174
vn 0.375207 0.036544 -0.926220
vn 0.489005 0.031012 -0.871730
vn 0.389861 0.112957 -0.913920
vn 0.284655 0.011530 -0.958561
vn 0.375207 0.036544 -0.926220
vn 0.237811 0.078008 -0.968174
vn -0.057723 0.080757 -0.995061
vn 0.121025 -0.095056 -0.988088
vn 0.037982 -0.054470 -0.997793
vn 0.037982 -0.054470 -0.997793
vn 0.121025 -0.095056 -0.988088
vn 0.237811 0.078008 -0.968174
vn -0.100567 0.002045 -0.994928
vn -0.207597 0.100033 -0.973086
vn -0.057723 0.080757 -0.995061
vn -0.057723 0.080757 -0.995061
vn 0.037982 -0.054470 -0.997793
vn -0.100567 0.002045 -0.994928
vn -0.284240 0.421036 -0.861358
vn -0.207597 0.100033 -0.973086
vn -0.341729 0.272403 -0.899454
vn -0.341729 0.272403 -0.899454
vn -0.207597 0.100033 -0.973086
vn -0.100567 0.002045 -0.994928
vn -0.195167 -0.015560 -0.980647
vn -0.427267 0.293779 -0.855066
vn -0.284240 0.421036 -0.861358
vn -0.341729 0.272403 -0.899454
vn -0.853917 0.193420 -0.483130
vn -0.995957 0.089407 -0.008760
vn -0.962577 0.270581 0.015199
vn -0.715867 0.338120 -0.610909
vn -0.715867 0.338120 -0.610909
vn -0.427267 0.293779 -0.855066
vn -0.341729 0.272403 -0.899454
vn -0.853917 0.193420 -0.483130
vn -0.853917 0.193420 -0.483130
vn -0.341729 0.272403 -0.899454
vn -0.616686 0.150829 -0.772625
vn -0.341729 0.272403 -0.899454
vn -0.195167 -0.015560 -0.980647
vn -0.616686 0.150829 -0.772625
vn -0.665931 -0.032901 -0.745288
vn -0.195167 -0.015560 -0.980647
vn -0.297863 -0.268989 -0.915927
vn -0.616686 0.150829 -0.772625
vn -0.195167 -0.015560 -0.980647
vn -0.665931 -0.032901 -0.745288
vn -0.665931 -0.032901 -0.745288
vn -0.946328 -0.048197 -0.319593
vn -0.853917 0.193420 -0.483130
vn -0.616686 0.150829 -0.772625
vn 0.037982 -0.054470 -0.997793
vn -0.122732 -0.346399 -0.930024
vn -0.297863 -0.268989 -0.915927
vn -0.100567 0.002045 -0.994928
vn 0.037982 -0.054470 -0.997793
vn -0.297863 -0.268989 -0.915927
vn -0.195167 -0.015560 -0.980647
vn -0.100567 0.002045 -0.994928
vn -0.297863 -0.268989 -0.915927
vn -0.995957 0.089407 -0.008760
vn -0.853917 0.193420 -0.483130
vn -0.946328 -0.048197 -0.319593
vn -0.991372 -0.130891 -0.006982
vn -0.828521 -0.367349 0.422619
vn -0.786038 0.125834 0.605236
vn -0.807476 -0.006947 0.589859
vn -0.912684 -0.322583 0.250893
vn -0.912684 -0.322583 0.250893
vn -0.807476 -0.006947 0.589859
vn -0.951557 -0.212086 0.222619
vn -0.951557 -0.212086 0.222619
vn -0.807476 -0.006947 0.589859
vn -0.905404 0.055743 0.420876
vn -0.905404 0.055743 0.420876
vn -0.995957 0.089407 -0.008760
vn -0.991372 -0.130891 -0.006982
vn -0.951557 -0.212086 0.222619
vn -0.569650 -0.515777 -0.639900
vn -0.297863 -0.268989 -0.915927
vn -0.122732 -0.346399 -0.930024
vn -0.875475 -0.482183 -0.032285
vn -0.991372 -0.130891 -0.006982
vn -0.946328 -0.048197 -0.319593
vn -0.762617 -0.357529 -0.539062
vn -0.762617 -0.357529 -0.539062
vn -0.946328 -0.048197 -0.319593
vn -0.665931 -0.032901 -0.745288
vn -0.297863 -0.268989 -0.915927
vn -0.569650 -0.515777 -0.639900
vn -0.762617 -0.357529 -0.539062
vn -0.762617 -0.357529 -0.539062
vn -0.665931 -0.032901 -0.745288
vn -0.297863 -0.268989 -0.915927
vn -0.776714 -0.578720 -0.248593
vn -0.875475 -0.482183 -0.032285
vn -0.762617 -0.357529 -0.539062
vn -0.762617 -0.357529 -0.539062
vn -0.569650 -0.515777 -0.639900
vn -0.776714 -0.578720 -0.248593
vn -0.548979 -0.552108 -0.627534
vn -0.569650 -0.515777 -0.639900
vn -0.122732 -0.346399 -0.930024
vn 0.037982 -0.054470 -0.997793
vn 0.237811 0.078008 -0.968174
vn 0.183741 -0.291305 -0.938819
vn -0.122732 -0.346399 -0.930024
vn 0.037982 -0.054470 -0.997793
vn 0.183741 -0.291305 -0.938819
vn 0.183741 -0.291305 -0.938819
vn 0.237811 0.078008 -0.968174
vn 0.176910 -0.254533 -0.950745
vn 0.237811 0.078008 -0.968174
vn 0.389861 0.112957 -0.913920
vn 0.176910 -0.254533 -0.950745
vn 0.596426 0.081081 -0.798562
vn 0.389861 0.112957 -0.913920
vn 0.489005 0.031012 -0.871730
vn 0.489005 0.031012 -0.871730
vn 0.612713 0.026395 -0.789865
vn 0.618782 0.059157 -0.783332
vn 0.596426 0.081081 -0.798562
vn 0.429881 -0.149780 -0.890375
vn 0.389861 0.112957 -0.913920
vn 0.596426 0.081081 -0.798562
vn 0.176910 -0.254533 -0.950745
vn 0.389861 0.112957 -0.913920
vn 0.429881 -0.149780 -0.890375
vn 0.466032 -0.358789 -0.808755
vn 0.176910 -0.254533 -0.950745
vn 0.429881 -0.149780 -0.890375
vn 0.466032 -0.358789 -0.808755
vn 0.429881 -0.149780 -0.890375
vn 0.556348 -0.286463 -0.780010
vn 0.596426 0.081081 -0.798562
vn 0.618782 0.059157 -0.783332
vn 0.556348 -0.286463 -0.780010
vn 0.429881 -0.149780 -0.890375
vn 0.596426 0.081081 -0.798562
vn 0.556348 -0.286463 -0.780010
vn 0.668324 -0.048487 -0.742289
vn 0.618782 0.059157 -0.783332
vn 0.612713 0.026395 -0.789865
vn 0.683915 0.081091 -0.725041
vn 0.668324 -0.048487 -0.742289
vn 0.683915 0.081091 -0.725041
vn 0.912550 0.006270 -0.408917
vn 0.567597 -0.292845 -0.769465
vn 0.556348 -0.286463 -0.780010
vn 0.618782 0.059157 -0.783332
vn 0.668324 -0.048487 -0.742289
vn 0.955100 -0.029410 -0.294819
vn 0.668324 -0.048487 -0.742289
vn 0.912550 0.006270 -0.408917
vn 0.635294 -0.309418 -0.707575
vn 0.567597 -0.292845 -0.769465
vn 0.668324 -0.048487 -0.742289
vn 0.993554 -0.066684 0.091671
vn 0.955100 -0.029410 -0.294819
vn 0.912550 0.006270 -0.408917
vn 0.995976 0.032293 0.083598
vn 0.808285 -0.198991 0.554145
vn 0.993554 -0.066684 0.091671
vn 0.995976 0.032293 0.083598
vn 0.870627 -0.039189 0.490381
vn 0.490577 -0.276250 0.826451
vn 0.808285 -0.198991 0.554145
vn 0.870627 -0.039189 0.490381
vn 0.508745 -0.065562 0.858417
vn 0.082616 -0.214524 0.973219
vn 0.490577 -0.276250 0.826451
vn 0.508745 -0.065562 0.858417
vn -0.014842 0.018168 0.999725
vn -0.318948 -0.025121 0.947439
vn 0.082616 -0.214524 0.973219
vn -0.014842 0.018168 0.999725
vn -0.435271 0.152795 0.887239
vn -0.599685 0.118247 0.791451
vn -0.318948 -0.025121 0.947439
vn -0.435271 0.152795 0.887239
vn -0.527356 0.136635 0.838586
vn -0.599685 0.118247 0.791451
vn -0.527356 0.136635 0.838586
vn -0.505544 0.198736 0.839601
vn -0.625825 0.115962 0.771295
vn -0.714151 -0.671558 -0.197481
vn -0.776714 -0.578720 -0.248593
vn -0.569650 -0.515777 -0.639900
vn -0.548979 -0.552108 -0.627534
vn -0.828521 -0.367349 0.422619
vn -0.912684 -0.322583 0.250893
vn -0.750914 -0.508321 0.421591
vn -0.951557 -0.212086 0.222619
vn -0.991372 -0.130891 -0.006982
vn -0.875475 -0.482183 -0.032285
vn -0.849869 -0.519649 0.087676
vn -0.750914 -0.508321 0.421591
vn -0.912684 -0.322583 0.250893
vn -0.849869 -0.519649 0.087676
vn -0.849869 -0.519649 0.087676
vn -0.875475 -0.482183 -0.032285
vn -0.776714 -0.578720 -0.248593
vn -0.714151 -0.671558 -0.197481
vn -0.849869 -0.519649 0.087676
vn -0.912684 -0.322583 0.250893
vn -0.951557 -0.212086 0.222619
vn -0.787350 -0.592330 0.170951
vn -0.750914 -0.508321 0.421591
vn -0.849869 -0.519649 0.087676
vn -0.728412 -0.396412 0.558815
vn -0.625825 0.115962 0.771295
vn -0.500920 -0.478351 0.721290
vn -0.500920 -0.478351 0.721290
vn -0.828521 -0.367349 0.422619
vn -0.750914 -0.508321 0.421591
vn -0.728412 -0.396412 0.558815
vn -0.721261 -0.267964 0.638731
vn -0.599685 0.118247 0.791451
vn -0.625825 0.115962 0.771295
vn -0.728412 -0.396412 0.558815
vn -0.728412 -0.396412 0.558815
vn -0.750914 -0.508321 0.421591
vn -0.787350 -0.592330 0.170951
vn -0.744162 -0.547757 0.382341
vn -0.744162 -0.547757 0.382341
vn -0.721261 -0.267964 0.638731
vn -0.728412 -0.396412 0.558815
vn -0.242062 -0.335550 0.910391
vn -0.599685 0.118247 0.791451
vn -0.721261 -0.267964 0.638731
vn -0.242062 -0.335550 0.910391
vn 0.174544 -0.345561 0.922021
vn 0.082616 -0.214524 0.973219
vn -0.318948 -0.025121 0.947439
vn -0.242062 -0.335550 0.910391
vn -0.318948 -0.025121 0.947439
vn -0.599685 0.118247 0.791451
vn 0.031390 -0.527177 0.849175
vn 0.174544 -0.345561 0.922021
vn -0.242062 -0.335550 0.910391
vn -0.589869 -0.574770 0.567181
vn -0.721261 -0.267964 0.638731
vn -0.744162 -0.547757 0.382341
vn -0.589869 -0.574770 0.567181
vn -0.242062 -0.335550 0.910391
vn -0.721261 -0.267964 0.638731
vn 0.031390 -0.527177 0.849175
vn -0.242062 -0.335550 0.910391
vn -0.589869 -0.574770 0.567181
vn -0.420700 -0.666390 0.615577
vn -0.589869 -0.574770 0.567181
vn -0.744162 -0.547757 0.382341
vn -0.618608 -0.741641 0.259409
vn -0.420700 -0.666390 0.615577
vn -0.589869 -0.574770 0.567181
vn -0.618608 -0.741641 0.259409
vn -0.618608 -0.741641 0.259409
vn -0.744162 -0.547757 0.382341
vn -0.787350 -0.592330 0.170951
vn -0.708988 -0.692515 0.133260
vn -0.787350 -0.592330 0.170951
vn -0.849869 -0.519649 0.087676
vn -0.714151 -0.671558 -0.197481
vn -0.708988 -0.692515 0.133260
vn -0.278744 -0.960294 0.011688
vn -0.420700 -0.666390 0.615577
vn -0.618608 -0.741641 0.259409
vn -0.278744 -0.960294 0.011688
vn 0.031390 -0.527177 0.849175
vn -0.420700 -0.666390 0.615577
vn -0.278744 -0.960294 0.011688
vn -0.618608 -0.741641 0.259409
vn -0.708988 -0.692515 0.133260
vn -0.365835 -0.930650 -0.007440
vn 0.000518 -0.985940 0.167101
vn 0.031390 -0.527177 0.849175
vn -0.278744 -0.960294 0.011688
vn 0.325397 -0.876914 0.353749
vn 0.478320 -0.622834 0.619102
vn 0.031390 -0.527177 0.849175
vn 0.325397 -0.876914 0.353749
vn 0.031390 -0.527177 0.849175
vn 0.000518 -0.985940 0.167101
vn 0.546706 -0.487481 0.680790
vn 0.174544 -0.345561 0.922021
vn 0.031390 -0.527177 0.849175
vn 0.478320 -0.622834 0.619102
vn 0.546706 -0.487481 0.680790
vn 0.490577 -0.276250 0.826451
vn 0.082616 -0.214524 0.973219
vn 0.174544 -0.345561 0.922021
vn 0.803325 -0.377884 0.460296
vn 0.808285 -0.198991 0.554145
vn 0.490577 -0.276250 0.826451
vn 0.546706 -0.487481 0.680790
vn 0.952043 -0.303574 0.038161
vn 0.993554 -0.066684 0.091671
vn 0.808285 -0.198991 0.554145
vn 0.803325 -0.377884 0.460296
vn 0.825976 -0.331196 -0.456150
vn 0.955100 -0.029410 -0.294819
vn 0.993554 -0.066684 0.091671
vn 0.952043 -0.303574 0.038161
vn 0.825976 -0.331196 -0.456150
vn 0.635294 -0.309418 -0.707575
vn 0.668324 -0.048487 -0.742289
vn 0.955100 -0.029410 -0.294819
vn 0.825976 -0.331196 -0.456150
vn 0.952043 -0.303574 0.038161
vn 0.619128 -0.760888 -0.194241
vn 0.617925 -0.747674 -0.243212
vn 0.537126 -0.523219 -0.661618
vn 0.825976 -0.331196 -0.456150
vn 0.617925 -0.747674 -0.243212
vn 0.619128 -0.760888 -0.194241
vn 0.952043 -0.303574 0.038161
vn 0.803325 -0.377884 0.460296
vn 0.551873 -0.833757 0.016882
vn 0.551873 -0.833757 0.016882
vn 0.803325 -0.377884 0.460296
vn 0.546706 -0.487481 0.680790
vn 0.515225 -0.853923 0.073203
vn 0.515225 -0.853923 0.073203
vn 0.546706 -0.487481 0.680790
vn 0.478320 -0.622834 0.619102
vn 0.457136 -0.884932 0.089009
vn 0.457136 -0.884932 0.089009
vn 0.478320 -0.622834 0.619102
vn 0.325397 -0.876914 0.353749
vn 0.000518 -0.985940 0.167101
vn -0.278744 -0.960294 0.011688
vn -0.114414 -0.979962 -0.163048
vn 0.104700 -0.994448 0.010506
vn 0.457136 -0.884932 0.089009
vn 0.325397 -0.876914 0.353749
vn 0.000518 -0.985940 0.167101
vn 0.104700 -0.994448 0.010506
vn 0.104700 -0.994448 0.010506
vn -0.114414 -0.979962 -0.163048
vn 0.310806 -0.933300 -0.179866
vn 0.310806 -0.933300 -0.179866
vn -0.114414 -0.979962 -0.163048
vn -0.032094 -0.960128 -0.277711
vn 0.310806 -0.933300 -0.179866
vn 0.457136 -0.884932 0.089009
vn 0.104700 -0.994448 0.010506
vn -0.114414 -0.979962 -0.163048
vn -0.278744 -0.960294 0.011688
vn -0.365835 -0.930650 -0.007440
vn -0.032094 -0.960128 -0.277711
vn 0.367183 -0.897895 -0.242818
vn 0.515225 -0.853923 0.073203
vn 0.457136 -0.884932 0.089009
vn 0.310806 -0.933300 -0.179866
vn 0.410073 -0.831556 -0.374639
vn 0.537126 -0.523219 -0.661618
vn 0.617925 -0.747674 -0.243212
vn 0.488360 -0.470142 -0.735168
vn 0.635294 -0.309418 -0.707575
vn 0.825976 -0.331196 -0.456150
vn 0.537126 -0.523219 -0.661618
vn 0.410073 -0.831556 -0.374639
vn 0.617925 -0.747674 -0.243212
vn 0.619128 -0.760888 -0.194241
vn 0.551873 -0.833757 0.016882
vn 0.410073 -0.831556 -0.374639
vn 0.551873 -0.833757 0.016882
vn 0.515225 -0.853923 0.073203
vn 0.367183 -0.897895 -0.242818
vn 0.488360 -0.470142 -0.735168
vn 0.567597 -0.292845 -0.769465
vn 0.635294 -0.309418 -0.707575
vn 0.488360 -0.470142 -0.735168
vn 0.415969 -0.539676 -0.731929
vn 0.466032 -0.358789 -0.808755
vn 0.488360 -0.470142 -0.735168
vn 0.466032 -0.358789 -0.808755
vn 0.556348 -0.286463 -0.780010
vn 0.567597 -0.292845 -0.769465
vn 0.488360 -0.470142 -0.735168
vn 0.537126 -0.523219 -0.661618
vn 0.410073 -0.831556 -0.374639
vn 0.270453 -0.728406 -0.629508
vn 0.415969 -0.539676 -0.731929
vn 0.488360 -0.470142 -0.735168
vn 0.410073 -0.831556 -0.374639
vn 0.367183 -0.897895 -0.242818
vn 0.270453 -0.728406 -0.629508
vn 0.488360 -0.470142 -0.735168
vn 0.410073 -0.831556 -0.374639
vn 0.270453 -0.728406 -0.629508
vn 0.321111 -0.538312 -0.779171
vn 0.183741 -0.291305 -0.938819
vn 0.176910 -0.254533 -0.950745
vn 0.466032 -0.358789 -0.808755
vn 0.321111 -0.538312 -0.779171
vn 0.466032 -0.358789 -0.808755
vn 0.415969 -0.539676 -0.731929
vn 0.027879 -0.669007 -0.742733
vn -0.548979 -0.552108 -0.627534
vn -0.122732 -0.346399 -0.930024
vn 0.027879 -0.669007 -0.742733
vn -0.122732 -0.346399 -0.930024
vn 0.183741 -0.291305 -0.938819
vn 0.321111 -0.538312 -0.779171
vn -0.708988 -0.692515 0.133260
vn -0.714151 -0.671558 -0.197481
vn -0.206545 -0.899472 -0.385083
vn 0.321111 -0.538312 -0.779171
vn 0.415969 -0.539676 -0.731929
vn 0.270453 -0.728406 -0.629508
vn 0.238645 -0.770097 -0.591607
vn 0.027879 -0.669007 -0.742733
vn 0.321111 -0.538312 -0.779171
vn 0.238645 -0.770097 -0.591607
vn -0.206545 -0.899472 -0.385083
vn -0.548979 -0.552108 -0.627534
vn 0.027879 -0.669007 -0.742733
vn 0.367183 -0.897895 -0.242818
vn 0.310806 -0.933300 -0.179866
vn -0.032094 -0.960128 -0.277711
vn 0.170195 -0.818134 -0.549264
vn -0.206545 -0.899472 -0.385083
vn -0.714151 -0.671558 -0.197481
vn -0.548979 -0.552108 -0.627534
vn -0.206545 -0.899472 -0.385083
vn 0.027879 -0.669007 -0.742733
vn 0.238645 -0.770097 -0.591607
vn -0.365835 -0.930650 -0.007440
vn -0.708988 -0.692515 0.133260
vn -0.206545 -0.899472 -0.385083
vn -0.032094 -0.960128 -0.277711
vn -0.365835 -0.930650 -0.007440
vn -0.206545 -0.899472 -0.385083
vn 0.170195 -0.818134 -0.549264
vn -0.032094 -0.960128 -0.277711
vn -0.206545 -0.899472 -0.385083
vn -0.206545 -0.899472 -0.385083
vn 0.238645 -0.770097 -0.591607
vn 0.170195 -0.818134 -0.549264
vn 0.270453 -0.728406 -0.629508
vn 0.367183 -0.897895 -0.242818
vn 0.170195 -0.818134 -0.549264
vn 0.238645 -0.770097 -0.591607
vn 0.270453 -0.728406 -0.629508
vn 0.170195 -0.818134 -0.549264
vn -0.554445 0.743590 0.373717
vn -0.634486 0.743590 0.210956
vn 0.623869 0.780771 -0.034402
vn 0.408134 0.780771 -0.473100
vn -0.634486 -0.743590 0.210956
vn -0.554445 -0.743590 0.373717
vn 0.408134 -0.780771 -0.473100
vn 0.623869 -0.780771 -0.034402
vn -0.634486 -0.743590 0.210956
vn -0.634486 0.743590 0.210956
vn -0.554445 0.743590 0.373717
vn -0.554445 -0.743590 0.373717
vn -0.554445 -0.743590 0.373717
vn 0.049323 -0.813468 0.579514
vn -0.064750 -0.453749 -0.888774
vn 0.408134 -0.780771 -0.473100
vn 0.408134 -0.780771 -0.473100
vn -0.064750 -0.453749 -0.888774
vn -0.064750 0.453749 -0.888774
vn 0.408134 0.780771 -0.473100
vn 0.408134 0.780771 -0.473100
vn -0.064750 0.453749 -0.888774
vn 0.049323 0.813468 0.579514
vn -0.554445 0.743590 0.373717
vn -0.554445 0.743590 0.373717
vn 0.049323 0.813468 0.579514
vn 0.049323 -0.813468 0.579514
vn -0.554445 -0.743590 0.373717
vn -0.634486 0.743590 0.210956
vn -0.428861 0.813468 -0.392871
vn 0.664376 0.453748 0.593900
vn 0.623869 0.780771 -0.034402
vn 0.623869 0.780771 -0.034402
vn 0.664376 0.453748 0.593900
vn 0.664376 -0.453748 0.593900
vn 0.623869 -0.780771 -0.034402
vn 0.623869 -0.780771 -0.034402
vn 0.664376 -0.453748 0.593900
vn -0.428861 -0.813468 -0.392871
vn -0.634486 -0.743590 0.210956
vn -0.634486 -0.743590 0.210956
vn -0.428861 -0.813468 -0.392871
vn -0.428861 0.813468 -0.392871
vn -0.634486 0.743590 0.210956
vn -0.064750 -0.453749 -0.888774
vn 0.049323 -0.813468 0.579514
vn 0.428861 -0.813468 0.392871
vn -0.664376 -0.453749 -0.593900
vn -0.064750 0.453749 -0.888774
vn -0.064750 -0.453749 -0.888774
vn -0.664376 -0.453749 -0.593900
vn -0.664376 0.453749 -0.593900
vn 0.664376 0.453748 0.593900
vn -0.428861 0.813468 -0.392871
vn -0.049323 0.813468 -0.579514
vn 0.064750 0.453748 0.888775
vn 0.664376 -0.453748 0.593900
vn 0.664376 0.453748 0.593900
vn 0.064750 0.453748 0.888775
vn 0.064750 -0.453748 0.888775
vn 0.634485 0.743590 -0.210955
vn -0.623869 0.780771 0.034402
vn -0.408134 0.780771 0.473100
vn 0.554445 0.743590 -0.373717
vn 0.554445 -0.743590 -0.373717
vn -0.408134 -0.780771 0.473100
vn -0.623869 -0.780771 0.034402
vn 0.634485 -0.743590 -0.210955
vn 0.554445 -0.743590 -0.373717
vn 0.634485 -0.743590 -0.210955
vn 0.634485 0.743590 -0.210955
vn 0.554445 0.743590 -0.373717
vn 0.634485 -0.743590 -0.210955
vn -0.623869 -0.780771 0.034402
vn -0.664376 -0.453749 -0.593900
vn 0.428861 -0.813468 0.392871
vn -0.623869 -0.780771 0.034402
vn -0.623869 0.780771 0.034402
vn -0.664376 0.453749 -0.593900
vn -0.664376 -0.453749 -0.593900
vn -0.623869 0.780771 0.034402
vn 0.634485 0.743590 -0.210955
vn 0.428861 0.813468 0.392871
vn -0.664376 0.453749 -0.593900
vn 0.634485 0.743590 -0.210955
vn 0.634485 -0.743590 -0.210955
vn 0.428861 -0.813468 0.392871
vn 0.428861 0.813468 0.392871
vn 0.554445 0.743590 -0.373717
vn -0.408134 0.780771 0.473100
vn 0.064750 0.453748 0.888775
vn -0.049323 0.813468 -0.579514
vn -0.408134 0.780771 0.473100
vn -0.408134 -0.780771 0.473100
vn 0.064750 -0.453748 0.888775
vn 0.064750 0.453748 0.888775
vn -0.408134 -0.780771 0.473100
vn 0.554445 -0.743590 -0.373717
vn -0.049323 -0.813468 -0.579514
vn 0.064750 -0.453748 0.888775
vn 0.554445 -0.743590 -0.373717
vn 0.554445 0.743590 -0.373717
vn -0.049323 0.813468 -0.579514
vn -0.049323 -0.813468 -0.579514
vn -0.064750 0.453749 -0.888774
vn -0.664376 0.453749 -0.593900
vn 0.428861 0.813468 0.392871
vn 0.049323 0.813468 0.579514
vn 0.049323 0.813468 0.579514
vn 0.428861 0.813468 0.392871
vn 0.428861 -0.813468 0.392871
vn 0.049323 -0.813468 0.579514
vn 0.664376 -0.453748 0.593900
vn 0.064750 -0.453748 0.888775
vn -0.049323 -0.813468 -0.579514
vn -0.428861 -0.813468 -0.392871
vn -0.428861 -0.813468 -0.392871
vn -0.049323 -0.813468 -0.579514
vn -0.049323 0.813468 -0.579514
vn -0.428861 0.813468 -0.392871
vn 0.408134 -0.780771 -0.473100
vn 0.408134 0.780771 -0.473100
vn 0.849330 0.131698 -0.511169
vn 0.849330 -0.131698 -0.511169
vn 0.408134 0.780771 -0.473100
vn 0.623869 0.780771 -0.034402
vn 0.923382 0.131697 -0.360586
vn 0.849330 0.131698 -0.511169
vn 0.623869 0.780771 -0.034402
vn 0.623869 -0.780771 -0.034402
vn 0.923382 -0.131697 -0.360586
vn 0.923382 0.131697 -0.360586
vn 0.623869 -0.780771 -0.034402
vn 0.408134 -0.780771 -0.473100
vn 0.849330 -0.131698 -0.511169
vn 0.923382 -0.131697 -0.360586
vn -0.623869 -0.780771 0.034402
vn -0.408134 -0.780771 0.473100
vn -0.849330 -0.131697 0.511169
vn -0.923382 -0.131696 0.360586
vn -0.408134 -0.780771 0.473100
vn -0.408134 0.780771 0.473100
vn -0.849330 0.131697 0.511169
vn -0.849330 -0.131697 0.511169
vn -0.408134 0.780771 0.473100
vn -0.623869 0.780771 0.034402
vn -0.923382 0.131696 0.360586
vn -0.849330 0.131697 0.511169
vn -0.623869 0.780771 0.034402
vn -0.623869 -0.780771 0.034402
vn -0.923382 -0.131696 0.360586
vn -0.923382 0.131696 0.360586
vn 0.849330 -0.131698 -0.511169
vn 0.849330 0.131698 -0.511169
vn 0.897364 0.000000 -0.441291
vn 0.849330 0.131698 -0.511169
vn 0.923382 0.131697 -0.360586
vn 0.897364 0.000000 -0.441291
vn 0.923382 0.131697 -0.360586
vn 0.923382 -0.131697 -0.360586
vn 0.897364 0.000000 -0.441291
vn 0.923382 -0.131697 -0.360586
vn 0.849330 -0.131698 -0.511169
vn 0.897364 0.000000 -0.441291
vn -0.923382 -0.131696 0.360586
vn -0.849330 -0.131697 0.511169
vn -0.897364 -0.000000 0.441291
vn -0.849330 -0.131697 0.511169
vn -0.849330 0.131697 0.511169
vn -0.897364 -0.000000 0.441291
vn -0.849330 0.131697 0.511169
vn -0.923382 0.131696 0.360586
vn -0.897364 -0.000000 0.441291
vn -0.923382 0.131696 0.360586
vn -0.923382 -0.131696 0.360586
vn -0.897364 -0.000000 0.441291
vn -0.303693 0.807882 -0.505072
vn -0.478178 0.170651 -0.861525
vn -0.661048 0.185769 -0.726984
vn -0.374488 0.825363 -0.422534
vn -0.669763 0.168440 -0.723219
vn -0.393326 0.805745 -0.442798
vn -0.371796 0.912307 0.171652
vn -0.887509 0.042419 0.458834
vn -0.681551 0.043590 0.730471
vn -0.269657 0.924068 0.270894
vn -0.517598 0.091750 0.850690
vn -0.217848 0.901949 0.372867
vn -0.082493 0.184210 0.979419
vn -0.020193 0.892314 0.450963
vn 0.374785 0.225439 0.899285
vn 0.147426 0.903255 0.402984
vn 0.552725 0.169459 0.815953
vn 0.229052 0.904591 0.359515
vn 0.661179 0.127504 0.739314
vn 0.292809 0.897389 0.330085
vn 0.832767 0.155161 0.531436
vn 0.371212 0.899898 0.228879
vn 0.952388 0.191661 0.237116
vn 0.412878 0.905244 0.100322
vn 0.977253 0.207662 -0.043050
vn 0.461262 0.886988 -0.022145
vn 0.911877 0.225151 -0.343203
vn 0.451610 0.870897 -0.193873
vn 0.759336 0.240433 -0.604649
vn 0.353970 0.883336 -0.307282
vn -0.132090 0.972508 -0.191780
vn -0.153272 0.970897 -0.184031
vn -0.136193 0.977431 -0.161492
vn -0.094635 0.995003 0.031843
vn -0.075065 0.995653 0.055149
vn -0.038111 0.997343 0.062084
vn -0.009356 0.997968 0.063024
vn 0.014779 0.998066 0.060382
vn 0.043318 0.997676 0.052592
vn 0.051390 0.997088 0.056338
vn 0.064715 0.996838 0.046107
vn 0.078710 0.996711 0.019281
vn 0.086690 0.996233 -0.002195
vn 0.107011 0.992357 -0.061452
vn 0.099438 0.988772 -0.111545
vn -0.423853 0.089645 -0.901284
vn -0.666388 0.118113 -0.736190
vn -0.678289 0.128586 -0.723457
vn -0.891104 -0.008530 0.453718
vn -0.688032 0.007000 0.725646
vn -0.520283 0.056661 0.852112
vn -0.060222 0.135966 0.988881
vn 0.394705 0.178548 0.901293
vn 0.578064 0.120647 0.807023
vn 0.677381 0.064350 0.732813
vn 0.846196 0.114613 0.520400
vn 0.957852 0.178792 0.224841
vn 0.979369 0.190092 -0.068569
vn 0.920941 0.155623 -0.357280
vn 0.771837 0.127999 -0.622803
vn -0.069352 0.015651 -0.997469
vn -0.119475 0.084045 -0.989274
vn -0.130547 0.854904 -0.502093
vn -0.057623 0.986033 -0.156262
vn 0.023506 0.872948 -0.487246
vn 0.052820 0.991837 -0.116061
vn 0.313530 0.889959 -0.331169
vn 0.646273 0.255199 -0.719169
vn 0.183137 0.085575 -0.979356
vn 0.384952 0.041577 -0.922000
vn -0.128147 0.982487 -0.135267
vn -0.505320 0.776233 -0.376980
vn -0.711961 0.225039 -0.665184
vn -0.697155 0.132327 -0.704602
vn -0.309937 0.928379 -0.205067
vn -0.663544 0.282958 -0.692563
vn -0.859893 0.108858 -0.498733
vn -0.592064 0.277125 -0.756744
vn -0.997521 0.050848 -0.048651
vn -0.994584 0.097626 -0.035655
vn -0.913621 0.200690 -0.353583
vn -0.391288 0.920153 -0.014579
vn -0.100285 0.994948 -0.004593
vn -0.412427 0.765074 -0.494535
vn -0.115777 0.991488 -0.059554
vn -0.354650 0.920672 -0.163057
vn 0.004182 -0.927038 -0.374945
vn 0.160364 -0.932383 -0.323952
vn 0.279295 -0.936495 -0.212064
vn 0.107518 -0.991553 -0.072542
vn 0.051904 -0.995712 -0.076576
vn 0.002688 -0.996054 -0.088713
vn -0.243395 -0.935534 -0.256000
vn -0.279888 -0.923823 -0.261178
vn -0.271745 -0.910534 -0.311580
vn -0.080344 -0.992892 -0.087809
vn -0.096322 -0.992687 -0.072766
vn -0.098828 -0.991686 -0.082415
vn -0.297139 -0.911166 0.285457
vn -0.296743 -0.941501 0.159751
vn -0.318281 -0.947973 0.006590
vn -0.090294 -0.995892 0.006758
vn -0.096919 -0.993769 0.055037
vn -0.118307 -0.987040 0.108427
vn 0.215728 -0.834447 0.507110
vn -0.053673 -0.847553 0.527990
vn 0.355129 -0.819812 0.449212
vn -0.011907 -0.974030 0.226107
vn 0.110541 -0.965479 0.235861
vn 0.182664 -0.955289 0.232503
vn 0.419183 -0.902118 0.102315
vn 0.434651 -0.853367 0.287824
vn 0.404324 -0.914368 -0.021293
vn 0.180346 -0.974873 0.130763
vn 0.157103 -0.986814 0.038956
vn 0.140944 -0.990016 0.001582
vn -0.164920 -0.909049 -0.382663
vn -0.046482 -0.994666 -0.092079
vn -0.260146 -0.871813 0.415049
vn -0.109104 -0.978502 0.175013
vn 0.333037 -0.932685 -0.138507
vn 0.132736 -0.989684 -0.053919
vn -0.294744 -0.938167 -0.181571
vn -0.084819 -0.994440 -0.062405
vn 0.366777 -0.840212 0.399397
vn 0.193732 -0.957231 0.214888
vn -0.539642 0.127972 -0.832111
vn -0.563134 0.027004 -0.825925
vn -0.702241 0.009311 -0.711879
vn -0.706195 0.051634 -0.706132
vn -0.704885 0.201622 -0.680063
vn -0.666457 0.078480 -0.741402
vn -0.566769 0.136635 -0.812468
vn -0.647462 0.152795 -0.746624
vn -0.863290 0.272046 -0.425113
vn -0.704885 0.201622 -0.680063
vn -0.647462 0.152795 -0.746624
vn -0.914900 0.018168 -0.403273
vn -0.965013 0.230667 0.124672
vn -0.863290 0.272046 -0.425113
vn -0.914900 0.018168 -0.403273
vn -0.988812 -0.065562 0.133988
vn -0.744516 0.239767 0.623064
vn -0.965013 0.230667 0.124672
vn -0.988812 -0.065562 0.133988
vn -0.790903 -0.039189 0.610685
vn -0.159198 0.202810 -0.966191
vn -0.034754 0.055743 -0.997840
vn -0.563134 0.027004 -0.825925
vn -0.539642 0.127972 -0.832111
vn -0.567002 0.211293 -0.796156
vn -0.539642 0.127972 -0.832111
vn -0.706195 0.051634 -0.706132
vn -0.710831 0.177578 -0.680577
vn -0.710831 0.177578 -0.680577
vn -0.706195 0.051634 -0.706132
vn -0.666457 0.078480 -0.741402
vn -0.782179 0.221119 -0.582497
vn -0.782179 0.221119 -0.582497
vn -0.666457 0.078480 -0.741402
vn -0.704885 0.201622 -0.680063
vn -0.878854 0.304445 -0.367326
vn -0.878854 0.304445 -0.367326
vn -0.704885 0.201622 -0.680063
vn -0.863290 0.272046 -0.425113
vn -0.902981 0.378835 -0.202753
vn -0.902981 0.378835 -0.202753
vn -0.863290 0.272046 -0.425113
vn -0.965013 0.230667 0.124672
vn -0.888932 0.447718 0.096688
vn -0.888932 0.447718 0.096688
vn -0.965013 0.230667 0.124672
vn -0.744516 0.239767 0.623064
vn -0.767671 0.448208 0.458029
vn -0.767671 0.448208 0.458029
vn -0.744516 0.239767 0.623064
vn -0.577175 0.203387 0.790888
vn -0.723950 0.395769 0.565034
vn -0.461269 0.322620 0.826527
vn -0.324443 0.192801 0.926048
vn 0.260993 0.086971 0.961415
vn 0.062002 0.146484 0.987268
vn 0.062002 0.146484 0.987268
vn 0.260993 0.086971 0.961415
vn 0.395190 -0.036673 0.917867
vn 0.194061 0.072420 0.978313
vn 0.194061 0.072420 0.978313
vn 0.395190 -0.036673 0.917867
vn 0.562823 -0.092306 0.821407
vn 0.445113 0.032239 0.894894
vn 0.178157 0.352097 -0.918851
vn 0.361130 0.270581 -0.892396
vn -0.159198 0.202810 -0.966191
vn -0.279703 0.266621 -0.922323
vn -0.279703 0.266621 -0.922323
vn -0.159198 0.202810 -0.966191
vn -0.539642 0.127972 -0.832111
vn -0.567002 0.211293 -0.796156
vn 0.854648 0.173912 0.489215
vn 0.445113 0.032239 0.894894
vn 0.562823 -0.092306 0.821407
vn 0.889845 -0.021225 0.455770
vn 0.749360 0.002547 0.662158
vn 0.914054 0.301820 0.270942
vn 0.889845 -0.021225 0.455770
vn 0.693210 0.246427 0.677299
vn 0.737754 0.658318 0.149453
vn 0.914054 0.301820 0.270942
vn 0.983776 -0.085394 0.157775
vn 0.920369 0.369320 -0.128545
vn 0.737754 0.658318 0.149453
vn 0.693210 0.246427 0.677299
vn 0.693210 0.246427 0.677299
vn 0.914054 0.301820 0.270942
vn 0.749360 0.002547 0.662158
vn 0.457443 -0.104437 0.883085
vn 0.749360 0.002547 0.662158
vn 0.706769 0.036544 0.706500
vn 0.693210 0.246427 0.677299
vn 0.749360 0.002547 0.662158
vn 0.457443 -0.104437 0.883085
vn 0.920958 -0.354012 0.162823
vn 0.457443 -0.104437 0.883085
vn 0.533484 -0.467129 0.705113
vn 0.533484 -0.467129 0.705113
vn 0.457443 -0.104437 0.883085
vn 0.706769 0.036544 0.706500
vn 0.771841 0.011530 0.635711
vn 0.920958 -0.354012 0.162823
vn 0.983776 -0.085394 0.157775
vn 0.693210 0.246427 0.677299
vn 0.457443 -0.104437 0.883085
vn 0.983776 -0.085394 0.157775
vn 0.920958 -0.354012 0.162823
vn 0.944173 -0.326407 -0.044674
vn 0.977054 0.100033 0.188039
vn 0.977054 0.100033 0.188039
vn 0.920369 0.369320 -0.128545
vn 0.983776 -0.085394 0.157775
vn 0.533484 -0.467129 0.705113
vn 0.771841 0.011530 0.635711
vn 0.862802 -0.095056 0.496525
vn 0.944173 -0.326407 -0.044674
vn 0.920958 -0.354012 0.162823
vn 0.533484 -0.467129 0.705113
vn 0.862802 -0.095056 0.496525
vn 0.977054 0.100033 0.188039
vn 0.944173 -0.326407 -0.044674
vn 0.938884 0.080757 0.334627
vn 0.938884 0.080757 0.334627
vn 0.944173 -0.326407 -0.044674
vn 0.862802 -0.095056 0.496525
vn 0.959565 0.280841 0.019087
vn 0.914054 0.301820 0.270942
vn 0.737754 0.658318 0.149453
vn 0.854648 0.173912 0.489215
vn 0.889845 -0.021225 0.455770
vn 0.990902 0.064656 0.118038
vn 0.966949 0.236191 0.096036
vn 0.959565 0.280841 0.019087
vn 0.990902 0.064656 0.118038
vn 0.889845 -0.021225 0.455770
vn 0.914054 0.301820 0.270942
vn 0.966949 0.236191 0.096036
vn 0.990902 0.064656 0.118038
vn 0.959565 0.280841 0.019087
vn 0.953972 0.293779 -0.060258
vn 0.926293 0.342152 -0.157837
vn 0.966949 0.236191 0.096036
vn 0.959565 0.280841 0.019087
vn 0.904028 0.421036 0.073913
vn 0.959565 0.280841 0.019087
vn 0.737754 0.658318 0.149453
vn 0.920369 0.369320 -0.128545
vn 0.920369 0.369320 -0.128545
vn 0.977054 0.100033 0.188039
vn 0.904028 0.421036 0.073913
vn 0.953972 0.293779 -0.060258
vn 0.841590 0.338120 -0.421191
vn 0.785599 0.410593 -0.462868
vn 0.926293 0.342152 -0.157837
vn 0.959565 0.280841 0.019087
vn 0.904028 0.421036 0.073913
vn 0.953972 0.293779 -0.060258
vn -0.723950 0.395769 0.565034
vn -0.577175 0.203387 0.790888
vn -0.324443 0.192801 0.926048
vn -0.461269 0.322620 0.826527
vn -0.577175 0.203387 0.790888
vn -0.744516 0.239767 0.623064
vn -0.790903 -0.039189 0.610685
vn -0.465131 0.032293 0.884652
vn -0.465131 0.032293 0.884652
vn -0.039145 0.072366 0.996610
vn -0.324443 0.192801 0.926048
vn -0.577175 0.203387 0.790888
vn 0.020956 0.006270 0.999761
vn -0.039145 0.072366 0.996610
vn -0.465131 0.032293 0.884652
vn 0.260993 0.086971 0.961415
vn -0.324443 0.192801 0.926048
vn -0.039145 0.072366 0.996610
vn 0.401188 0.081091 0.912399
vn 0.401188 0.081091 0.912399
vn -0.039145 0.072366 0.996610
vn 0.020956 0.006270 0.999761
vn 0.401188 0.081091 0.912399
vn 0.488635 0.026395 0.872089
vn 0.395190 -0.036673 0.917867
vn 0.260993 0.086971 0.961415
vn -0.589991 0.268435 -0.761481
vn -0.567002 0.211293 -0.796156
vn -0.710831 0.177578 -0.680577
vn -0.738685 0.269553 -0.617808
vn -0.354695 0.347345 -0.868068
vn -0.279703 0.266621 -0.922323
vn -0.567002 0.211293 -0.796156
vn -0.589991 0.268435 -0.761481
vn -0.653246 0.739720 -0.161507
vn -0.748817 0.662590 -0.015743
vn -0.603123 0.791510 0.098768
vn -0.290753 0.956769 -0.007458
vn -0.653246 0.739720 -0.161507
vn -0.290753 0.956769 -0.007458
vn -0.388282 0.790241 -0.474085
vn -0.388282 0.790241 -0.474085
vn -0.290753 0.956769 -0.007458
vn -0.077836 0.902058 -0.424539
vn -0.572381 0.547664 -0.610282
vn -0.388282 0.790241 -0.474085
vn -0.077836 0.902058 -0.424539
vn -0.052977 0.648758 -0.759149
vn -0.572381 0.547664 -0.610282
vn -0.052977 0.648758 -0.759149
vn -0.263019 0.292199 -0.919478
vn -0.263019 0.292199 -0.919478
vn -0.354695 0.347345 -0.868068
vn -0.589991 0.268435 -0.761481
vn -0.638345 0.021793 -0.769441
vn -0.572381 0.547664 -0.610282
vn -0.263019 0.292199 -0.919478
vn -0.638345 0.021793 -0.769441
vn -0.826753 0.404159 -0.391325
vn -0.653246 0.739720 -0.161507
vn -0.388282 0.790241 -0.474085
vn -0.572381 0.547664 -0.610282
vn -0.826753 0.404159 -0.391325
vn -0.572381 0.547664 -0.610282
vn -0.638345 0.021793 -0.769441
vn -0.638345 0.021793 -0.769441
vn -0.589991 0.268435 -0.761481
vn -0.738685 0.269553 -0.617808
vn -0.826495 0.015352 -0.562735
vn -0.826753 0.404159 -0.391325
vn -0.638345 0.021793 -0.769441
vn -0.826495 0.015352 -0.562735
vn -0.908883 0.399784 -0.118764
vn -0.748817 0.662590 -0.015743
vn -0.653246 0.739720 -0.161507
vn -0.826753 0.404159 -0.391325
vn -0.947049 0.218821 -0.234978
vn -0.929852 0.367895 0.005421
vn -0.879994 0.462681 0.107412
vn -0.908883 0.399784 -0.118764
vn -0.908883 0.399784 -0.118764
vn -0.826495 0.015352 -0.562735
vn -0.947049 0.218821 -0.234978
vn -0.908883 0.399784 -0.118764
vn -0.879994 0.462681 0.107412
vn -0.603123 0.791510 0.098768
vn -0.748817 0.662590 -0.015743
vn -0.908883 0.399784 -0.118764
vn -0.826753 0.404159 -0.391325
vn -0.826495 0.015352 -0.562735
vn -0.947049 0.218821 -0.234978
vn -0.826495 0.015352 -0.562735
vn -0.738685 0.269553 -0.617808
vn -0.844527 0.352548 -0.403093
vn -0.738685 0.269553 -0.617808
vn -0.710831 0.177578 -0.680577
vn -0.782179 0.221119 -0.582497
vn -0.844527 0.352548 -0.403093
vn -0.929852 0.367895 0.005421
vn -0.947049 0.218821 -0.234978
vn -0.844527 0.352548 -0.403093
vn -0.821457 0.538656 -0.187237
vn -0.879994 0.462681 0.107412
vn -0.929852 0.367895 0.005421
vn -0.821457 0.538656 -0.187237
vn -0.840425 0.464974 -0.278362
vn -0.603123 0.791510 0.098768
vn -0.879994 0.462681 0.107412
vn -0.840425 0.464974 -0.278362
vn -0.760946 0.596249 -0.255830
vn -0.290753 0.956769 -0.007458
vn -0.603123 0.791510 0.098768
vn -0.760946 0.596249 -0.255830
vn -0.594667 0.643410 -0.482073
vn -0.077836 0.902058 -0.424539
vn -0.290753 0.956769 -0.007458
vn -0.594667 0.643410 -0.482073
vn -0.569542 0.600689 -0.561066
vn -0.052977 0.648758 -0.759149
vn -0.077836 0.902058 -0.424539
vn -0.569542 0.600689 -0.561066
vn -0.453262 0.588819 -0.669213
vn -0.453262 0.588819 -0.669213
vn -0.354695 0.347345 -0.868068
vn -0.263019 0.292199 -0.919478
vn -0.052977 0.648758 -0.759149
vn -0.185379 0.408267 -0.893842
vn -0.354695 0.347345 -0.868068
vn -0.453262 0.588819 -0.669213
vn -0.185379 0.408267 -0.893842
vn -0.453262 0.588819 -0.669213
vn -0.625168 0.491439 -0.606344
vn -0.185379 0.408267 -0.893842
vn -0.625168 0.491439 -0.606344
vn -0.012800 0.594447 -0.804033
vn 0.170322 0.474183 -0.863795
vn -0.625168 0.491439 -0.606344
vn -0.453262 0.588819 -0.669213
vn -0.569542 0.600689 -0.561066
vn -0.158702 0.684858 -0.711184
vn -0.012800 0.594447 -0.804033
vn -0.625168 0.491439 -0.606344
vn -0.158702 0.684858 -0.711184
vn -0.158702 0.684858 -0.711184
vn -0.569542 0.600689 -0.561066
vn -0.594667 0.643410 -0.482073
vn -0.662238 0.502678 -0.555658
vn -0.662238 0.502678 -0.555658
vn -0.594667 0.643410 -0.482073
vn -0.760946 0.596249 -0.255830
vn -0.734921 0.473278 -0.485695
vn -0.646437 0.580938 -0.494601
vn -0.158702 0.684858 -0.711184
vn -0.662238 0.502678 -0.555658
vn -0.844527 0.352548 -0.403093
vn -0.782179 0.221119 -0.582497
vn -0.878854 0.304445 -0.367326
vn -0.911198 0.393726 -0.121236
vn -0.821457 0.538656 -0.187237
vn -0.844527 0.352548 -0.403093
vn -0.878704 0.475993 0.036184
vn -0.878704 0.475993 0.036184
vn -0.844527 0.352548 -0.403093
vn -0.911198 0.393726 -0.121236
vn -0.734921 0.473278 -0.485695
vn -0.760946 0.596249 -0.255830
vn -0.861039 0.502213 0.079970
vn -0.861039 0.502213 0.079970
vn -0.760946 0.596249 -0.255830
vn -0.840425 0.464974 -0.278362
vn -0.871621 0.475540 0.118907
vn -0.840425 0.464974 -0.278362
vn -0.821457 0.538656 -0.187237
vn -0.871621 0.475540 0.118907
vn -0.871621 0.475540 0.118907
vn -0.821457 0.538656 -0.187237
vn -0.878704 0.475993 0.036184
vn -0.849026 0.431680 0.304642
vn -0.888932 0.447718 0.096688
vn -0.767671 0.448208 0.458029
vn -0.849026 0.431680 0.304642
vn -0.902981 0.378835 -0.202753
vn -0.888932 0.447718 0.096688
vn -0.878704 0.475993 0.036184
vn -0.911198 0.393726 -0.121236
vn -0.849026 0.431680 0.304642
vn -0.911198 0.393726 -0.121236
vn -0.878854 0.304445 -0.367326
vn -0.902981 0.378835 -0.202753
vn -0.849026 0.431680 0.304642
vn -0.849026 0.431680 0.304642
vn -0.767671 0.448208 0.458029
vn -0.723950 0.395769 0.565034
vn -0.646437 0.580938 -0.494601
vn -0.662238 0.502678 -0.555658
vn -0.826550 0.562845 -0.004560
vn -0.826550 0.562845 -0.004560
vn -0.662238 0.502678 -0.555658
vn -0.734921 0.473278 -0.485695
vn -0.826550 0.562845 -0.004560
vn -0.734921 0.473278 -0.485695
vn -0.861039 0.502213 0.079970
vn -0.742668 0.656819 -0.130510
vn -0.646437 0.580938 -0.494601
vn -0.826550 0.562845 -0.004560
vn -0.849026 0.431680 0.304642
vn -0.723950 0.395769 0.565034
vn -0.461269 0.322620 0.826527
vn -0.732222 0.411641 0.542589
vn -0.858756 0.449158 0.246566
vn -0.849026 0.431680 0.304642
vn -0.732222 0.411641 0.542589
vn -0.858756 0.449158 0.246566
vn -0.871621 0.475540 0.118907
vn -0.878704 0.475993 0.036184
vn -0.849026 0.431680 0.304642
vn -0.461269 0.322620 0.826527
vn 0.062002 0.146484 0.987268
vn -0.450189 0.437748 0.778272
vn -0.450189 0.437748 0.778272
vn -0.732222 0.411641 0.542589
vn -0.461269 0.322620 0.826527
vn -0.760749 0.506978 0.405259
vn -0.732222 0.411641 0.542589
vn -0.450189 0.437748 0.778272
vn -0.760749 0.506978 0.405259
vn -0.861039 0.502213 0.079970
vn -0.871621 0.475540 0.118907
vn -0.858756 0.449158 0.246566
vn -0.858756 0.449158 0.246566
vn -0.732222 0.411641 0.542589
vn -0.760749 0.506978 0.405259
vn -0.826550 0.562845 -0.004560
vn -0.861039 0.502213 0.079970
vn -0.760749 0.506978 0.405259
vn -0.607857 0.621150 0.494654
vn -0.742668 0.656819 -0.130510
vn -0.826550 0.562845 -0.004560
vn -0.607857 0.621150 0.494654
vn -0.450189 0.437748 0.778272
vn 0.062002 0.146484 0.987268
vn 0.194061 0.072420 0.978313
vn 0.002738 0.300560 0.953759
vn 0.002738 0.300560 0.953759
vn 0.194061 0.072420 0.978313
vn 0.445113 0.032239 0.894894
vn 0.154300 0.407096 0.900258
vn -0.302083 0.641267 0.705353
vn -0.450189 0.437748 0.778272
vn 0.002738 0.300560 0.953759
vn -0.760749 0.506978 0.405259
vn -0.450189 0.437748 0.778272
vn -0.302083 0.641267 0.705353
vn -0.607857 0.621150 0.494654
vn -0.760749 0.506978 0.405259
vn -0.302083 0.641267 0.705353
vn -0.302083 0.641267 0.705353
vn 0.002738 0.300560 0.953759
vn 0.154300 0.407096 0.900258
vn -0.304415 0.818359 0.487464
vn -0.742668 0.656819 -0.130510
vn -0.607857 0.621150 0.494654
vn -0.304415 0.818359 0.487464
vn -0.607857 0.621150 0.494654
vn -0.302083 0.641267 0.705353
vn -0.127459 0.729773 0.671704
vn 0.154300 0.407096 0.900258
vn 0.445113 0.032239 0.894894
vn 0.854648 0.173912 0.489215
vn 0.573452 0.524063 0.629692
vn -0.127459 0.729773 0.671704
vn -0.302083 0.641267 0.705353
vn 0.154300 0.407096 0.900258
vn 0.573452 0.524063 0.629692
vn 0.612216 0.680225 0.403094
vn -0.127459 0.729773 0.671704
vn 0.573452 0.524063 0.629692
vn 0.573452 0.524063 0.629692
vn 0.854648 0.173912 0.489215
vn 0.966949 0.236191 0.096036
vn 0.934598 0.342947 0.094416
vn 0.612216 0.680225 0.403094
vn 0.573452 0.524063 0.629692
vn 0.934598 0.342947 0.094416
vn 0.934598 0.342947 0.094416
vn 0.966949 0.236191 0.096036
vn 0.926293 0.342152 -0.157837
vn 0.886249 0.395633 -0.240909
vn 0.419118 0.892658 0.165836
vn -0.304415 0.818359 0.487464
vn -0.127459 0.729773 0.671704
vn 0.419118 0.892658 0.165836
vn -0.127459 0.729773 0.671704
vn 0.612216 0.680225 0.403094
vn -0.235163 0.946880 0.219354
vn -0.646437 0.580938 -0.494601
vn -0.742668 0.656819 -0.130510
vn -0.304415 0.818359 0.487464
vn -0.028865 0.963650 -0.265604
vn -0.646437 0.580938 -0.494601
vn -0.235163 0.946880 0.219354
vn -0.235163 0.946880 0.219354
vn -0.304415 0.818359 0.487464
vn 0.419118 0.892658 0.165836
vn 0.397701 0.885750 0.239334
vn 0.397701 0.885750 0.239334
vn -0.028865 0.963650 -0.265604
vn -0.235163 0.946880 0.219354
vn -0.646437 0.580938 -0.494601
vn -0.028865 0.963650 -0.265604
vn -0.109059 0.889717 -0.443293
vn -0.109059 0.889717 -0.443293
vn -0.104591 0.816056 -0.568431
vn -0.158702 0.684858 -0.711184
vn -0.646437 0.580938 -0.494601
vn -0.158702 0.684858 -0.711184
vn -0.104591 0.816056 -0.568431
vn 0.688136 0.609929 -0.393010
vn 0.886249 0.395633 -0.240909
vn 0.688136 0.609929 -0.393010
vn 0.749816 0.657412 -0.074741
vn 0.688136 0.609929 -0.393010
vn -0.104591 0.816056 -0.568431
vn -0.109059 0.889717 -0.443293
vn 0.574996 0.810741 -0.109905
vn 0.419118 0.892658 0.165836
vn 0.612216 0.680225 0.403094
vn 0.749816 0.657412 -0.074741
vn 0.749816 0.657412 -0.074741
vn 0.612216 0.680225 0.403094
vn 0.934598 0.342947 0.094416
vn 0.749816 0.657412 -0.074741
vn 0.688136 0.609929 -0.393010
vn 0.574996 0.810741 -0.109905
vn 0.749816 0.657412 -0.074741
vn 0.934598 0.342947 0.094416
vn 0.886249 0.395633 -0.240909
vn 0.574996 0.810741 -0.109905
vn 0.397701 0.885750 0.239334
vn 0.419118 0.892658 0.165836
vn 0.749816 0.657412 -0.074741
vn -0.109059 0.889717 -0.443293
vn -0.028865 0.963650 -0.265604
vn 0.397701 0.885750 0.239334
vn 0.574996 0.810741 -0.109905
vn 0.785599 0.410593 -0.462868
vn 0.841590 0.338120 -0.421191
vn 0.361130 0.270581 -0.892396
vn 0.178157 0.352097 -0.918851
vn 0.677115 0.493029 -0.546295
vn 0.785599 0.410593 -0.462868
vn 0.178157 0.352097 -0.918851
vn 0.178157 0.352097 -0.918851
vn -0.279703 0.266621 -0.922323
vn -0.354695 0.347345 -0.868068
vn -0.185379 0.408267 -0.893842
vn 0.178157 0.352097 -0.918851
vn -0.185379 0.408267 -0.893842
vn 0.677115 0.493029 -0.546295
vn 0.886249 0.395633 -0.240909
vn 0.926293 0.342152 -0.157837
vn 0.785599 0.410593 -0.462868
vn 0.677115 0.493029 -0.546295
vn 0.688136 0.609929 -0.393010
vn 0.886249 0.395633 -0.240909
vn 0.677115 0.493029 -0.546295
vn 0.677115 0.493029 -0.546295
vn -0.185379 0.408267 -0.893842
vn 0.170322 0.474183 -0.863795
vn 0.677115 0.493029 -0.546295
vn 0.170322 0.474183 -0.863795
vn -0.012800 0.594447 -0.804033
vn -0.158702 0.684858 -0.711184
vn -0.158702 0.684858 -0.711184
vn 0.688136 0.609929 -0.393010
vn 0.677115 0.493029 -0.546295
vn -0.159198 0.202810 -0.966191
vn 0.361130 0.270581 -0.892396
vn 0.396203 0.089407 -0.913800
vn -0.034754 0.055743 -0.997840
vn -0.702241 0.009311 -0.711879
vn -0.563134 0.027004 -0.825925
vn -0.476420 0.039727 -0.878320
vn -0.667596 0.084076 -0.739761
vn -0.728464 0.177773 -0.661617
vn -0.466423 0.115962 -0.876928
vn -0.576204 0.198736 -0.792776
vn -0.469049 -0.478351 -0.742411
vn -0.466423 0.115962 -0.876928
vn -0.728464 0.177773 -0.661617
vn -0.251057 0.125834 -0.959758
vn -0.667596 0.084076 -0.739761
vn -0.476420 0.039727 -0.878320
vn -0.228541 -0.006947 -0.973510
vn -0.228541 -0.006947 -0.973510
vn -0.476420 0.039727 -0.878320
vn -0.563134 0.027004 -0.825925
vn -0.034754 0.055743 -0.997840
vn -0.728464 0.177773 -0.661617
vn -0.667596 0.084076 -0.739761
vn -0.251057 0.125834 -0.959758
vn -0.251057 0.125834 -0.959758
vn -0.066322 -0.367349 -0.927716
vn -0.469049 -0.478351 -0.742411
vn -0.728464 0.177773 -0.661617
vn -0.666457 0.078480 -0.741402
vn -0.706195 0.051634 -0.706132
vn -0.702241 0.009311 -0.711879
vn -0.566769 0.136635 -0.812468
vn -0.566769 0.136635 -0.812468
vn -0.702241 0.009311 -0.711879
vn -0.667596 0.084076 -0.739761
vn -0.576204 0.198736 -0.792776
vn -0.576204 0.198736 -0.792776
vn -0.667596 0.084076 -0.739761
vn -0.728464 0.177773 -0.661617
vn 0.612238 0.031012 0.790065
vn 0.706769 0.036544 0.706500
vn 0.749360 0.002547 0.662158
vn 0.889845 -0.021225 0.455770
vn 0.562823 -0.092306 0.821407
vn 0.395190 -0.036673 0.917867
vn 0.488635 0.026395 0.872089
vn 0.612238 0.031012 0.790065
vn 0.889845 -0.021225 0.455770
vn 0.562823 -0.092306 0.821407
vn 0.612238 0.031012 0.790065
vn 0.862802 -0.095056 0.496525
vn 0.771841 0.011530 0.635711
vn 0.798950 0.078008 0.596317
vn 0.798950 0.078008 0.596317
vn 0.706769 0.036544 0.706500
vn 0.612238 0.031012 0.790065
vn 0.689730 0.112957 0.715202
vn 0.771841 0.011530 0.635711
vn 0.706769 0.036544 0.706500
vn 0.798950 0.078008 0.596317
vn 0.938884 0.080757 0.334627
vn 0.862802 -0.095056 0.496525
vn 0.904102 -0.054470 0.423830
vn 0.904102 -0.054470 0.423830
vn 0.862802 -0.095056 0.496525
vn 0.798950 0.078008 0.596317
vn 0.955459 0.002045 0.295118
vn 0.977054 0.100033 0.188039
vn 0.938884 0.080757 0.334627
vn 0.938884 0.080757 0.334627
vn 0.904102 -0.054470 0.423830
vn 0.955459 0.002045 0.295118
vn 0.904028 0.421036 0.073913
vn 0.977054 0.100033 0.188039
vn 0.961516 0.272403 0.035816
vn 0.961516 0.272403 0.035816
vn 0.977054 0.100033 0.188039
vn 0.955459 0.002045 0.295118
vn 0.979173 -0.015560 0.202432
vn 0.953972 0.293779 -0.060258
vn 0.904028 0.421036 0.073913
vn 0.961516 0.272403 0.035816
vn 0.777713 0.193420 -0.598123
vn 0.396203 0.089407 -0.913800
vn 0.361130 0.270581 -0.892396
vn 0.841590 0.338120 -0.421191
vn 0.841590 0.338120 -0.421191
vn 0.953972 0.293779 -0.060258
vn 0.961516 0.272403 0.035816
vn 0.777713 0.193420 -0.598123
vn 0.777713 0.193420 -0.598123
vn 0.961516 0.272403 0.035816
vn 0.951868 0.150829 -0.266828
vn 0.961516 0.272403 0.035816
vn 0.979173 -0.015560 0.202432
vn 0.951868 0.150829 -0.266828
vn 0.945884 -0.032901 -0.322833
vn 0.979173 -0.015560 0.202432
vn 0.959592 -0.268989 0.082633
vn 0.951868 0.150829 -0.266828
vn 0.979173 -0.015560 0.202432
vn 0.945884 -0.032901 -0.322833
vn 0.945884 -0.032901 -0.322833
vn 0.663120 -0.048197 -0.746960
vn 0.777713 0.193420 -0.598123
vn 0.951868 0.150829 -0.266828
vn 0.904102 -0.054470 0.423830
vn 0.904324 -0.346399 0.249412
vn 0.959592 -0.268989 0.082633
vn 0.955459 0.002045 0.295118
vn 0.904102 -0.054470 0.423830
vn 0.959592 -0.268989 0.082633
vn 0.979173 -0.015560 0.202432
vn 0.955459 0.002045 0.295118
vn 0.959592 -0.268989 0.082633
vn 0.396203 0.089407 -0.913800
vn 0.777713 0.193420 -0.598123
vn 0.663120 -0.048197 -0.746960
vn 0.392778 -0.130891 -0.910271
vn -0.066322 -0.367349 -0.927716
vn -0.251057 0.125834 -0.959758
vn -0.228541 -0.006947 -0.973510
vn 0.124626 -0.322583 -0.938301
vn 0.124626 -0.322583 -0.938301
vn -0.228541 -0.006947 -0.973510
vn 0.165814 -0.212086 -0.963081
vn 0.165814 -0.212086 -0.963081
vn -0.228541 -0.006947 -0.973510
vn -0.034754 0.055743 -0.997840
vn -0.034754 0.055743 -0.997840
vn 0.396203 0.089407 -0.913800
vn 0.392778 -0.130891 -0.910271
vn 0.165814 -0.212086 -0.963081
vn 0.811307 -0.515777 -0.275236
vn 0.959592 -0.268989 0.082633
vn 0.904324 -0.346399 0.249412
vn 0.370915 -0.482183 -0.793676
vn 0.392778 -0.130891 -0.910271
vn 0.663120 -0.048197 -0.746960
vn 0.793643 -0.357529 -0.492244
vn 0.793643 -0.357529 -0.492244
vn 0.663120 -0.048197 -0.746960
vn 0.945884 -0.032901 -0.322833
vn 0.959592 -0.268989 0.082633
vn 0.811307 -0.515777 -0.275236
vn 0.793643 -0.357529 -0.492244
vn 0.793643 -0.357529 -0.492244
vn 0.945884 -0.032901 -0.322833
vn 0.959592 -0.268989 0.082633
vn 0.531633 -0.578720 -0.618425
vn 0.370915 -0.482183 -0.793676
vn 0.793643 -0.357529 -0.492244
vn 0.793643 -0.357529 -0.492244
vn 0.811307 -0.515777 -0.275236
vn 0.531633 -0.578720 -0.618425
vn 0.791863 -0.552108 -0.261019
vn 0.811307 -0.515777 -0.275236
vn 0.904324 -0.346399 0.249412
vn 0.904102 -0.054470 0.423830
vn 0.798950 0.078008 0.596317
vn 0.792987 -0.291305 0.535082
vn 0.904324 -0.346399 0.249412
vn 0.904102 -0.054470 0.423830
vn 0.792987 -0.291305 0.535082
vn 0.792987 -0.291305 0.535082
vn 0.798950 0.078008 0.596317
vn 0.806633 -0.254533 0.533439
vn 0.798950 0.078008 0.596317
vn 0.689730 0.112957 0.715202
vn 0.806633 -0.254533 0.533439
vn 0.502992 0.081081 0.860480
vn 0.689730 0.112957 0.715202
vn 0.612238 0.031012 0.790065
vn 0.612238 0.031012 0.790065
vn 0.488635 0.026395 0.872089
vn 0.480253 0.059157 0.875133
vn 0.502992 0.081081 0.860480
vn 0.652451 -0.149780 0.742882
vn 0.689730 0.112957 0.715202
vn 0.502992 0.081081 0.860480
vn 0.806633 -0.254533 0.533439
vn 0.689730 0.112957 0.715202
vn 0.652451 -0.149780 0.742882
vn 0.563195 -0.358789 0.744367
vn 0.806633 -0.254533 0.533439
vn 0.652451 -0.149780 0.742882
vn 0.563195 -0.358789 0.744367
vn 0.652451 -0.149780 0.742882
vn 0.501526 -0.286463 0.816340
vn 0.502992 0.081081 0.860480
vn 0.480253 0.059157 0.875133
vn 0.501526 -0.286463 0.816340
vn 0.652451 -0.149780 0.742882
vn 0.502992 0.081081 0.860480
vn 0.501526 -0.286463 0.816340
vn 0.423148 -0.048487 0.904762
vn 0.480253 0.059157 0.875133
vn 0.488635 0.026395 0.872089
vn 0.401188 0.081091 0.912399
vn 0.423148 -0.048487 0.904762
vn 0.401188 0.081091 0.912399
vn 0.020956 0.006270 0.999761
vn 0.487430 -0.292845 0.822590
vn 0.501526 -0.286463 0.816340
vn 0.480253 0.059157 0.875133
vn 0.423148 -0.048487 0.904762
vn -0.100703 -0.029410 0.994482
vn 0.423148 -0.048487 0.904762
vn 0.020956 0.006270 0.999761
vn 0.404051 -0.309418 0.860816
vn 0.487430 -0.292845 0.822590
vn 0.423148 -0.048487 0.904762
vn -0.471622 -0.066684 0.879276
vn -0.100703 -0.029410 0.994482
vn 0.020956 0.006270 0.999761
vn -0.465131 0.032293 0.884652
vn -0.825331 -0.198991 0.528424
vn -0.471622 -0.066684 0.879276
vn -0.465131 0.032293 0.884652
vn -0.790903 -0.039189 0.610685
vn -0.952292 -0.276250 0.129713
vn -0.825331 -0.198991 0.528424
vn -0.790903 -0.039189 0.610685
vn -0.988812 -0.065562 0.133988
vn -0.928470 -0.214524 -0.303189
vn -0.952292 -0.276250 0.129713
vn -0.988812 -0.065562 0.133988
vn -0.914900 0.018168 -0.403273
vn -0.748235 -0.025121 -0.662958
vn -0.928470 -0.214524 -0.303189
vn -0.914900 0.018168 -0.403273
vn -0.647462 0.152795 -0.746624
vn -0.495173 0.118247 -0.860710
vn -0.748235 -0.025121 -0.662958
vn -0.647462 0.152795 -0.746624
vn -0.566769 0.136635 -0.812468
vn -0.495173 0.118247 -0.860710
vn -0.566769 0.136635 -0.812468
vn -0.576204 0.198736 -0.792776
vn -0.466423 0.115962 -0.876928
vn 0.460180 -0.671558 -0.580727
vn 0.531633 -0.578720 -0.618425
vn 0.811307 -0.515777 -0.275236
vn 0.791863 -0.552108 -0.261019
vn -0.066322 -0.367349 -0.927716
vn 0.124626 -0.322583 -0.938301
vn -0.095620 -0.508321 -0.855843
vn 0.165814 -0.212086 -0.963081
vn 0.392778 -0.130891 -0.910271
vn 0.370915 -0.482183 -0.793676
vn 0.250459 -0.519649 -0.816845
vn -0.095620 -0.508321 -0.855843
vn 0.124626 -0.322583 -0.938301
vn 0.250459 -0.519649 -0.816845
vn 0.250459 -0.519649 -0.816845
vn 0.370915 -0.482183 -0.793676
vn 0.531633 -0.578720 -0.618425
vn 0.460180 -0.671558 -0.580727
vn 0.250459 -0.519649 -0.816845
vn 0.124626 -0.322583 -0.938301
vn 0.165814 -0.212086 -0.963081
vn 0.149404 -0.592330 -0.791722
vn -0.095620 -0.508321 -0.855843
vn 0.250459 -0.519649 -0.816845
vn -0.230763 -0.396412 -0.888598
vn -0.466423 0.115962 -0.876928
vn -0.469049 -0.478351 -0.742411
vn -0.469049 -0.478351 -0.742411
vn -0.066322 -0.367349 -0.927716
vn -0.095620 -0.508321 -0.855843
vn -0.230763 -0.396412 -0.888598
vn -0.307148 -0.267964 -0.913157
vn -0.495173 0.118247 -0.860710
vn -0.466423 0.115962 -0.876928
vn -0.230763 -0.396412 -0.888598
vn -0.230763 -0.396412 -0.888598
vn -0.095620 -0.508321 -0.855843
vn 0.149404 -0.592330 -0.791722
vn -0.062104 -0.547757 -0.834329
vn -0.062104 -0.547757 -0.834329
vn -0.307148 -0.267964 -0.913157
vn -0.230763 -0.396412 -0.888598
vn -0.744079 -0.335550 -0.577713
vn -0.495173 0.118247 -0.860710
vn -0.307148 -0.267964 -0.913157
vn -0.744079 -0.335550 -0.577713
vn -0.917145 -0.345561 -0.198578
vn -0.928470 -0.214524 -0.303189
vn -0.748235 -0.025121 -0.662958
vn -0.744079 -0.335550 -0.577713
vn -0.748235 -0.025121 -0.662958
vn -0.495173 0.118247 -0.860710
vn -0.794270 -0.527177 -0.302024
vn -0.917145 -0.345561 -0.198578
vn -0.744079 -0.335550 -0.577713
vn -0.292460 -0.574770 -0.764269
vn -0.307148 -0.267964 -0.913157
vn -0.062104 -0.547757 -0.834329
vn -0.292460 -0.574770 -0.764269
vn -0.744079 -0.335550 -0.577713
vn -0.307148 -0.267964 -0.913157
vn -0.794270 -0.527177 -0.302024
vn -0.744079 -0.335550 -0.577713
vn -0.292460 -0.574770 -0.764269
vn -0.402957 -0.666390 -0.627335
vn -0.292460 -0.574770 -0.764269
vn -0.062104 -0.547757 -0.834329
vn 0.002179 -0.741641 -0.670793
vn -0.402957 -0.666390 -0.627335
vn -0.292460 -0.574770 -0.764269
vn 0.002179 -0.741641 -0.670793
vn 0.002179 -0.741641 -0.670793
vn -0.062104 -0.547757 -0.834329
vn 0.149404 -0.592330 -0.791722
vn 0.153576 -0.692515 -0.704867
vn 0.149404 -0.592330 -0.791722
vn 0.250459 -0.519649 -0.816845
vn 0.460180 -0.671558 -0.580727
vn 0.153576 -0.692515 -0.704867
vn 0.097866 -0.960294 -0.261261
vn -0.402957 -0.666390 -0.627335
vn 0.002179 -0.741641 -0.670793
vn 0.097866 -0.960294 -0.261261
vn -0.794270 -0.527177 -0.302024
vn -0.402957 -0.666390 -0.627335
vn 0.097866 -0.960294 -0.261261
vn 0.002179 -0.741641 -0.670793
vn 0.153576 -0.692515 -0.704867
vn 0.149422 -0.930650 -0.334011
vn -0.154091 -0.985940 -0.064644
vn -0.794270 -0.527177 -0.302024
vn 0.097866 -0.960294 -0.261261
vn -0.452592 -0.876914 0.161810
vn -0.756561 -0.622834 0.199232
vn -0.794270 -0.527177 -0.302024
vn -0.452592 -0.876914 0.161810
vn -0.794270 -0.527177 -0.302024
vn -0.154091 -0.985940 -0.064644
vn -0.840022 -0.487481 0.238171
vn -0.917145 -0.345561 -0.198578
vn -0.794270 -0.527177 -0.302024
vn -0.756561 -0.622834 0.199232
vn -0.840022 -0.487481 0.238171
vn -0.952292 -0.276250 0.129713
vn -0.928470 -0.214524 -0.303189
vn -0.917145 -0.345561 -0.198578
vn -0.736968 -0.377884 0.560430
vn -0.825331 -0.198991 0.528424
vn -0.952292 -0.276250 0.129713
vn -0.840022 -0.487481 0.238171
vn -0.406166 -0.303574 0.861900
vn -0.471622 -0.066684 0.879276
vn -0.825331 -0.198991 0.528424
vn -0.736968 -0.377884 0.560430
vn 0.098194 -0.331196 0.938439
vn -0.100703 -0.029410 0.994482
vn -0.471622 -0.066684 0.879276
vn -0.406166 -0.303574 0.861900
vn 0.098194 -0.331196 0.938439
vn 0.404051 -0.309418 0.860816
vn 0.423148 -0.048487 0.904762
vn -0.100703 -0.029410 0.994482
vn 0.098194 -0.331196 0.938439
vn -0.406166 -0.303574 0.861900
vn -0.062398 -0.760888 0.645876
vn -0.016830 -0.747674 0.663853
vn 0.399985 -0.523219 0.752499
vn 0.098194 -0.331196 0.938439
vn -0.016830 -0.747674 0.663853
vn -0.062398 -0.760888 0.645876
vn -0.406166 -0.303574 0.861900
vn -0.736968 -0.377884 0.560430
vn -0.230618 -0.833757 0.501661
vn -0.230618 -0.833757 0.501661
vn -0.736968 -0.377884 0.560430
vn -0.840022 -0.487481 0.238171
vn -0.268204 -0.853923 0.445962
vn -0.268204 -0.853923 0.445962
vn -0.840022 -0.487481 0.238171
vn -0.756561 -0.622834 0.199232
vn -0.260122 -0.884932 0.386306
vn -0.260122 -0.884932 0.386306
vn -0.756561 -0.622834 0.199232
vn -0.452592 -0.876914 0.161810
vn -0.154091 -0.985940 -0.064644
vn 0.097866 -0.960294 -0.261261
vn 0.194745 -0.979962 -0.041826
vn -0.050479 -0.994448 0.092328
vn -0.260122 -0.884932 0.386306
vn -0.452592 -0.876914 0.161810
vn -0.154091 -0.985940 -0.064644
vn -0.050479 -0.994448 0.092328
vn -0.050479 -0.994448 0.092328
vn 0.194745 -0.979962 -0.041826
vn 0.044521 -0.933300 0.356328
vn 0.044521 -0.933300 0.356328
vn 0.194745 -0.979962 -0.041826
vn 0.268262 -0.960128 0.078670
vn 0.044521 -0.933300 0.356328
vn -0.260122 -0.884932 0.386306
vn -0.050479 -0.994448 0.092328
vn 0.194745 -0.979962 -0.041826
vn 0.097866 -0.960294 -0.261261
vn 0.149422 -0.930650 -0.334011
vn 0.268262 -0.960128 0.078670
vn 0.080525 -0.897895 0.432781
vn -0.268204 -0.853923 0.445962
vn -0.260122 -0.884932 0.386306
vn 0.044521 -0.933300 0.356328
vn 0.185209 -0.831556 0.523652
vn 0.399985 -0.523219 0.752499
vn -0.016830 -0.747674 0.663853
vn 0.486724 -0.470142 0.736251
vn 0.404051 -0.309418 0.860816
vn 0.098194 -0.331196 0.938439
vn 0.399985 -0.523219 0.752499
vn 0.185209 -0.831556 0.523652
vn -0.016830 -0.747674 0.663853
vn -0.062398 -0.760888 0.645876
vn -0.230618 -0.833757 0.501661
vn 0.185209 -0.831556 0.523652
vn -0.230618 -0.833757 0.501661
vn -0.268204 -0.853923 0.445962
vn 0.080525 -0.897895 0.432781
vn 0.486724 -0.470142 0.736251
vn 0.487430 -0.292845 0.822590
vn 0.404051 -0.309418 0.860816
vn 0.486724 -0.470142 0.736251
vn 0.511953 -0.539676 0.668322
vn 0.563195 -0.358789 0.744367
vn 0.486724 -0.470142 0.736251
vn 0.563195 -0.358789 0.744367
vn 0.501526 -0.286463 0.816340
vn 0.487430 -0.292845 0.822590
vn 0.486724 -0.470142 0.736251
vn 0.399985 -0.523219 0.752499
vn 0.185209 -0.831556 0.523652
vn 0.474339 -0.728406 0.494396
vn 0.511953 -0.539676 0.668322
vn 0.486724 -0.470142 0.736251
vn 0.185209 -0.831556 0.523652
vn 0.080525 -0.897895 0.432781
vn 0.474339 -0.728406 0.494396
vn 0.486724 -0.470142 0.736251
vn 0.185209 -0.831556 0.523652
vn 0.474339 -0.728406 0.494396
vn 0.592427 -0.538312 0.599375
vn 0.792987 -0.291305 0.535082
vn 0.806633 -0.254533 0.533439
vn 0.563195 -0.358789 0.744367
vn 0.592427 -0.538312 0.599375
vn 0.563195 -0.358789 0.744367
vn 0.511953 -0.539676 0.668322
vn 0.673145 -0.669007 0.315126
vn 0.791863 -0.552108 -0.261019
vn 0.904324 -0.346399 0.249412
vn 0.673145 -0.669007 0.315126
vn 0.904324 -0.346399 0.249412
vn 0.792987 -0.291305 0.535082
vn 0.592427 -0.538312 0.599375
vn 0.153576 -0.692515 -0.704867
vn 0.460180 -0.671558 -0.580727
vn 0.435131 -0.899472 -0.040144
vn 0.592427 -0.538312 0.599375
vn 0.511953 -0.539676 0.668322
vn 0.474339 -0.728406 0.494396
vn 0.451830 -0.770097 0.450333
vn 0.673145 -0.669007 0.315126
vn 0.592427 -0.538312 0.599375
vn 0.451830 -0.770097 0.450333
vn 0.435131 -0.899472 -0.040144
vn 0.791863 -0.552108 -0.261019
vn 0.673145 -0.669007 0.315126
vn 0.080525 -0.897895 0.432781
vn 0.044521 -0.933300 0.356328
vn 0.268262 -0.960128 0.078670
vn 0.439510 -0.818134 0.370793
vn 0.435131 -0.899472 -0.040144
vn 0.460180 -0.671558 -0.580727
vn 0.791863 -0.552108 -0.261019
vn 0.435131 -0.899472 -0.040144
vn 0.673145 -0.669007 0.315126
vn 0.451830 -0.770097 0.450333
vn 0.149422 -0.930650 -0.334011
vn 0.153576 -0.692515 -0.704867
vn 0.435131 -0.899472 -0.040144
vn 0.268262 -0.960128 0.078670
vn 0.149422 -0.930650 -0.334011
vn 0.435131 -0.899472 -0.040144
vn 0.439510 -0.818134 0.370793
vn 0.268262 -0.960128 0.078670
vn 0.435131 -0.899472 -0.040144
vn 0.435131 -0.899472 -0.040144
vn 0.451830 -0.770097 0.450333
vn 0.439510 -0.818134 0.370793
vn 0.474339 -0.728406 0.494396
vn 0.080525 -0.897895 0.432781
vn 0.439510 -0.818134 0.370793
vn 0.451830 -0.770097 0.450333
vn 0.474339 -0.728406 0.494396
vn 0.439510 -0.818134 0.370793
vn -0.562991 0.807882 0.174263
vn -0.950804 0.170651 0.258554
vn -0.863837 0.185769 0.468269
vn -0.499752 0.825363 0.262722
vn -0.862263 0.168439 0.477630
vn -0.523930 0.805745 0.276174
vn 0.077878 0.912306 0.402035
vn 0.233565 0.042420 0.971416
vn 0.546533 0.043590 0.836302
vn 0.198643 0.924068 0.326557
vn 0.702434 0.091750 0.705810
vn 0.310039 0.901950 0.300604
vn 0.931365 0.184210 0.314048
vn 0.433086 0.892315 0.127324
vn 0.962775 0.225439 -0.149136
vn 0.426533 0.903255 -0.046903
vn 0.924357 0.169459 -0.341829
vn 0.403818 0.904591 -0.136548
vn 0.875842 0.127505 -0.465449
vn 0.390470 0.897389 -0.205490
vn 0.714966 0.155162 -0.681725
vn 0.310921 0.899898 -0.305798
vn 0.457737 0.191661 -0.868184
vn 0.196038 0.905244 -0.376965
vn 0.191622 0.207663 -0.959248
vn 0.088672 0.886988 -0.453200
vn -0.115460 0.225151 -0.967459
vn -0.080390 0.870897 -0.484846
vn -0.405775 0.240433 -0.881782
vn -0.213839 0.883336 -0.417121
vn -0.217780 0.972508 0.082459
vn -0.215314 0.970897 0.104877
vn -0.189348 0.977432 0.093677
vn 0.008317 0.995003 0.099502
vn 0.035622 0.995653 0.086065
vn 0.051183 0.997343 0.051835
vn 0.058964 0.997968 0.024138
vn 0.062164 0.998066 0.000072
vn 0.061416 0.997676 -0.029502
vn 0.066982 0.997088 -0.036446
vn 0.060231 0.996838 -0.051829
vn 0.037524 0.996711 -0.071827
vn 0.018575 0.996233 -0.084706
vn -0.034113 0.992357 -0.118592
vn -0.084565 0.988772 -0.123204
vn -0.976437 0.089644 0.196304
vn -0.874053 0.118112 0.471254
vn -0.864531 0.128586 0.485852
vn 0.227738 -0.008530 0.973685
vn 0.540300 0.007000 0.841443
vn 0.703174 0.056661 0.708756
vn 0.945873 0.135966 0.294682
vn 0.969483 0.178547 -0.167999
vn 0.921739 0.120646 -0.368568
vn 0.873399 0.064351 -0.482735
vn 0.707456 0.114613 -0.697402
vn 0.447123 0.178792 -0.876422
vn 0.167347 0.190091 -0.967399
vn -0.126964 0.155623 -0.979623
vn -0.420417 0.127999 -0.898257
vn -0.985162 0.015651 -0.170910
vn -0.989176 0.084045 -0.120280
vn -0.518743 0.854903 0.006840
vn -0.165503 0.986033 0.018631
vn -0.467529 0.872948 -0.139208
vn -0.100085 0.991837 -0.079013
vn -0.246695 0.889959 -0.383557
vn -0.543984 0.255199 -0.799346
vn -0.907264 0.085574 -0.411763
vn -0.803363 0.041578 -0.594037
vn -0.161960 0.982487 0.092128
vn -0.486768 0.776234 0.400647
vn -0.815988 0.225039 0.532467
vn -0.850729 0.132326 0.508674
vn -0.273164 0.928378 0.251985
vn -0.831010 0.282959 0.478911
vn -0.689689 0.108857 0.715877
vn -0.876258 0.277127 0.394172
vn -0.285508 0.050848 0.957026
vn -0.272187 0.097627 0.957279
vn -0.561573 0.200691 0.802720
vn -0.107618 0.920153 0.376481
vn -0.028415 0.994948 0.096285
vn -0.578734 0.765074 0.282364
vn -0.085486 0.991488 0.098202
vn -0.243048 0.920672 0.305437
vn -0.363094 -0.927037 -0.093620
vn -0.276271 -0.932383 -0.233101
vn -0.139213 -0.936495 -0.321863
vn -0.044761 -0.991553 -0.121732
vn -0.061962 -0.995712 -0.068693
vn -0.085504 -0.996054 -0.023799
vn -0.306727 -0.935534 0.175202
vn -0.320472 -0.923823 0.209402
vn -0.367470 -0.910534 0.189456
vn -0.104459 -0.992892 0.057045
vn -0.093668 -0.992687 0.076153
vn -0.103635 -0.991686 0.076282
vn 0.206221 -0.911165 0.356722
vn 0.084248 -0.941501 0.326311
vn -0.069625 -0.947974 0.310642
vn -0.015005 -0.995892 0.089295
vn 0.030294 -0.993769 0.107260
vn 0.077031 -0.987039 0.140782
vn 0.543960 -0.834446 -0.088357
vn 0.499886 -0.847553 0.178235
vn 0.521036 -0.819811 -0.237552
vn 0.216718 -0.974030 0.065570
vn 0.255438 -0.965479 -0.051004
vn 0.269404 -0.955288 -0.121841
vn 0.199478 -0.902118 -0.382611
vn 0.383312 -0.853367 -0.353322
vn 0.075899 -0.914368 -0.397706
vn 0.170055 -0.974872 -0.143893
vn 0.075354 -0.986814 -0.143251
vn 0.035202 -0.990016 -0.136486
vn -0.410980 -0.909049 0.068744
vn -0.100517 -0.994666 0.023144
vn 0.340896 -0.871814 0.351753
vn 0.143887 -0.978502 0.147750
vn -0.054950 -0.932686 -0.356480
vn -0.020653 -0.989684 -0.141773
vn -0.246717 -0.938168 0.242843
vn -0.080858 -0.994440 0.067458
vn 0.475445 -0.840212 -0.260762
vn 0.254943 -0.957231 -0.136796
vn -0.936923 0.127972 0.325266
vn -0.936527 0.027004 0.349555
vn -0.859009 0.009311 0.511876
vn -0.854373 0.051634 0.517089
vn -0.828746 0.201622 0.522043
vn -0.879130 0.078480 0.470076
vn -0.924328 0.136635 0.356299
vn -0.879664 0.152795 0.450384
vn -0.619011 0.272046 0.736761
vn -0.828746 0.201622 0.522043
vn -0.879664 0.152795 0.450384
vn -0.610131 0.018168 0.792093
vn -0.109437 0.230667 0.966859
vn -0.619011 0.272046 0.736761
vn -0.610131 0.018168 0.792093
vn -0.106076 -0.065562 0.992194
vn 0.427195 0.239767 0.871789
vn -0.109437 0.230667 0.966859
vn -0.106076 -0.065562 0.992194
vn 0.404095 -0.039189 0.913877
vn -0.976249 0.202810 -0.076192
vn -0.977259 0.055743 -0.204594
vn -0.936527 0.027004 0.349555
vn -0.936923 0.127972 0.325266
vn -0.908544 0.211293 0.360422
vn -0.936923 0.127972 0.325266
vn -0.854373 0.051634 0.517089
vn -0.830665 0.177578 0.527695
vn -0.830665 0.177578 0.527695
vn -0.854373 0.051634 0.517089
vn -0.879130 0.078480 0.470076
vn -0.752466 0.221119 0.620404
vn -0.752466 0.221119 0.620404
vn -0.879130 0.078480 0.470076
vn -0.828746 0.201622 0.522043
vn -0.566615 0.304445 0.765676
vn -0.566615 0.304445 0.765676
vn -0.828746 0.201622 0.522043
vn -0.619011 0.272046 0.736761
vn -0.412569 0.378835 0.828415
vn -0.412569 0.378835 0.828415
vn -0.619011 0.272046 0.736761
vn -0.109437 0.230667 0.966859
vn -0.118439 0.447718 0.886296
vn -0.118439 0.447718 0.886296
vn -0.109437 0.230667 0.966859
vn 0.427195 0.239767 0.871789
vn 0.261407 0.448208 0.854854
vn 0.261407 0.448208 0.854854
vn 0.427195 0.239767 0.871789
vn 0.630132 0.203387 0.749378
vn 0.375757 0.395769 0.837958
vn 0.692425 0.322620 0.645340
vn 0.821747 0.192801 0.536246
vn 0.995927 0.086971 -0.023797
vn 0.973501 0.146484 0.175609
vn 0.973501 0.146484 0.175609
vn 0.995927 0.086971 -0.023797
vn 0.985693 -0.036673 -0.164511
vn 0.996348 0.072420 0.045234
vn 0.996348 0.072420 0.045234
vn 0.985693 -0.036673 -0.164511
vn 0.932066 -0.092306 -0.350332
vn 0.975310 0.032239 -0.218476
vn -0.849701 0.352097 -0.392475
vn -0.780307 0.270581 -0.563833
vn -0.976249 0.202810 -0.076192
vn -0.962435 0.266622 0.051303
vn -0.962435 0.266622 0.051303
vn -0.976249 0.202810 -0.076192
vn -0.936923 0.127972 0.325266
vn -0.908544 0.211293 0.360422
vn 0.679194 0.173912 -0.713057
vn 0.975310 0.032239 -0.218476
vn 0.932066 -0.092306 -0.350332
vn 0.655124 -0.021225 -0.755223
vn 0.821982 0.002547 -0.569508
vn 0.481429 0.301820 -0.822880
vn 0.655124 -0.021225 -0.755223
vn 0.823273 0.246427 -0.511366
vn 0.321345 0.658319 -0.680701
vn 0.481429 0.301820 -0.822880
vn 0.388191 -0.085394 -0.917614
vn 0.095013 0.369320 -0.924432
vn 0.321345 0.658319 -0.680701
vn 0.823273 0.246427 -0.511366
vn 0.823273 0.246427 -0.511366
vn 0.481429 0.301820 -0.822880
vn 0.821982 0.002547 -0.569508
vn 0.966787 -0.104437 -0.233270
vn 0.821982 0.002547 -0.569508
vn 0.854868 0.036544 -0.517558
vn 0.823273 0.246427 -0.511366
vn 0.821982 0.002547 -0.569508
vn 0.966787 -0.104437 -0.233270
vn 0.378089 -0.354012 -0.855409
vn 0.966787 -0.104437 -0.233270
vn 0.812130 -0.467129 -0.349621
vn 0.812130 -0.467129 -0.349621
vn 0.966787 -0.104437 -0.233270
vn 0.854868 0.036544 -0.517558
vn 0.801671 0.011530 -0.597655
vn 0.378089 -0.354012 -0.855409
vn 0.388191 -0.085394 -0.917614
vn 0.823273 0.246427 -0.511366
vn 0.966787 -0.104437 -0.233270
vn 0.388191 -0.085394 -0.917614
vn 0.378089 -0.354012 -0.855409
vn 0.182142 -0.326407 -0.927514
vn 0.415973 0.100033 -0.903858
vn 0.415973 0.100033 -0.903858
vn 0.095013 0.369320 -0.924432
vn 0.388191 -0.085394 -0.917614
vn 0.812130 -0.467129 -0.349621
vn 0.801671 0.011530 -0.597655
vn 0.688240 -0.095056 -0.719229
vn 0.182142 -0.326407 -0.927514
vn 0.378089 -0.354012 -0.855409
vn 0.812130 -0.467129 -0.349621
vn 0.688240 -0.095056 -0.719229
vn 0.415973 0.100033 -0.903858
vn 0.182142 -0.326407 -0.927514
vn 0.549201 0.080757 -0.831779
vn 0.549201 0.080757 -0.831779
vn 0.182142 -0.326407 -0.927514
vn 0.688240 -0.095056 -0.719229
vn 0.247734 0.280841 -0.927230
vn 0.481429 0.301820 -0.822880
vn 0.321345 0.658319 -0.680701
vn 0.679194 0.173912 -0.713057
vn 0.655124 -0.021225 -0.755223
vn 0.351306 0.064656 -0.934026
vn 0.324220 0.236191 -0.916022
vn 0.247734 0.280841 -0.927230
vn 0.351306 0.064656 -0.934026
vn 0.655124 -0.021225 -0.755223
vn 0.481429 0.301820 -0.822880
vn 0.324220 0.236191 -0.916022
vn 0.351306 0.064656 -0.934026
vn 0.247734 0.280841 -0.927230
vn 0.169350 0.293779 -0.940752
vn 0.067984 0.342152 -0.937182
vn 0.324220 0.236191 -0.916022
vn 0.247734 0.280841 -0.927230
vn 0.287708 0.421036 -0.860205
vn 0.247734 0.280841 -0.927230
vn 0.321345 0.658319 -0.680701
vn 0.095013 0.369320 -0.924432
vn 0.095013 0.369320 -0.924432
vn 0.415973 0.100033 -0.903858
vn 0.287708 0.421036 -0.860205
vn 0.169350 0.293779 -0.940752
vn -0.207979 0.338120 -0.917834
vn -0.261824 0.410593 -0.873419
vn 0.067984 0.342152 -0.937182
vn 0.247734 0.280841 -0.927230
vn 0.287708 0.421036 -0.860205
vn 0.169350 0.293779 -0.940752
vn 0.375757 0.395769 0.837958
vn 0.630132 0.203387 0.749378
vn 0.821747 0.192801 0.536246
vn 0.692425 0.322620 0.645340
vn 0.630132 0.203387 0.749378
vn 0.427195 0.239767 0.871789
vn 0.404095 -0.039189 0.913877
vn 0.747945 0.032293 0.662974
vn 0.747945 0.032293 0.662974
vn 0.958412 0.072366 0.276060
vn 0.821747 0.192801 0.536246
vn 0.630132 0.203387 0.749378
vn 0.975828 0.006270 0.218452
vn 0.958412 0.072366 0.276060
vn 0.747945 0.032293 0.662974
vn 0.995927 0.086971 -0.023797
vn 0.821747 0.192801 0.536246
vn 0.958412 0.072366 0.276060
vn 0.981816 0.081091 -0.171642
vn 0.981816 0.081091 -0.171642
vn 0.958412 0.072366 0.276060
vn 0.975828 0.006270 0.218452
vn 0.981816 0.081091 -0.171642
vn 0.963560 0.026395 -0.266186
vn 0.985693 -0.036673 -0.164511
vn 0.995927 0.086971 -0.023797
vn -0.880364 0.268435 0.391028
vn -0.908544 0.211293 0.360422
vn -0.830665 0.177578 0.527695
vn -0.776365 0.269553 0.569735
vn -0.927663 0.347345 0.137084
vn -0.962435 0.266622 0.051303
vn -0.908544 0.211293 0.360422
vn -0.880364 0.268435 0.391028
vn -0.312865 0.739720 0.595760
vn -0.194149 0.662590 0.723382
vn -0.048152 0.791510 0.609257
vn -0.076690 0.956769 0.280556
vn -0.312865 0.739720 0.595760
vn -0.076690 0.956769 0.280556
vn -0.553106 0.790241 0.263804
vn -0.553106 0.790241 0.263804
vn -0.076690 0.956769 0.280556
vn -0.430842 0.902058 -0.025822
vn -0.729335 0.547664 0.410043
vn -0.553106 0.790241 0.263804
vn -0.430842 0.902058 -0.025822
vn -0.749829 0.648758 -0.129885
vn -0.729335 0.547664 0.410043
vn -0.749829 0.648758 -0.129885
vn -0.955688 0.292199 0.035781
vn -0.955688 0.292199 0.035781
vn -0.927663 0.347345 0.137084
vn -0.880364 0.268435 0.391028
vn -0.899644 0.021793 0.436081
vn -0.729335 0.547664 0.410043
vn -0.955688 0.292199 0.035781
vn -0.899644 0.021793 0.436081
vn -0.577474 0.404159 0.709351
vn -0.312865 0.739720 0.595760
vn -0.553106 0.790241 0.263804
vn -0.729335 0.547664 0.410043
vn -0.577474 0.404159 0.709351
vn -0.729335 0.547664 0.410043
vn -0.899644 0.021793 0.436081
vn -0.899644 0.021793 0.436081
vn -0.880364 0.268435 0.391028
vn -0.776365 0.269553 0.569735
vn -0.743861 0.015352 0.668158
vn -0.577474 0.404159 0.709351
vn -0.899644 0.021793 0.436081
vn -0.743861 0.015352 0.668158
vn -0.332420 0.399784 0.854207
vn -0.194149 0.662590 0.723382
vn -0.312865 0.739720 0.595760
vn -0.577474 0.404159 0.709351
vn -0.454387 0.218821 0.863510
vn -0.216838 0.367895 0.904232
vn -0.105891 0.462681 0.880178
vn -0.332420 0.399784 0.854207
vn -0.332420 0.399784 0.854207
vn -0.743861 0.015352 0.668158
vn -0.454387 0.218821 0.863510
vn -0.332420 0.399784 0.854207
vn -0.105891 0.462681 0.880178
vn -0.048152 0.791510 0.609257
vn -0.194149 0.662590 0.723382
vn -0.332420 0.399784 0.854207
vn -0.577474 0.404159 0.709351
vn -0.743861 0.015352 0.668158
vn -0.454387 0.218821 0.863510
vn -0.743861 0.015352 0.668158
vn -0.776365 0.269553 0.569735
vn -0.593147 0.352548 0.723800
vn -0.776365 0.269553 0.569735
vn -0.830665 0.177578 0.527695
vn -0.752466 0.221119 0.620404
vn -0.593147 0.352548 0.723800
vn -0.216838 0.367895 0.904232
vn -0.454387 0.218821 0.863510
vn -0.593147 0.352548 0.723800
vn -0.378029 0.538656 0.752957
vn -0.105891 0.462681 0.880178
vn -0.216838 0.367895 0.904232
vn -0.378029 0.538656 0.752957
vn -0.471047 0.464974 0.749610
vn -0.048152 0.791510 0.609257
vn -0.105891 0.462681 0.880178
vn -0.471047 0.464974 0.749610
vn -0.430183 0.596249 0.677813
vn -0.076690 0.956769 0.280556
vn -0.048152 0.791510 0.609257
vn -0.430183 0.596249 0.677813
vn -0.610160 0.643410 0.462307
vn -0.430842 0.902058 -0.025822
vn -0.076690 0.956769 0.280556
vn -0.610160 0.643410 0.462307
vn -0.680865 0.600689 0.419041
vn -0.749829 0.648758 -0.129885
vn -0.430842 0.902058 -0.025822
vn -0.680865 0.600689 0.419041
vn -0.758108 0.588819 0.280295
vn -0.758108 0.588819 0.280295
vn -0.927663 0.347345 0.137084
vn -0.955688 0.292199 0.035781
vn -0.749829 0.648758 -0.129885
vn -0.912248 0.408267 -0.033488
vn -0.927663 0.347345 0.137084
vn -0.758108 0.588819 0.280295
vn -0.912248 0.408267 -0.033488
vn -0.758108 0.588819 0.280295
vn -0.738119 0.491439 0.462242
vn -0.912248 0.408267 -0.033488
vn -0.738119 0.491439 0.462242
vn -0.783817 0.594447 -0.179620
vn -0.798109 0.474183 -0.371716
vn -0.738119 0.491439 0.462242
vn -0.758108 0.588819 0.280295
vn -0.680865 0.600689 0.419041
vn -0.728506 0.684858 -0.015764
vn -0.783817 0.594447 -0.179620
vn -0.738119 0.491439 0.462242
vn -0.728506 0.684858 -0.015764
vn -0.728506 0.684858 -0.015764
vn -0.680865 0.600689 0.419041
vn -0.610160 0.643410 0.462307
vn -0.697755 0.502678 0.510346
vn -0.697755 0.502678 0.510346
vn -0.610160 0.643410 0.462307
vn -0.430183 0.596249 0.677813
vn -0.647178 0.473278 0.597636
vn -0.634691 0.580938 0.509586
vn -0.728506 0.684858 -0.015764
vn -0.697755 0.502678 0.510346
vn -0.593147 0.352548 0.723800
vn -0.752466 0.221119 0.620404
vn -0.566615 0.304445 0.765676
vn -0.335374 0.393726 0.855865
vn -0.378029 0.538656 0.752957
vn -0.593147 0.352548 0.723800
vn -0.174749 0.475993 0.861913
vn -0.174749 0.475993 0.861913
vn -0.593147 0.352548 0.723800
vn -0.335374 0.393726 0.855865
vn -0.647178 0.473278 0.597636
vn -0.430183 0.596249 0.677813
vn -0.128011 0.502213 0.855217
vn -0.128011 0.502213 0.855217
vn -0.430183 0.596249 0.677813
vn -0.471047 0.464974 0.749610
vn -0.092728 0.475540 0.874794
vn -0.471047 0.464974 0.749610
vn -0.378029 0.538656 0.752957
vn -0.092728 0.475540 0.874794
vn -0.092728 0.475540 0.874794
vn -0.378029 0.538656 0.752957
vn -0.174749 0.475993 0.861913
vn 0.093028 0.431680 0.897217
vn -0.118439 0.447718 0.886296
vn 0.261407 0.448208 0.854854
vn 0.093028 0.431680 0.897217
vn -0.412569 0.378835 0.828415
vn -0.118439 0.447718 0.886296
vn -0.174749 0.475993 0.861913
vn -0.335374 0.393726 0.855865
vn 0.093028 0.431680 0.897217
vn -0.335374 0.393726 0.855865
vn -0.566615 0.304445 0.765676
vn -0.412569 0.378835 0.828415
vn 0.093028 0.431680 0.897217
vn 0.093028 0.431680 0.897217
vn 0.261407 0.448208 0.854854
vn 0.375757 0.395769 0.837958
vn -0.634691 0.580938 0.509586
vn -0.697755 0.502678 0.510346
vn -0.201856 0.562845 0.801536
vn -0.201856 0.562845 0.801536
vn -0.697755 0.502678 0.510346
vn -0.647178 0.473278 0.597636
vn -0.201856 0.562845 0.801536
vn -0.647178 0.473278 0.597636
vn -0.128011 0.502213 0.855217
vn -0.304125 0.656819 0.689997
vn -0.634691 0.580938 0.509586
vn -0.201856 0.562845 0.801536
vn 0.093028 0.431680 0.897217
vn 0.375757 0.395769 0.837958
vn 0.692425 0.322620 0.645340
vn 0.351987 0.411641 0.840629
vn 0.034309 0.449158 0.892793
vn 0.093028 0.431680 0.897217
vn 0.351987 0.411641 0.840629
vn 0.034309 0.449158 0.892793
vn -0.092728 0.475540 0.874794
vn -0.174749 0.475993 0.861913
vn 0.093028 0.431680 0.897217
vn 0.692425 0.322620 0.645340
vn 0.973501 0.146484 0.175609
vn 0.648213 0.437748 0.623054
vn 0.648213 0.437748 0.623054
vn 0.351987 0.411641 0.840629
vn 0.692425 0.322620 0.645340
vn 0.211817 0.506978 0.835528
vn 0.351987 0.411641 0.840629
vn 0.648213 0.437748 0.623054
vn 0.211817 0.506978 0.835528
vn -0.128011 0.502213 0.855217
vn -0.092728 0.475540 0.874794
vn 0.034309 0.449158 0.892793
vn 0.034309 0.449158 0.892793
vn 0.351987 0.411641 0.840629
vn 0.211817 0.506978 0.835528
vn -0.201856 0.562845 0.801536
vn -0.128011 0.502213 0.855217
vn 0.211817 0.506978 0.835528
vn 0.335145 0.621150 0.708414
vn -0.304125 0.656819 0.689997
vn -0.201856 0.562845 0.801536
vn 0.335145 0.621150 0.708414
vn 0.648213 0.437748 0.623054
vn 0.973501 0.146484 0.175609
vn 0.996348 0.072420 0.045234
vn 0.926806 0.300560 0.225155
vn 0.926806 0.300560 0.225155
vn 0.996348 0.072420 0.045234
vn 0.975310 0.032239 -0.218476
vn 0.911055 0.407096 0.065200
vn 0.612781 0.641267 0.461818
vn 0.648213 0.437748 0.623054
vn 0.926806 0.300560 0.225155
vn 0.211817 0.506978 0.835528
vn 0.648213 0.437748 0.623054
vn 0.612781 0.641267 0.461818
vn 0.335145 0.621150 0.708414
vn 0.211817 0.506978 0.835528
vn 0.612781 0.641267 0.461818
vn 0.612781 0.641267 0.461818
vn 0.926806 0.300560 0.225155
vn 0.911055 0.407096 0.065200
vn 0.400642 0.818359 0.412038
vn -0.304125 0.656819 0.689997
vn 0.335145 0.621150 0.708414
vn 0.400642 0.818359 0.412038
vn 0.335145 0.621150 0.708414
vn 0.612781 0.641267 0.461818
vn 0.621816 0.729773 0.284212
vn 0.911055 0.407096 0.065200
vn 0.975310 0.032239 -0.218476
vn 0.679194 0.173912 -0.713057
vn 0.748438 0.524063 -0.406446
vn 0.621816 0.729773 0.284212
vn 0.612781 0.641267 0.461818
vn 0.911055 0.407096 0.065200
vn 0.748438 0.524063 -0.406446
vn 0.537659 0.680225 -0.498213
vn 0.621816 0.729773 0.284212
vn 0.748438 0.524063 -0.406446
vn 0.748438 0.524063 -0.406446
vn 0.679194 0.173912 -0.713057
vn 0.324220 0.236191 -0.916022
vn 0.314919 0.342947 -0.884993
vn 0.537659 0.680225 -0.498213
vn 0.748438 0.524063 -0.406446
vn 0.314919 0.342947 -0.884993
vn 0.314919 0.342947 -0.884993
vn 0.324220 0.236191 -0.916022
vn 0.067984 0.342152 -0.937182
vn -0.022248 0.395633 -0.918139
vn 0.261145 0.892658 -0.367375
vn 0.400642 0.818359 0.412038
vn 0.621816 0.729773 0.284212
vn 0.261145 0.892658 -0.367375
vn 0.621816 0.729773 0.284212
vn 0.537659 0.680225 -0.498213
vn 0.156834 0.946880 0.280751
vn -0.634691 0.580938 0.509586
vn -0.304125 0.656819 0.689997
vn 0.400642 0.818359 0.412038
vn -0.264811 0.963650 -0.035413
vn -0.634691 0.580938 0.509586
vn 0.156834 0.946880 0.280751
vn 0.156834 0.946880 0.280751
vn 0.400642 0.818359 0.412038
vn 0.261145 0.892658 -0.367375
vn 0.327400 0.885750 -0.329023
vn 0.327400 0.885750 -0.329023
vn -0.264811 0.963650 -0.035413
vn 0.156834 0.946880 0.280751
vn -0.634691 0.580938 0.509586
vn -0.264811 0.963650 -0.035413
vn -0.456512 0.889718 0.000018
vn -0.456512 0.889718 0.000018
vn -0.576960 0.816056 -0.034211
vn -0.728506 0.684858 -0.015764
vn -0.634691 0.580938 0.509586
vn -0.728506 0.684858 -0.015764
vn -0.576960 0.816056 -0.034211
vn -0.217267 0.609929 -0.762091
vn -0.022248 0.395633 -0.918139
vn -0.217267 0.609929 -0.762091
vn 0.106522 0.657412 -0.745964
vn -0.217267 0.609929 -0.762091
vn -0.576960 0.816056 -0.034211
vn -0.456512 0.889718 0.000018
vn 0.030619 0.810741 -0.584604
vn 0.261145 0.892658 -0.367375
vn 0.537659 0.680225 -0.498213
vn 0.106522 0.657412 -0.745964
vn 0.106522 0.657412 -0.745964
vn 0.537659 0.680225 -0.498213
vn 0.314919 0.342947 -0.884993
vn 0.106522 0.657412 -0.745964
vn -0.217267 0.609929 -0.762091
vn 0.030619 0.810741 -0.584604
vn 0.106522 0.657412 -0.745964
vn 0.314919 0.342947 -0.884993
vn -0.022248 0.395633 -0.918139
vn 0.030619 0.810741 -0.584604
vn 0.327400 0.885750 -0.329023
vn 0.261145 0.892658 -0.367375
vn 0.106522 0.657412 -0.745964
vn -0.456512 0.889718 0.000018
vn -0.264811 0.963650 -0.035413
vn 0.327400 0.885750 -0.329023
vn 0.030619 0.810741 -0.584604
vn -0.261824 0.410593 -0.873419
vn -0.207979 0.338120 -0.917834
vn -0.780307 0.270581 -0.563833
vn -0.849701 0.352097 -0.392475
vn -0.368748 0.493029 -0.788002
vn -0.261824 0.410593 -0.873419
vn -0.849701 0.352097 -0.392475
vn -0.849701 0.352097 -0.392475
vn -0.962435 0.266622 0.051303
vn -0.927663 0.347345 0.137084
vn -0.912248 0.408267 -0.033488
vn -0.849701 0.352097 -0.392475
vn -0.912248 0.408267 -0.033488
vn -0.368748 0.493029 -0.788002
vn -0.022248 0.395633 -0.918139
vn 0.067984 0.342152 -0.937182
vn -0.261824 0.410593 -0.873419
vn -0.368748 0.493029 -0.788002
vn -0.217267 0.609929 -0.762091
vn -0.022248 0.395633 -0.918139
vn -0.368748 0.493029 -0.788002
vn -0.368748 0.493029 -0.788002
vn -0.912248 0.408267 -0.033488
vn -0.798109 0.474183 -0.371716
vn -0.368748 0.493029 -0.788002
vn -0.798109 0.474183 -0.371716
vn -0.783817 0.594447 -0.179620
vn -0.728506 0.684858 -0.015764
vn -0.728506 0.684858 -0.015764
vn -0.217267 0.609929 -0.762091
vn -0.368748 0.493029 -0.788002
vn -0.976249 0.202810 -0.076192
vn -0.780307 0.270581 -0.563833
vn -0.792713 0.089407 -0.603003
vn -0.977259 0.055743 -0.204594
vn -0.859009 0.009311 0.511876
vn -0.936527 0.027004 0.349555
vn -0.966693 0.039727 0.252836
vn -0.877809 0.084076 0.471574
vn -0.816466 0.177773 0.549345
vn -0.962954 0.115962 0.243461
vn -0.907459 0.198736 0.370165
vn -0.832957 -0.478351 0.278141
vn -0.962954 0.115962 0.243461
vn -0.816466 0.177773 0.549345
vn -0.991945 0.125834 0.014544
vn -0.877809 0.084076 0.471574
vn -0.966693 0.039727 0.252836
vn -0.999920 -0.006947 -0.010605
vn -0.999920 -0.006947 -0.010605
vn -0.966693 0.039727 0.252836
vn -0.936527 0.027004 0.349555
vn -0.977259 0.055743 -0.204594
vn -0.816466 0.177773 0.549345
vn -0.877809 0.084076 0.471574
vn -0.991945 0.125834 0.014544
vn -0.991945 0.125834 0.014544
vn -0.916704 -0.367349 -0.157190
vn -0.832957 -0.478351 0.278141
vn -0.816466 0.177773 0.549345
vn -0.879130 0.078480 0.470076
vn -0.854373 0.051634 0.517089
vn -0.859009 0.009311 0.511876
vn -0.924328 0.136635 0.356299
vn -0.924328 0.136635 0.356299
vn -0.859009 0.009311 0.511876
vn -0.877809 0.084076 0.471574
vn -0.907459 0.198736 0.370165
vn -0.907459 0.198736 0.370165
vn -0.877809 0.084076 0.471574
vn -0.816466 0.177773 0.549345
vn 0.913434 0.031012 -0.405803
vn 0.854868 0.036544 -0.517558
vn 0.821982 0.002547 -0.569508
vn 0.655124 -0.021225 -0.755223
vn 0.932066 -0.092306 -0.350332
vn 0.985693 -0.036673 -0.164511
vn 0.963560 0.026395 -0.266186
vn 0.913434 0.031012 -0.405803
vn 0.655124 -0.021225 -0.755223
vn 0.932066 -0.092306 -0.350332
vn 0.913434 0.031012 -0.405803
vn 0.688240 -0.095056 -0.719229
vn 0.801671 0.011530 -0.597655
vn 0.769892 0.078008 -0.633389
vn 0.769892 0.078008 -0.633389
vn 0.854868 0.036544 -0.517558
vn 0.913434 0.031012 -0.405803
vn 0.859248 0.112957 -0.498933
vn 0.801671 0.011530 -0.597655
vn 0.854868 0.036544 -0.517558
vn 0.769892 0.078008 -0.633389
vn 0.549201 0.080757 -0.831779
vn 0.688240 -0.095056 -0.719229
vn 0.627514 -0.054470 -0.776698
vn 0.627514 -0.054470 -0.776698
vn 0.688240 -0.095056 -0.719229
vn 0.769892 0.078008 -0.633389
vn 0.514795 0.002045 -0.857311
vn 0.415973 0.100033 -0.903858
vn 0.549201 0.080757 -0.831779
vn 0.549201 0.080757 -0.831779
vn 0.627514 -0.054470 -0.776698
vn 0.514795 0.002045 -0.857311
vn 0.287708 0.421036 -0.860205
vn 0.415973 0.100033 -0.903858
vn 0.264445 0.272403 -0.925130
vn 0.264445 0.272403 -0.925130
vn 0.415973 0.100033 -0.903858
vn 0.514795 0.002045 -0.857311
vn 0.430456 -0.015560 -0.902477
vn 0.169350 0.293779 -0.940752
vn 0.287708 0.421036 -0.860205
vn 0.264445 0.272403 -0.925130
vn -0.395047 0.193420 -0.898068
vn -0.792713 0.089407 -0.603003
vn -0.780307 0.270581 -0.563833
vn -0.207979 0.338120 -0.917834
vn -0.207979 0.338120 -0.917834
vn 0.169350 0.293779 -0.940752
vn 0.264445 0.272403 -0.925130
vn -0.395047 0.193420 -0.898068
vn -0.395047 0.193420 -0.898068
vn 0.264445 0.272403 -0.925130
vn -0.031743 0.150829 -0.988050
vn 0.264445 0.272403 -0.925130
vn 0.430456 -0.015560 -0.902477
vn -0.031743 0.150829 -0.988050
vn -0.087557 -0.032901 -0.995616
vn 0.430456 -0.015560 -0.902477
vn 0.309448 -0.268989 -0.912078
vn -0.031743 0.150829 -0.988050
vn 0.430456 -0.015560 -0.902477
vn -0.087557 -0.032901 -0.995616
vn -0.087557 -0.032901 -0.995616
vn -0.566948 -0.048197 -0.822343
vn -0.395047 0.193420 -0.898068
vn -0.031743 0.150829 -0.988050
vn 0.627514 -0.054470 -0.776698
vn 0.458198 -0.346399 -0.818574
vn 0.309448 -0.268989 -0.912078
vn 0.514795 0.002045 -0.857311
vn 0.627514 -0.054470 -0.776698
vn 0.309448 -0.268989 -0.912078
vn 0.430456 -0.015560 -0.902477
vn 0.514795 0.002045 -0.857311
vn 0.309448 -0.268989 -0.912078
vn -0.792713 0.089407 -0.603003
vn -0.395047 0.193420 -0.898068
vn -0.566948 -0.048197 -0.822343
vn -0.790104 -0.130891 -0.598835
vn -0.916704 -0.367349 -0.157190
vn -0.991945 0.125834 0.014544
vn -0.999920 -0.006947 -0.010605
vn -0.881373 -0.322583 -0.345140
vn -0.881373 -0.322583 -0.345140
vn -0.999920 -0.006947 -0.010605
vn -0.895599 -0.212086 -0.391054
vn -0.895599 -0.212086 -0.391054
vn -0.999920 -0.006947 -0.010605
vn -0.977259 0.055743 -0.204594
vn -0.977259 0.055743 -0.204594
vn -0.792713 0.089407 -0.603003
vn -0.790104 -0.130891 -0.598835
vn -0.895599 -0.212086 -0.391054
vn -0.073482 -0.515777 -0.853566
vn 0.309448 -0.268989 -0.912078
vn 0.458198 -0.346399 -0.818574
vn -0.682107 -0.482183 -0.549754
vn -0.790104 -0.130891 -0.598835
vn -0.566948 -0.048197 -0.822343
vn -0.288428 -0.357529 -0.888247
vn -0.288428 -0.357529 -0.888247
vn -0.566948 -0.048197 -0.822343
vn -0.087557 -0.032901 -0.995616
vn 0.309448 -0.268989 -0.912078
vn -0.073482 -0.515777 -0.853566
vn -0.288428 -0.357529 -0.888247
vn -0.288428 -0.357529 -0.888247
vn -0.087557 -0.032901 -0.995616
vn 0.309448 -0.268989 -0.912078
vn -0.473540 -0.578720 -0.663960
vn -0.682107 -0.482183 -0.549754
vn -0.288428 -0.357529 -0.888247
vn -0.288428 -0.357529 -0.888247
vn -0.073482 -0.515777 -0.853566
vn -0.473540 -0.578720 -0.663960
vn -0.064321 -0.552108 -0.831288
vn -0.073482 -0.515777 -0.853566
vn 0.458198 -0.346399 -0.818574
vn 0.627514 -0.054470 -0.776698
vn 0.769892 0.078008 -0.633389
vn 0.709005 -0.291305 -0.642225
vn 0.458198 -0.346399 -0.818574
vn 0.627514 -0.054470 -0.776698
vn 0.709005 -0.291305 -0.642225
vn 0.709005 -0.291305 -0.642225
vn 0.769892 0.078008 -0.633389
vn 0.710669 -0.254533 -0.655868
vn 0.769892 0.078008 -0.633389
vn 0.859248 0.112957 -0.498933
vn 0.710669 -0.254533 -0.655868
vn 0.955716 0.081081 -0.282900
vn 0.859248 0.112957 -0.498933
vn 0.913434 0.031012 -0.405803
vn 0.913434 0.031012 -0.405803
vn 0.963560 0.026395 -0.266186
vn 0.964514 0.059157 -0.257320
vn 0.955716 0.081081 -0.282900
vn 0.877222 -0.149780 -0.456122
vn 0.859248 0.112957 -0.498933
vn 0.955716 0.081081 -0.282900
vn 0.710669 -0.254533 -0.655868
vn 0.859248 0.112957 -0.498933
vn 0.877222 -0.149780 -0.456122
vn 0.857344 -0.358789 -0.369095
vn 0.710669 -0.254533 -0.655868
vn 0.877222 -0.149780 -0.456122
vn 0.857344 -0.358789 -0.369095
vn 0.877222 -0.149780 -0.456122
vn 0.912504 -0.286463 -0.292020
vn 0.955716 0.081081 -0.282900
vn 0.964514 0.059157 -0.257320
vn 0.912504 -0.286463 -0.292020
vn 0.877222 -0.149780 -0.456122
vn 0.955716 0.081081 -0.282900
vn 0.912504 -0.286463 -0.292020
vn 0.979646 -0.048487 -0.194790
vn 0.964514 0.059157 -0.257320
vn 0.963560 0.026395 -0.266186
vn 0.981816 0.081091 -0.171642
vn 0.979646 -0.048487 -0.194790
vn 0.981816 0.081091 -0.171642
vn 0.975828 0.006270 0.218452
vn 0.915206 -0.292845 -0.276839
vn 0.912504 -0.286463 -0.292020
vn 0.964514 0.059157 -0.257320
vn 0.979646 -0.048487 -0.194790
vn 0.941642 -0.029410 0.335328
vn 0.979646 -0.048487 -0.194790
vn 0.975828 0.006270 0.218452
vn 0.932410 -0.309418 -0.186743
vn 0.915206 -0.292845 -0.276839
vn 0.979646 -0.048487 -0.194790
vn 0.741174 -0.066684 0.667992
vn 0.941642 -0.029410 0.335328
vn 0.975828 0.006270 0.218452
vn 0.747945 0.032293 0.662974
vn 0.315991 -0.198991 0.927659
vn 0.741174 -0.066684 0.667992
vn 0.747945 0.032293 0.662974
vn 0.404095 -0.039189 0.913877
vn -0.101504 -0.276250 0.955711
vn 0.315991 -0.198991 0.927659
vn 0.404095 -0.039189 0.913877
vn -0.106076 -0.065562 0.992194
vn -0.516186 -0.214524 0.829176
vn -0.101504 -0.276250 0.955711
vn -0.106076 -0.065562 0.992194
vn -0.610131 0.018168 0.792093
vn -0.822491 -0.025121 0.568224
vn -0.516186 -0.214524 0.829176
vn -0.610131 0.018168 0.792093
vn -0.879664 0.152795 0.450384
vn -0.954072 0.118247 0.275253
vn -0.822491 -0.025121 0.568224
vn -0.879664 0.152795 0.450384
vn -0.924328 0.136635 0.356299
vn -0.954072 0.118247 0.275253
vn -0.924328 0.136635 0.356299
vn -0.907459 0.198736 0.370165
vn -0.962954 0.115962 0.243461
vn -0.454000 -0.671558 -0.585571
vn -0.473540 -0.578720 -0.663960
vn -0.073482 -0.515777 -0.853566
vn -0.064321 -0.552108 -0.831288
vn -0.916704 -0.367349 -0.157190
vn -0.881373 -0.322583 -0.345140
vn -0.853909 -0.508321 -0.111573
vn -0.895599 -0.212086 -0.391054
vn -0.790104 -0.130891 -0.598835
vn -0.682107 -0.482183 -0.549754
vn -0.733377 -0.519649 -0.438320
vn -0.853909 -0.508321 -0.111573
vn -0.881373 -0.322583 -0.345140
vn -0.733377 -0.519649 -0.438320
vn -0.733377 -0.519649 -0.438320
vn -0.682107 -0.482183 -0.549754
vn -0.473540 -0.578720 -0.663960
vn -0.454000 -0.671558 -0.585571
vn -0.733377 -0.519649 -0.438320
vn -0.881373 -0.322583 -0.345140
vn -0.895599 -0.212086 -0.391054
vn -0.733118 -0.592330 -0.334189
vn -0.853909 -0.508321 -0.111573
vn -0.733377 -0.519649 -0.438320
vn -0.917996 -0.396412 0.011835
vn -0.962954 0.115962 0.243461
vn -0.832957 -0.478351 0.278141
vn -0.832957 -0.478351 0.278141
vn -0.916704 -0.367349 -0.157190
vn -0.853909 -0.508321 -0.111573
vn -0.917996 -0.396412 0.011835
vn -0.960090 -0.267964 0.080143
vn -0.954072 0.118247 0.275253
vn -0.962954 0.115962 0.243461
vn -0.917996 -0.396412 0.011835
vn -0.917996 -0.396412 0.011835
vn -0.853909 -0.508321 -0.111573
vn -0.733118 -0.592330 -0.334189
vn -0.825013 -0.547757 -0.138980
vn -0.825013 -0.547757 -0.138980
vn -0.960090 -0.267964 0.080143
vn -0.917996 -0.396412 0.011835
vn -0.738720 -0.335550 0.584550
vn -0.954072 0.118247 0.275253
vn -0.960090 -0.267964 0.080143
vn -0.738720 -0.335550 0.584550
vn -0.411897 -0.345561 0.843166
vn -0.516186 -0.214524 0.829176
vn -0.822491 -0.025121 0.568224
vn -0.738720 -0.335550 0.584550
vn -0.822491 -0.025121 0.568224
vn -0.954072 0.118247 0.275253
vn -0.483000 -0.527177 0.699139
vn -0.411897 -0.345561 0.843166
vn -0.738720 -0.335550 0.584550
vn -0.812003 -0.574770 0.101443
vn -0.960090 -0.267964 0.080143
vn -0.825013 -0.547757 -0.138980
vn -0.812003 -0.574770 0.101443
vn -0.738720 -0.335550 0.584550
vn -0.960090 -0.267964 0.080143
vn -0.483000 -0.527177 0.699139
vn -0.738720 -0.335550 0.584550
vn -0.812003 -0.574770 0.101443
vn -0.705426 -0.666390 0.241449
vn -0.812003 -0.574770 0.101443
vn -0.825013 -0.547757 -0.138980
vn -0.650856 -0.741641 -0.162340
vn -0.705426 -0.666390 0.241449
vn -0.812003 -0.574770 0.101443
vn -0.650856 -0.741641 -0.162340
vn -0.650856 -0.741641 -0.162340
vn -0.825013 -0.547757 -0.138980
vn -0.733118 -0.592330 -0.334189
vn -0.647781 -0.692515 -0.317494
vn -0.733118 -0.592330 -0.334189
vn -0.733377 -0.519649 -0.438320
vn -0.454000 -0.671558 -0.585571
vn -0.647781 -0.692515 -0.317494
vn -0.230322 -0.960294 -0.157438
vn -0.705426 -0.666390 0.241449
vn -0.650856 -0.741641 -0.162340
vn -0.230322 -0.960294 -0.157438
vn -0.483000 -0.527177 0.699139
vn -0.705426 -0.666390 0.241449
vn -0.230322 -0.960294 -0.157438
vn -0.650856 -0.741641 -0.162340
vn -0.647781 -0.692515 -0.317494
vn -0.288653 -0.930650 -0.224878
vn -0.099579 -0.985940 0.134190
vn -0.483000 -0.527177 0.699139
vn -0.230322 -0.960294 -0.157438
vn 0.049021 -0.876914 0.478141
vn 0.012754 -0.622834 0.782250
vn -0.483000 -0.527177 0.699139
vn 0.049021 -0.876914 0.478141
vn -0.483000 -0.527177 0.699139
vn -0.099579 -0.985940 0.134190
vn 0.030631 -0.487481 0.872596
vn -0.411897 -0.345561 0.843166
vn -0.483000 -0.527177 0.699139
vn 0.012754 -0.622834 0.782250
vn 0.030631 -0.487481 0.872596
vn -0.101504 -0.276250 0.955711
vn -0.516186 -0.214524 0.829176
vn -0.411897 -0.345561 0.843166
vn 0.368177 -0.377884 0.849500
vn 0.315991 -0.198991 0.927659
vn -0.101504 -0.276250 0.955711
vn 0.030631 -0.487481 0.872596
vn 0.739936 -0.303574 0.600281
vn 0.741174 -0.066684 0.667992
vn 0.315991 -0.198991 0.927659
vn 0.368177 -0.377884 0.849500
vn 0.934730 -0.331196 0.128802
vn 0.941642 -0.029410 0.335328
vn 0.741174 -0.066684 0.667992
vn 0.739936 -0.303574 0.600281
vn 0.934730 -0.331196 0.128802
vn 0.932410 -0.309418 -0.186743
vn 0.979646 -0.048487 -0.194790
vn 0.941642 -0.029410 0.335328
vn 0.934730 -0.331196 0.128802
vn 0.739936 -0.303574 0.600281
vn 0.612276 -0.760888 0.214864
vn 0.640617 -0.747674 0.174909
vn 0.826257 -0.523219 -0.208666
vn 0.934730 -0.331196 0.128802
vn 0.640617 -0.747674 0.174909
vn 0.612276 -0.760888 0.214864
vn 0.739936 -0.303574 0.600281
vn 0.368177 -0.377884 0.849500
vn 0.432056 -0.833757 0.343769
vn 0.432056 -0.833757 0.343769
vn 0.368177 -0.377884 0.849500
vn 0.030631 -0.487481 0.872596
vn 0.368990 -0.853923 0.366963
vn 0.368990 -0.853923 0.366963
vn 0.030631 -0.487481 0.872596
vn 0.012754 -0.622834 0.782250
vn 0.312992 -0.884932 0.344865
vn 0.312992 -0.884932 0.344865
vn 0.012754 -0.622834 0.782250
vn 0.049021 -0.876914 0.478141
vn -0.099579 -0.985940 0.134190
vn -0.230322 -0.960294 -0.157438
vn 0.005901 -0.979962 -0.199099
vn 0.077598 -0.994448 0.071071
vn 0.312992 -0.884932 0.344865
vn 0.049021 -0.876914 0.478141
vn -0.099579 -0.985940 0.134190
vn 0.077598 -0.994448 0.071071
vn 0.077598 -0.994448 0.071071
vn 0.005901 -0.979962 -0.199099
vn 0.356648 -0.933300 0.041880
vn 0.356648 -0.933300 0.041880
vn 0.005901 -0.979962 -0.199099
vn 0.140470 -0.960128 -0.241706
vn 0.356648 -0.933300 0.041880
vn 0.312992 -0.884932 0.344865
vn 0.077598 -0.994448 0.071071
vn 0.005901 -0.979962 -0.199099
vn -0.230322 -0.960294 -0.157438
vn -0.288653 -0.930650 -0.224878
vn 0.140470 -0.960128 -0.241706
vn 0.439488 -0.897895 0.025179
vn 0.368990 -0.853923 0.366963
vn 0.312992 -0.884932 0.344865
vn 0.356648 -0.933300 0.041880
vn 0.552734 -0.831556 -0.054770
vn 0.826257 -0.523219 -0.208666
vn 0.640617 -0.747674 0.174909
vn 0.831198 -0.470142 -0.296776
vn 0.932410 -0.309418 -0.186743
vn 0.934730 -0.331196 0.128802
vn 0.826257 -0.523219 -0.208666
vn 0.552734 -0.831556 -0.054770
vn 0.640617 -0.747674 0.174909
vn 0.612276 -0.760888 0.214864
vn 0.432056 -0.833757 0.343769
vn 0.552734 -0.831556 -0.054770
vn 0.432056 -0.833757 0.343769
vn 0.368990 -0.853923 0.366963
vn 0.439488 -0.897895 0.025179
vn 0.831198 -0.470142 -0.296776
vn 0.915206 -0.292845 -0.276839
vn 0.932410 -0.309418 -0.186743
vn 0.831198 -0.470142 -0.296776
vn 0.771261 -0.539676 -0.337500
vn 0.857344 -0.358789 -0.369095
vn 0.831198 -0.470142 -0.296776
vn 0.857344 -0.358789 -0.369095
vn 0.912504 -0.286463 -0.292020
vn 0.915206 -0.292845 -0.276839
vn 0.831198 -0.470142 -0.296776
vn 0.826257 -0.523219 -0.208666
vn 0.552734 -0.831556 -0.054770
vn 0.593385 -0.728406 -0.342519
vn 0.771261 -0.539676 -0.337500
vn 0.831198 -0.470142 -0.296776
vn 0.552734 -0.831556 -0.054770
vn 0.439488 -0.897895 0.025179
vn 0.593385 -0.728406 -0.342519
vn 0.831198 -0.470142 -0.296776
vn 0.552734 -0.831556 -0.054770
vn 0.593385 -0.728406 -0.342519
vn 0.723532 -0.538312 -0.432114
vn 0.709005 -0.291305 -0.642225
vn 0.710669 -0.254533 -0.655868
vn 0.857344 -0.358789 -0.369095
vn 0.723532 -0.538312 -0.432114
vn 0.857344 -0.358789 -0.369095
vn 0.771261 -0.539676 -0.337500
vn 0.466791 -0.669007 -0.578391
vn -0.064321 -0.552108 -0.831288
vn 0.458198 -0.346399 -0.818574
vn 0.466791 -0.669007 -0.578391
vn 0.458198 -0.346399 -0.818574
vn 0.709005 -0.291305 -0.642225
vn 0.723532 -0.538312 -0.432114
vn -0.647781 -0.692515 -0.317494
vn -0.454000 -0.671558 -0.585571
vn 0.064952 -0.899472 -0.432124
vn 0.723532 -0.538312 -0.432114
vn 0.771261 -0.539676 -0.337500
vn 0.593385 -0.728406 -0.342519
vn 0.545221 -0.770097 -0.331186
vn 0.466791 -0.669007 -0.578391
vn 0.723532 -0.538312 -0.432114
vn 0.545221 -0.770097 -0.331186
vn 0.064952 -0.899472 -0.432124
vn -0.064321 -0.552108 -0.831288
vn 0.466791 -0.669007 -0.578391
vn 0.439488 -0.897895 0.025179
vn 0.356648 -0.933300 0.041880
vn 0.140470 -0.960128 -0.241706
vn 0.465041 -0.818134 -0.338221
vn 0.064952 -0.899472 -0.432124
vn -0.454000 -0.671558 -0.585571
vn -0.064321 -0.552108 -0.831288
vn 0.064952 -0.899472 -0.432124
vn 0.466791 -0.669007 -0.578391
vn 0.545221 -0.770097 -0.331186
vn -0.288653 -0.930650 -0.224878
vn -0.647781 -0.692515 -0.317494
vn 0.064952 -0.899472 -0.432124
vn 0.140470 -0.960128 -0.241706
vn -0.288653 -0.930650 -0.224878
vn 0.064952 -0.899472 -0.432124
vn 0.465041 -0.818134 -0.338221
vn 0.140470 -0.960128 -0.241706
vn 0.064952 -0.899472 -0.432124
vn 0.064952 -0.899472 -0.432124
vn 0.545221 -0.770097 -0.331186
vn 0.465041 -0.818134 -0.338221
vn 0.593385 -0.728406 -0.342519
vn 0.439488 -0.897895 0.025179
vn 0.465041 -0.818134 -0.338221
vn 0.545221 -0.770097 -0.331186
vn 0.593385 -0.728406 -0.342519
vn 0.465041 -0.818134 -0.338221
vn -0.650012 0.743590 0.156710
vn -0.668214 0.743590 -0.023752
vn 0.596646 0.780771 0.185498
vn 0.547587 0.780771 -0.300908
vn -0.668214 -0.743590 -0.023752
vn -0.650012 -0.743590 0.156710
vn 0.547587 -0.780771 -0.300908
vn 0.596646 -0.780771 0.185498
vn -0.668214 -0.743590 -0.023752
vn -0.668214 0.743590 -0.023752
vn -0.650012 0.743590 0.156710
vn -0.650012 -0.743590 0.156710
vn -0.650012 -0.743590 0.156710
vn -0.156035 -0.813468 0.560288
vn 0.249513 -0.453749 -0.855485
vn 0.547587 -0.780771 -0.300908
vn 0.547587 -0.780771 -0.300908
vn 0.249513 -0.453749 -0.855485
vn 0.249513 0.453749 -0.855485
vn 0.547587 0.780771 -0.300908
vn 0.547587 0.780771 -0.300908
vn 0.249513 0.453749 -0.855485
vn -0.156035 0.813468 0.560288
vn -0.650012 0.743590 0.156710
vn -0.650012 0.743590 0.156710
vn -0.156035 0.813468 0.560288
vn -0.156035 -0.813468 0.560288
vn -0.650012 -0.743590 0.156710
vn -0.668214 0.743590 -0.023752
vn -0.264778 0.813468 -0.517844
vn 0.415321 0.453748 0.788429
vn 0.596646 0.780771 0.185498
vn 0.596646 0.780771 0.185498
vn 0.415321 0.453748 0.788429
vn 0.415321 -0.453748 0.788429
vn 0.596646 -0.780771 0.185498
vn 0.596646 -0.780771 0.185498
vn 0.415321 -0.453748 0.788429
vn -0.264778 -0.813468 -0.517844
vn -0.668214 -0.743590 -0.023752
vn -0.668214 -0.743590 -0.023752
vn -0.264778 -0.813468 -0.517844
vn -0.264778 0.813468 -0.517844
vn -0.668214 0.743590 -0.023752
vn 0.249513 -0.453749 -0.855485
vn -0.156035 -0.813468 0.560288
vn 0.264778 -0.813468 0.517844
vn -0.415321 -0.453749 -0.788429
vn 0.249513 0.453749 -0.855485
vn 0.249513 -0.453749 -0.855485
vn -0.415321 -0.453749 -0.788429
vn -0.415321 0.453749 -0.788429
vn 0.415321 0.453748 0.788429
vn -0.264778 0.813468 -0.517844
vn 0.156035 0.813468 -0.560288
vn -0.249513 0.453748 0.855486
vn 0.415321 -0.453748 0.788429
vn 0.415321 0.453748 0.788429
vn -0.249513 0.453748 0.855486
vn -0.249513 -0.453748 0.855486
vn 0.668214 0.743590 0.023752
vn -0.596646 0.780771 -0.185498
vn -0.547587 0.780771 0.300908
vn 0.650012 0.743590 -0.156710
vn 0.650012 -0.743590 -0.156710
vn -0.547587 -0.780771 0.300908
vn -0.596646 -0.780771 -0.185498
vn 0.668214 -0.743590 0.023752
vn 0.650012 -0.743590 -0.156710
vn 0.668214 -0.743590 0.023752
vn 0.668214 0.743590 0.023752
vn 0.650012 0.743590 -0.156710
vn 0.668214 -0.743590 0.023752
vn -0.596646 -0.780771 -0.185498
vn -0.415321 -0.453749 -0.788429
vn 0.264778 -0.813468 0.517844
vn -0.596646 -0.780771 -0.185498
vn -0.596646 0.780771 -0.185498
vn -0.415321 0.453749 -0.788429
vn -0.415321 -0.453749 -0.788429
vn -0.596646 0.780771 -0.185498
vn 0.668214 0.743590 0.023752
vn 0.264778 0.813468 0.517844
vn -0.415321 0.453749 -0.788429
vn 0.668214 0.743590 0.023752
vn 0.668214 -0.743590 0.023752
vn 0.264778 -0.813468 0.517844
vn 0.264778 0.813468 0.517844
vn 0.650012 0.743590 -0.156710
vn -0.547587 0.780771 0.300908
vn -0.249513 0.453748 0.855486
vn 0.156035 0.813468 -0.560288
vn -0.547587 0.780771 0.300908
vn -0.547587 -0.780771 0.300908
vn -0.249513 -0.453748 0.855486
vn -0.249513 0.453748 0.855486
vn -0.547587 -0.780771 0.300908
vn 0.650012 -0.743590 -0.156710
vn 0.156035 -0.813468 -0.560288
vn -0.249513 -0.453748 0.855486
vn 0.650012 -0.743590 -0.156710
vn 0.650012 0.743590 -0.156710
vn 0.156035 0.813468 -0.560288
vn 0.156035 -0.813468 -0.560288
vn 0.249513 0.453749 -0.855485
vn -0.415321 0.453749 -0.788429
vn 0.264778 0.813468 0.517844
vn -0.156035 0.813468 0.560288
vn -0.156035 0.813468 0.560288
vn 0.264778 0.813468 0.517844
vn 0.264778 -0.813468 0.517844
vn -0.156035 -0.813468 0.560288
vn 0.415321 -0.453748 0.788429
vn -0.249513 -0.453748 0.855486
vn 0.156035 -0.813468 -0.560288
vn -0.264778 -0.813468 -0.517844
vn -0.264778 -0.813468 -0.517844
vn 0.156035 -0.813468 -0.560288
vn 0.156035 0.813468 -0.560288
vn -0.264778 0.813468 -0.517844
vn 0.547587 -0.780771 -0.300908
vn 0.547587 0.780771 -0.300908
vn 0.974327 0.131698 -0.182601
vn 0.974327 -0.131698 -0.182601
vn 0.547587 0.780771 -0.300908
vn 0.596646 0.780771 0.185498
vn 0.991167 0.131697 -0.015642
vn 0.974327 0.131698 -0.182601
vn 0.596646 0.780771 0.185498
vn 0.596646 -0.780771 0.185498
vn 0.991167 -0.131697 -0.015642
vn 0.991167 0.131697 -0.015642
vn 0.596646 -0.780771 0.185498
vn 0.547587 -0.780771 -0.300908
vn 0.974327 -0.131698 -0.182601
vn 0.991167 -0.131697 -0.015642
vn -0.596646 -0.780771 -0.185498
vn -0.547587 -0.780771 0.300908
vn -0.974327 -0.131697 0.182601
vn -0.991167 -0.131696 0.015642
vn -0.547587 -0.780771 0.300908
vn -0.547587 0.780771 0.300908
vn -0.974327 0.131697 0.182601
vn -0.974327 -0.131697 0.182601
vn -0.547587 0.780771 0.300908
vn -0.596646 0.780771 -0.185498
vn -0.991167 0.131696 0.015642
vn -0.974327 0.131697 0.182601
vn -0.596646 0.780771 -0.185498
vn -0.596646 -0.780771 -0.185498
vn -0.991167 -0.131696 0.015642
vn -0.991167 0.131696 0.015642
vn 0.974327 -0.131698 -0.182601
vn 0.974327 0.131698 -0.182601
vn 0.994952 0.000000 -0.100353
vn 0.974327 0.131698 -0.182601
vn 0.991167 0.131697 -0.015642
vn 0.994952 0.000000 -0.100353
vn 0.991167 0.131697 -0.015642
vn 0.991167 -0.131697 -0.015642
vn 0.994952 0.000000 -0.100353
vn 0.991167 -0.131697 -0.015642
vn 0.974327 -0.131698 -0.182601
vn 0.994952 0.000000 -0.100353
vn -0.991167 -0.131696 0.015642
vn -0.974327 -0.131697 0.182601
vn -0.994952 -0.000000 0.100353
vn -0.974327 -0.131697 0.182601
vn -0.974327 0.131697 0.182601
vn -0.994952 -0.000000 0.100353
vn -0.974327 0.131697 0.182601
vn -0.991167 0.131696 0.015642
vn -0.994952 -0.000000 0.100353
vn -0.991167 0.131696 0.015642
vn -0.991167 -0.131696 0.015642
vn -0.994952 -0.000000 0.100353
vn 0.747290 0.189703 0.636844
vn 0.752925 0.351999 0.556058
vn 0.766753 -0.500128 -0.402445
vn 0.781942 -0.062688 -0.620191
vn -0.733455 0.400286 0.549377
vn -0.739091 0.237990 0.630163
vn -0.778761 -0.011988 -0.627206
vn -0.793951 -0.449428 -0.409460
vn -0.733455 0.400286 0.549377
vn 0.752925 0.351999 0.556058
vn 0.747290 0.189703 0.636844
vn -0.739091 0.237990 0.630163
vn -0.739091 0.237990 0.630163
vn -0.827657 -0.364216 0.427002
vn -0.431326 0.605166 -0.669128
vn -0.778761 -0.011988 -0.627206
vn -0.778761 -0.011988 -0.627206
vn -0.431326 0.605166 -0.669128
vn 0.475684 0.575701 -0.665051
vn 0.781942 -0.062688 -0.620191
vn 0.781942 -0.062688 -0.620191
vn 0.475684 0.575701 -0.665051
vn 0.798406 -0.417040 0.434311
vn 0.747290 0.189703 0.636844
vn 0.747290 0.189703 0.636844
vn 0.798406 -0.417040 0.434311
vn -0.827657 -0.364216 0.427002
vn -0.739091 0.237990 0.630163
vn 0.752925 0.351999 0.556058
vn 0.832073 0.552557 -0.048329
vn 0.424348 -0.902722 0.070869
vn 0.766753 -0.500128 -0.402445
vn 0.766753 -0.500128 -0.402445
vn 0.424348 -0.902722 0.070869
vn -0.482661 -0.873257 0.066792
vn -0.793951 -0.449428 -0.409460
vn -0.793951 -0.449428 -0.409460
vn -0.482661 -0.873257 0.066792
vn -0.793989 0.605381 -0.055638
vn -0.733455 0.400286 0.549377
vn -0.733455 0.400286 0.549377
vn -0.793989 0.605381 -0.055638
vn 0.832073 0.552557 -0.048329
vn 0.752925 0.351999 0.556058
vn -0.431326 0.605166 -0.669128
vn -0.827657 -0.364216 0.427002
vn -0.832073 -0.552557 0.048329
vn -0.424348 0.902722 -0.070869
vn 0.475684 0.575701 -0.665051
vn -0.431326 0.605166 -0.669128
vn -0.424348 0.902722 -0.070869
vn 0.482662 0.873256 -0.066792
vn 0.424348 -0.902722 0.070869
vn 0.832073 0.552557 -0.048329
vn 0.827657 0.364216 -0.427002
vn 0.431325 -0.605167 0.669128
vn -0.482661 -0.873257 0.066792
vn 0.424348 -0.902722 0.070869
vn 0.431325 -0.605167 0.669128
vn -0.475683 -0.575702 0.665051
vn 0.733456 -0.400285 -0.549377
vn 0.793951 0.449428 0.409460
vn 0.778761 0.011988 0.627206
vn 0.739091 -0.237990 -0.630163
vn -0.747290 -0.189703 -0.636844
vn -0.781942 0.062688 0.620191
vn -0.766753 0.500128 0.402445
vn -0.752926 -0.351999 -0.556058
vn -0.747290 -0.189703 -0.636844
vn -0.752926 -0.351999 -0.556058
vn 0.733456 -0.400285 -0.549377
vn 0.739091 -0.237990 -0.630163
vn -0.752926 -0.351999 -0.556058
vn -0.766753 0.500128 0.402445
vn -0.424348 0.902722 -0.070869
vn -0.832073 -0.552557 0.048329
vn -0.766753 0.500128 0.402445
vn 0.793951 0.449428 0.409460
vn 0.482662 0.873256 -0.066792
vn -0.424348 0.902722 -0.070869
vn 0.793951 0.449428 0.409460
vn 0.733456 -0.400285 -0.549377
vn 0.793989 -0.605381 0.055638
vn 0.482662 0.873256 -0.066792
vn 0.733456 -0.400285 -0.549377
vn -0.752926 -0.351999 -0.556058
vn -0.832073 -0.552557 0.048329
vn 0.793989 -0.605381 0.055638
vn 0.739091 -0.237990 -0.630163
vn 0.778761 0.011988 0.627206
vn 0.431325 -0.605167 0.669128
vn 0.827657 0.364216 -0.427002
vn 0.778761 0.011988 0.627206
vn -0.781942 0.062688 0.620191
vn -0.475683 -0.575702 0.665051
vn 0.431325 -0.605167 0.669128
vn -0.781942 0.062688 0.620191
vn -0.747290 -0.189703 -0.636844
vn -0.798405 0.417041 -0.434311
vn -0.475683 -0.575702 0.665051
vn -0.747290 -0.189703 -0.636844
vn 0.739091 -0.237990 -0.630163
vn 0.827657 0.364216 -0.427002
vn -0.798405 0.417041 -0.434311
vn 0.475684 0.575701 -0.665051
vn 0.482662 0.873256 -0.066792
vn 0.793989 -0.605381 0.055638
vn 0.798406 -0.417040 0.434311
vn 0.798406 -0.417040 0.434311
vn 0.793989 -0.605381 0.055638
vn -0.832073 -0.552557 0.048329
vn -0.827657 -0.364216 0.427002
vn -0.482661 -0.873257 0.066792
vn -0.475683 -0.575702 0.665051
vn -0.798405 0.417041 -0.434311
vn -0.793989 0.605381 -0.055638
vn -0.793989 0.605381 -0.055638
vn -0.798405 0.417041 -0.434311
vn 0.827657 0.364216 -0.427002
vn 0.832073 0.552557 -0.048329
vn -0.778761 -0.011988 -0.627206
vn 0.781942 -0.062688 -0.620191
vn 0.123920 -0.369041 -0.921115
vn -0.139334 -0.360489 -0.922298
vn 0.781942 -0.062688 -0.620191
vn 0.766753 -0.500128 -0.402445
vn 0.118706 -0.519192 -0.846374
vn 0.123920 -0.369041 -0.921115
vn 0.766753 -0.500128 -0.402445
vn -0.793951 -0.449428 -0.409460
vn -0.144547 -0.510641 -0.847557
vn 0.118706 -0.519192 -0.846374
vn -0.793951 -0.449428 -0.409460
vn -0.778761 -0.011988 -0.627206
vn -0.139334 -0.360489 -0.922298
vn -0.144547 -0.510641 -0.847557
vn -0.766753 0.500128 0.402445
vn -0.781942 0.062688 0.620191
vn -0.123919 0.369041 0.921115
vn -0.118705 0.519193 0.846374
vn -0.781942 0.062688 0.620191
vn 0.778761 0.011988 0.627206
vn 0.139333 0.360489 0.922298
vn -0.123919 0.369041 0.921115
vn 0.778761 0.011988 0.627206
vn 0.793951 0.449428 0.409460
vn 0.144546 0.510641 0.847557
vn 0.139333 0.360489 0.922298
vn 0.793951 0.449428 0.409460
vn -0.766753 0.500128 0.402445
vn -0.118705 0.519193 0.846374
vn 0.144546 0.510641 0.847557
vn -0.139334 -0.360489 -0.922298
vn 0.123920 -0.369041 -0.921115
vn -0.010442 -0.445303 -0.895319
vn 0.123920 -0.369041 -0.921115
vn 0.118706 -0.519192 -0.846374
vn -0.010442 -0.445303 -0.895319
vn 0.118706 -0.519192 -0.846374
vn -0.144547 -0.510641 -0.847557
vn -0.010442 -0.445303 -0.895319
vn -0.144547 -0.510641 -0.847557
vn -0.139334 -0.360489 -0.922298
vn -0.010442 -0.445303 -0.895319
vn -0.118705 0.519193 0.846374
vn -0.123919 0.369041 0.921115
vn 0.010442 0.445303 0.895319
vn -0.123919 0.369041 0.921115
vn 0.139333 0.360489 0.922298
vn 0.010442 0.445303 0.895319
vn 0.139333 0.360489 0.922298
vn 0.144546 0.510641 0.847557
vn 0.010442 0.445303 0.895319
vn 0.144546 0.510641 0.847557
vn -0.118705 0.519193 0.846374
vn 0.010442 0.445303 0.895319
vn -0.680358 0.101568 0.725808
vn -0.695252 0.271922 0.665344
vn 0.563277 0.080848 0.822303
vn 0.523133 0.540008 0.659335
vn -0.639136 -0.220801 -0.736717
vn -0.624241 -0.391155 -0.676255
vn 0.582056 0.022647 -0.812834
vn 0.622199 -0.436512 -0.649865
vn -0.639136 -0.220801 -0.736717
vn -0.695252 0.271922 0.665344
vn -0.680358 0.101568 0.725808
vn -0.624241 -0.391155 -0.676255
vn -0.624241 -0.391155 -0.676255
vn -0.135424 -0.797414 -0.588040
vn 0.282021 0.655648 -0.700421
vn 0.582056 0.022647 -0.812834
vn 0.582056 0.022647 -0.812834
vn 0.282021 0.655648 -0.700421
vn 0.247778 0.956315 0.155137
vn 0.523133 0.540008 0.659335
vn 0.523133 0.540008 0.659335
vn 0.247778 0.956315 0.155137
vn -0.196814 -0.258387 0.945780
vn -0.680358 0.101568 0.725808
vn -0.680358 0.101568 0.725808
vn -0.196814 -0.258387 0.945780
vn -0.135424 -0.797414 -0.588040
vn -0.624241 -0.391155 -0.676255
vn -0.695252 0.271922 0.665344
vn -0.285793 0.759352 0.584557
vn 0.383452 -0.595515 0.705922
vn 0.563277 0.080848 0.822303
vn 0.563277 0.080848 0.822303
vn 0.383452 -0.595515 0.705922
vn 0.417695 -0.896181 -0.149634
vn 0.622199 -0.436512 -0.649865
vn 0.622199 -0.436512 -0.649865
vn 0.417695 -0.896181 -0.149634
vn -0.224403 0.220325 -0.949263
vn -0.639136 -0.220801 -0.736717
vn -0.639136 -0.220801 -0.736717
vn -0.224403 0.220325 -0.949263
vn -0.285793 0.759352 0.584557
vn -0.695252 0.271922 0.665344
vn 0.282021 0.655648 -0.700421
vn -0.135424 -0.797414 -0.588040
vn 0.285793 -0.759352 -0.584557
vn -0.383452 0.595514 -0.705923
vn 0.247778 0.956315 0.155137
vn 0.282021 0.655648 -0.700421
vn -0.383452 0.595514 -0.705923
vn -0.417695 0.896181 0.149635
vn 0.383452 -0.595515 0.705922
vn -0.285793 0.759352 0.584557
vn 0.135424 0.797414 0.588040
vn -0.282021 -0.655649 0.700420
vn 0.417695 -0.896181 -0.149634
vn 0.383452 -0.595515 0.705922
vn -0.282021 -0.655649 0.700420
vn -0.247779 -0.956315 -0.155136
vn 0.639135 0.220802 0.736718
vn -0.622199 0.436512 0.649865
vn -0.582056 -0.022647 0.812834
vn 0.624241 0.391155 0.676255
vn 0.680358 -0.101568 -0.725808
vn -0.523133 -0.540008 -0.659335
vn -0.563277 -0.080848 -0.822303
vn 0.695252 -0.271922 -0.665345
vn 0.680358 -0.101568 -0.725808
vn 0.695252 -0.271922 -0.665345
vn 0.639135 0.220802 0.736718
vn 0.624241 0.391155 0.676255
vn 0.695252 -0.271922 -0.665345
vn -0.563277 -0.080848 -0.822303
vn -0.383452 0.595514 -0.705923
vn 0.285793 -0.759352 -0.584557
vn -0.563277 -0.080848 -0.822303
vn -0.622199 0.436512 0.649865
vn -0.417695 0.896181 0.149635
vn -0.383452 0.595514 -0.705923
vn -0.622199 0.436512 0.649865
vn 0.639135 0.220802 0.736718
vn 0.224403 -0.220325 0.949263
vn -0.417695 0.896181 0.149635
vn 0.639135 0.220802 0.736718
vn 0.695252 -0.271922 -0.665345
vn 0.285793 -0.759352 -0.584557
vn 0.224403 -0.220325 0.949263
vn 0.624241 0.391155 0.676255
vn -0.582056 -0.022647 0.812834
vn -0.282021 -0.655649 0.700420
vn 0.135424 0.797414 0.588040
vn -0.582056 -0.022647 0.812834
vn -0.523133 -0.540008 -0.659335
vn -0.247779 -0.956315 -0.155136
vn -0.282021 -0.655649 0.700420
vn -0.523133 -0.540008 -0.659335
vn 0.680358 -0.101568 -0.725808
vn 0.196814 0.258388 -0.945780
vn -0.247779 -0.956315 -0.155136
vn 0.680358 -0.101568 -0.725808
vn 0.624241 0.391155 0.676255
vn 0.135424 0.797414 0.588040
vn 0.196814 0.258388 -0.945780
vn 0.247778 0.956315 0.155137
vn -0.417695 0.896181 0.149635
vn 0.224403 -0.220325 0.949263
vn -0.196814 -0.258387 0.945780
vn -0.196814 -0.258387 0.945780
vn 0.224403 -0.220325 0.949263
vn 0.285793 -0.759352 -0.584557
vn -0.135424 -0.797414 -0.588040
vn 0.417695 -0.896181 -0.149634
vn -0.247779 -0.956315 -0.155136
vn 0.196814 0.258388 -0.945780
vn -0.224403 0.220325 -0.949263
vn -0.224403 0.220325 -0.949263
vn 0.196814 0.258388 -0.945780
vn 0.135424 0.797414 0.588040
vn -0.285793 0.759352 0.584557
vn 0.582056 0.022647 -0.812834
vn 0.523133 0.540008 0.659335
vn 0.971832 0.211326 0.104324
vn 0.981771 0.124059 -0.143996
vn 0.523133 0.540008 0.659335
vn 0.563277 0.080848 0.822303
vn 0.985612 0.053719 0.160262
vn 0.971832 0.211326 0.104324
vn 0.563277 0.080848 0.822303
vn 0.622199 -0.436512 -0.649865
vn 0.995551 -0.033547 -0.088057
vn 0.985612 0.053719 0.160262
vn 0.622199 -0.436512 -0.649865
vn 0.582056 0.022647 -0.812834
vn 0.981771 0.124059 -0.143996
vn 0.995551 -0.033547 -0.088057
vn -0.563277 -0.080848 -0.822303
vn -0.523133 -0.540008 -0.659335
vn -0.971832 -0.211326 -0.104323
vn -0.985612 -0.053719 -0.160261
vn -0.523133 -0.540008 -0.659335
vn -0.582056 -0.022647 0.812834
vn -0.981771 -0.124059 0.143996
vn -0.971832 -0.211326 -0.104323
vn -0.582056 -0.022647 0.812834
vn -0.622199 0.436512 0.649865
vn -0.995551 0.033547 0.088056
vn -0.981771 -0.124059 0.143996
vn -0.622199 0.436512 0.649865
vn -0.563277 -0.080848 -0.822303
vn -0.985612 -0.053719 -0.160261
vn -0.995551 0.033547 0.088056
vn 0.981771 0.124059 -0.143996
vn 0.971832 0.211326 0.104324
vn 0.995908 0.089993 0.008234
vn 0.971832 0.211326 0.104324
vn 0.985612 0.053719 0.160262
vn 0.995908 0.089993 0.008234
vn 0.985612 0.053719 0.160262
vn 0.995551 -0.033547 -0.088057
vn 0.995908 0.089993 0.008234
vn 0.995551 -0.033547 -0.088057
vn 0.981771 0.124059 -0.143996
vn 0.995908 0.089993 0.008234
vn -0.985612 -0.053719 -0.160261
vn -0.971832 -0.211326 -0.104323
vn -0.995908 -0.089993 -0.008234
vn -0.971832 -0.211326 -0.104323
vn -0.981771 -0.124059 0.143996
vn -0.995908 -0.089993 -0.008234
vn -0.981771 -0.124059 0.143996
vn -0.995551 0.033547 0.088056
vn -0.995908 -0.089993 -0.008234
vn -0.995551 0.033547 0.088056
vn -0.985612 -0.053719 -0.160261
vn -0.995908 -0.089993 -0.008234
vn -0.597063 0.202944 0.776099
vn -0.581641 0.375284 0.721703
vn 0.621062 -0.066344 0.780949
vn 0.662631 0.398171 0.634335
vn -0.717493 -0.059402 -0.694028
vn -0.732915 -0.231743 -0.639633
vn 0.519985 -0.058251 -0.852187
vn 0.478417 -0.522766 -0.705573
vn -0.717493 -0.059402 -0.694028
vn -0.581641 0.375284 0.721703
vn -0.597063 0.202944 0.776099
vn -0.732915 -0.231743 -0.639633
vn -0.732915 -0.231743 -0.639633
vn -0.330199 -0.729662 -0.598801
vn 0.360288 0.616142 -0.700402
vn 0.519985 -0.058251 -0.852187
vn 0.519985 -0.058251 -0.852187
vn 0.360288 0.616142 -0.700402
vn 0.443187 0.881393 0.163497
vn 0.662631 0.398171 0.634335
vn 0.662631 0.398171 0.634335
vn 0.443187 0.881393 0.163497
vn -0.181580 -0.254125 0.949973
vn -0.597063 0.202944 0.776099
vn -0.597063 0.202944 0.776099
vn -0.181580 -0.254125 0.949973
vn -0.330199 -0.729662 -0.598801
vn -0.732915 -0.231743 -0.639633
vn -0.581641 0.375284 0.721703
vn -0.089442 0.775484 0.625000
vn 0.302696 -0.688536 0.659009
vn 0.621062 -0.066344 0.780949
vn 0.621062 -0.066344 0.780949
vn 0.302696 -0.688536 0.659009
vn 0.219797 -0.953787 -0.204888
vn 0.478417 -0.522766 -0.705573
vn 0.478417 -0.522766 -0.705573
vn 0.219797 -0.953787 -0.204888
vn -0.238061 0.299948 -0.923774
vn -0.717493 -0.059402 -0.694028
vn -0.717493 -0.059402 -0.694028
vn -0.238061 0.299948 -0.923774
vn -0.089442 0.775484 0.625000
vn -0.581641 0.375284 0.721703
vn 0.360288 0.616142 -0.700402
vn -0.330199 -0.729662 -0.598801
vn 0.089442 -0.775484 -0.625000
vn -0.302696 0.688535 -0.659010
vn 0.443187 0.881393 0.163497
vn 0.360288 0.616142 -0.700402
vn -0.302696 0.688535 -0.659010
vn -0.219797 0.953787 0.204889
vn 0.302696 -0.688536 0.659009
vn -0.089442 0.775484 0.625000
vn 0.330199 0.729662 0.598801
vn -0.360288 -0.616142 0.700401
vn 0.219797 -0.953787 -0.204888
vn 0.302696 -0.688536 0.659009
vn -0.360288 -0.616142 0.700401
vn -0.443187 -0.881393 -0.163496
vn 0.717493 0.059402 0.694028
vn -0.478417 0.522766 0.705573
vn -0.519985 0.058251 0.852187
vn 0.732915 0.231743 0.639633
vn 0.597063 -0.202944 -0.776099
vn -0.662631 -0.398171 -0.634335
vn -0.621062 0.066344 -0.780949
vn 0.581641 -0.375284 -0.721703
vn 0.597063 -0.202944 -0.776099
vn 0.581641 -0.375284 -0.721703
vn 0.717493 0.059402 0.694028
vn 0.732915 0.231743 0.639633
vn 0.581641 -0.375284 -0.721703
vn -0.621062 0.066344 -0.780949
vn -0.302696 0.688535 -0.659010
vn 0.089442 -0.775484 -0.625000
vn -0.621062 0.066344 -0.780949
vn -0.478417 0.522766 0.705573
vn -0.219797 0.953787 0.204889
vn -0.302696 0.688535 -0.659010
vn -0.478417 0.522766 0.705573
vn 0.717493 0.059402 0.694028
vn 0.238061 -0.299948 0.923774
vn -0.219797 0.953787 0.204889
vn 0.717493 0.059402 0.694028
vn 0.581641 -0.375284 -0.721703
vn 0.089442 -0.775484 -0.625000
vn 0.238061 -0.299948 0.923774
vn 0.732915 0.231743 0.639633
vn -0.519985 0.058251 0.852187
vn -0.360288 -0.616142 0.700401
vn 0.330199 0.729662 0.598801
vn -0.519985 0.058251 0.852187
vn -0.662631 -0.398171 -0.634335
vn -0.443187 -0.881393 -0.163496
vn -0.360288 -0.616142 0.700401
vn -0.662631 -0.398171 -0.634335
vn 0.597063 -0.202944 -0.776099
vn 0.181580 0.254126 -0.949973
vn -0.443187 -0.881393 -0.163496
vn 0.597063 -0.202944 -0.776099
vn 0.732915 0.231743 0.639633
vn 0.330199 0.729662 0.598801
vn 0.181580 0.254126 -0.949973
vn 0.443187 0.881393 0.163497
vn -0.219797 0.953787 0.204889
vn 0.238061 -0.299948 0.923774
vn -0.181580 -0.254125 0.949973
vn -0.181580 -0.254125 0.949973
vn 0.238061 -0.299948 0.923774
vn 0.089442 -0.775484 -0.625000
vn -0.330199 -0.729662 -0.598801
vn 0.219797 -0.953787 -0.204888
vn -0.443187 -0.881393 -0.163496
vn 0.181580 0.254126 -0.949973
vn -0.238061 0.299948 -0.923774
vn -0.238061 0.299948 -0.923774
vn 0.181580 0.254126 -0.949973
vn 0.330199 0.729662 0.598801
vn -0.089442 0.775484 0.625000
vn 0.519985 -0.058251 -0.852187
vn 0.662631 0.398171 0.634335
vn 0.999175 0.011205 0.039024
vn 0.975115 -0.065783 -0.211718
vn 0.662631 0.398171 0.634335
vn 0.621062 -0.066344 0.780949
vn 0.984907 -0.148240 0.089348
vn 0.999175 0.011205 0.039024
vn 0.621062 -0.066344 0.780949
vn 0.478417 -0.522766 -0.705573
vn 0.960846 -0.225227 -0.161392
vn 0.984907 -0.148240 0.089348
vn 0.478417 -0.522766 -0.705573
vn 0.519985 -0.058251 -0.852187
vn 0.975115 -0.065783 -0.211718
vn 0.960846 -0.225227 -0.161392
vn -0.621062 0.066344 -0.780949
vn -0.662631 -0.398171 -0.634335
vn -0.999176 -0.011205 -0.039023
vn -0.984907 0.148240 -0.089347
vn -0.662631 -0.398171 -0.634335
vn -0.519985 0.058251 0.852187
vn -0.975115 0.065782 0.211717
vn -0.999176 -0.011205 -0.039023
vn -0.519985 0.058251 0.852187
vn -0.478417 0.522766 0.705573
vn -0.960846 0.225227 0.161391
vn -0.975115 0.065782 0.211717
vn -0.478417 0.522766 0.705573
vn -0.621062 0.066344 -0.780949
vn -0.984907 0.148240 -0.089347
vn -0.960846 0.225227 0.161391
vn 0.975115 -0.065783 -0.211718
vn 0.999175 0.011205 0.039024
vn 0.992182 -0.108340 -0.061944
vn 0.999175 0.011205 0.039024
vn 0.984907 -0.148240 0.089348
vn 0.992182 -0.108340 -0.061944
vn 0.984907 -0.148240 0.089348
vn 0.960846 -0.225227 -0.161392
vn 0.992182 -0.108340 -0.061944
vn 0.960846 -0.225227 -0.161392
vn 0.975115 -0.065783 -0.211718
vn 0.992182 -0.108340 -0.061944
vn -0.984907 0.148240 -0.089347
vn -0.999176 -0.011205 -0.039023
vn -0.992182 0.108340 0.061944
vn -0.999176 -0.011205 -0.039023
vn -0.975115 0.065782 0.211717
vn -0.992182 0.108340 0.061944
vn -0.975115 0.065782 0.211717
vn -0.960846 0.225227 0.161391
vn -0.992182 0.108340 0.061944
vn -0.960846 0.225227 0.161391
vn -0.984907 0.148240 -0.089347
vn -0.992182 0.108340 0.061944
vn 0.820407 0.190601 0.539077
vn 0.811201 0.355567 0.464247
vn 0.718619 -0.463727 -0.518213
vn 0.693808 -0.019090 -0.719907
vn -0.663595 0.360123 0.655708
vn -0.654390 0.195157 0.730539
vn -0.854732 -0.014307 -0.518872
vn -0.829921 -0.458943 -0.317178
vn -0.663595 0.360123 0.655708
vn 0.811201 0.355567 0.464247
vn 0.820407 0.190601 0.539077
vn -0.654390 0.195157 0.730539
vn -0.654390 0.195157 0.730539
vn -0.754169 -0.402379 0.518961
vn -0.531441 0.613886 -0.583708
vn -0.854732 -0.014307 -0.518872
vn -0.854732 -0.014307 -0.518872
vn -0.531441 0.613886 -0.583708
vn 0.368501 0.611106 -0.700540
vn 0.693808 -0.019090 -0.719907
vn 0.693808 -0.019090 -0.719907
vn 0.368501 0.611106 -0.700540
vn 0.859221 -0.407363 0.309507
vn 0.820407 0.190601 0.539077
vn 0.820407 0.190601 0.539077
vn 0.859221 -0.407363 0.309507
vn -0.754169 -0.402379 0.518961
vn -0.654390 0.195157 0.730539
vn 0.811201 0.355567 0.464247
vn 0.804227 0.578185 -0.137554
vn 0.452354 -0.891639 -0.018870
vn 0.718619 -0.463727 -0.518213
vn 0.718619 -0.463727 -0.518213
vn 0.452354 -0.891639 -0.018870
vn -0.447586 -0.888859 0.097962
vn -0.829921 -0.458943 -0.317178
vn -0.829921 -0.458943 -0.317178
vn -0.447586 -0.888859 0.097962
vn -0.809163 0.583169 0.071900
vn -0.663595 0.360123 0.655708
vn -0.663595 0.360123 0.655708
vn -0.809163 0.583169 0.071900
vn 0.804227 0.578185 -0.137554
vn 0.811201 0.355567 0.464247
vn -0.531441 0.613886 -0.583708
vn -0.754169 -0.402379 0.518961
vn -0.804227 -0.578185 0.137554
vn -0.452354 0.891639 0.018871
vn 0.368501 0.611106 -0.700540
vn -0.531441 0.613886 -0.583708
vn -0.452354 0.891639 0.018871
vn 0.447587 0.888859 -0.097962
vn 0.452354 -0.891639 -0.018870
vn 0.804227 0.578185 -0.137554
vn 0.754169 0.402379 -0.518961
vn 0.531440 -0.613887 0.583708
vn -0.447586 -0.888859 0.097962
vn 0.452354 -0.891639 -0.018870
vn 0.531440 -0.613887 0.583708
vn -0.368500 -0.611106 0.700540
vn 0.663595 -0.360123 -0.655708
vn 0.829921 0.458943 0.317178
vn 0.854732 0.014307 0.518872
vn 0.654390 -0.195157 -0.730539
vn -0.820407 -0.190601 -0.539077
vn -0.693808 0.019090 0.719907
vn -0.718619 0.463727 0.518213
vn -0.811202 -0.355567 -0.464246
vn -0.820407 -0.190601 -0.539077
vn -0.811202 -0.355567 -0.464246
vn 0.663595 -0.360123 -0.655708
vn 0.654390 -0.195157 -0.730539
vn -0.811202 -0.355567 -0.464246
vn -0.718619 0.463727 0.518213
vn -0.452354 0.891639 0.018871
vn -0.804227 -0.578185 0.137554
vn -0.718619 0.463727 0.518213
vn 0.829921 0.458943 0.317178
vn 0.447587 0.888859 -0.097962
vn -0.452354 0.891639 0.018871
vn 0.829921 0.458943 0.317178
vn 0.663595 -0.360123 -0.655708
vn 0.809163 -0.583169 -0.071900
vn 0.447587 0.888859 -0.097962
vn 0.663595 -0.360123 -0.655708
vn -0.811202 -0.355567 -0.464246
vn -0.804227 -0.578185 0.137554
vn 0.809163 -0.583169 -0.071900
vn 0.654390 -0.195157 -0.730539
vn 0.854732 0.014307 0.518872
vn 0.531440 -0.613887 0.583708
vn 0.754169 0.402379 -0.518961
vn 0.854732 0.014307 0.518872
vn -0.693808 0.019090 0.719907
vn -0.368500 -0.611106 0.700540
vn 0.531440 -0.613887 0.583708
vn -0.693808 0.019090 0.719907
vn -0.820407 -0.190601 -0.539077
vn -0.859221 0.407363 -0.309507
vn -0.368500 -0.611106 0.700540
vn -0.820407 -0.190601 -0.539077
vn 0.654390 -0.195157 -0.730539
vn 0.754169 0.402379 -0.518961
vn -0.859221 0.407363 -0.309507
vn 0.368501 0.611106 -0.700540
vn 0.447587 0.888859 -0.097962
vn 0.809163 -0.583169 -0.071900
vn 0.859221 -0.407363 0.309507
vn 0.859221 -0.407363 0.309507
vn 0.809163 -0.583169 -0.071900
vn -0.804227 -0.578185 0.137554
vn -0.754169 -0.402379 0.518961
vn -0.447586 -0.888859 0.097962
vn -0.368500 -0.611106 0.700540
vn -0.859221 0.407363 -0.309507
vn -0.809163 0.583169 0.071900
vn -0.809163 0.583169 0.071900
vn -0.859221 0.407363 -0.309507
vn 0.754169 0.402379 -0.518961
vn 0.804227 0.578185 -0.137554
vn -0.854732 -0.014307 -0.518872
vn 0.693808 -0.019090 -0.719907
vn 0.009439 -0.334661 -0.942291
vn -0.251763 -0.333854 -0.908381
vn 0.693808 -0.019090 -0.719907
vn 0.718619 -0.463727 -0.518213
vn 0.017955 -0.487283 -0.873060
vn 0.009439 -0.334661 -0.942291
vn 0.718619 -0.463727 -0.518213
vn -0.829921 -0.458943 -0.317178
vn -0.243246 -0.486476 -0.839150
vn 0.017955 -0.487283 -0.873060
vn -0.829921 -0.458943 -0.317178
vn -0.854732 -0.014307 -0.518872
vn -0.251763 -0.333854 -0.908381
vn -0.243246 -0.486476 -0.839150
vn -0.718619 0.463727 0.518213
vn -0.693808 0.019090 0.719907
vn -0.009438 0.334661 0.942291
vn -0.017954 0.487283 0.873060
vn -0.693808 0.019090 0.719907
vn 0.854732 0.014307 0.518872
vn 0.251762 0.333854 0.908382
vn -0.009438 0.334661 0.942291
vn 0.854732 0.014307 0.518872
vn 0.829921 0.458943 0.317178
vn 0.243245 0.486476 0.839150
vn 0.251762 0.333854 0.908382
vn 0.829921 0.458943 0.317178
vn -0.718619 0.463727 0.518213
vn -0.017954 0.487283 0.873060
vn 0.243245 0.486476 0.839150
vn -0.251763 -0.333854 -0.908381
vn 0.009439 -0.334661 -0.942291
vn -0.118356 -0.415668 -0.901783
vn 0.009439 -0.334661 -0.942291
vn 0.017955 -0.487283 -0.873060
vn -0.118356 -0.415668 -0.901783
vn 0.017955 -0.487283 -0.873060
vn -0.243246 -0.486476 -0.839150
vn -0.118356 -0.415668 -0.901783
vn -0.243246 -0.486476 -0.839150
vn -0.251763 -0.333854 -0.908381
vn -0.118356 -0.415668 -0.901783
vn -0.017954 0.487283 0.873060
vn -0.009438 0.334661 0.942291
vn 0.118356 0.415668 0.901783
vn -0.009438 0.334661 0.942291
vn 0.251762 0.333854 0.908382
vn 0.118356 0.415668 0.901783
vn 0.251762 0.333854 0.908382
vn 0.243245 0.486476 0.839150
vn 0.118356 0.415668 0.901783
vn 0.243245 0.486476 0.839150
vn -0.017954 0.487283 0.873060
vn 0.118356 0.415668 0.901783
vn -0.542774 0.244429 0.803524
vn -0.537895 0.412397 0.735253
vn 0.681175 0.013777 0.731991
vn 0.694327 0.466507 0.547980
vn -0.765981 -0.135261 -0.628473
vn -0.770860 -0.303230 -0.560203
vn 0.454836 -0.108536 -0.883937
vn 0.441684 -0.561266 -0.699925
vn -0.765981 -0.135261 -0.628473
vn -0.537895 0.412397 0.735253
vn -0.542774 0.244429 0.803524
vn -0.770860 -0.303230 -0.560203
vn -0.770860 -0.303230 -0.560203
vn -0.348230 -0.783882 -0.514067
vn 0.282663 0.570426 -0.771178
vn 0.454836 -0.108536 -0.883937
vn 0.454836 -0.108536 -0.883937
vn 0.282663 0.570426 -0.771178
vn 0.421844 0.904615 0.060987
vn 0.694327 0.466507 0.547980
vn 0.694327 0.466507 0.547980
vn 0.421844 0.904615 0.060987
vn -0.098710 -0.184757 0.977815
vn -0.542774 0.244429 0.803524
vn -0.542774 0.244429 0.803524
vn -0.098710 -0.184757 0.977815
vn -0.348230 -0.783882 -0.514067
vn -0.770860 -0.303230 -0.560203
vn -0.537895 0.412397 0.735253
vn -0.069559 0.818731 0.569948
vn 0.377395 -0.625485 0.682893
vn 0.681175 0.013777 0.731991
vn 0.681175 0.013777 0.731991
vn 0.377395 -0.625485 0.682893
vn 0.238214 -0.959673 -0.149271
vn 0.441684 -0.561266 -0.699925
vn 0.441684 -0.561266 -0.699925
vn 0.238214 -0.959673 -0.149271
vn -0.319079 0.219606 -0.921934
vn -0.765981 -0.135261 -0.628473
vn -0.765981 -0.135261 -0.628473
vn -0.319079 0.219606 -0.921934
vn -0.069559 0.818731 0.569948
vn -0.537895 0.412397 0.735253
vn 0.282663 0.570426 -0.771178
vn -0.348230 -0.783882 -0.514067
vn 0.069559 -0.818731 -0.569948
vn -0.377395 0.625484 -0.682893
vn 0.421844 0.904615 0.060987
vn 0.282663 0.570426 -0.771178
vn -0.377395 0.625484 -0.682893
vn -0.238214 0.959673 0.149272
vn 0.377395 -0.625485 0.682893
vn -0.069559 0.818731 0.569948
vn 0.348230 0.783882 0.514067
vn -0.282663 -0.570427 0.771178
vn 0.238214 -0.959673 -0.149271
vn 0.377395 -0.625485 0.682893
vn -0.282663 -0.570427 0.771178
vn -0.421844 -0.904615 -0.060986
vn 0.765980 0.135261 0.628473
vn -0.441684 0.561266 0.699925
vn -0.454836 0.108536 0.883937
vn 0.770860 0.303230 0.560203
vn 0.542774 -0.244429 -0.803524
vn -0.694327 -0.466507 -0.547980
vn -0.681175 -0.013777 -0.731991
vn 0.537894 -0.412398 -0.735254
vn 0.542774 -0.244429 -0.803524
vn 0.537894 -0.412398 -0.735254
vn 0.765980 0.135261 0.628473
vn 0.770860 0.303230 0.560203
vn 0.537894 -0.412398 -0.735254
vn -0.681175 -0.013777 -0.731991
vn -0.377395 0.625484 -0.682893
vn 0.069559 -0.818731 -0.569948
vn -0.681175 -0.013777 -0.731991
vn -0.441684 0.561266 0.699925
vn -0.238214 0.959673 0.149272
vn -0.377395 0.625484 -0.682893
vn -0.441684 0.561266 0.699925
vn 0.765980 0.135261 0.628473
vn 0.319079 -0.219606 0.921934
vn -0.238214 0.959673 0.149272
vn 0.765980 0.135261 0.628473
vn 0.537894 -0.412398 -0.735254
vn 0.069559 -0.818731 -0.569948
vn 0.319079 -0.219606 0.921934
vn 0.770860 0.303230 0.560203
vn -0.454836 0.108536 0.883937
vn -0.282663 -0.570427 0.771178
vn 0.348230 0.783882 0.514067
vn -0.454836 0.108536 0.883937
vn -0.694327 -0.466507 -0.547980
vn -0.421844 -0.904615 -0.060986
vn -0.282663 -0.570427 0.771178
vn -0.694327 -0.466507 -0.547980
vn 0.542774 -0.244429 -0.803524
vn 0.098710 0.184757 -0.977814
vn -0.421844 -0.904615 -0.060986
vn 0.542774 -0.244429 -0.803524
vn 0.770860 0.303230 0.560203
vn 0.348230 0.783882 0.514067
vn 0.098710 0.184757 -0.977814
vn 0.421844 0.904615 0.060987
vn -0.238214 0.959673 0.149272
vn 0.319079 -0.219606 0.921934
vn -0.098710 -0.184757 0.977815
vn -0.098710 -0.184757 0.977815
vn 0.319079 -0.219606 0.921934
vn 0.069559 -0.818731 -0.569948
vn -0.348230 -0.783882 -0.514067
vn 0.238214 -0.959673 -0.149271
vn -0.421844 -0.904615 -0.060986
vn 0.098710 0.184757 -0.977814
vn -0.319079 0.219606 -0.921934
vn -0.319079 0.219606 -0.921934
vn 0.098710 0.184757 -0.977814
vn 0.348230 0.783882 0.514067
vn -0.069559 0.818731 0.569948
vn 0.454836 -0.108536 -0.883937
vn 0.694327 0.466507 0.547980
vn 0.998141 0.044813 -0.041317
vn 0.957744 -0.052184 -0.282848
vn 0.694327 0.466507 0.547980
vn 0.681175 0.013777 0.731991
vn 0.993626 -0.110587 0.021844
vn 0.998141 0.044813 -0.041317
vn 0.681175 0.013777 0.731991
vn 0.441684 -0.561266 -0.699925
vn 0.953230 -0.207583 -0.219685
vn 0.993626 -0.110587 0.021844
vn 0.441684 -0.561266 -0.699925
vn 0.454836 -0.108536 -0.883937
vn 0.957744 -0.052184 -0.282848
vn 0.953230 -0.207583 -0.219685
vn -0.681175 -0.013777 -0.731991
vn -0.694327 -0.466507 -0.547980
vn -0.998141 -0.044812 0.041318
vn -0.993626 0.110588 -0.021843
vn -0.694327 -0.466507 -0.547980
vn -0.454836 0.108536 0.883937
vn -0.957745 0.052184 0.282847
vn -0.998141 -0.044812 0.041318
vn -0.454836 0.108536 0.883937
vn -0.441684 0.561266 0.699925
vn -0.953231 0.207583 0.219684
vn -0.957745 0.052184 0.282847
vn -0.441684 0.561266 0.699925
vn -0.681175 -0.013777 -0.731991
vn -0.993626 0.110588 -0.021843
vn -0.953231 0.207583 0.219684
vn 0.957744 -0.052184 -0.282848
vn 0.998141 0.044813 -0.041317
vn 0.987803 -0.082396 -0.132122
vn 0.998141 0.044813 -0.041317
vn 0.993626 -0.110587 0.021844
vn 0.987803 -0.082396 -0.132122
vn 0.993626 -0.110587 0.021844
vn 0.953230 -0.207583 -0.219685
vn 0.987803 -0.082396 -0.132122
vn 0.953230 -0.207583 -0.219685
vn 0.957744 -0.052184 -0.282848
vn 0.987803 -0.082396 -0.132122
vn -0.993626 0.110588 -0.021843
vn -0.998141 -0.044812 0.041318
vn -0.987803 0.082396 0.132122
vn -0.998141 -0.044812 0.041318
vn -0.957745 0.052184 0.282847
vn -0.987803 0.082396 0.132122
vn -0.957745 0.052184 0.282847
vn -0.953231 0.207583 0.219684
vn -0.987803 0.082396 0.132122
vn -0.953231 0.207583 0.219684
vn -0.993626 0.110588 -0.021843
vn -0.987803 0.082396 0.132122
vn 0.834547 0.016232 0.550697
vn 0.838014 0.193035 0.510363
vn 0.678495 -0.404034 -0.613515
vn 0.687840 0.072507 -0.722232
vn -0.631285 0.271179 0.726596
vn -0.634752 0.094377 0.766931
vn -0.854928 0.154558 -0.495187
vn -0.864273 -0.321983 -0.386470
vn -0.631285 0.271179 0.726596
vn 0.838014 0.193035 0.510363
vn 0.834547 0.016232 0.550697
vn -0.634752 0.094377 0.766931
vn -0.634752 0.094377 0.766931
vn -0.781601 -0.439514 0.442636
vn -0.483758 0.756652 -0.439837
vn -0.854928 0.154558 -0.495187
vn -0.854928 0.154558 -0.495187
vn -0.483758 0.756652 -0.439837
vn 0.412829 0.708967 -0.571785
vn 0.687840 0.072507 -0.722232
vn 0.687840 0.072507 -0.722232
vn 0.412829 0.708967 -0.571785
vn 0.825774 -0.525001 0.206083
vn 0.834547 0.016232 0.550697
vn 0.834547 0.016232 0.550697
vn 0.825774 -0.525001 0.206083
vn -0.781601 -0.439514 0.442636
vn -0.634752 0.094377 0.766931
vn 0.838014 0.193035 0.510363
vn 0.846488 0.531263 -0.034890
vn 0.381244 -0.901606 -0.204354
vn 0.678495 -0.404034 -0.613515
vn 0.678495 -0.404034 -0.613515
vn 0.381244 -0.901606 -0.204354
vn -0.515341 -0.853921 -0.072406
vn -0.864273 -0.321983 -0.386470
vn -0.864273 -0.321983 -0.386470
vn -0.515341 -0.853921 -0.072406
vn -0.760888 0.616751 0.201663
vn -0.631285 0.271179 0.726596
vn -0.631285 0.271179 0.726596
vn -0.760888 0.616751 0.201663
vn 0.846488 0.531263 -0.034890
vn 0.838014 0.193035 0.510363
vn -0.483758 0.756652 -0.439837
vn -0.781601 -0.439514 0.442636
vn -0.846488 -0.531263 0.034890
vn -0.381245 0.901605 0.204354
vn 0.412829 0.708967 -0.571785
vn -0.483758 0.756652 -0.439837
vn -0.381245 0.901605 0.204354
vn 0.515342 0.853921 0.072405
vn 0.381244 -0.901606 -0.204354
vn 0.846488 0.531263 -0.034890
vn 0.781601 0.439514 -0.442636
vn 0.483757 -0.756652 0.439837
vn -0.515341 -0.853921 -0.072406
vn 0.381244 -0.901606 -0.204354
vn 0.483757 -0.756652 0.439837
vn -0.412828 -0.708968 0.571785
vn 0.631285 -0.271179 -0.726595
vn 0.864273 0.321983 0.386470
vn 0.854928 -0.154558 0.495187
vn 0.634752 -0.094377 -0.766931
vn -0.834547 -0.016232 -0.550697
vn -0.687840 -0.072507 0.722232
vn -0.678495 0.404034 0.613515
vn -0.838014 -0.193035 -0.510362
vn -0.834547 -0.016232 -0.550697
vn -0.838014 -0.193035 -0.510362
vn 0.631285 -0.271179 -0.726595
vn 0.634752 -0.094377 -0.766931
vn -0.838014 -0.193035 -0.510362
vn -0.678495 0.404034 0.613515
vn -0.381245 0.901605 0.204354
vn -0.846488 -0.531263 0.034890
vn -0.678495 0.404034 0.613515
vn 0.864273 0.321983 0.386470
vn 0.515342 0.853921 0.072405
vn -0.381245 0.901605 0.204354
vn 0.864273 0.321983 0.386470
vn 0.631285 -0.271179 -0.726595
vn 0.760888 -0.616751 -0.201663
vn 0.515342 0.853921 0.072405
vn 0.631285 -0.271179 -0.726595
vn -0.838014 -0.193035 -0.510362
vn -0.846488 -0.531263 0.034890
vn 0.760888 -0.616751 -0.201663
vn 0.634752 -0.094377 -0.766931
vn 0.854928 -0.154558 0.495187
vn 0.483757 -0.756652 0.439837
vn 0.781601 0.439514 -0.442636
vn 0.854928 -0.154558 0.495187
vn -0.687840 -0.072507 0.722232
vn -0.412828 -0.708968 0.571785
vn 0.483757 -0.756652 0.439837
vn -0.687840 -0.072507 0.722232
vn -0.834547 -0.016232 -0.550697
vn -0.825774 0.525002 -0.206083
vn -0.412828 -0.708968 0.571785
vn -0.834547 -0.016232 -0.550697
vn 0.634752 -0.094377 -0.766931
vn 0.781601 0.439514 -0.442636
vn -0.825774 0.525002 -0.206083
vn 0.412829 0.708967 -0.571785
vn 0.515342 0.853921 0.072405
vn 0.760888 -0.616751 -0.201663
vn 0.825774 -0.525001 0.206083
vn 0.825774 -0.525001 0.206083
vn 0.760888 -0.616751 -0.201663
vn -0.846488 -0.531263 0.034890
vn -0.781601 -0.439514 0.442636
vn -0.515341 -0.853921 -0.072406
vn -0.412828 -0.708968 0.571785
vn -0.825774 0.525002 -0.206083
vn -0.760888 0.616751 0.201663
vn -0.760888 0.616751 0.201663
vn -0.825774 0.525002 -0.206083
vn 0.781601 0.439514 -0.442636
vn 0.846488 0.531263 -0.034890
vn -0.854928 0.154558 -0.495187
vn 0.687840 0.072507 -0.722232
vn -0.019815 -0.139401 -0.990038
vn -0.280044 -0.125561 -0.951740
vn 0.687840 0.072507 -0.722232
vn 0.678495 -0.404034 -0.613515
vn -0.023023 -0.302974 -0.952721
vn -0.019815 -0.139401 -0.990038
vn 0.678495 -0.404034 -0.613515
vn -0.864273 -0.321983 -0.386470
vn -0.283251 -0.289134 -0.914424
vn -0.023023 -0.302974 -0.952721
vn -0.864273 -0.321983 -0.386470
vn -0.854928 0.154558 -0.495187
vn -0.280044 -0.125561 -0.951740
vn -0.283251 -0.289134 -0.914424
vn -0.678495 0.404034 0.613515
vn -0.687840 -0.072507 0.722232
vn 0.019816 0.139401 0.990038
vn 0.023024 0.302974 0.952721
vn -0.687840 -0.072507 0.722232
vn 0.854928 -0.154558 0.495187
vn 0.280043 0.125561 0.951741
vn 0.019816 0.139401 0.990038
vn 0.854928 -0.154558 0.495187
vn 0.864273 0.321983 0.386470
vn 0.283250 0.289134 0.914424
vn 0.280043 0.125561 0.951741
vn 0.864273 0.321983 0.386470
vn -0.678495 0.404034 0.613515
vn 0.023024 0.302974 0.952721
vn 0.283250 0.289134 0.914424
vn -0.280044 -0.125561 -0.951740
vn -0.019815 -0.139401 -0.990038
vn -0.153415 -0.216928 -0.964057
vn -0.019815 -0.139401 -0.990038
vn -0.023023 -0.302974 -0.952721
vn -0.153415 -0.216928 -0.964057
vn -0.023023 -0.302974 -0.952721
vn -0.283251 -0.289134 -0.914424
vn -0.153415 -0.216928 -0.964057
vn -0.283251 -0.289134 -0.914424
vn -0.280044 -0.125561 -0.951740
vn -0.153415 -0.216928 -0.964057
vn 0.023024 0.302974 0.952721
vn 0.019816 0.139401 0.990038
vn 0.153415 0.216928 0.964057
vn 0.019816 0.139401 0.990038
vn 0.280043 0.125561 0.951741
vn 0.153415 0.216928 0.964057
vn 0.280043 0.125561 0.951741
vn 0.283250 0.289134 0.914424
vn 0.153415 0.216928 0.964057
vn 0.283250 0.289134 0.914424
vn 0.023024 0.302974 0.952721
vn 0.153415 0.216928 0.964057
vn 0.621908 0.201145 -0.756816
vn 0.538083 0.361930 -0.761231
vn -0.404727 -0.507638 -0.760592
vn -0.630665 -0.074269 -0.772493
vn 0.552947 0.410498 0.725080
vn 0.636772 0.249713 0.729497
vn -0.615058 -0.023274 0.788138
vn -0.389120 -0.456642 0.800040
vn 0.552947 0.410498 0.725080
vn 0.538083 0.361930 -0.761231
vn 0.621908 0.201145 -0.756816
vn 0.636772 0.249713 0.729497
vn 0.636772 0.249713 0.729497
vn 0.446051 -0.356094 0.821118
vn -0.673531 0.592911 0.441375
vn -0.615058 -0.023274 0.788138
vn -0.615058 -0.023274 0.788138
vn -0.673531 0.592911 0.441375
vn -0.682601 0.563275 -0.465593
vn -0.630665 -0.074269 -0.772493
vn -0.630665 -0.074269 -0.772493
vn -0.682601 0.563275 -0.465593
vn 0.429791 -0.409225 -0.804869
vn 0.621908 0.201145 -0.756816
vn 0.621908 0.201145 -0.756816
vn 0.429791 -0.409225 -0.804869
vn 0.446051 -0.356094 0.821118
vn 0.636772 0.249713 0.729497
vn 0.538083 0.361930 -0.761231
vn -0.071006 0.551347 -0.831249
vn 0.081005 -0.901388 -0.425369
vn -0.404727 -0.507638 -0.760592
vn -0.404727 -0.507638 -0.760592
vn 0.081005 -0.901388 -0.425369
vn 0.090075 -0.871751 0.481598
vn -0.389120 -0.456642 0.800040
vn -0.389120 -0.456642 0.800040
vn 0.090075 -0.871751 0.481598
vn -0.054746 0.604478 0.794738
vn 0.552947 0.410498 0.725080
vn 0.552947 0.410498 0.725080
vn -0.054746 0.604478 0.794738
vn -0.071006 0.551347 -0.831249
vn 0.538083 0.361930 -0.761231
vn -0.673531 0.592911 0.441375
vn 0.446051 -0.356094 0.821118
vn 0.071006 -0.551347 0.831249
vn -0.081005 0.901387 0.425370
vn -0.682601 0.563275 -0.465593
vn -0.673531 0.592911 0.441375
vn -0.081005 0.901387 0.425370
vn -0.090075 0.871751 -0.481599
vn 0.081005 -0.901388 -0.425369
vn -0.071006 0.551347 -0.831249
vn -0.446051 0.356094 -0.821118
vn 0.673532 -0.592911 -0.441374
vn 0.090075 -0.871751 0.481598
vn 0.081005 -0.901388 -0.425369
vn 0.673532 -0.592911 -0.441374
vn 0.682602 -0.563275 0.465592
vn -0.552946 -0.410497 -0.725081
vn 0.389120 0.456642 -0.800040
vn 0.615058 0.023274 -0.788138
vn -0.636772 -0.249713 -0.729497
vn -0.621908 -0.201145 0.756816
vn 0.630665 0.074269 0.772493
vn 0.404727 0.507638 0.760592
vn -0.538083 -0.361930 0.761232
vn -0.621908 -0.201145 0.756816
vn -0.538083 -0.361930 0.761232
vn -0.552946 -0.410497 -0.725081
vn -0.636772 -0.249713 -0.729497
vn -0.538083 -0.361930 0.761232
vn 0.404727 0.507638 0.760592
vn -0.081005 0.901387 0.425370
vn 0.071006 -0.551347 0.831249
vn 0.404727 0.507638 0.760592
vn 0.389120 0.456642 -0.800040
vn -0.090075 0.871751 -0.481599
vn -0.081005 0.901387 0.425370
vn 0.389120 0.456642 -0.800040
vn -0.552946 -0.410497 -0.725081
vn 0.054746 -0.604478 -0.794738
vn -0.090075 0.871751 -0.481599
vn -0.552946 -0.410497 -0.725081
vn -0.538083 -0.361930 0.761232
vn 0.071006 -0.551347 0.831249
vn 0.054746 -0.604478 -0.794738
vn -0.636772 -0.249713 -0.729497
vn 0.615058 0.023274 -0.788138
vn 0.673532 -0.592911 -0.441374
vn -0.446051 0.356094 -0.821118
vn 0.615058 0.023274 -0.788138
vn 0.630665 0.074269 0.772493
vn 0.682602 -0.563275 0.465592
vn 0.673532 -0.592911 -0.441374
vn 0.630665 0.074269 0.772493
vn -0.621908 -0.201145 0.756816
vn -0.429791 0.409225 0.804869
vn 0.682602 -0.563275 0.465592
vn -0.621908 -0.201145 0.756816
vn -0.636772 -0.249713 -0.729497
vn -0.446051 0.356094 -0.821118
vn -0.429791 0.409225 0.804869
vn -0.682601 0.563275 -0.465593
vn -0.090075 0.871751 -0.481599
vn 0.054746 -0.604478 -0.794738
vn 0.429791 -0.409225 -0.804869
vn 0.429791 -0.409225 -0.804869
vn 0.054746 -0.604478 -0.794738
vn 0.071006 -0.551347 0.831249
vn 0.446051 -0.356094 0.821118
vn 0.090075 -0.871751 0.481598
vn 0.682602 -0.563275 0.465592
vn -0.429791 0.409225 0.804869
vn -0.054746 0.604478 0.794738
vn -0.054746 0.604478 0.794738
vn -0.429791 0.409225 0.804869
vn -0.446051 0.356094 -0.821118
vn -0.071006 0.551347 -0.831249
vn -0.615058 -0.023274 0.788138
vn -0.630665 -0.074269 -0.772493
vn -0.915955 -0.385908 -0.110005
vn -0.913323 -0.377306 0.153237
vn -0.630665 -0.074269 -0.772493
vn -0.404727 -0.507638 -0.760592
vn -0.838402 -0.534662 -0.105919
vn -0.915955 -0.385908 -0.110005
vn -0.404727 -0.507638 -0.760592
vn -0.389120 -0.456642 0.800040
vn -0.835770 -0.526060 0.157322
vn -0.838402 -0.534662 -0.105919
vn -0.389120 -0.456642 0.800040
vn -0.615058 -0.023274 0.788138
vn -0.913323 -0.377306 0.153237
vn -0.835770 -0.526060 0.157322
vn 0.404727 0.507638 0.760592
vn 0.630665 0.074269 0.772493
vn 0.915955 0.385908 0.110004
vn 0.838402 0.534662 0.105918
vn 0.630665 0.074269 0.772493
vn 0.615058 0.023274 -0.788138
vn 0.913323 0.377306 -0.153236
vn 0.915955 0.385908 0.110004
vn 0.615058 0.023274 -0.788138
vn 0.389120 0.456642 -0.800040
vn 0.835770 0.526060 -0.157321
vn 0.913323 0.377306 -0.153236
vn 0.389120 0.456642 -0.800040
vn 0.404727 0.507638 0.760592
vn 0.838402 0.534662 0.105918
vn 0.835770 0.526060 -0.157321
vn -0.913323 -0.377306 0.153237
vn -0.915955 -0.385908 -0.110005
vn -0.886740 -0.461647 0.023953
vn -0.915955 -0.385908 -0.110005
vn -0.838402 -0.534662 -0.105919
vn -0.886740 -0.461647 0.023953
vn -0.838402 -0.534662 -0.105919
vn -0.835770 -0.526060 0.157322
vn -0.886740 -0.461647 0.023953
vn -0.835770 -0.526060 0.157322
vn -0.913323 -0.377306 0.153237
vn -0.886740 -0.461647 0.023953
vn 0.838402 0.534662 0.105918
vn 0.915955 0.385908 0.110004
vn 0.886740 0.461647 -0.023953
vn 0.915955 0.385908 0.110004
vn 0.913323 0.377306 -0.153236
vn 0.886740 0.461647 -0.023953
vn 0.913323 0.377306 -0.153236
vn 0.835770 0.526060 -0.157321
vn 0.886740 0.461647 -0.023953
vn 0.835770 0.526060 -0.157321
vn 0.838402 0.534662 0.105918
vn 0.886740 0.461647 -0.023953
vn 0.734006 0.115052 0.669327
vn 0.670660 0.284272 0.685132
vn 0.812089 0.095761 -0.575623
vn 0.641350 0.551865 -0.533024
vn -0.722815 -0.234100 0.650181
vn -0.659469 -0.403320 0.634376
vn -0.821802 0.007574 -0.569722
vn -0.651063 -0.448531 -0.612321
vn -0.722815 -0.234100 0.650181
vn 0.670660 0.284272 0.685132
vn 0.734006 0.115052 0.669327
vn -0.659469 -0.403320 0.634376
vn -0.659469 -0.403320 0.634376
vn -0.571203 -0.808028 0.144283
vn -0.716505 0.642613 -0.271419
vn -0.821802 0.007574 -0.569722
vn -0.821802 0.007574 -0.569722
vn -0.716505 0.642613 -0.271419
vn 0.133812 0.958931 -0.250091
vn 0.641350 0.551865 -0.533024
vn 0.641350 0.551865 -0.533024
vn 0.133812 0.958931 -0.250091
vn 0.953223 -0.240942 0.182518
vn 0.734006 0.115052 0.669327
vn 0.734006 0.115052 0.669327
vn 0.953223 -0.240942 0.182518
vn -0.571203 -0.808028 0.144283
vn -0.659469 -0.403320 0.634376
vn 0.670660 0.284272 0.685132
vn 0.574775 0.770025 0.276939
vn 0.710861 -0.582573 -0.394062
vn 0.812089 0.095761 -0.575623
vn 0.812089 0.095761 -0.575623
vn 0.710861 -0.582573 -0.394062
vn -0.139455 -0.898890 -0.415390
vn -0.651063 -0.448531 -0.612321
vn -0.651063 -0.448531 -0.612321
vn -0.139455 -0.898890 -0.415390
vn -0.949650 0.202940 0.238704
vn -0.722815 -0.234100 0.650181
vn -0.722815 -0.234100 0.650181
vn -0.949650 0.202940 0.238704
vn 0.574775 0.770025 0.276939
vn 0.670660 0.284272 0.685132
vn -0.716505 0.642613 -0.271419
vn -0.571203 -0.808028 0.144283
vn -0.574775 -0.770025 -0.276939
vn -0.710862 0.582573 0.394062
vn 0.133812 0.958931 -0.250091
vn -0.716505 0.642613 -0.271419
vn -0.710862 0.582573 0.394062
vn 0.139456 0.898890 0.415389
vn 0.710861 -0.582573 -0.394062
vn 0.574775 0.770025 0.276939
vn 0.571203 0.808028 -0.144283
vn 0.716505 -0.642614 0.271419
vn -0.139455 -0.898890 -0.415390
vn 0.710861 -0.582573 -0.394062
vn 0.716505 -0.642614 0.271419
vn -0.133811 -0.958931 0.250092
vn 0.722816 0.234100 -0.650181
vn 0.651063 0.448531 0.612321
vn 0.821802 -0.007574 0.569722
vn 0.659469 0.403320 -0.634376
vn -0.734006 -0.115052 -0.669327
vn -0.641350 -0.551865 0.533024
vn -0.812089 -0.095761 0.575623
vn -0.670660 -0.284272 -0.685131
vn -0.734006 -0.115052 -0.669327
vn -0.670660 -0.284272 -0.685131
vn 0.722816 0.234100 -0.650181
vn 0.659469 0.403320 -0.634376
vn -0.670660 -0.284272 -0.685131
vn -0.812089 -0.095761 0.575623
vn -0.710862 0.582573 0.394062
vn -0.574775 -0.770025 -0.276939
vn -0.812089 -0.095761 0.575623
vn 0.651063 0.448531 0.612321
vn 0.139456 0.898890 0.415389
vn -0.710862 0.582573 0.394062
vn 0.651063 0.448531 0.612321
vn 0.722816 0.234100 -0.650181
vn 0.949650 -0.202940 -0.238704
vn 0.139456 0.898890 0.415389
vn 0.722816 0.234100 -0.650181
vn -0.670660 -0.284272 -0.685131
vn -0.574775 -0.770025 -0.276939
vn 0.949650 -0.202940 -0.238704
vn 0.659469 0.403320 -0.634376
vn 0.821802 -0.007574 0.569722
vn 0.716505 -0.642614 0.271419
vn 0.571203 0.808028 -0.144283
vn 0.821802 -0.007574 0.569722
vn -0.641350 -0.551865 0.533024
vn -0.133811 -0.958931 0.250092
vn 0.716505 -0.642614 0.271419
vn -0.641350 -0.551865 0.533024
vn -0.734006 -0.115052 -0.669327
vn -0.953223 0.240943 -0.182518
vn -0.133811 -0.958931 0.250092
vn -0.734006 -0.115052 -0.669327
vn 0.659469 0.403320 -0.634376
vn 0.571203 0.808028 -0.144283
vn -0.953223 0.240943 -0.182518
vn 0.133812 0.958931 -0.250091
vn 0.139456 0.898890 0.415389
vn 0.949650 -0.202940 -0.238704
vn 0.953223 -0.240942 0.182518
vn 0.953223 -0.240942 0.182518
vn 0.949650 -0.202940 -0.238704
vn -0.574775 -0.770025 -0.276939
vn -0.571203 -0.808028 0.144283
vn -0.139455 -0.898890 -0.415390
vn -0.133811 -0.958931 0.250092
vn -0.953223 0.240943 -0.182518
vn -0.949650 0.202940 0.238704
vn -0.949650 0.202940 0.238704
vn -0.953223 0.240943 -0.182518
vn 0.571203 0.808028 -0.144283
vn 0.574775 0.770025 0.276939
vn -0.821802 0.007574 -0.569722
vn 0.641350 0.551865 -0.533024
vn 0.085754 0.212935 -0.973296
vn -0.161046 0.121125 -0.979486
vn 0.641350 0.551865 -0.533024
vn 0.812089 0.095761 -0.575623
vn 0.144359 0.056377 -0.987918
vn 0.085754 0.212935 -0.973296
vn 0.812089 0.095761 -0.575623
vn -0.651063 -0.448531 -0.612321
vn -0.102439 -0.035432 -0.994108
vn 0.144359 0.056377 -0.987918
vn -0.651063 -0.448531 -0.612321
vn -0.821802 0.007574 -0.569722
vn -0.161046 0.121125 -0.979486
vn -0.102439 -0.035432 -0.994108
vn -0.812089 -0.095761 0.575623
vn -0.641350 -0.551865 0.533024
vn -0.085753 -0.212934 0.973296
vn -0.144358 -0.056376 0.987918
vn -0.641350 -0.551865 0.533024
vn 0.821802 -0.007574 0.569722
vn 0.161045 -0.121126 0.979486
vn -0.085753 -0.212934 0.973296
vn 0.821802 -0.007574 0.569722
vn 0.651063 0.448531 0.612321
vn 0.102438 0.035432 0.994108
vn 0.161045 -0.121126 0.979486
vn 0.651063 0.448531 0.612321
vn -0.812089 -0.095761 0.575623
vn -0.144358 -0.056376 0.987918
vn 0.102438 0.035432 0.994108
vn -0.161046 0.121125 -0.979486
vn 0.085754 0.212935 -0.973296
vn -0.008446 0.089853 -0.995919
vn 0.085754 0.212935 -0.973296
vn 0.144359 0.056377 -0.987918
vn -0.008446 0.089853 -0.995919
vn 0.144359 0.056377 -0.987918
vn -0.102439 -0.035432 -0.994108
vn -0.008446 0.089853 -0.995919
vn -0.102439 -0.035432 -0.994108
vn -0.161046 0.121125 -0.979486
vn -0.008446 0.089853 -0.995919
vn -0.144358 -0.056376 0.987918
vn -0.085753 -0.212934 0.973296
vn 0.008446 -0.089853 0.995919
vn -0.085753 -0.212934 0.973296
vn 0.161045 -0.121126 0.979486
vn 0.008446 -0.089853 0.995919
vn 0.161045 -0.121126 0.979486
vn 0.102438 0.035432 0.994108
vn 0.008446 -0.089853 0.995919
vn 0.102438 0.035432 0.994108
vn -0.144358 -0.056376 0.987918
vn 0.008446 -0.089853 0.995919
vn 0.781166 0.217310 0.585282
vn 0.723392 0.388619 0.570683
vn 0.772574 -0.052181 -0.632777
vn 0.616853 0.409555 -0.672128
vn -0.681916 -0.071923 0.727886
vn -0.624142 -0.243233 0.742485
vn -0.858724 -0.074016 -0.507065
vn -0.703003 -0.535752 -0.467714
vn -0.681916 -0.071923 0.727886
vn 0.723392 0.388619 0.570683
vn 0.781166 0.217310 0.585282
vn -0.624142 -0.243233 0.742485
vn -0.624142 -0.243233 0.742485
vn -0.580265 -0.740430 0.339199
vn -0.716943 0.603092 -0.349676
vn -0.858724 -0.074016 -0.507065
vn -0.858724 -0.074016 -0.507065
vn -0.716943 0.603092 -0.349676
vn 0.140596 0.884121 -0.445604
vn 0.616853 0.409555 -0.672128
vn 0.616853 0.409555 -0.672128
vn 0.140596 0.884121 -0.445604
vn 0.957107 -0.236609 0.167223
vn 0.781166 0.217310 0.585282
vn 0.781166 0.217310 0.585282
vn 0.957107 -0.236609 0.167223
vn -0.580265 -0.740430 0.339199
vn -0.624142 -0.243233 0.742485
vn 0.723392 0.388619 0.570683
vn 0.611948 0.786842 0.080000
vn 0.666886 -0.676417 -0.312607
vn 0.772574 -0.052181 -0.632777
vn 0.772574 -0.052181 -0.632777
vn 0.666886 -0.676417 -0.312607
vn -0.190651 -0.957446 -0.216680
vn -0.703003 -0.535752 -0.467714
vn -0.703003 -0.535752 -0.467714
vn -0.190651 -0.957446 -0.216680
vn -0.925423 0.283020 0.251975
vn -0.681916 -0.071923 0.727886
vn -0.681916 -0.071923 0.727886
vn -0.925423 0.283020 0.251975
vn 0.611948 0.786842 0.080000
vn 0.723392 0.388619 0.570683
vn -0.716943 0.603092 -0.349676
vn -0.580265 -0.740430 0.339199
vn -0.611948 -0.786842 -0.080000
vn -0.666887 0.676416 0.312607
vn 0.140596 0.884121 -0.445604
vn -0.716943 0.603092 -0.349676
vn -0.666887 0.676416 0.312607
vn 0.190652 0.957446 0.216680
vn 0.666886 -0.676417 -0.312607
vn 0.611948 0.786842 0.080000
vn 0.580265 0.740430 -0.339199
vn 0.716942 -0.603092 0.349677
vn -0.190651 -0.957446 -0.216680
vn 0.666886 -0.676417 -0.312607
vn 0.716942 -0.603092 0.349677
vn -0.140595 -0.884121 0.445604
vn 0.681916 0.071923 -0.727885
vn 0.703003 0.535752 0.467714
vn 0.858724 0.074016 0.507065
vn 0.624142 0.243233 -0.742485
vn -0.781166 -0.217310 -0.585282
vn -0.616853 -0.409555 0.672128
vn -0.772574 0.052181 0.632777
vn -0.723392 -0.388619 -0.570683
vn -0.781166 -0.217310 -0.585282
vn -0.723392 -0.388619 -0.570683
vn 0.681916 0.071923 -0.727885
vn 0.624142 0.243233 -0.742485
vn -0.723392 -0.388619 -0.570683
vn -0.772574 0.052181 0.632777
vn -0.666887 0.676416 0.312607
vn -0.611948 -0.786842 -0.080000
vn -0.772574 0.052181 0.632777
vn 0.703003 0.535752 0.467714
vn 0.190652 0.957446 0.216680
vn -0.666887 0.676416 0.312607
vn 0.703003 0.535752 0.467714
vn 0.681916 0.071923 -0.727885
vn 0.925423 -0.283020 -0.251975
vn 0.190652 0.957446 0.216680
vn 0.681916 0.071923 -0.727885
vn -0.723392 -0.388619 -0.570683
vn -0.611948 -0.786842 -0.080000
vn 0.925423 -0.283020 -0.251975
vn 0.624142 0.243233 -0.742485
vn 0.858724 0.074016 0.507065
vn 0.716942 -0.603092 0.349677
vn 0.580265 0.740430 -0.339199
vn 0.858724 0.074016 0.507065
vn -0.616853 -0.409555 0.672128
vn -0.140595 -0.884121 0.445604
vn 0.716942 -0.603092 0.349677
vn -0.616853 -0.409555 0.672128
vn -0.781166 -0.217310 -0.585282
vn -0.957106 0.236609 -0.167223
vn -0.140595 -0.884121 0.445604
vn -0.781166 -0.217310 -0.585282
vn 0.624142 0.243233 -0.742485
vn 0.580265 0.740430 -0.339199
vn -0.957106 0.236609 -0.167223
vn 0.140596 0.884121 -0.445604
vn 0.190652 0.957446 0.216680
vn 0.925423 -0.283020 -0.251975
vn 0.957107 -0.236609 0.167223
vn 0.957107 -0.236609 0.167223
vn 0.925423 -0.283020 -0.251975
vn -0.611948 -0.786842 -0.080000
vn -0.580265 -0.740430 0.339199
vn -0.190651 -0.957446 -0.216680
vn -0.140595 -0.884121 0.445604
vn -0.957106 0.236609 -0.167223
vn -0.925423 0.283020 0.251975
vn -0.925423 0.283020 0.251975
vn -0.957106 0.236609 -0.167223
vn 0.580265 0.740430 -0.339199
vn 0.611948 0.786842 0.080000
vn -0.858724 -0.074016 -0.507065
vn 0.616853 0.409555 -0.672128
vn 0.023731 0.011642 -0.999651
vn -0.225165 -0.069925 -0.971808
vn 0.616853 0.409555 -0.672128
vn 0.772574 -0.052181 -0.632777
vn 0.077181 -0.146849 -0.986143
vn 0.023731 0.011642 -0.999651
vn 0.772574 -0.052181 -0.632777
vn -0.703003 -0.535752 -0.467714
vn -0.171713 -0.228415 -0.958301
vn 0.077181 -0.146849 -0.986143
vn -0.703003 -0.535752 -0.467714
vn -0.858724 -0.074016 -0.507065
vn -0.225165 -0.069925 -0.971808
vn -0.171713 -0.228415 -0.958301
vn -0.772574 0.052181 0.632777
vn -0.616853 -0.409555 0.672128
vn -0.023730 -0.011642 0.999651
vn -0.077180 0.146849 0.986143
vn -0.616853 -0.409555 0.672128
vn 0.858724 0.074016 0.507065
vn 0.225164 0.069924 0.971809
vn -0.023730 -0.011642 0.999651
vn 0.858724 0.074016 0.507065
vn 0.703003 0.535752 0.467714
vn 0.171712 0.228415 0.958301
vn 0.225164 0.069924 0.971809
vn 0.703003 0.535752 0.467714
vn -0.772574 0.052181 0.632777
vn -0.077180 0.146849 0.986143
vn 0.171712 0.228415 0.958301
vn -0.225165 -0.069925 -0.971808
vn 0.023731 0.011642 -0.999651
vn -0.074910 -0.109733 -0.991134
vn 0.023731 0.011642 -0.999651
vn 0.077181 -0.146849 -0.986143
vn -0.074910 -0.109733 -0.991134
vn 0.077181 -0.146849 -0.986143
vn -0.171713 -0.228415 -0.958301
vn -0.074910 -0.109733 -0.991134
vn -0.171713 -0.228415 -0.958301
vn -0.225165 -0.069925 -0.971808
vn -0.074910 -0.109733 -0.991134
vn -0.077180 0.146849 0.986143
vn -0.023730 -0.011642 0.999651
vn 0.074910 0.109733 0.991134
vn -0.023730 -0.011642 0.999651
vn 0.225164 0.069924 0.971809
vn 0.074910 0.109733 0.991134
vn 0.225164 0.069924 0.971809
vn 0.171712 0.228415 0.958301
vn 0.074910 0.109733 0.991134
vn 0.171712 0.228415 0.958301
vn -0.077180 0.146849 0.986143
vn 0.074910 0.109733 0.991134
vn 0.523049 0.200230 -0.828449
vn 0.445353 0.363797 -0.818115
vn -0.520404 -0.473353 -0.710716
vn -0.729823 -0.032483 -0.682864
vn 0.658930 0.372273 0.653624
vn 0.736627 0.208705 0.643291
vn -0.505566 -0.023585 0.862466
vn -0.296147 -0.464454 0.834614
vn 0.658930 0.372273 0.653624
vn 0.445353 0.363797 -0.818115
vn 0.523049 0.200230 -0.828449
vn 0.736627 0.208705 0.643291
vn 0.736627 0.208705 0.643291
vn 0.537576 -0.392584 0.746251
vn -0.586785 0.603224 0.540189
vn -0.505566 -0.023585 0.862466
vn -0.505566 -0.023585 0.862466
vn -0.586785 0.603224 0.540189
vn -0.717113 0.598052 -0.357886
vn -0.729823 -0.032483 -0.682864
vn -0.729823 -0.032483 -0.682864
vn -0.717113 0.598052 -0.357886
vn 0.303927 -0.401856 -0.863794
vn 0.523049 0.200230 -0.828449
vn 0.523049 0.200230 -0.828449
vn 0.303927 -0.401856 -0.863794
vn 0.537576 -0.392584 0.746251
vn 0.736627 0.208705 0.643291
vn 0.445353 0.363797 -0.818115
vn -0.160256 0.575342 -0.802059
vn -0.009335 -0.891960 -0.452017
vn -0.520404 -0.473353 -0.710716
vn -0.520404 -0.473353 -0.710716
vn -0.009335 -0.891960 -0.452017
vn 0.120993 -0.886789 0.446057
vn -0.296147 -0.464454 0.834614
vn -0.296147 -0.464454 0.834614
vn 0.120993 -0.886789 0.446057
vn 0.073392 0.584614 0.807985
vn 0.658930 0.372273 0.653624
vn 0.658930 0.372273 0.653624
vn 0.073392 0.584614 0.807985
vn -0.160256 0.575342 -0.802059
vn 0.445353 0.363797 -0.818115
vn -0.586785 0.603224 0.540189
vn 0.537576 -0.392584 0.746251
vn 0.160256 -0.575342 0.802059
vn 0.009335 0.891960 0.452018
vn -0.717113 0.598052 -0.357886
vn -0.586785 0.603224 0.540189
vn 0.009335 0.891960 0.452018
vn -0.120993 0.886788 -0.446058
vn -0.009335 -0.891960 -0.452017
vn -0.160256 0.575342 -0.802059
vn -0.537576 0.392584 -0.746251
vn 0.586785 -0.603224 -0.540188
vn 0.120993 -0.886789 0.446057
vn -0.009335 -0.891960 -0.452017
vn 0.586785 -0.603224 -0.540188
vn 0.717113 -0.598053 0.357885
vn -0.658930 -0.372272 -0.653624
vn 0.296147 0.464454 -0.834614
vn 0.505566 0.023585 -0.862466
vn -0.736627 -0.208705 -0.643291
vn -0.523049 -0.200230 0.828449
vn 0.729823 0.032483 0.682864
vn 0.520404 0.473353 0.710716
vn -0.445352 -0.363797 0.818115
vn -0.523049 -0.200230 0.828449
vn -0.445352 -0.363797 0.818115
vn -0.658930 -0.372272 -0.653624
vn -0.736627 -0.208705 -0.643291
vn -0.445352 -0.363797 0.818115
vn 0.520404 0.473353 0.710716
vn 0.009335 0.891960 0.452018
vn 0.160256 -0.575342 0.802059
vn 0.520404 0.473353 0.710716
vn 0.296147 0.464454 -0.834614
vn -0.120993 0.886788 -0.446058
vn 0.009335 0.891960 0.452018
vn 0.296147 0.464454 -0.834614
vn -0.658930 -0.372272 -0.653624
vn -0.073392 -0.584614 -0.807985
vn -0.120993 0.886788 -0.446058
vn -0.658930 -0.372272 -0.653624
vn -0.445352 -0.363797 0.818115
vn 0.160256 -0.575342 0.802059
vn -0.073392 -0.584614 -0.807985
vn -0.736627 -0.208705 -0.643291
vn 0.505566 0.023585 -0.862466
vn 0.586785 -0.603224 -0.540188
vn -0.537576 0.392584 -0.746251
vn 0.505566 0.023585 -0.862466
vn 0.729823 0.032483 0.682864
vn 0.717113 -0.598053 0.357885
vn 0.586785 -0.603224 -0.540188
vn 0.729823 0.032483 0.682864
vn -0.523049 -0.200230 0.828449
vn -0.303927 0.401856 0.863794
vn 0.717113 -0.598053 0.357885
vn -0.523049 -0.200230 0.828449
vn -0.736627 -0.208705 -0.643291
vn -0.537576 0.392584 -0.746251
vn -0.303927 0.401856 0.863794
vn -0.717113 0.598052 -0.357886
vn -0.120993 0.886788 -0.446058
vn -0.073392 -0.584614 -0.807985
vn 0.303927 -0.401856 -0.863794
vn 0.303927 -0.401856 -0.863794
vn -0.073392 -0.584614 -0.807985
vn 0.160256 -0.575342 0.802059
vn 0.537576 -0.392584 0.746251
vn 0.120993 -0.886789 0.446057
vn 0.717113 -0.598053 0.357885
vn -0.303927 0.401856 0.863794
vn 0.073392 0.584614 0.807985
vn 0.073392 0.584614 0.807985
vn -0.303927 0.401856 0.863794
vn -0.537576 0.392584 -0.746251
vn -0.160256 0.575342 -0.802059
vn -0.505566 -0.023585 0.862466
vn -0.729823 -0.032483 -0.682864
vn -0.936029 -0.351891 0.004783
vn -0.898202 -0.350390 0.265444
vn -0.729823 -0.032483 -0.682864
vn -0.520404 -0.473353 -0.710716
vn -0.864146 -0.503219 -0.004777
vn -0.936029 -0.351891 0.004783
vn -0.520404 -0.473353 -0.710716
vn -0.296147 -0.464454 0.834614
vn -0.826319 -0.501718 0.255883
vn -0.864146 -0.503219 -0.004777
vn -0.296147 -0.464454 0.834614
vn -0.505566 -0.023585 0.862466
vn -0.898202 -0.350390 0.265444
vn -0.826319 -0.501718 0.255883
vn 0.520404 0.473353 0.710716
vn 0.729823 0.032483 0.682864
vn 0.936029 0.351891 -0.004783
vn 0.864146 0.503219 0.004776
vn 0.729823 0.032483 0.682864
vn 0.505566 0.023585 -0.862466
vn 0.898202 0.350390 -0.265443
vn 0.936029 0.351891 -0.004783
vn 0.505566 0.023585 -0.862466
vn 0.296147 0.464454 -0.834614
vn 0.826319 0.501718 -0.255882
vn 0.898202 0.350390 -0.265443
vn 0.296147 0.464454 -0.834614
vn 0.520404 0.473353 0.710716
vn 0.864146 0.503219 0.004776
vn 0.826319 0.501718 -0.255882
vn -0.898202 -0.350390 0.265444
vn -0.936029 -0.351891 0.004783
vn -0.892118 -0.432105 0.131952
vn -0.936029 -0.351891 0.004783
vn -0.864146 -0.503219 -0.004777
vn -0.892118 -0.432105 0.131952
vn -0.864146 -0.503219 -0.004777
vn -0.826319 -0.501718 0.255883
vn -0.892118 -0.432105 0.131952
vn -0.826319 -0.501718 0.255883
vn -0.898202 -0.350390 0.265444
vn -0.892118 -0.432105 0.131952
vn 0.864146 0.503219 0.004776
vn 0.936029 0.351891 -0.004783
vn 0.892118 0.432105 -0.131952
vn 0.936029 0.351891 -0.004783
vn 0.898202 0.350390 -0.265443
vn 0.892118 0.432105 -0.131952
vn 0.898202 0.350390 -0.265443
vn 0.826319 0.501718 -0.255882
vn 0.892118 0.432105 -0.131952
vn 0.826319 0.501718 -0.255882
vn 0.864146 0.503219 0.004776
vn 0.892118 0.432105 -0.131952
vn 0.807004 0.259276 0.530585
vn 0.735597 0.425962 0.526738
vn 0.721253 0.027012 -0.692144
vn 0.528791 0.476287 -0.702517
vn -0.614256 -0.146554 0.775378
vn -0.542851 -0.313240 0.779226
vn -0.888560 -0.124856 -0.441444
vn -0.696097 -0.574132 -0.431071
vn -0.614256 -0.146554 0.775378
vn 0.735597 0.425962 0.526738
vn 0.807004 0.259276 0.530585
vn -0.542851 -0.313240 0.779226
vn -0.542851 -0.313240 0.779226
vn -0.494289 -0.793082 0.355949
vn -0.785689 0.556107 -0.270992
vn -0.888560 -0.124856 -0.441444
vn -0.888560 -0.124856 -0.441444
vn -0.785689 0.556107 -0.270992
vn 0.038010 0.905465 -0.422716
vn 0.528791 0.476287 -0.702517
vn 0.528791 0.476287 -0.702517
vn 0.038010 0.905465 -0.422716
vn 0.982417 -0.166764 0.083942
vn 0.807004 0.259276 0.530585
vn 0.807004 0.259276 0.530585
vn 0.982417 -0.166764 0.083942
vn -0.494289 -0.793082 0.355949
vn -0.542851 -0.313240 0.779226
vn 0.735597 0.425962 0.526738
vn 0.555818 0.829066 0.060950
vn 0.688479 -0.612959 -0.387658
vn 0.721253 0.027012 -0.692144
vn 0.721253 0.027012 -0.692144
vn 0.688479 -0.612959 -0.387658
vn -0.135219 -0.962315 -0.235934
vn -0.696097 -0.574132 -0.431071
vn -0.696097 -0.574132 -0.431071
vn -0.135219 -0.962315 -0.235934
vn -0.920887 0.202748 0.332956
vn -0.614256 -0.146554 0.775378
vn -0.614256 -0.146554 0.775378
vn -0.920887 0.202748 0.332956
vn 0.555818 0.829066 0.060950
vn 0.735597 0.425962 0.526738
vn -0.785689 0.556107 -0.270992
vn -0.494289 -0.793082 0.355949
vn -0.555818 -0.829066 -0.060950
vn -0.688479 0.612958 0.387658
vn 0.038010 0.905465 -0.422716
vn -0.785689 0.556107 -0.270992
vn -0.688479 0.612958 0.387658
vn 0.135220 0.962315 0.235934
vn 0.688479 -0.612959 -0.387658
vn 0.555818 0.829066 0.060950
vn 0.494289 0.793082 -0.355949
vn 0.785689 -0.556108 0.270992
vn -0.135219 -0.962315 -0.235934
vn 0.688479 -0.612959 -0.387658
vn 0.785689 -0.556108 0.270992
vn -0.038009 -0.905465 0.422716
vn 0.614257 0.146554 -0.775378
vn 0.696097 0.574132 0.431071
vn 0.888560 0.124856 0.441444
vn 0.542851 0.313240 -0.779226
vn -0.807004 -0.259276 -0.530585
vn -0.528791 -0.476287 0.702517
vn -0.721253 -0.027012 0.692144
vn -0.735598 -0.425963 -0.526737
vn -0.807004 -0.259276 -0.530585
vn -0.735598 -0.425963 -0.526737
vn 0.614257 0.146554 -0.775378
vn 0.542851 0.313240 -0.779226
vn -0.735598 -0.425963 -0.526737
vn -0.721253 -0.027012 0.692144
vn -0.688479 0.612958 0.387658
vn -0.555818 -0.829066 -0.060950
vn -0.721253 -0.027012 0.692144
vn 0.696097 0.574132 0.431071
vn 0.135220 0.962315 0.235934
vn -0.688479 0.612958 0.387658
vn 0.696097 0.574132 0.431071
vn 0.614257 0.146554 -0.775378
vn 0.920887 -0.202748 -0.332956
vn 0.135220 0.962315 0.235934
vn 0.614257 0.146554 -0.775378
vn -0.735598 -0.425963 -0.526737
vn -0.555818 -0.829066 -0.060950
vn 0.920887 -0.202748 -0.332956
vn 0.542851 0.313240 -0.779226
vn 0.888560 0.124856 0.441444
vn 0.785689 -0.556108 0.270992
vn 0.494289 0.793082 -0.355949
vn 0.888560 0.124856 0.441444
vn -0.528791 -0.476287 0.702517
vn -0.038009 -0.905465 0.422716
vn 0.785689 -0.556108 0.270992
vn -0.528791 -0.476287 0.702517
vn -0.807004 -0.259276 -0.530585
vn -0.982417 0.166764 -0.083942
vn -0.038009 -0.905465 0.422716
vn -0.807004 -0.259276 -0.530585
vn 0.542851 0.313240 -0.779226
vn 0.494289 0.793082 -0.355949
vn -0.982417 0.166764 -0.083942
vn 0.038010 0.905465 -0.422716
vn 0.135220 0.962315 0.235934
vn 0.920887 -0.202748 -0.332956
vn 0.982417 -0.166764 0.083942
vn 0.982417 -0.166764 0.083942
vn 0.920887 -0.202748 -0.332956
vn -0.555818 -0.829066 -0.060950
vn -0.494289 -0.793082 0.355949
vn -0.135219 -0.962315 -0.235934
vn -0.038009 -0.905465 0.422716
vn -0.982417 0.166764 -0.083942
vn -0.920887 0.202748 0.332956
vn -0.920887 0.202748 0.332956
vn -0.982417 0.166764 -0.083942
vn 0.494289 0.793082 -0.355949
vn 0.555818 0.829066 0.060950
vn -0.888560 -0.124856 -0.441444
vn 0.528791 0.476287 -0.702517
vn -0.057188 0.043771 -0.997403
vn -0.296263 -0.057628 -0.953367
vn 0.528791 0.476287 -0.702517
vn 0.721253 0.027012 -0.692144
vn 0.008874 -0.110443 -0.993843
vn -0.057188 0.043771 -0.997403
vn 0.721253 0.027012 -0.692144
vn -0.696097 -0.574132 -0.431071
vn -0.230199 -0.211841 -0.949806
vn 0.008874 -0.110443 -0.993843
vn -0.696097 -0.574132 -0.431071
vn -0.888560 -0.124856 -0.441444
vn -0.296263 -0.057628 -0.953367
vn -0.230199 -0.211841 -0.949806
vn -0.721253 -0.027012 0.692144
vn -0.528791 -0.476287 0.702517
vn 0.057189 -0.043770 0.997403
vn -0.008873 0.110444 0.993843
vn -0.528791 -0.476287 0.702517
vn 0.888560 0.124856 0.441444
vn 0.296262 0.057628 0.953367
vn 0.057189 -0.043770 0.997403
vn 0.888560 0.124856 0.441444
vn 0.696097 0.574132 0.431071
vn 0.230198 0.211841 0.949806
vn 0.296262 0.057628 0.953367
vn 0.696097 0.574132 0.431071
vn -0.721253 -0.027012 0.692144
vn -0.008873 0.110444 0.993843
vn 0.230198 0.211841 0.949806
vn -0.296263 -0.057628 -0.953367
vn -0.057188 0.043771 -0.997403
vn -0.145479 -0.085079 -0.985696
vn -0.057188 0.043771 -0.997403
vn 0.008874 -0.110443 -0.993843
vn -0.145479 -0.085079 -0.985696
vn 0.008874 -0.110443 -0.993843
vn -0.230199 -0.211841 -0.949806
vn -0.145479 -0.085079 -0.985696
vn -0.230199 -0.211841 -0.949806
vn -0.296263 -0.057628 -0.953367
vn -0.145479 -0.085079 -0.985696
vn -0.008873 0.110444 0.993843
vn 0.057189 -0.043770 0.997403
vn 0.145479 0.085079 0.985696
vn 0.057189 -0.043770 0.997403
vn 0.296262 0.057628 0.953367
vn 0.145479 0.085079 0.985696
vn 0.296262 0.057628 0.953367
vn 0.230198 0.211841 0.949806
vn 0.145479 0.085079 0.985696
vn 0.230198 0.211841 0.949806
vn -0.008873 0.110444 0.993843
vn 0.145479 0.085079 0.985696
vn 0.537652 0.026099 -0.842763
vn 0.494033 0.202131 -0.845621
vn -0.616169 -0.415407 -0.669158
vn -0.733737 0.059057 -0.676862
vn 0.730942 0.284635 0.620247
vn 0.774561 0.108603 0.623106
vn -0.484982 0.145687 0.862304
vn -0.367414 -0.328778 0.870007
vn 0.730942 0.284635 0.620247
vn 0.494033 0.202131 -0.845621
vn 0.537652 0.026099 -0.842763
vn 0.774561 0.108603 0.623106
vn 0.774561 0.108603 0.623106
vn 0.462367 -0.431105 0.774832
vn -0.446293 0.748591 0.490341
vn -0.484982 0.145687 0.862304
vn -0.484982 0.145687 0.862304
vn -0.446293 0.748591 0.490341
vn -0.590858 0.698246 -0.404153
vn -0.733737 0.059057 -0.676862
vn -0.733737 0.059057 -0.676862
vn -0.590858 0.698246 -0.404153
vn 0.203195 -0.521362 -0.828791
vn 0.537652 0.026099 -0.842763
vn 0.537652 0.026099 -0.842763
vn 0.203195 -0.521362 -0.828791
vn 0.462367 -0.431105 0.774832
vn 0.774561 0.108603 0.623106
vn 0.494033 0.202131 -0.845621
vn -0.057398 0.530300 -0.845865
vn -0.193510 -0.905308 -0.378116
vn -0.616169 -0.415407 -0.669158
vn -0.616169 -0.415407 -0.669158
vn -0.193510 -0.905308 -0.378116
vn -0.048945 -0.854963 0.516375
vn -0.367414 -0.328778 0.870007
vn -0.367414 -0.328778 0.870007
vn -0.048945 -0.854963 0.516375
vn 0.201774 0.620557 0.757757
vn 0.730942 0.284635 0.620247
vn 0.730942 0.284635 0.620247
vn 0.201774 0.620557 0.757757
vn -0.057398 0.530300 -0.845865
vn 0.494033 0.202131 -0.845621
vn -0.446293 0.748591 0.490341
vn 0.462367 -0.431105 0.774832
vn 0.057398 -0.530300 0.845865
vn 0.193510 0.905307 0.378117
vn -0.590858 0.698246 -0.404153
vn -0.446293 0.748591 0.490341
vn 0.193510 0.905307 0.378117
vn 0.048945 0.854962 -0.516376
vn -0.193510 -0.905308 -0.378116
vn -0.057398 0.530300 -0.845865
vn -0.462367 0.431105 -0.774832
vn 0.446293 -0.748592 -0.490340
vn -0.048945 -0.854963 0.516375
vn -0.193510 -0.905308 -0.378116
vn 0.446293 -0.748592 -0.490340
vn 0.590858 -0.698247 0.404152
vn -0.730942 -0.284635 -0.620248
vn 0.367414 0.328778 -0.870007
vn 0.484982 -0.145687 -0.862304
vn -0.774561 -0.108603 -0.623106
vn -0.537652 -0.026099 0.842763
vn 0.733737 -0.059057 0.676862
vn 0.616169 0.415407 0.669158
vn -0.494032 -0.202131 0.845621
vn -0.537652 -0.026099 0.842763
vn -0.494032 -0.202131 0.845621
vn -0.730942 -0.284635 -0.620248
vn -0.774561 -0.108603 -0.623106
vn -0.494032 -0.202131 0.845621
vn 0.616169 0.415407 0.669158
vn 0.193510 0.905307 0.378117
vn 0.057398 -0.530300 0.845865
vn 0.616169 0.415407 0.669158
vn 0.367414 0.328778 -0.870007
vn 0.048945 0.854962 -0.516376
vn 0.193510 0.905307 0.378117
vn 0.367414 0.328778 -0.870007
vn -0.730942 -0.284635 -0.620248
vn -0.201774 -0.620557 -0.757757
vn 0.048945 0.854962 -0.516376
vn -0.730942 -0.284635 -0.620248
vn -0.494032 -0.202131 0.845621
vn 0.057398 -0.530300 0.845865
vn -0.201774 -0.620557 -0.757757
vn -0.774561 -0.108603 -0.623106
vn 0.484982 -0.145687 -0.862304
vn 0.446293 -0.748592 -0.490340
vn -0.462367 0.431105 -0.774832
vn 0.484982 -0.145687 -0.862304
vn 0.733737 -0.059057 0.676862
vn 0.590858 -0.698247 0.404152
vn 0.446293 -0.748592 -0.490340
vn 0.733737 -0.059057 0.676862
vn -0.537652 -0.026099 0.842763
vn -0.203195 0.521362 0.828790
vn 0.590858 -0.698247 0.404152
vn -0.537652 -0.026099 0.842763
vn -0.774561 -0.108603 -0.623106
vn -0.462367 0.431105 -0.774832
vn -0.203195 0.521362 0.828790
vn -0.590858 0.698246 -0.404153
vn 0.048945 0.854962 -0.516376
vn -0.201774 -0.620557 -0.757757
vn 0.203195 -0.521362 -0.828791
vn 0.203195 -0.521362 -0.828791
vn -0.201774 -0.620557 -0.757757
vn 0.057398 -0.530300 0.845865
vn 0.462367 -0.431105 0.774832
vn -0.048945 -0.854963 0.516375
vn 0.590858 -0.698247 0.404152
vn -0.203195 0.521362 0.828790
vn 0.201774 0.620557 0.757757
vn 0.201774 0.620557 0.757757
vn -0.203195 0.521362 0.828790
vn -0.462367 0.431105 -0.774832
vn -0.057398 0.530300 -0.845865
vn -0.484982 0.145687 0.862304
vn -0.733737 0.059057 -0.676862
vn -0.986902 -0.157531 0.034754
vn -0.944943 -0.142918 0.294375
vn -0.733737 0.059057 -0.676862
vn -0.616169 -0.415407 -0.669158
vn -0.946547 -0.320391 0.037399
vn -0.986902 -0.157531 0.034754
vn -0.616169 -0.415407 -0.669158
vn -0.367414 -0.328778 0.870007
vn -0.904588 -0.305778 0.297019
vn -0.946547 -0.320391 0.037399
vn -0.367414 -0.328778 0.870007
vn -0.484982 0.145687 0.862304
vn -0.944943 -0.142918 0.294375
vn -0.904588 -0.305778 0.297019
vn 0.616169 0.415407 0.669158
vn 0.733737 -0.059057 0.676862
vn 0.986902 0.157531 -0.034755
vn 0.946547 0.320391 -0.037400
vn 0.733737 -0.059057 0.676862
vn 0.484982 -0.145687 -0.862304
vn 0.944943 0.142919 -0.294374
vn 0.986902 0.157531 -0.034755
vn 0.484982 -0.145687 -0.862304
vn 0.367414 0.328778 -0.870007
vn 0.904588 0.305778 -0.297018
vn 0.944943 0.142919 -0.294374
vn 0.367414 0.328778 -0.870007
vn 0.616169 0.415407 0.669158
vn 0.946547 0.320391 -0.037400
vn 0.904588 0.305778 -0.297018
vn -0.944943 -0.142918 0.294375
vn -0.986902 -0.157531 0.034754
vn -0.957491 -0.234532 0.167947
vn -0.986902 -0.157531 0.034754
vn -0.946547 -0.320391 0.037399
vn -0.957491 -0.234532 0.167947
vn -0.946547 -0.320391 0.037399
vn -0.904588 -0.305778 0.297019
vn -0.957491 -0.234532 0.167947
vn -0.904588 -0.305778 0.297019
vn -0.944943 -0.142918 0.294375
vn -0.957491 -0.234532 0.167947
vn 0.946547 0.320391 -0.037400
vn 0.986902 0.157531 -0.034755
vn 0.957491 0.234532 -0.167947
vn 0.986902 0.157531 -0.034755
vn 0.944943 0.142919 -0.294374
vn 0.957491 0.234532 -0.167947
vn 0.944943 0.142919 -0.294374
vn 0.904588 0.305778 -0.297018
vn 0.957491 0.234532 -0.167947
vn 0.904588 0.305778 -0.297018
vn 0.946547 0.320391 -0.037400
vn 0.957491 0.234532 -0.167947
vn -0.581143 0.189703 0.791382
vn -0.500161 0.351999 0.791161
vn 0.456833 -0.500128 0.735646
vn 0.675107 -0.062688 0.735051
vn -0.600973 0.400286 -0.691811
vn -0.681955 0.237990 -0.691591
vn 0.569254 -0.011988 -0.822074
vn 0.350980 -0.449428 -0.821479
vn -0.600973 0.400286 -0.691811
vn -0.500161 0.351999 0.791161
vn -0.581143 0.189703 0.791382
vn -0.681955 0.237990 -0.691591
vn -0.681955 0.237990 -0.691591
vn -0.485730 -0.364216 -0.794615
vn 0.636189 0.605166 -0.478579
vn 0.569254 -0.011988 -0.822074
vn 0.569254 -0.011988 -0.822074
vn 0.636189 0.605166 -0.478579
vn 0.697705 0.575701 0.426351
vn 0.675107 -0.062688 0.735051
vn 0.675107 -0.062688 0.735051
vn 0.697705 0.575701 0.426351
vn -0.375444 -0.417040 0.827719
vn -0.581143 0.189703 0.791382
vn -0.581143 0.189703 0.791382
vn -0.375444 -0.417040 0.827719
vn -0.485730 -0.364216 -0.794615
vn -0.681955 0.237990 -0.691591
vn -0.500161 0.351999 0.791161
vn 0.108367 0.552557 0.826400
vn -0.040000 -0.902722 0.428361
vn 0.456833 -0.500128 0.735646
vn 0.456833 -0.500128 0.735646
vn -0.040000 -0.902722 0.428361
vn -0.101517 -0.873257 -0.476568
vn 0.350980 -0.449428 -0.821479
vn 0.350980 -0.449428 -0.821479
vn -0.101517 -0.873257 -0.476568
vn -0.001919 0.605381 -0.795934
vn -0.600973 0.400286 -0.691811
vn -0.600973 0.400286 -0.691811
vn -0.001919 0.605381 -0.795934
vn 0.108367 0.552557 0.826400
vn -0.500161 0.351999 0.791161
vn 0.636189 0.605166 -0.478579
vn -0.485730 -0.364216 -0.794615
vn -0.108367 -0.552557 -0.826400
vn 0.040000 0.902722 -0.428362
vn 0.697705 0.575701 0.426351
vn 0.636189 0.605166 -0.478579
vn 0.040000 0.902722 -0.428362
vn 0.101517 0.873256 0.476569
vn -0.040000 -0.902722 0.428361
vn 0.108367 0.552557 0.826400
vn 0.485730 0.364216 0.794615
vn -0.636189 -0.605166 0.478578
vn -0.101517 -0.873257 -0.476568
vn -0.040000 -0.902722 0.428361
vn -0.636189 -0.605166 0.478578
vn -0.697706 -0.575702 -0.426351
vn 0.600972 -0.400285 0.691812
vn -0.350980 0.449428 0.821479
vn -0.569254 0.011988 0.822074
vn 0.681955 -0.237990 0.691591
vn 0.581143 -0.189703 -0.791382
vn -0.675107 0.062688 -0.735051
vn -0.456833 0.500128 -0.735646
vn 0.500160 -0.351999 -0.791161
vn 0.581143 -0.189703 -0.791382
vn 0.500160 -0.351999 -0.791161
vn 0.600972 -0.400285 0.691812
vn 0.681955 -0.237990 0.691591
vn 0.500160 -0.351999 -0.791161
vn -0.456833 0.500128 -0.735646
vn 0.040000 0.902722 -0.428362
vn -0.108367 -0.552557 -0.826400
vn -0.456833 0.500128 -0.735646
vn -0.350980 0.449428 0.821479
vn 0.101517 0.873256 0.476569
vn 0.040000 0.902722 -0.428362
vn -0.350980 0.449428 0.821479
vn 0.600972 -0.400285 0.691812
vn 0.001919 -0.605381 0.795934
vn 0.101517 0.873256 0.476569
vn 0.600972 -0.400285 0.691812
vn 0.500160 -0.351999 -0.791161
vn -0.108367 -0.552557 -0.826400
vn 0.001919 -0.605381 0.795934
vn 0.681955 -0.237990 0.691591
vn -0.569254 0.011988 0.822074
vn -0.636189 -0.605166 0.478578
vn 0.485730 0.364216 0.794615
vn -0.569254 0.011988 0.822074
vn -0.675107 0.062688 -0.735051
vn -0.697706 -0.575702 -0.426351
vn -0.636189 -0.605166 0.478578
vn -0.675107 0.062688 -0.735051
vn 0.581143 -0.189703 -0.791382
vn 0.375444 0.417041 -0.827719
vn -0.697706 -0.575702 -0.426351
vn 0.581143 -0.189703 -0.791382
vn 0.681955 -0.237990 0.691591
vn 0.485730 0.364216 0.794615
vn 0.375444 0.417041 -0.827719
vn 0.697705 0.575701 0.426351
vn 0.101517 0.873256 0.476569
vn 0.001919 -0.605381 0.795934
vn -0.375444 -0.417040 0.827719
vn -0.375444 -0.417040 0.827719
vn 0.001919 -0.605381 0.795934
vn -0.108367 -0.552557 -0.826400
vn -0.485730 -0.364216 -0.794615
vn -0.101517 -0.873257 -0.476568
vn -0.697706 -0.575702 -0.426351
vn 0.375444 0.417041 -0.827719
vn -0.001919 0.605381 -0.795934
vn -0.001919 0.605381 -0.795934
vn 0.375444 0.417041 -0.827719
vn 0.485730 0.364216 0.794615
vn 0.108367 0.552557 0.826400
vn 0.569254 -0.011988 -0.822074
vn 0.675107 -0.062688 0.735051
vn 0.927664 -0.369041 0.056993
vn 0.909809 -0.360489 -0.205658
vn 0.675107 -0.062688 0.735051
vn 0.456833 -0.500128 0.735646
vn 0.852741 -0.519192 0.057196
vn 0.927664 -0.369041 0.056993
vn 0.456833 -0.500128 0.735646
vn 0.350980 -0.449428 -0.821479
vn 0.834887 -0.510641 -0.205453
vn 0.852741 -0.519192 0.057196
vn 0.350980 -0.449428 -0.821479
vn 0.569254 -0.011988 -0.822074
vn 0.909809 -0.360489 -0.205658
vn 0.834887 -0.510641 -0.205453
vn -0.456833 0.500128 -0.735646
vn -0.675107 0.062688 -0.735051
vn -0.927664 0.369041 -0.056992
vn -0.852741 0.519192 -0.057195
vn -0.675107 0.062688 -0.735051
vn -0.569254 0.011988 0.822074
vn -0.909809 0.360489 0.205657
vn -0.927664 0.369041 -0.056992
vn -0.569254 0.011988 0.822074
vn -0.350980 0.449428 0.821479
vn -0.834887 0.510641 0.205452
vn -0.909809 0.360489 0.205657
vn -0.350980 0.449428 0.821479
vn -0.456833 0.500128 -0.735646
vn -0.852741 0.519192 -0.057195
vn -0.834887 0.510641 0.205452
vn 0.909809 -0.360489 -0.205658
vn 0.927664 -0.369041 0.056993
vn 0.892220 -0.445303 -0.075152
vn 0.927664 -0.369041 0.056993
vn 0.852741 -0.519192 0.057196
vn 0.892220 -0.445303 -0.075152
vn 0.852741 -0.519192 0.057196
vn 0.834887 -0.510641 -0.205453
vn 0.892220 -0.445303 -0.075152
vn 0.834887 -0.510641 -0.205453
vn 0.909809 -0.360489 -0.205658
vn 0.892220 -0.445303 -0.075152
vn -0.852741 0.519192 -0.057195
vn -0.927664 0.369041 -0.056992
vn -0.892220 0.445303 0.075152
vn -0.927664 0.369041 -0.056992
vn -0.909809 0.360489 0.205657
vn -0.892220 0.445303 0.075152
vn -0.909809 0.360489 0.205657
vn -0.834887 0.510641 0.205452
vn -0.892220 0.445303 0.075152
vn -0.834887 0.510641 0.205452
vn -0.852741 0.519192 -0.057195
vn -0.892220 0.445303 0.075152
vn -0.773103 0.101568 -0.626096
vn -0.713874 0.271922 -0.645323
vn -0.779422 0.080848 0.621261
vn -0.619783 0.540008 0.569438
vn 0.688575 -0.220801 -0.690732
vn 0.629348 -0.391155 -0.671505
vn 0.852792 0.022647 0.521759
vn 0.693154 -0.436512 0.573581
vn 0.688575 -0.220801 -0.690732
vn -0.713874 0.271922 -0.645323
vn -0.773103 0.101568 -0.626096
vn 0.629348 -0.391155 -0.671505
vn 0.629348 -0.391155 -0.671505
vn 0.576708 -0.797414 -0.177589
vn 0.718979 0.655648 0.230638
vn 0.852792 0.022647 0.521759
vn 0.852792 0.022647 0.521759
vn 0.718979 0.655648 0.230638
vn -0.136815 0.956315 0.258347
vn -0.619783 0.540008 0.569438
vn -0.619783 0.540008 0.569438
vn -0.136815 0.956315 0.258347
vn -0.957536 -0.258387 -0.127912
vn -0.773103 0.101568 -0.626096
vn -0.773103 0.101568 -0.626096
vn -0.957536 -0.258387 -0.127912
vn 0.576708 -0.797414 -0.177589
vn 0.629348 -0.391155 -0.671505
vn -0.713874 0.271922 -0.645323
vn -0.603692 0.759352 -0.242778
vn -0.676348 -0.595515 0.433492
vn -0.779422 0.080848 0.621261
vn -0.779422 0.080848 0.621261
vn -0.676348 -0.595515 0.433492
vn 0.179444 -0.896181 0.405782
vn 0.693154 -0.436512 0.573581
vn 0.693154 -0.436512 0.573581
vn 0.179444 -0.896181 0.405782
vn 0.930552 0.220325 -0.292454
vn 0.688575 -0.220801 -0.690732
vn 0.688575 -0.220801 -0.690732
vn 0.930552 0.220325 -0.292454
vn -0.603692 0.759352 -0.242778
vn -0.713874 0.271922 -0.645323
vn 0.718979 0.655648 0.230638
vn 0.576708 -0.797414 -0.177589
vn 0.603692 -0.759352 0.242778
vn 0.676349 0.595514 -0.433492
vn -0.136815 0.956315 0.258347
vn 0.718979 0.655648 0.230638
vn 0.676349 0.595514 -0.433492
vn -0.179445 0.896181 -0.405782
vn -0.676348 -0.595515 0.433492
vn -0.603692 0.759352 -0.242778
vn -0.576708 0.797414 0.177589
vn -0.718979 -0.655649 -0.230638
vn 0.179444 -0.896181 0.405782
vn -0.676348 -0.595515 0.433492
vn -0.718979 -0.655649 -0.230638
vn 0.136814 -0.956315 -0.258347
vn -0.688576 0.220802 0.690732
vn -0.693154 0.436512 -0.573581
vn -0.852792 -0.022647 -0.521759
vn -0.629348 0.391155 0.671505
vn 0.773103 -0.101568 0.626096
vn 0.619783 -0.540008 -0.569438
vn 0.779422 -0.080848 -0.621261
vn 0.713875 -0.271922 0.645323
vn 0.773103 -0.101568 0.626096
vn 0.713875 -0.271922 0.645323
vn -0.688576 0.220802 0.690732
vn -0.629348 0.391155 0.671505
vn 0.713875 -0.271922 0.645323
vn 0.779422 -0.080848 -0.621261
vn 0.676349 0.595514 -0.433492
vn 0.603692 -0.759352 0.242778
vn 0.779422 -0.080848 -0.621261
vn -0.693154 0.436512 -0.573581
vn -0.179445 0.896181 -0.405782
vn 0.676349 0.595514 -0.433492
vn -0.693154 0.436512 -0.573581
vn -0.688576 0.220802 0.690732
vn -0.930552 -0.220325 0.292454
vn -0.179445 0.896181 -0.405782
vn -0.688576 0.220802 0.690732
vn 0.713875 -0.271922 0.645323
vn 0.603692 -0.759352 0.242778
vn -0.930552 -0.220325 0.292454
vn -0.629348 0.391155 0.671505
vn -0.852792 -0.022647 -0.521759
vn -0.718979 -0.655649 -0.230638
vn -0.576708 0.797414 0.177589
vn -0.852792 -0.022647 -0.521759
vn 0.619783 -0.540008 -0.569438
vn 0.136814 -0.956315 -0.258347
vn -0.718979 -0.655649 -0.230638
vn 0.619783 -0.540008 -0.569438
vn 0.773103 -0.101568 0.626096
vn 0.957536 0.258388 0.127913
vn 0.136814 -0.956315 -0.258347
vn 0.773103 -0.101568 0.626096
vn -0.629348 0.391155 0.671505
vn -0.576708 0.797414 0.177589
vn 0.957536 0.258388 0.127913
vn -0.136815 0.956315 0.258347
vn -0.179445 0.896181 -0.405782
vn -0.930552 -0.220325 0.292454
vn -0.957536 -0.258387 -0.127912
vn -0.957536 -0.258387 -0.127912
vn -0.930552 -0.220325 0.292454
vn 0.603692 -0.759352 0.242778
vn 0.576708 -0.797414 -0.177589
vn 0.179444 -0.896181 0.405782
vn 0.136814 -0.956315 -0.258347
vn 0.957536 0.258388 0.127913
vn 0.930552 0.220325 -0.292454
vn 0.930552 0.220325 -0.292454
vn 0.957536 0.258388 0.127913
vn -0.576708 0.797414 0.177589
vn -0.603692 0.759352 -0.242778
vn 0.852792 0.022647 0.521759
vn -0.619783 0.540008 0.569438
vn -0.033781 0.211326 0.976832
vn 0.214608 0.124059 0.968789
vn -0.619783 0.540008 0.569438
vn -0.779422 0.080848 0.621261
vn -0.088576 0.053719 0.994620
vn -0.033781 0.211326 0.976832
vn -0.779422 0.080848 0.621261
vn 0.693154 -0.436512 0.573581
vn 0.159811 -0.033547 0.986577
vn -0.088576 0.053719 0.994620
vn 0.693154 -0.436512 0.573581
vn 0.852792 0.022647 0.521759
vn 0.214608 0.124059 0.968789
vn 0.159811 -0.033547 0.986577
vn 0.779422 -0.080848 -0.621261
vn 0.619783 -0.540008 -0.569438
vn 0.033780 -0.211326 -0.976832
vn 0.088575 -0.053719 -0.994620
vn 0.619783 -0.540008 -0.569438
vn -0.852792 -0.022647 -0.521759
vn -0.214607 -0.124059 -0.968790
vn 0.033780 -0.211326 -0.976832
vn -0.852792 -0.022647 -0.521759
vn -0.693154 0.436512 -0.573581
vn -0.159810 0.033547 -0.986578
vn -0.214607 -0.124059 -0.968790
vn -0.693154 0.436512 -0.573581
vn 0.779422 -0.080848 -0.621261
vn 0.088575 -0.053719 -0.994620
vn -0.159810 0.033547 -0.986578
vn 0.214608 0.124059 0.968789
vn -0.033781 0.211326 0.976832
vn 0.063798 0.089993 0.993897
vn -0.033781 0.211326 0.976832
vn -0.088576 0.053719 0.994620
vn 0.063798 0.089993 0.993897
vn -0.088576 0.053719 0.994620
vn 0.159811 -0.033547 0.986577
vn 0.063798 0.089993 0.993897
vn 0.159811 -0.033547 0.986577
vn 0.214608 0.124059 0.968789
vn 0.063798 0.089993 0.993897
vn 0.088575 -0.053719 -0.994620
vn 0.033780 -0.211326 -0.976832
vn -0.063798 -0.089993 -0.993897
vn 0.033780 -0.211326 -0.976832
vn -0.214607 -0.124059 -0.968790
vn -0.063798 -0.089993 -0.993897
vn -0.214607 -0.124059 -0.968790
vn -0.159810 0.033547 -0.986578
vn -0.063798 -0.089993 -0.993897
vn -0.159810 0.033547 -0.986578
vn 0.088575 -0.053719 -0.994620
vn -0.063798 -0.089993 -0.993897
vn -0.817239 0.202944 -0.539383
vn -0.761871 0.375284 -0.527935
vn -0.733997 -0.066344 0.675904
vn -0.584762 0.398171 0.706763
vn 0.640332 -0.059402 -0.765798
vn 0.584964 -0.231743 -0.777247
vn 0.887554 -0.058251 0.457006
vn 0.738319 -0.522766 0.426147
vn 0.640332 -0.059402 -0.765798
vn -0.761871 0.375284 -0.527935
vn -0.817239 0.202944 -0.539383
vn 0.584964 -0.231743 -0.777247
vn 0.584964 -0.231743 -0.777247
vn 0.573358 -0.729662 -0.372632
vn 0.724619 0.616142 0.308701
vn 0.887554 -0.058251 0.457006
vn 0.887554 -0.058251 0.457006
vn 0.724619 0.616142 0.308701
vn -0.131024 0.881393 0.453849
vn -0.584762 0.398171 0.706763
vn -0.584762 0.398171 0.706763
vn -0.131024 0.881393 0.453849
vn -0.960616 -0.254125 -0.112415
vn -0.817239 0.202944 -0.539383
vn -0.817239 0.202944 -0.539383
vn -0.960616 -0.254125 -0.112415
vn 0.573358 -0.729662 -0.372632
vn 0.584964 -0.231743 -0.777247
vn -0.761871 0.375284 -0.527935
vn -0.629831 0.775484 -0.044016
vn -0.635397 -0.688536 0.349555
vn -0.733997 -0.066344 0.675904
vn -0.733997 -0.066344 0.675904
vn -0.635397 -0.688536 0.349555
vn 0.220244 -0.953787 0.204407
vn 0.738319 -0.522766 0.426147
vn 0.738319 -0.522766 0.426147
vn 0.220244 -0.953787 0.204407
vn 0.904142 0.299948 -0.304233
vn 0.640332 -0.059402 -0.765798
vn 0.640332 -0.059402 -0.765798
vn 0.904142 0.299948 -0.304233
vn -0.629831 0.775484 -0.044016
vn -0.761871 0.375284 -0.527935
vn 0.724619 0.616142 0.308701
vn 0.573358 -0.729662 -0.372632
vn 0.629831 -0.775484 0.044016
vn 0.635398 0.688535 -0.349555
vn -0.131024 0.881393 0.453849
vn 0.724619 0.616142 0.308701
vn 0.635398 0.688535 -0.349555
vn -0.220245 0.953787 -0.204407
vn -0.635397 -0.688536 0.349555
vn -0.629831 0.775484 -0.044016
vn -0.573358 0.729662 0.372632
vn -0.724619 -0.616142 -0.308701
vn 0.220244 -0.953787 0.204407
vn -0.635397 -0.688536 0.349555
vn -0.724619 -0.616142 -0.308701
vn 0.131023 -0.881394 -0.453849
vn -0.640332 0.059402 0.765798
vn -0.738319 0.522766 -0.426147
vn -0.887554 0.058251 -0.457006
vn -0.584964 0.231743 0.777247
vn 0.817239 -0.202944 0.539383
vn 0.584762 -0.398171 -0.706763
vn 0.733997 0.066344 -0.675904
vn 0.761871 -0.375284 0.527934
vn 0.817239 -0.202944 0.539383
vn 0.761871 -0.375284 0.527934
vn -0.640332 0.059402 0.765798
vn -0.584964 0.231743 0.777247
vn 0.761871 -0.375284 0.527934
vn 0.733997 0.066344 -0.675904
vn 0.635398 0.688535 -0.349555
vn 0.629831 -0.775484 0.044016
vn 0.733997 0.066344 -0.675904
vn -0.738319 0.522766 -0.426147
vn -0.220245 0.953787 -0.204407
vn 0.635398 0.688535 -0.349555
vn -0.738319 0.522766 -0.426147
vn -0.640332 0.059402 0.765798
vn -0.904142 -0.299948 0.304233
vn -0.220245 0.953787 -0.204407
vn -0.640332 0.059402 0.765798
vn 0.761871 -0.375284 0.527934
vn 0.629831 -0.775484 0.044016
vn -0.904142 -0.299948 0.304233
vn -0.584964 0.231743 0.777247
vn -0.887554 0.058251 -0.457006
vn -0.724619 -0.616142 -0.308701
vn -0.573358 0.729662 0.372632
vn -0.887554 0.058251 -0.457006
vn 0.584762 -0.398171 -0.706763
vn 0.131023 -0.881394 -0.453849
vn -0.724619 -0.616142 -0.308701
vn 0.584762 -0.398171 -0.706763
vn 0.817239 -0.202944 0.539383
vn 0.960616 0.254126 0.112416
vn 0.131023 -0.881394 -0.453849
vn 0.817239 -0.202944 0.539383
vn -0.584964 0.231743 0.777247
vn -0.573358 0.729662 0.372632
vn 0.960616 0.254126 0.112416
vn -0.131024 0.881393 0.453849
vn -0.220245 0.953787 -0.204407
vn -0.904142 -0.299948 0.304233
vn -0.960616 -0.254125 -0.112415
vn -0.960616 -0.254125 -0.112415
vn -0.904142 -0.299948 0.304233
vn 0.629831 -0.775484 0.044016
vn 0.573358 -0.729662 -0.372632
vn 0.220244 -0.953787 0.204407
vn 0.131023 -0.881394 -0.453849
vn 0.960616 0.254126 0.112416
vn 0.904142 0.299948 -0.304233
vn 0.904142 0.299948 -0.304233
vn 0.960616 0.254126 0.112416
vn -0.573358 0.729662 0.372632
vn -0.629831 0.775484 -0.044016
vn 0.887554 -0.058251 0.457006
vn -0.584762 0.398171 0.706763
vn 0.033325 0.011205 0.999382
vn 0.281671 -0.065783 0.957254
vn -0.584762 0.398171 0.706763
vn -0.733997 -0.066344 0.675904
vn -0.017899 -0.148240 0.988789
vn 0.033325 0.011205 0.999382
vn -0.733997 -0.066344 0.675904
vn 0.738319 -0.522766 0.426147
vn 0.230445 -0.225227 0.946661
vn -0.017899 -0.148240 0.988789
vn 0.738319 -0.522766 0.426147
vn 0.887554 -0.058251 0.457006
vn 0.281671 -0.065783 0.957254
vn 0.230445 -0.225227 0.946661
vn 0.733997 0.066344 -0.675904
vn 0.584762 -0.398171 -0.706763
vn -0.033326 -0.011205 -0.999382
vn 0.017898 0.148240 -0.988789
vn 0.584762 -0.398171 -0.706763
vn -0.887554 0.058251 -0.457006
vn -0.281670 0.065782 -0.957254
vn -0.033326 -0.011205 -0.999382
vn -0.887554 0.058251 -0.457006
vn -0.738319 0.522766 -0.426147
vn -0.230444 0.225227 -0.946662
vn -0.281670 0.065782 -0.957254
vn -0.738319 0.522766 -0.426147
vn 0.733997 0.066344 -0.675904
vn 0.017898 0.148240 -0.988789
vn -0.230444 0.225227 -0.946662
vn 0.281671 -0.065783 0.957254
vn 0.033325 0.011205 0.999382
vn 0.133523 -0.108340 0.985106
vn 0.033325 0.011205 0.999382
vn -0.017899 -0.148240 0.988789
vn 0.133523 -0.108340 0.985106
vn -0.017899 -0.148240 0.988789
vn 0.230445 -0.225227 0.946661
vn 0.133523 -0.108340 0.985106
vn 0.230445 -0.225227 0.946661
vn 0.281671 -0.065783 0.957254
vn 0.133523 -0.108340 0.985106
vn 0.017898 0.148240 -0.988789
vn -0.033326 -0.011205 -0.999382
vn -0.133523 0.108340 -0.985106
vn -0.033326 -0.011205 -0.999382
vn -0.281670 0.065782 -0.957254
vn -0.133523 0.108340 -0.985106
vn -0.281670 0.065782 -0.957254
vn -0.230444 0.225227 -0.946662
vn -0.133523 0.108340 -0.985106
vn -0.230444 0.225227 -0.946662
vn 0.017898 0.148240 -0.988789
vn -0.133523 0.108340 -0.985106
vn -0.478345 0.190601 0.857238
vn -0.404376 0.355567 0.842646
vn 0.568817 -0.463727 0.679267
vn 0.768190 -0.019090 0.639938
vn -0.701974 0.360123 -0.614446
vn -0.775943 0.195157 -0.599855
vn 0.455711 -0.014307 -0.890013
vn 0.256338 -0.458943 -0.850683
vn -0.701974 0.360123 -0.614446
vn -0.404376 0.355567 0.842646
vn -0.478345 0.190601 0.857238
vn -0.775943 0.195157 -0.599855
vn -0.775943 0.195157 -0.599855
vn -0.572134 -0.402379 -0.714670
vn 0.543753 0.613886 -0.572255
vn 0.455711 -0.014307 -0.890013
vn 0.455711 -0.014307 -0.890013
vn 0.543753 0.613886 -0.572255
vn 0.725352 0.611106 0.316882
vn 0.768190 -0.019090 0.639938
vn 0.768190 -0.019090 0.639938
vn 0.725352 0.611106 0.316882
vn -0.246569 -0.407363 0.879352
vn -0.478345 0.190601 0.857238
vn -0.478345 0.190601 0.857238
vn -0.246569 -0.407363 0.879352
vn -0.572134 -0.402379 -0.714670
vn -0.775943 0.195157 -0.599855
vn -0.404376 0.355567 0.842646
vn 0.195345 0.578185 0.792176
vn 0.051529 -0.891639 0.449805
vn 0.568817 -0.463727 0.679267
vn 0.568817 -0.463727 0.679267
vn 0.051529 -0.891639 0.449805
vn -0.130069 -0.888859 -0.439331
vn 0.256338 -0.458943 -0.850683
vn 0.256338 -0.458943 -0.850683
vn -0.130069 -0.888859 -0.439331
vn -0.130220 0.583169 -0.801846
vn -0.701974 0.360123 -0.614446
vn -0.701974 0.360123 -0.614446
vn -0.130220 0.583169 -0.801846
vn 0.195345 0.578185 0.792176
vn -0.404376 0.355567 0.842646
vn 0.543753 0.613886 -0.572255
vn -0.572134 -0.402379 -0.714670
vn -0.195345 -0.578185 -0.792176
vn -0.051529 0.891639 -0.449806
vn 0.725352 0.611106 0.316882
vn 0.543753 0.613886 -0.572255
vn -0.051529 0.891639 -0.449806
vn 0.130069 0.888858 0.439332
vn 0.051529 -0.891639 0.449805
vn 0.195345 0.578185 0.792176
vn 0.572134 0.402379 0.714670
vn -0.543753 -0.613887 0.572255
vn -0.130069 -0.888859 -0.439331
vn 0.051529 -0.891639 0.449805
vn -0.543753 -0.613887 0.572255
vn -0.725352 -0.611106 -0.316881
vn 0.701974 -0.360123 0.614446
vn -0.256338 0.458943 0.850683
vn -0.455711 0.014307 0.890013
vn 0.775943 -0.195157 0.599855
vn 0.478345 -0.190601 -0.857238
vn -0.768190 0.019090 -0.639938
vn -0.568817 0.463727 -0.679267
vn 0.404375 -0.355567 -0.842646
vn 0.478345 -0.190601 -0.857238
vn 0.404375 -0.355567 -0.842646
vn 0.701974 -0.360123 0.614446
vn 0.775943 -0.195157 0.599855
vn 0.404375 -0.355567 -0.842646
vn -0.568817 0.463727 -0.679267
vn -0.051529 0.891639 -0.449806
vn -0.195345 -0.578185 -0.792176
vn -0.568817 0.463727 -0.679267
vn -0.256338 0.458943 0.850683
vn 0.130069 0.888858 0.439332
vn -0.051529 0.891639 -0.449806
vn -0.256338 0.458943 0.850683
vn 0.701974 -0.360123 0.614446
vn 0.130220 -0.583169 0.801846
vn 0.130069 0.888858 0.439332
vn 0.701974 -0.360123 0.614446
vn 0.404375 -0.355567 -0.842646
vn -0.195345 -0.578185 -0.792176
vn 0.130220 -0.583169 0.801846
vn 0.775943 -0.195157 0.599855
vn -0.455711 0.014307 0.890013
vn -0.543753 -0.613887 0.572255
vn 0.572134 0.402379 0.714670
vn -0.455711 0.014307 0.890013
vn -0.768190 0.019090 -0.639938
vn -0.725352 -0.611106 -0.316881
vn -0.543753 -0.613887 0.572255
vn -0.768190 0.019090 -0.639938
vn 0.478345 -0.190601 -0.857238
vn 0.246569 0.407363 -0.879351
vn -0.725352 -0.611106 -0.316881
vn 0.478345 -0.190601 -0.857238
vn 0.775943 -0.195157 0.599855
vn 0.572134 0.402379 0.714670
vn 0.246569 0.407363 -0.879351
vn 0.725352 0.611106 0.316882
vn 0.130069 0.888858 0.439332
vn 0.130220 -0.583169 0.801846
vn -0.246569 -0.407363 0.879352
vn -0.246569 -0.407363 0.879352
vn 0.130220 -0.583169 0.801846
vn -0.195345 -0.578185 -0.792176
vn -0.572134 -0.402379 -0.714670
vn -0.130069 -0.888859 -0.439331
vn -0.725352 -0.611106 -0.316881
vn 0.246569 0.407363 -0.879351
vn -0.130220 0.583169 -0.801846
vn -0.130220 0.583169 -0.801846
vn 0.246569 0.407363 -0.879351
vn 0.572134 0.402379 0.714670
vn 0.195345 0.578185 0.792176
vn 0.455711 -0.014307 -0.890013
vn 0.768190 -0.019090 0.639938
vn 0.940507 -0.334661 -0.058719
vn 0.887799 -0.333854 -0.316787
vn 0.768190 -0.019090 0.639938
vn 0.568817 -0.463727 0.679267
vn 0.872073 -0.487283 -0.045220
vn 0.940507 -0.334661 -0.058719
vn 0.568817 -0.463727 0.679267
vn 0.256338 -0.458943 -0.850683
vn 0.819365 -0.486476 -0.303286
vn 0.872073 -0.487283 -0.045220
vn 0.256338 -0.458943 -0.850683
vn 0.455711 -0.014307 -0.890013
vn 0.887799 -0.333854 -0.316787
vn 0.819365 -0.486476 -0.303286
vn -0.568817 0.463727 -0.679267
vn -0.768190 0.019090 -0.639938
vn -0.940507 0.334661 0.058720
vn -0.872073 0.487283 0.045221
vn -0.768190 0.019090 -0.639938
vn -0.455711 0.014307 0.890013
vn -0.887800 0.333854 0.316786
vn -0.940507 0.334661 0.058720
vn -0.455711 0.014307 0.890013
vn -0.256338 0.458943 0.850683
vn -0.819365 0.486476 0.303285
vn -0.887800 0.333854 0.316786
vn -0.256338 0.458943 0.850683
vn -0.568817 0.463727 -0.679267
vn -0.872073 0.487283 0.045221
vn -0.819365 0.486476 0.303285
vn 0.887799 -0.333854 -0.316787
vn 0.940507 -0.334661 -0.058719
vn 0.890864 -0.415668 -0.183251
vn 0.940507 -0.334661 -0.058719
vn 0.872073 -0.487283 -0.045220
vn 0.890864 -0.415668 -0.183251
vn 0.872073 -0.487283 -0.045220
vn 0.819365 -0.486476 -0.303286
vn 0.890864 -0.415668 -0.183251
vn 0.819365 -0.486476 -0.303286
vn 0.887799 -0.333854 -0.316787
vn 0.890864 -0.415668 -0.183251
vn -0.872073 0.487283 0.045221
vn -0.940507 0.334661 0.058720
vn -0.890864 0.415668 0.183251
vn -0.940507 0.334661 0.058720
vn -0.887800 0.333854 0.316786
vn -0.890864 0.415668 0.183251
vn -0.887800 0.333854 0.316786
vn -0.819365 0.486476 0.303285
vn -0.890864 0.415668 0.183251
vn -0.819365 0.486476 0.303285
vn -0.872073 0.487283 0.045221
vn -0.890864 0.415668 0.183251
vn -0.840667 0.244429 -0.483253
vn -0.772222 0.412397 -0.483323
vn -0.680821 0.013777 0.732320
vn -0.496341 0.466507 0.732132
vn 0.571442 -0.135261 -0.809418
vn 0.502998 -0.303230 -0.809348
vn 0.914511 -0.108536 0.389731
vn 0.730030 -0.561266 0.389919
vn 0.571442 -0.135261 -0.809418
vn -0.772222 0.412397 -0.483323
vn -0.840667 0.244429 -0.483253
vn 0.502998 -0.303230 -0.809348
vn 0.502998 -0.303230 -0.809348
vn 0.487542 -0.783882 -0.384489
vn 0.789598 0.570426 0.226161
vn 0.914511 -0.108536 0.389731
vn 0.914511 -0.108536 0.389731
vn 0.789598 0.570426 0.226161
vn -0.030325 0.904615 0.425149
vn -0.496341 0.466507 0.732132
vn -0.496341 0.466507 0.732132
vn -0.030325 0.904615 0.425149
vn -0.982393 -0.184757 -0.027749
vn -0.840667 0.244429 -0.483253
vn -0.840667 0.244429 -0.483253
vn -0.982393 -0.184757 -0.027749
vn 0.487542 -0.783882 -0.384489
vn 0.502998 -0.303230 -0.809348
vn -0.772222 0.412397 -0.483323
vn -0.573486 0.818731 -0.028166
vn -0.653817 -0.625485 0.425785
vn -0.680821 0.013777 0.732320
vn -0.680821 0.013777 0.732320
vn -0.653817 -0.625485 0.425785
vn 0.166105 -0.959673 0.226797
vn 0.730030 -0.561266 0.389919
vn 0.730030 -0.561266 0.389919
vn 0.166105 -0.959673 0.226797
vn 0.896449 0.219606 -0.384906
vn 0.571442 -0.135261 -0.809418
vn 0.571442 -0.135261 -0.809418
vn 0.896449 0.219606 -0.384906
vn -0.573486 0.818731 -0.028166
vn -0.772222 0.412397 -0.483323
vn 0.789598 0.570426 0.226161
vn 0.487542 -0.783882 -0.384489
vn 0.573486 -0.818731 0.028166
vn 0.653817 0.625484 -0.425785
vn -0.030325 0.904615 0.425149
vn 0.789598 0.570426 0.226161
vn 0.653817 0.625484 -0.425785
vn -0.166105 0.959673 -0.226797
vn -0.653817 -0.625485 0.425785
vn -0.573486 0.818731 -0.028166
vn -0.487542 0.783882 0.384489
vn -0.789597 -0.570427 -0.226162
vn 0.166105 -0.959673 0.226797
vn -0.653817 -0.625485 0.425785
vn -0.789597 -0.570427 -0.226162
vn 0.030324 -0.904615 -0.425149
vn -0.571443 0.135261 0.809418
vn -0.730030 0.561266 -0.389919
vn -0.914511 0.108536 -0.389731
vn -0.502998 0.303230 0.809348
vn 0.840667 -0.244429 0.483253
vn 0.496341 -0.466507 -0.732132
vn 0.680821 -0.013777 -0.732320
vn 0.772223 -0.412398 0.483323
vn 0.840667 -0.244429 0.483253
vn 0.772223 -0.412398 0.483323
vn -0.571443 0.135261 0.809418
vn -0.502998 0.303230 0.809348
vn 0.772223 -0.412398 0.483323
vn 0.680821 -0.013777 -0.732320
vn 0.653817 0.625484 -0.425785
vn 0.573486 -0.818731 0.028166
vn 0.680821 -0.013777 -0.732320
vn -0.730030 0.561266 -0.389919
vn -0.166105 0.959673 -0.226797
vn 0.653817 0.625484 -0.425785
vn -0.730030 0.561266 -0.389919
vn -0.571443 0.135261 0.809418
vn -0.896449 -0.219606 0.384906
vn -0.166105 0.959673 -0.226797
vn -0.571443 0.135261 0.809418
vn 0.772223 -0.412398 0.483323
vn 0.573486 -0.818731 0.028166
vn -0.896449 -0.219606 0.384906
vn -0.502998 0.303230 0.809348
vn -0.914511 0.108536 -0.389731
vn -0.789597 -0.570427 -0.226162
vn -0.487542 0.783882 0.384489
vn -0.914511 0.108536 -0.389731
vn 0.496341 -0.466507 -0.732132
vn 0.030324 -0.904615 -0.425149
vn -0.789597 -0.570427 -0.226162
vn 0.496341 -0.466507 -0.732132
vn 0.840667 -0.244429 0.483253
vn 0.982392 0.184757 0.027749
vn 0.030324 -0.904615 -0.425149
vn 0.840667 -0.244429 0.483253
vn -0.502998 0.303230 0.809348
vn -0.487542 0.783882 0.384489
vn 0.982392 0.184757 0.027749
vn -0.030325 0.904615 0.425149
vn -0.166105 0.959673 -0.226797
vn -0.896449 -0.219606 0.384906
vn -0.982393 -0.184757 -0.027749
vn -0.982393 -0.184757 -0.027749
vn -0.896449 -0.219606 0.384906
vn 0.573486 -0.818731 0.028166
vn 0.487542 -0.783882 -0.384489
vn 0.166105 -0.959673 0.226797
vn 0.030324 -0.904615 -0.425149
vn 0.982392 0.184757 0.027749
vn 0.896449 0.219606 -0.384906
vn 0.896449 0.219606 -0.384906
vn 0.982392 0.184757 0.027749
vn -0.487542 0.783882 0.384489
vn -0.573486 0.818731 -0.028166
vn 0.914511 -0.108536 0.389731
vn -0.496341 0.466507 0.732132
vn 0.113381 0.044813 0.992540
vn 0.351359 -0.052184 0.934785
vn -0.496341 0.466507 0.732132
vn -0.680821 0.013777 0.732320
vn 0.050059 -0.110587 0.992605
vn 0.113381 0.044813 0.992540
vn -0.680821 0.013777 0.732320
vn 0.730030 -0.561266 0.389919
vn 0.288035 -0.207583 0.934850
vn 0.050059 -0.110587 0.992605
vn 0.730030 -0.561266 0.389919
vn 0.914511 -0.108536 0.389731
vn 0.351359 -0.052184 0.934785
vn 0.288035 -0.207583 0.934850
vn 0.680821 -0.013777 -0.732320
vn 0.496341 -0.466507 -0.732132
vn -0.113382 -0.044812 -0.992540
vn -0.050060 0.110588 -0.992605
vn 0.496341 -0.466507 -0.732132
vn -0.914511 0.108536 -0.389731
vn -0.351358 0.052184 -0.934786
vn -0.113382 -0.044812 -0.992540
vn -0.914511 0.108536 -0.389731
vn -0.730030 0.561266 -0.389919
vn -0.288034 0.207583 -0.934851
vn -0.351358 0.052184 -0.934786
vn -0.730030 0.561266 -0.389919
vn 0.680821 -0.013777 -0.732320
vn -0.050060 0.110588 -0.992605
vn -0.288034 0.207583 -0.934851
vn 0.351359 -0.052184 0.934785
vn 0.113381 0.044813 0.992540
vn 0.203201 -0.082396 0.975664
vn 0.113381 0.044813 0.992540
vn 0.050059 -0.110587 0.992605
vn 0.203201 -0.082396 0.975664
vn 0.050059 -0.110587 0.992605
vn 0.288035 -0.207583 0.934850
vn 0.203201 -0.082396 0.975664
vn 0.288035 -0.207583 0.934850
vn 0.351359 -0.052184 0.934785
vn 0.203201 -0.082396 0.975664
vn -0.050060 0.110588 -0.992605
vn -0.113382 -0.044812 -0.992540
vn -0.203201 0.082396 -0.975664
vn -0.113382 -0.044812 -0.992540
vn -0.351358 0.052184 -0.934786
vn -0.203201 0.082396 -0.975664
vn -0.351358 0.052184 -0.934786
vn -0.288034 0.207583 -0.934851
vn -0.203201 0.082396 -0.975664
vn -0.288034 0.207583 -0.934851
vn -0.050060 0.110588 -0.992605
vn -0.203201 0.082396 -0.975664
vn -0.488912 0.016232 0.872182
vn -0.448433 0.193035 0.872723
vn 0.660969 -0.404034 0.632357
vn 0.770077 0.072507 0.633817
vn -0.770340 0.271179 -0.577094
vn -0.810820 0.094377 -0.577637
vn 0.432074 0.154558 -0.888496
vn 0.322966 -0.321983 -0.889955
vn -0.770340 0.271179 -0.577094
vn -0.448433 0.193035 0.872723
vn -0.488912 0.016232 0.872182
vn -0.810820 0.094377 -0.577637
vn -0.810820 0.094377 -0.577637
vn -0.497993 -0.439514 -0.747550
vn 0.403706 0.756652 -0.514295
vn 0.432074 0.154558 -0.888496
vn 0.432074 0.154558 -0.888496
vn 0.403706 0.756652 -0.514295
vn 0.600138 0.708967 0.370404
vn 0.770077 0.072507 0.633817
vn 0.770077 0.072507 0.633817
vn 0.600138 0.708967 0.370404
vn -0.145834 -0.525001 0.838514
vn -0.488912 0.016232 0.872182
vn -0.488912 0.016232 0.872182
vn -0.145834 -0.525001 0.838514
vn -0.497993 -0.439514 -0.747550
vn -0.810820 0.094377 -0.577637
vn -0.448433 0.193035 0.872723
vn 0.096006 0.531263 0.841749
vn 0.231385 -0.901606 0.365470
vn 0.660969 -0.404034 0.632357
vn 0.660969 -0.404034 0.632357
vn 0.231385 -0.901606 0.365470
vn 0.034953 -0.853921 -0.519228
vn 0.322966 -0.321983 -0.889955
vn 0.322966 -0.321983 -0.889955
vn 0.034953 -0.853921 -0.519228
vn -0.256153 0.616751 -0.744314
vn -0.770340 0.271179 -0.577094
vn -0.770340 0.271179 -0.577094
vn -0.256153 0.616751 -0.744314
vn 0.096006 0.531263 0.841749
vn -0.448433 0.193035 0.872723
vn 0.403706 0.756652 -0.514295
vn -0.497993 -0.439514 -0.747550
vn -0.096006 -0.531263 -0.841749
vn -0.231386 0.901605 -0.365471
vn 0.600138 0.708967 0.370404
vn 0.403706 0.756652 -0.514295
vn -0.231386 0.901605 -0.365471
vn -0.034953 0.853921 0.519228
vn 0.231385 -0.901606 0.365470
vn 0.096006 0.531263 0.841749
vn 0.497993 0.439514 0.747550
vn -0.403707 -0.756652 0.514294
vn 0.034953 -0.853921 -0.519228
vn 0.231385 -0.901606 0.365470
vn -0.403707 -0.756652 0.514294
vn -0.600139 -0.708968 -0.370403
vn 0.770340 -0.271179 0.577095
vn -0.322966 0.321983 0.889955
vn -0.432074 -0.154558 0.888496
vn 0.810820 -0.094377 0.577637
vn 0.488912 -0.016232 -0.872182
vn -0.770077 -0.072507 -0.633817
vn -0.660969 0.404034 -0.632357
vn 0.448432 -0.193035 -0.872723
vn 0.488912 -0.016232 -0.872182
vn 0.448432 -0.193035 -0.872723
vn 0.770340 -0.271179 0.577095
vn 0.810820 -0.094377 0.577637
vn 0.448432 -0.193035 -0.872723
vn -0.660969 0.404034 -0.632357
vn -0.231386 0.901605 -0.365471
vn -0.096006 -0.531263 -0.841749
vn -0.660969 0.404034 -0.632357
vn -0.322966 0.321983 0.889955
vn -0.034953 0.853921 0.519228
vn -0.231386 0.901605 -0.365471
vn -0.322966 0.321983 0.889955
vn 0.770340 -0.271179 0.577095
vn 0.256153 -0.616751 0.744314
vn -0.034953 0.853921 0.519228
vn 0.770340 -0.271179 0.577095
vn 0.448432 -0.193035 -0.872723
vn -0.096006 -0.531263 -0.841749
vn 0.256153 -0.616751 0.744314
vn 0.810820 -0.094377 0.577637
vn -0.432074 -0.154558 0.888496
vn -0.403707 -0.756652 0.514294
vn 0.497993 0.439514 0.747550
vn -0.432074 -0.154558 0.888496
vn -0.770077 -0.072507 -0.633817
vn -0.600139 -0.708968 -0.370403
vn -0.403707 -0.756652 0.514294
vn -0.770077 -0.072507 -0.633817
vn 0.488912 -0.016232 -0.872182
vn 0.145834 0.525002 -0.838514
vn -0.600139 -0.708968 -0.370403
vn 0.488912 -0.016232 -0.872182
vn 0.810820 -0.094377 0.577637
vn 0.497993 0.439514 0.747550
vn 0.145834 0.525002 -0.838514
vn 0.600138 0.708967 0.370404
vn -0.034953 0.853921 0.519228
vn 0.256153 -0.616751 0.744314
vn -0.145834 -0.525001 0.838514
vn -0.145834 -0.525001 0.838514
vn 0.256153 -0.616751 0.744314
vn -0.096006 -0.531263 -0.841749
vn -0.497993 -0.439514 -0.747550
vn 0.034953 -0.853921 -0.519228
vn -0.600139 -0.708968 -0.370403
vn 0.145834 0.525002 -0.838514
vn -0.256153 0.616751 -0.744314
vn -0.256153 0.616751 -0.744314
vn 0.145834 0.525002 -0.838514
vn 0.497993 0.439514 0.747550
vn 0.096006 0.531263 0.841749
vn 0.432074 0.154558 -0.888496
vn 0.770077 0.072507 0.633817
vn 0.986014 -0.139401 -0.091349
vn 0.929000 -0.125561 -0.348128
vn 0.770077 0.072507 0.633817
vn 0.660969 -0.404034 0.632357
vn 0.948562 -0.302974 -0.091851
vn 0.986014 -0.139401 -0.091349
vn 0.660969 -0.404034 0.632357
vn 0.322966 -0.321983 -0.889955
vn 0.891549 -0.289134 -0.348628
vn 0.948562 -0.302974 -0.091851
vn 0.322966 -0.321983 -0.889955
vn 0.432074 0.154558 -0.888496
vn 0.929000 -0.125561 -0.348128
vn 0.891549 -0.289134 -0.348628
vn -0.660969 0.404034 -0.632357
vn -0.770077 -0.072507 -0.633817
vn -0.986013 0.139401 0.091350
vn -0.948562 0.302974 0.091852
vn -0.770077 -0.072507 -0.633817
vn -0.432074 -0.154558 0.888496
vn -0.929000 0.125561 0.348127
vn -0.986013 0.139401 0.091350
vn -0.432074 -0.154558 0.888496
vn -0.322966 0.321983 0.889955
vn -0.891550 0.289134 0.348627
vn -0.929000 0.125561 0.348127
vn -0.322966 0.321983 0.889955
vn -0.660969 0.404034 -0.632357
vn -0.948562 0.302974 0.091852
vn -0.891550 0.289134 0.348627
vn 0.929000 -0.125561 -0.348128
vn 0.986014 -0.139401 -0.091349
vn 0.950441 -0.216928 -0.222721
vn 0.986014 -0.139401 -0.091349
vn 0.948562 -0.302974 -0.091851
vn 0.950441 -0.216928 -0.222721
vn 0.948562 -0.302974 -0.091851
vn 0.891549 -0.289134 -0.348628
vn 0.950441 -0.216928 -0.222721
vn 0.891549 -0.289134 -0.348628
vn 0.929000 -0.125561 -0.348128
vn 0.950441 -0.216928 -0.222721
vn -0.948562 0.302974 0.091852
vn -0.986013 0.139401 0.091350
vn -0.950441 0.216928 0.222721
vn -0.986013 0.139401 0.091350
vn -0.929000 0.125561 0.348127
vn -0.950441 0.216928 0.222721
vn -0.929000 0.125561 0.348127
vn -0.891550 0.289134 0.348627
vn -0.950441 0.216928 0.222721
vn -0.891550 0.289134 0.348627
vn -0.948562 0.302974 0.091852
vn -0.950441 0.216928 0.222721
vn -0.775087 0.189703 -0.602705
vn -0.777095 0.351999 -0.521748
vn -0.747941 -0.500128 0.436412
vn -0.753355 -0.062688 0.654620
vn 0.708091 0.400286 -0.581704
vn 0.710100 0.237990 -0.662661
vn 0.806094 -0.011988 0.591666
vn 0.811507 -0.449428 0.373458
vn 0.708091 0.400286 -0.581704
vn -0.777095 0.351999 -0.521748
vn -0.775087 0.189703 -0.602705
vn 0.710100 0.237990 -0.662661
vn 0.710100 0.237990 -0.662661
vn 0.807683 -0.364216 -0.463674
vn 0.460887 0.605166 0.649120
vn 0.806094 -0.011988 0.591666
vn 0.806094 -0.011988 0.591666
vn 0.460887 0.605166 0.649120
vn -0.445394 0.575701 0.685706
vn -0.753355 -0.062688 0.654620
vn -0.753355 -0.062688 0.654620
vn -0.445394 0.575701 0.685706
vn -0.817072 -0.417040 -0.398084
vn -0.775087 0.189703 -0.602705
vn -0.775087 0.189703 -0.602705
vn -0.817072 -0.417040 -0.398084
vn 0.807683 -0.364216 -0.463674
vn 0.710100 0.237990 -0.662661
vn -0.777095 0.351999 -0.521748
vn -0.829070 0.552557 0.085580
vn -0.427098 -0.902722 -0.051775
vn -0.747941 -0.500128 0.436412
vn -0.747941 -0.500128 0.436412
vn -0.427098 -0.902722 -0.051775
vn 0.479181 -0.873257 -0.088361
vn 0.811507 -0.449428 0.373458
vn 0.811507 -0.449428 0.373458
vn 0.479181 -0.873257 -0.088361
vn 0.795685 0.605381 0.019989
vn 0.708091 0.400286 -0.581704
vn 0.708091 0.400286 -0.581704
vn 0.795685 0.605381 0.019989
vn -0.829070 0.552557 0.085580
vn -0.777095 0.351999 -0.521748
vn 0.460887 0.605166 0.649120
vn 0.807683 -0.364216 -0.463674
vn 0.829070 -0.552557 -0.085580
vn 0.427099 0.902722 0.051775
vn -0.445394 0.575701 0.685706
vn 0.460887 0.605166 0.649120
vn 0.427099 0.902722 0.051775
vn -0.479182 0.873256 0.088361
vn -0.427098 -0.902722 -0.051775
vn -0.829070 0.552557 0.085580
vn -0.807683 0.364216 0.463674
vn -0.460886 -0.605166 -0.649120
vn 0.479181 -0.873257 -0.088361
vn -0.427098 -0.902722 -0.051775
vn -0.460886 -0.605166 -0.649120
vn 0.445393 -0.575702 -0.685706
vn -0.708091 -0.400285 0.581703
vn -0.811507 0.449428 -0.373458
vn -0.806094 0.011988 -0.591666
vn -0.710100 -0.237990 0.662661
vn 0.775087 -0.189703 0.602705
vn 0.753355 0.062688 -0.654620
vn 0.747941 0.500128 -0.436412
vn 0.777095 -0.351999 0.521747
vn 0.775087 -0.189703 0.602705
vn 0.777095 -0.351999 0.521747
vn -0.708091 -0.400285 0.581703
vn -0.710100 -0.237990 0.662661
vn 0.777095 -0.351999 0.521747
vn 0.747941 0.500128 -0.436412
vn 0.427099 0.902722 0.051775
vn 0.829070 -0.552557 -0.085580
vn 0.747941 0.500128 -0.436412
vn -0.811507 0.449428 -0.373458
vn -0.479182 0.873256 0.088361
vn 0.427099 0.902722 0.051775
vn -0.811507 0.449428 -0.373458
vn -0.708091 -0.400285 0.581703
vn -0.795685 -0.605381 -0.019989
vn -0.479182 0.873256 0.088361
vn -0.708091 -0.400285 0.581703
vn 0.777095 -0.351999 0.521747
vn 0.829070 -0.552557 -0.085580
vn -0.795685 -0.605381 -0.019989
vn -0.710100 -0.237990 0.662661
vn -0.806094 0.011988 -0.591666
vn -0.460886 -0.605166 -0.649120
vn -0.807683 0.364216 0.463674
vn -0.806094 0.011988 -0.591666
vn 0.753355 0.062688 -0.654620
vn 0.445393 -0.575702 -0.685706
vn -0.460886 -0.605166 -0.649120
vn 0.753355 0.062688 -0.654620
vn 0.775087 -0.189703 0.602705
vn 0.817072 0.417041 0.398084
vn 0.445393 -0.575702 -0.685706
vn 0.775087 -0.189703 0.602705
vn -0.710100 -0.237990 0.662661
vn -0.807683 0.364216 0.463674
vn 0.817072 0.417041 0.398084
vn -0.445394 0.575701 0.685706
vn -0.479182 0.873256 0.088361
vn -0.795685 -0.605381 -0.019989
vn -0.817072 -0.417040 -0.398084
vn -0.817072 -0.417040 -0.398084
vn -0.795685 -0.605381 -0.019989
vn 0.829070 -0.552557 -0.085580
vn 0.807683 -0.364216 -0.463674
vn 0.479181 -0.873257 -0.088361
vn 0.445393 -0.575702 -0.685706
vn 0.817072 0.417041 0.398084
vn 0.795685 0.605381 0.019989
vn 0.795685 0.605381 0.019989
vn 0.817072 0.417041 0.398084
vn -0.807683 0.364216 0.463674
vn -0.829070 0.552557 0.085580
vn 0.806094 -0.011988 0.591666
vn -0.753355 -0.062688 0.654620
vn -0.082505 -0.369041 0.925744
vn 0.180538 -0.360489 0.915125
vn -0.753355 -0.062688 0.654620
vn -0.747941 -0.500128 0.436412
vn -0.080646 -0.519192 0.850844
vn -0.082505 -0.369041 0.925744
vn -0.747941 -0.500128 0.436412
vn 0.811507 -0.449428 0.373458
vn 0.182395 -0.510641 0.840225
vn -0.080646 -0.519192 0.850844
vn 0.811507 -0.449428 0.373458
vn 0.806094 -0.011988 0.591666
vn 0.180538 -0.360489 0.915125
vn 0.182395 -0.510641 0.840225
vn 0.747941 0.500128 -0.436412
vn 0.753355 0.062688 -0.654620
vn 0.082504 0.369041 -0.925744
vn 0.080645 0.519193 -0.850844
vn 0.753355 0.062688 -0.654620
vn -0.806094 0.011988 -0.591666
vn -0.180537 0.360489 -0.915125
vn 0.082504 0.369041 -0.925744
vn -0.806094 0.011988 -0.591666
vn -0.811507 0.449428 -0.373458
vn -0.182394 0.510641 -0.840225
vn -0.180537 0.360489 -0.915125
vn -0.811507 0.449428 -0.373458
vn 0.747941 0.500128 -0.436412
vn 0.080645 0.519193 -0.850844
vn -0.182394 0.510641 -0.840225
vn 0.180538 -0.360489 0.915125
vn -0.082505 -0.369041 0.925744
vn 0.050566 -0.445303 0.893951
vn -0.082505 -0.369041 0.925744
vn -0.080646 -0.519192 0.850844
vn 0.050566 -0.445303 0.893951
vn -0.080646 -0.519192 0.850844
vn 0.182395 -0.510641 0.840225
vn 0.050566 -0.445303 0.893951
vn 0.182395 -0.510641 0.840225
vn 0.180538 -0.360489 0.915125
vn 0.050566 -0.445303 0.893951
vn 0.080645 0.519193 -0.850844
vn 0.082504 0.369041 -0.925744
vn -0.050566 0.445303 -0.893951
vn 0.082504 0.369041 -0.925744
vn -0.180537 0.360489 -0.915125
vn -0.050566 0.445303 -0.893951
vn -0.180537 0.360489 -0.915125
vn -0.182394 0.510641 -0.840225
vn -0.050566 0.445303 -0.893951
vn -0.182394 0.510641 -0.840225
vn 0.080645 0.519193 -0.850844
vn -0.050566 0.445303 -0.893951
vn 0.647138 0.101568 -0.755577
vn 0.664728 0.271922 -0.695842
vn -0.599572 0.080848 -0.796227
vn -0.552164 0.540008 -0.635222
vn 0.671518 -0.220801 0.707326
vn 0.653928 -0.391155 0.647592
vn -0.545034 0.022647 0.838108
vn -0.592442 -0.436512 0.677103
vn 0.671518 -0.220801 0.707326
vn 0.664728 0.271922 -0.695842
vn 0.647138 0.101568 -0.755577
vn 0.653928 -0.391155 0.647592
vn 0.653928 -0.391155 0.647592
vn 0.161648 -0.797414 0.581378
vn -0.250340 0.655648 0.712359
vn -0.545034 0.022647 0.838108
vn -0.545034 0.022647 0.838108
vn -0.250340 0.655648 0.712359
vn -0.254484 0.956315 -0.143874
vn -0.552164 0.540008 -0.635222
vn -0.552164 0.540008 -0.635222
vn -0.254484 0.956315 -0.143874
vn 0.154219 -0.258387 -0.953652
vn 0.647138 0.101568 -0.755577
vn 0.647138 0.101568 -0.755577
vn 0.154219 -0.258387 -0.953652
vn 0.161648 -0.797414 0.581378
vn 0.653928 -0.391155 0.647592
vn 0.664728 0.271922 -0.695842
vn 0.259302 0.759352 -0.596781
vn -0.414711 -0.595515 -0.688024
vn -0.599572 0.080848 -0.796227
vn -0.599572 0.080848 -0.796227
vn -0.414711 -0.595515 -0.688024
vn -0.410568 -0.896181 0.168207
vn -0.592442 -0.436512 0.677103
vn -0.592442 -0.436512 0.677103
vn -0.410568 -0.896181 0.168207
vn 0.266731 0.220325 0.938249
vn 0.671518 -0.220801 0.707326
vn 0.671518 -0.220801 0.707326
vn 0.266731 0.220325 0.938249
vn 0.259302 0.759352 -0.596781
vn 0.664728 0.271922 -0.695842
vn -0.250340 0.655648 0.712359
vn 0.161648 -0.797414 0.581378
vn -0.259302 -0.759352 0.596781
vn 0.414711 0.595514 0.688024
vn -0.254484 0.956315 -0.143874
vn -0.250340 0.655648 0.712359
vn 0.414711 0.595514 0.688024
vn 0.410568 0.896181 -0.168208
vn -0.414711 -0.595515 -0.688024
vn 0.259302 0.759352 -0.596781
vn -0.161648 0.797414 -0.581378
vn 0.250340 -0.655649 -0.712358
vn -0.410568 -0.896181 0.168207
vn -0.414711 -0.595515 -0.688024
vn 0.250340 -0.655649 -0.712358
vn 0.254484 -0.956315 0.143873
vn -0.671518 0.220802 -0.707327
vn 0.592442 0.436512 -0.677103
vn 0.545034 -0.022647 -0.838108
vn -0.653928 0.391155 -0.647592
vn -0.647138 -0.101568 0.755577
vn 0.552164 -0.540008 0.635222
vn 0.599572 -0.080848 0.796227
vn -0.664727 -0.271922 0.695842
vn -0.647138 -0.101568 0.755577
vn -0.664727 -0.271922 0.695842
vn -0.671518 0.220802 -0.707327
vn -0.653928 0.391155 -0.647592
vn -0.664727 -0.271922 0.695842
vn 0.599572 -0.080848 0.796227
vn 0.414711 0.595514 0.688024
vn -0.259302 -0.759352 0.596781
vn 0.599572 -0.080848 0.796227
vn 0.592442 0.436512 -0.677103
vn 0.410568 0.896181 -0.168208
vn 0.414711 0.595514 0.688024
vn 0.592442 0.436512 -0.677103
vn -0.671518 0.220802 -0.707327
vn -0.266731 -0.220325 -0.938249
vn 0.410568 0.896181 -0.168208
vn -0.671518 0.220802 -0.707327
vn -0.664727 -0.271922 0.695842
vn -0.259302 -0.759352 0.596781
vn -0.266731 -0.220325 -0.938249
vn -0.653928 0.391155 -0.647592
vn 0.545034 -0.022647 -0.838108
vn 0.250340 -0.655649 -0.712358
vn -0.161648 0.797414 -0.581378
vn 0.545034 -0.022647 -0.838108
vn 0.552164 -0.540008 0.635222
vn 0.254484 -0.956315 0.143873
vn 0.250340 -0.655649 -0.712358
vn 0.552164 -0.540008 0.635222
vn -0.647138 -0.101568 0.755577
vn -0.154220 0.258388 0.953652
vn 0.254484 -0.956315 0.143873
vn -0.647138 -0.101568 0.755577
vn -0.653928 0.391155 -0.647592
vn -0.161648 0.797414 -0.581378
vn -0.154220 0.258388 0.953652
vn -0.254484 0.956315 -0.143874
vn 0.410568 0.896181 -0.168208
vn -0.266731 -0.220325 -0.938249
vn 0.154219 -0.258387 -0.953652
vn 0.154219 -0.258387 -0.953652
vn -0.266731 -0.220325 -0.938249
vn -0.259302 -0.759352 0.596781
vn 0.161648 -0.797414 0.581378
vn -0.410568 -0.896181 0.168207
vn 0.254484 -0.956315 0.143873
vn -0.154220 0.258388 0.953652
vn 0.266731 0.220325 0.938249
vn 0.266731 0.220325 0.938249
vn -0.154220 0.258388 0.953652
vn -0.161648 0.797414 -0.581378
vn 0.259302 0.759352 -0.596781
vn -0.545034 0.022647 0.838108
vn -0.552164 0.540008 -0.635222
vn -0.975532 0.211326 -0.060655
vn -0.974329 0.124059 0.187862
vn -0.552164 0.540008 -0.635222
vn -0.599572 0.080848 -0.796227
vn -0.991805 0.053719 -0.115919
vn -0.975532 0.211326 -0.060655
vn -0.599572 0.080848 -0.796227
vn -0.592442 -0.436512 0.677103
vn -0.990602 -0.033547 0.132596
vn -0.991805 0.053719 -0.115919
vn -0.592442 -0.436512 0.677103
vn -0.545034 0.022647 0.838108
vn -0.974329 0.124059 0.187862
vn -0.990602 -0.033547 0.132596
vn 0.599572 -0.080848 0.796227
vn 0.552164 -0.540008 0.635222
vn 0.975532 -0.211326 0.060654
vn 0.991805 -0.053719 0.115918
vn 0.552164 -0.540008 0.635222
vn 0.545034 -0.022647 -0.838108
vn 0.974329 -0.124059 -0.187861
vn 0.975532 -0.211326 0.060654
vn 0.545034 -0.022647 -0.838108
vn 0.592442 0.436512 -0.677103
vn 0.990602 0.033547 -0.132595
vn 0.974329 -0.124059 -0.187861
vn 0.592442 0.436512 -0.677103
vn 0.599572 -0.080848 0.796227
vn 0.991805 -0.053719 0.115918
vn 0.990602 0.033547 -0.132595
vn -0.974329 0.124059 0.187862
vn -0.975532 0.211326 -0.060655
vn -0.995276 0.089993 0.036418
vn -0.975532 0.211326 -0.060655
vn -0.991805 0.053719 -0.115919
vn -0.995276 0.089993 0.036418
vn -0.991805 0.053719 -0.115919
vn -0.990602 -0.033547 0.132596
vn -0.995276 0.089993 0.036418
vn -0.990602 -0.033547 0.132596
vn -0.974329 0.124059 0.187862
vn -0.995276 0.089993 0.036418
vn 0.991805 -0.053719 0.115918
vn 0.975532 -0.211326 0.060654
vn 0.995276 -0.089993 -0.036418
vn 0.975532 -0.211326 0.060654
vn 0.974329 -0.124059 -0.187861
vn 0.995276 -0.089993 -0.036418
vn 0.974329 -0.124059 -0.187861
vn 0.990602 0.033547 -0.132595
vn 0.995276 -0.089993 -0.036418
vn 0.990602 0.033547 -0.132595
vn 0.991805 -0.053719 0.115918
vn 0.995276 -0.089993 -0.036418
vn 0.561673 0.202944 -0.802083
vn 0.548705 0.375284 -0.747051
vn -0.655445 -0.066344 -0.752323
vn -0.690400 0.398171 -0.603993
vn 0.747883 -0.059402 0.661167
vn 0.760852 -0.231743 0.606135
vn -0.481262 -0.058251 0.874639
vn -0.446307 -0.522766 0.726310
vn 0.747883 -0.059402 0.661167
vn 0.548705 0.375284 -0.747051
vn 0.561673 0.202944 -0.802083
vn 0.760852 -0.231743 0.606135
vn 0.760852 -0.231743 0.606135
vn 0.356710 -0.729662 0.583397
vn -0.328529 0.616142 0.715848
vn -0.481262 -0.058251 0.874639
vn -0.481262 -0.058251 0.874639
vn -0.328529 0.616142 0.715848
vn -0.450070 0.881393 -0.143466
vn -0.690400 0.398171 -0.603993
vn -0.690400 0.398171 -0.603993
vn -0.450070 0.881393 -0.143466
vn 0.138813 -0.254125 -0.957158
vn 0.561673 0.202944 -0.802083
vn 0.561673 0.202944 -0.802083
vn 0.138813 -0.254125 -0.957158
vn 0.356710 -0.729662 0.583397
vn 0.760852 -0.231743 0.606135
vn 0.548705 0.375284 -0.747051
vn 0.061335 0.775484 -0.628381
vn -0.331933 -0.688536 -0.644778
vn -0.655445 -0.066344 -0.752323
vn -0.655445 -0.066344 -0.752323
vn -0.331933 -0.688536 -0.644778
vn -0.210392 -0.953787 0.214535
vn -0.446307 -0.522766 0.726310
vn -0.446307 -0.522766 0.726310
vn -0.210392 -0.953787 0.214535
vn 0.279232 0.299948 0.912174
vn 0.747883 -0.059402 0.661167
vn 0.747883 -0.059402 0.661167
vn 0.279232 0.299948 0.912174
vn 0.061335 0.775484 -0.628381
vn 0.548705 0.375284 -0.747051
vn -0.328529 0.616142 0.715848
vn 0.356710 -0.729662 0.583397
vn -0.061335 -0.775484 0.628381
vn 0.331933 0.688535 0.644779
vn -0.450070 0.881393 -0.143466
vn -0.328529 0.616142 0.715848
vn 0.331933 0.688535 0.644779
vn 0.210392 0.953787 -0.214536
vn -0.331933 -0.688536 -0.644778
vn 0.061335 0.775484 -0.628381
vn -0.356710 0.729662 -0.583397
vn 0.328529 -0.616142 -0.715847
vn -0.210392 -0.953787 0.214535
vn -0.331933 -0.688536 -0.644778
vn 0.328529 -0.616142 -0.715847
vn 0.450070 -0.881393 0.143465
vn -0.747883 0.059402 -0.661168
vn 0.446307 0.522766 -0.726310
vn 0.481262 0.058251 -0.874639
vn -0.760852 0.231743 -0.606135
vn -0.561673 -0.202944 0.802083
vn 0.690400 -0.398171 0.603993
vn 0.655445 0.066344 0.752323
vn -0.548704 -0.375284 0.747051
vn -0.561673 -0.202944 0.802083
vn -0.548704 -0.375284 0.747051
vn -0.747883 0.059402 -0.661168
vn -0.760852 0.231743 -0.606135
vn -0.548704 -0.375284 0.747051
vn 0.655445 0.066344 0.752323
vn 0.331933 0.688535 0.644779
vn -0.061335 -0.775484 0.628381
vn 0.655445 0.066344 0.752323
vn 0.446307 0.522766 -0.726310
vn 0.210392 0.953787 -0.214536
vn 0.331933 0.688535 0.644779
vn 0.446307 0.522766 -0.726310
vn -0.747883 0.059402 -0.661168
vn -0.279232 -0.299948 -0.912174
vn 0.210392 0.953787 -0.214536
vn -0.747883 0.059402 -0.661168
vn -0.548704 -0.375284 0.747051
vn -0.061335 -0.775484 0.628381
vn -0.279232 -0.299948 -0.912174
vn -0.760852 0.231743 -0.606135
vn 0.481262 0.058251 -0.874639
vn 0.328529 -0.616142 -0.715847
vn -0.356710 0.729662 -0.583397
vn 0.481262 0.058251 -0.874639
vn 0.690400 -0.398171 0.603993
vn 0.450070 -0.881393 0.143465
vn 0.328529 -0.616142 -0.715847
vn 0.690400 -0.398171 0.603993
vn -0.561673 -0.202944 0.802083
vn -0.138813 0.254126 0.957158
vn 0.450070 -0.881393 0.143465
vn -0.561673 -0.202944 0.802083
vn -0.760852 0.231743 -0.606135
vn -0.356710 0.729662 -0.583397
vn -0.138813 0.254126 0.957158
vn -0.450070 0.881393 -0.143466
vn 0.210392 0.953787 -0.214536
vn -0.279232 -0.299948 -0.912174
vn 0.138813 -0.254125 -0.957158
vn 0.138813 -0.254125 -0.957158
vn -0.279232 -0.299948 -0.912174
vn -0.061335 -0.775484 0.628381
vn 0.356710 -0.729662 0.583397
vn -0.210392 -0.953787 0.214535
vn 0.450070 -0.881393 0.143465
vn -0.138813 0.254126 0.957158
vn 0.279232 0.299948 0.912174
vn 0.279232 0.299948 0.912174
vn -0.138813 0.254126 0.957158
vn -0.356710 0.729662 -0.583397
vn 0.061335 0.775484 -0.628381
vn -0.481262 -0.058251 0.874639
vn -0.690400 0.398171 -0.603993
vn -0.999920 0.011205 0.005805
vn -0.964644 -0.065783 0.255216
vn -0.690400 0.398171 -0.603993
vn -0.655445 -0.066344 -0.752323
vn -0.987922 -0.148240 -0.045108
vn -0.999920 0.011205 0.005805
vn -0.655445 -0.066344 -0.752323
vn -0.446307 -0.522766 0.726310
vn -0.952646 -0.225227 0.204301
vn -0.987922 -0.148240 -0.045108
vn -0.446307 -0.522766 0.726310
vn -0.481262 -0.058251 0.874639
vn -0.964644 -0.065783 0.255216
vn -0.952646 -0.225227 0.204301
vn 0.655445 0.066344 0.752323
vn 0.690400 -0.398171 0.603993
vn 0.999920 -0.011205 -0.005806
vn 0.987922 0.148240 0.045107
vn 0.690400 -0.398171 0.603993
vn 0.481262 0.058251 -0.874639
vn 0.964644 0.065782 -0.255215
vn 0.999920 -0.011205 -0.005806
vn 0.481262 0.058251 -0.874639
vn 0.446307 0.522766 -0.726310
vn 0.952646 0.225227 -0.204300
vn 0.964644 0.065782 -0.255215
vn 0.446307 0.522766 -0.726310
vn 0.655445 0.066344 0.752323
vn 0.987922 0.148240 0.045107
vn 0.952646 0.225227 -0.204300
vn -0.964644 -0.065783 0.255216
vn -0.999920 0.011205 0.005805
vn -0.988408 -0.108340 0.106358
vn -0.999920 0.011205 0.005805
vn -0.987922 -0.148240 -0.045108
vn -0.988408 -0.108340 0.106358
vn -0.987922 -0.148240 -0.045108
vn -0.952646 -0.225227 0.204301
vn -0.988408 -0.108340 0.106358
vn -0.952646 -0.225227 0.204301
vn -0.964644 -0.065783 0.255216
vn -0.988408 -0.108340 0.106358
vn 0.987922 0.148240 0.045107
vn 0.999920 -0.011205 -0.005806
vn 0.988408 0.108340 -0.106358
vn 0.999920 -0.011205 -0.005806
vn 0.964644 0.065782 -0.255215
vn 0.988408 0.108340 -0.106358
vn 0.964644 0.065782 -0.255215
vn 0.952646 0.225227 -0.204300
vn 0.988408 0.108340 -0.106358
vn 0.952646 0.225227 -0.204300
vn 0.987922 0.148240 0.045107
vn 0.988408 0.108340 -0.106358
vn -0.843747 0.190601 -0.501759
vn -0.831197 0.355567 -0.427416
vn -0.694666 -0.463727 0.549905
vn -0.660839 -0.019090 0.750285
vn 0.633534 0.360123 -0.684796
vn 0.620985 0.195157 -0.759139
vn 0.877133 -0.014307 0.480035
vn 0.843305 -0.458943 0.279656
vn 0.633534 0.360123 -0.684796
vn -0.831197 0.355567 -0.427416
vn -0.843747 0.190601 -0.501759
vn 0.620985 0.195157 -0.759139
vn 0.620985 0.195157 -0.759139
vn 0.730147 -0.402379 -0.552247
vn 0.557072 0.613886 0.559298
vn 0.877133 -0.014307 0.480035
vn 0.877133 -0.014307 0.480035
vn 0.557072 0.613886 0.559298
vn -0.336727 0.611106 0.716355
vn -0.660839 -0.019090 0.750285
vn -0.660839 -0.019090 0.750285
vn -0.336727 0.611106 0.716355
vn -0.872232 -0.407363 -0.270679
vn -0.843747 0.190601 -0.501759
vn -0.843747 0.190601 -0.501759
vn -0.872232 -0.407363 -0.270679
vn 0.730147 -0.402379 -0.552247
vn 0.620985 0.195157 -0.759139
vn -0.831197 0.355567 -0.427416
vn -0.797252 0.578185 0.173467
vn -0.451053 -0.891639 0.039129
vn -0.694666 -0.463727 0.549905
vn -0.694666 -0.463727 0.549905
vn -0.451053 -0.891639 0.039129
vn 0.442745 -0.888859 -0.117927
vn 0.843305 -0.458943 0.279656
vn 0.843305 -0.458943 0.279656
vn 0.442745 -0.888859 -0.117927
vn 0.805126 0.583169 -0.108100
vn 0.633534 0.360123 -0.684796
vn 0.633534 0.360123 -0.684796
vn 0.805126 0.583169 -0.108100
vn -0.797252 0.578185 0.173467
vn -0.831197 0.355567 -0.427416
vn 0.557072 0.613886 0.559298
vn 0.730147 -0.402379 -0.552247
vn 0.797252 -0.578185 -0.173467
vn 0.451054 0.891639 -0.039129
vn -0.336727 0.611106 0.716355
vn 0.557072 0.613886 0.559298
vn 0.451054 0.891639 -0.039129
vn -0.442746 0.888859 0.117928
vn -0.451053 -0.891639 0.039129
vn -0.797252 0.578185 0.173467
vn -0.730147 0.402379 0.552247
vn -0.557071 -0.613887 -0.559298
vn 0.442745 -0.888859 -0.117927
vn -0.451053 -0.891639 0.039129
vn -0.557071 -0.613887 -0.559298
vn 0.336726 -0.611106 -0.716355
vn -0.633535 -0.360123 0.684796
vn -0.843305 0.458943 -0.279656
vn -0.877133 0.014307 -0.480035
vn -0.620985 -0.195157 0.759139
vn 0.843747 -0.190601 0.501759
vn 0.660839 0.019090 -0.750285
vn 0.694666 0.463727 -0.549905
vn 0.831197 -0.355567 0.427416
vn 0.843747 -0.190601 0.501759
vn 0.831197 -0.355567 0.427416
vn -0.633535 -0.360123 0.684796
vn -0.620985 -0.195157 0.759139
vn 0.831197 -0.355567 0.427416
vn 0.694666 0.463727 -0.549905
vn 0.451054 0.891639 -0.039129
vn 0.797252 -0.578185 -0.173467
vn 0.694666 0.463727 -0.549905
vn -0.843305 0.458943 -0.279656
vn -0.442746 0.888859 0.117928
vn 0.451054 0.891639 -0.039129
vn -0.843305 0.458943 -0.279656
vn -0.633535 -0.360123 0.684796
vn -0.805126 -0.583169 0.108100
vn -0.442746 0.888859 0.117928
vn -0.633535 -0.360123 0.684796
vn 0.831197 -0.355567 0.427416
vn 0.797252 -0.578185 -0.173467
vn -0.805126 -0.583169 0.108100
vn -0.620985 -0.195157 0.759139
vn -0.877133 0.014307 -0.480035
vn -0.557071 -0.613887 -0.559298
vn -0.730147 0.402379 0.552247
vn -0.877133 0.014307 -0.480035
vn 0.660839 0.019090 -0.750285
vn 0.336726 -0.611106 -0.716355
vn -0.557071 -0.613887 -0.559298
vn 0.660839 0.019090 -0.750285
vn 0.843747 -0.190601 0.501759
vn 0.872232 0.407363 0.270680
vn 0.336726 -0.611106 -0.716355
vn 0.843747 -0.190601 0.501759
vn -0.620985 -0.195157 0.759139
vn -0.730147 0.402379 0.552247
vn 0.872232 0.407363 0.270680
vn -0.336727 0.611106 0.716355
vn -0.442746 0.888859 0.117928
vn -0.805126 -0.583169 0.108100
vn -0.872232 -0.407363 -0.270679
vn -0.872232 -0.407363 -0.270679
vn -0.805126 -0.583169 0.108100
vn 0.797252 -0.578185 -0.173467
vn 0.730147 -0.402379 -0.552247
vn 0.442745 -0.888859 -0.117927
vn 0.336726 -0.611106 -0.716355
vn 0.872232 0.407363 0.270680
vn 0.805126 0.583169 -0.108100
vn 0.805126 0.583169 -0.108100
vn 0.872232 0.407363 0.270680
vn -0.730147 0.402379 0.552247
vn -0.797252 0.578185 0.173467
vn 0.877133 -0.014307 0.480035
vn -0.660839 -0.019090 0.750285
vn 0.032810 -0.334661 0.941767
vn 0.292230 -0.333854 0.896182
vn -0.660839 -0.019090 0.750285
vn -0.694666 -0.463727 0.549905
vn 0.021200 -0.487283 0.872987
vn 0.032810 -0.334661 0.941767
vn -0.694666 -0.463727 0.549905
vn 0.843305 -0.458943 0.279656
vn 0.280618 -0.486476 0.827402
vn 0.021200 -0.487283 0.872987
vn 0.843305 -0.458943 0.279656
vn 0.877133 -0.014307 0.480035
vn 0.292230 -0.333854 0.896182
vn 0.280618 -0.486476 0.827402
vn 0.694666 0.463727 -0.549905
vn 0.660839 0.019090 -0.750285
vn -0.032811 0.334661 -0.941767
vn -0.021201 0.487283 -0.872987
vn 0.660839 0.019090 -0.750285
vn -0.877133 0.014307 -0.480035
vn -0.292229 0.333854 -0.896183
vn -0.032811 0.334661 -0.941767
vn -0.877133 0.014307 -0.480035
vn -0.843305 0.458943 -0.279656
vn -0.280617 0.486476 -0.827403
vn -0.292229 0.333854 -0.896183
vn -0.843305 0.458943 -0.279656
vn 0.694666 0.463727 -0.549905
vn -0.021201 0.487283 -0.872987
vn -0.280617 0.486476 -0.827403
vn 0.292230 -0.333854 0.896182
vn 0.032810 -0.334661 0.941767
vn 0.158661 -0.415668 0.895571
vn 0.032810 -0.334661 0.941767
vn 0.021200 -0.487283 0.872987
vn 0.158661 -0.415668 0.895571
vn 0.021200 -0.487283 0.872987
vn 0.280618 -0.486476 0.827402
vn 0.158661 -0.415668 0.895571
vn 0.280618 -0.486476 0.827402
vn 0.292230 -0.333854 0.896182
vn 0.158661 -0.415668 0.895571
vn -0.021201 0.487283 -0.872987
vn -0.032811 0.334661 -0.941767
vn -0.158661 0.415668 -0.895571
vn -0.032811 0.334661 -0.941767
vn -0.292229 0.333854 -0.896183
vn -0.158661 0.415668 -0.895571
vn -0.292229 0.333854 -0.896183
vn -0.280617 0.486476 -0.827403
vn -0.158661 0.415668 -0.895571
vn -0.280617 0.486476 -0.827403
vn -0.021201 0.487283 -0.872987
vn -0.158661 0.415668 -0.895571
vn 0.506209 0.244429 -0.827047
vn 0.504395 0.412397 -0.758626
vn -0.713303 0.013777 -0.700720
vn -0.718193 0.466507 -0.516304
vn 0.793383 -0.135261 0.593504
vn 0.795197 -0.303230 0.525084
vn -0.414755 -0.108536 0.903437
vn -0.409865 -0.561266 0.719021
vn 0.793383 -0.135261 0.593504
vn 0.504395 0.412397 -0.758626
vn 0.506209 0.244429 -0.827047
vn 0.795197 -0.303230 0.525084
vn 0.795197 -0.303230 0.525084
vn 0.370924 -0.783882 0.497940
vn -0.247809 0.570426 0.783074
vn -0.414755 -0.108536 0.903437
vn -0.414755 -0.108536 0.903437
vn -0.247809 0.570426 0.783074
vn -0.424153 0.904615 -0.042015
vn -0.718193 0.466507 -0.516304
vn -0.718193 0.466507 -0.516304
vn -0.424153 0.904615 -0.042015
vn 0.054778 -0.184757 -0.981257
vn 0.506209 0.244429 -0.827047
vn 0.506209 0.244429 -0.827047
vn 0.054778 -0.184757 -0.981257
vn 0.370924 -0.783882 0.497940
vn 0.795197 -0.303230 0.525084
vn 0.504395 0.412397 -0.758626
vn 0.043940 0.818731 -0.572493
vn -0.407627 -0.625485 -0.665289
vn -0.713303 0.013777 -0.700720
vn -0.713303 0.013777 -0.700720
vn -0.407627 -0.625485 -0.665289
vn -0.231283 -0.959673 0.159799
vn -0.409865 -0.561266 0.719021
vn -0.409865 -0.561266 0.719021
vn -0.231283 -0.959673 0.159799
vn 0.360086 0.219606 0.906703
vn 0.793383 -0.135261 0.593504
vn 0.793383 -0.135261 0.593504
vn 0.360086 0.219606 0.906703
vn 0.043940 0.818731 -0.572493
vn 0.504395 0.412397 -0.758626
vn -0.247809 0.570426 0.783074
vn 0.370924 -0.783882 0.497940
vn -0.043940 -0.818731 0.572493
vn 0.407628 0.625484 0.665289
vn -0.424153 0.904615 -0.042015
vn -0.247809 0.570426 0.783074
vn 0.407628 0.625484 0.665289
vn 0.231283 0.959673 -0.159800
vn -0.407627 -0.625485 -0.665289
vn 0.043940 0.818731 -0.572493
vn -0.370924 0.783882 -0.497940
vn 0.247809 -0.570427 -0.783073
vn -0.231283 -0.959673 0.159799
vn -0.407627 -0.625485 -0.665289
vn 0.247809 -0.570427 -0.783073
vn 0.424153 -0.904615 0.042014
vn -0.793383 0.135261 -0.593505
vn 0.409865 0.561266 -0.719021
vn 0.414755 0.108536 -0.903437
vn -0.795197 0.303230 -0.525084
vn -0.506209 -0.244429 0.827047
vn 0.718193 -0.466507 0.516304
vn 0.713303 -0.013777 0.700720
vn -0.504395 -0.412398 0.758627
vn -0.506209 -0.244429 0.827047
vn -0.504395 -0.412398 0.758627
vn -0.793383 0.135261 -0.593505
vn -0.795197 0.303230 -0.525084
vn -0.504395 -0.412398 0.758627
vn 0.713303 -0.013777 0.700720
vn 0.407628 0.625484 0.665289
vn -0.043940 -0.818731 0.572493
vn 0.713303 -0.013777 0.700720
vn 0.409865 0.561266 -0.719021
vn 0.231283 0.959673 -0.159800
vn 0.407628 0.625484 0.665289
vn 0.409865 0.561266 -0.719021
vn -0.793383 0.135261 -0.593505
vn -0.360086 -0.219606 -0.906703
vn 0.231283 0.959673 -0.159800
vn -0.793383 0.135261 -0.593505
vn -0.504395 -0.412398 0.758627
vn -0.043940 -0.818731 0.572493
vn -0.360086 -0.219606 -0.906703
vn -0.795197 0.303230 -0.525084
vn 0.414755 0.108536 -0.903437
vn 0.247809 -0.570427 -0.783073
vn -0.370924 0.783882 -0.497940
vn 0.414755 0.108536 -0.903437
vn 0.718193 -0.466507 0.516304
vn 0.424153 -0.904615 0.042014
vn 0.247809 -0.570427 -0.783073
vn 0.718193 -0.466507 0.516304
vn -0.506209 -0.244429 0.827047
vn -0.054778 0.184757 0.981256
vn 0.424153 -0.904615 0.042014
vn -0.506209 -0.244429 0.827047
vn -0.795197 0.303230 -0.525084
vn -0.370924 0.783882 -0.497940
vn -0.054778 0.184757 0.981256
vn -0.424153 0.904615 -0.042015
vn 0.231283 0.959673 -0.159800
vn -0.360086 -0.219606 -0.906703
vn 0.054778 -0.184757 -0.981257
vn 0.054778 -0.184757 -0.981257
vn -0.360086 -0.219606 -0.906703
vn -0.043940 -0.818731 0.572493
vn 0.370924 -0.783882 0.497940
vn -0.231283 -0.959673 0.159799
vn 0.424153 -0.904615 0.042014
vn -0.054778 0.184757 0.981256
vn 0.360086 0.219606 0.906703
vn 0.360086 0.219606 0.906703
vn -0.054778 0.184757 0.981256
vn -0.370924 0.783882 -0.497940
vn 0.043940 0.818731 -0.572493
vn -0.414755 -0.108536 0.903437
vn -0.718193 0.466507 -0.516304
vn -0.995285 0.044813 0.086019
vn -0.944102 -0.052184 0.325496
vn -0.718193 0.466507 -0.516304
vn -0.713303 0.013777 -0.700720
vn -0.993607 -0.110587 0.022719
vn -0.995285 0.044813 0.086019
vn -0.713303 0.013777 -0.700720
vn -0.409865 -0.561266 0.719021
vn -0.942424 -0.207583 0.262195
vn -0.993607 -0.110587 0.022719
vn -0.409865 -0.561266 0.719021
vn -0.414755 -0.108536 0.903437
vn -0.944102 -0.052184 0.325496
vn -0.942424 -0.207583 0.262195
vn 0.713303 -0.013777 0.700720
vn 0.718193 -0.466507 0.516304
vn 0.995285 -0.044812 -0.086020
vn 0.993607 0.110588 -0.022720
vn 0.718193 -0.466507 0.516304
vn 0.414755 0.108536 -0.903437
vn 0.944103 0.052184 -0.325496
vn 0.995285 -0.044812 -0.086020
vn 0.414755 0.108536 -0.903437
vn 0.409865 0.561266 -0.719021
vn 0.942424 0.207583 -0.262194
vn 0.944103 0.052184 -0.325496
vn 0.409865 0.561266 -0.719021
vn 0.713303 -0.013777 0.700720
vn 0.993607 0.110588 -0.022720
vn 0.942424 0.207583 -0.262194
vn -0.944102 -0.052184 0.325496
vn -0.995285 0.044813 0.086019
vn -0.980887 -0.082396 0.176270
vn -0.995285 0.044813 0.086019
vn -0.993607 -0.110587 0.022719
vn -0.980887 -0.082396 0.176270
vn -0.993607 -0.110587 0.022719
vn -0.942424 -0.207583 0.262195
vn -0.980887 -0.082396 0.176270
vn -0.942424 -0.207583 0.262195
vn -0.944102 -0.052184 0.325496
vn -0.980887 -0.082396 0.176270
vn 0.993607 0.110588 -0.022720
vn 0.995285 -0.044812 -0.086020
vn 0.980887 0.082396 -0.176270
vn 0.995285 -0.044812 -0.086020
vn 0.944103 0.052184 -0.325496
vn 0.980887 0.082396 -0.176270
vn 0.944103 0.052184 -0.325496
vn 0.942424 0.207583 -0.262194
vn 0.980887 0.082396 -0.176270
vn 0.942424 0.207583 -0.262194
vn 0.993607 0.110588 -0.022720
vn 0.980887 0.082396 -0.176270
vn -0.858394 0.016232 -0.512733
vn -0.860050 0.193035 -0.472284
vn -0.650311 -0.404034 0.643314
vn -0.654773 0.072507 0.752340
vn 0.598079 0.271179 -0.754164
vn 0.599735 0.094377 -0.794614
vn 0.876266 0.154558 0.456365
vn 0.880729 -0.321983 0.347339
vn 0.598079 0.271179 -0.754164
vn -0.860050 0.193035 -0.472284
vn -0.858394 0.016232 -0.512733
vn 0.599735 0.094377 -0.794614
vn 0.599735 0.094377 -0.794614
vn 0.760974 -0.439514 -0.477228
vn 0.502988 0.756652 0.417709
vn 0.876266 0.154558 0.456365
vn 0.876266 0.154558 0.456365
vn 0.502988 0.756652 0.417709
vn -0.386782 0.708967 0.589716
vn -0.654773 0.072507 0.752340
vn -0.654773 0.072507 0.752340
vn -0.386782 0.708967 0.589716
vn -0.834183 -0.525002 -0.168858
vn -0.858394 0.016232 -0.512733
vn -0.858394 0.016232 -0.512733
vn -0.834183 -0.525002 -0.168858
vn 0.760974 -0.439514 -0.477228
vn 0.599735 0.094377 -0.794614
vn -0.860050 0.193035 -0.472284
vn -0.844073 0.531263 0.072801
vn -0.371700 -0.901606 0.221238
vn -0.650311 -0.404034 0.643314
vn -0.650311 -0.404034 0.643314
vn -0.371700 -0.901606 0.221238
vn 0.518069 -0.853921 0.049232
vn 0.880729 -0.321983 0.347339
vn 0.880729 -0.321983 0.347339
vn 0.518069 -0.853921 0.049232
vn 0.751083 0.616751 -0.235569
vn 0.598079 0.271179 -0.754164
vn 0.598079 0.271179 -0.754164
vn 0.751083 0.616751 -0.235569
vn -0.844073 0.531263 0.072801
vn -0.860050 0.193035 -0.472284
vn 0.502988 0.756652 0.417709
vn 0.760974 -0.439514 -0.477228
vn 0.844073 -0.531263 -0.072801
vn 0.371701 0.901605 -0.221239
vn -0.386782 0.708967 0.589716
vn 0.502988 0.756652 0.417709
vn 0.371701 0.901605 -0.221239
vn -0.518070 0.853921 -0.049231
vn -0.371700 -0.901606 0.221238
vn -0.844073 0.531263 0.072801
vn -0.760974 0.439514 0.477228
vn -0.502987 -0.756652 -0.417709
vn 0.518069 -0.853921 0.049232
vn -0.371700 -0.901606 0.221238
vn -0.502987 -0.756652 -0.417709
vn 0.386782 -0.708968 -0.589716
vn -0.598080 -0.271179 0.754164
vn -0.880729 0.321983 -0.347339
vn -0.876266 -0.154558 -0.456365
vn -0.599735 -0.094377 0.794614
vn 0.858394 -0.016232 0.512733
vn 0.654773 -0.072507 -0.752340
vn 0.650311 0.404034 -0.643314
vn 0.860050 -0.193035 0.472283
vn 0.858394 -0.016232 0.512733
vn 0.860050 -0.193035 0.472283
vn -0.598080 -0.271179 0.754164
vn -0.599735 -0.094377 0.794614
vn 0.860050 -0.193035 0.472283
vn 0.650311 0.404034 -0.643314
vn 0.371701 0.901605 -0.221239
vn 0.844073 -0.531263 -0.072801
vn 0.650311 0.404034 -0.643314
vn -0.880729 0.321983 -0.347339
vn -0.518070 0.853921 -0.049231
vn 0.371701 0.901605 -0.221239
vn -0.880729 0.321983 -0.347339
vn -0.598080 -0.271179 0.754164
vn -0.751083 -0.616751 0.235569
vn -0.518070 0.853921 -0.049231
vn -0.598080 -0.271179 0.754164
vn 0.860050 -0.193035 0.472283
vn 0.844073 -0.531263 -0.072801
vn -0.751083 -0.616751 0.235569
vn -0.599735 -0.094377 0.794614
vn -0.876266 -0.154558 -0.456365
vn -0.502987 -0.756652 -0.417709
vn -0.760974 0.439514 0.477228
vn -0.876266 -0.154558 -0.456365
vn 0.654773 -0.072507 -0.752340
vn 0.386782 -0.708968 -0.589716
vn -0.502987 -0.756652 -0.417709
vn 0.654773 -0.072507 -0.752340
vn 0.858394 -0.016232 0.512733
vn 0.834182 0.525002 0.168859
vn 0.386782 -0.708968 -0.589716
vn 0.858394 -0.016232 0.512733
vn -0.599735 -0.094377 0.794614
vn -0.760974 0.439514 0.477228
vn 0.834182 0.525002 0.168859
vn -0.386782 0.708967 0.589716
vn -0.518070 0.853921 -0.049231
vn -0.751083 -0.616751 0.235569
vn -0.834183 -0.525002 -0.168858
vn -0.834183 -0.525002 -0.168858
vn -0.751083 -0.616751 0.235569
vn 0.844073 -0.531263 -0.072801
vn 0.760974 -0.439514 -0.477228
vn 0.518069 -0.853921 0.049232
vn 0.386782 -0.708968 -0.589716
vn 0.834182 0.525002 0.168859
vn 0.751083 0.616751 -0.235569
vn 0.751083 0.616751 -0.235569
vn 0.834182 0.525002 0.168859
vn -0.760974 0.439514 0.477228
vn -0.844073 0.531263 0.072801
vn 0.876266 0.154558 0.456365
vn -0.654773 0.072507 0.752340
vn 0.064175 -0.139401 0.988154
vn 0.322426 -0.125561 0.938230
vn -0.654773 0.072507 0.752340
vn -0.650311 -0.404034 0.643314
vn 0.065708 -0.302974 0.950731
vn 0.064175 -0.139401 0.988154
vn -0.650311 -0.404034 0.643314
vn 0.880729 -0.321983 0.347339
vn 0.323957 -0.289134 0.900807
vn 0.065708 -0.302974 0.950731
vn 0.880729 -0.321983 0.347339
vn 0.876266 0.154558 0.456365
vn 0.322426 -0.125561 0.938230
vn 0.323957 -0.289134 0.900807
vn 0.650311 0.404034 -0.643314
vn 0.654773 -0.072507 -0.752340
vn -0.064176 0.139401 -0.988154
vn -0.065709 0.302974 -0.950731
vn 0.654773 -0.072507 -0.752340
vn -0.876266 -0.154558 -0.456365
vn -0.322425 0.125561 -0.938231
vn -0.064176 0.139401 -0.988154
vn -0.876266 -0.154558 -0.456365
vn -0.880729 0.321983 -0.347339
vn -0.323956 0.289134 -0.900808
vn -0.322425 0.125561 -0.938231
vn -0.880729 0.321983 -0.347339
vn 0.650311 0.404034 -0.643314
vn -0.065709 0.302974 -0.950731
vn -0.323956 0.289134 -0.900808
vn 0.322426 -0.125561 0.938230
vn 0.064175 -0.139401 0.988154
vn 0.196477 -0.216928 0.956211
vn 0.064175 -0.139401 0.988154
vn 0.065708 -0.302974 0.950731
vn 0.196477 -0.216928 0.956211
vn 0.065708 -0.302974 0.950731
vn 0.323957 -0.289134 0.900807
vn 0.196477 -0.216928 0.956211
vn 0.323957 -0.289134 0.900807
vn 0.322426 -0.125561 0.938230
vn 0.196477 -0.216928 0.956211
vn -0.065709 0.302974 -0.950731
vn -0.064176 0.139401 -0.988154
vn -0.196477 0.216928 -0.956211
vn -0.064176 0.139401 -0.988154
vn -0.322425 0.125561 -0.938231
vn -0.196477 0.216928 -0.956211
vn -0.322425 0.125561 -0.938231
vn -0.323956 0.289134 -0.900808
vn -0.196477 0.216928 -0.956211
vn -0.323956 0.289134 -0.900808
vn -0.065709 0.302974 -0.950731
vn -0.196477 0.216928 -0.956211
v 3.237437 0.862116 0.272970
v 3.300428 0.867604 0.227123
v 3.330466 0.873668 0.174521
v 3.348954 0.876172 0.144075
v 3.364306 0.880581 0.109380
v 3.389195 0.884715 0.057248
v 3.364866 0.882007 0.044560
v 3.339892 0.877479 0.029319
v 3.292854 0.869815 0.007896
v 3.226000 0.860019 -0.017999
v 3.213133 0.859941 0.076303
v 3.197865 0.859279 0.135130
v 3.177523 0.858433 0.206933
v 3.179398 0.857967 0.303986
v 3.129011 0.779088 0.385264
v 3.237490 0.781105 0.394281
v 3.369501 0.782658 0.375145
v 3.540030 0.774961 0.271159
v 3.545289 0.776425 0.072277
v 3.525091 0.779075 -0.079645
v 3.358485 0.765926 -0.178076
v 3.253115 0.763105 -0.215608
v 3.145903 0.760473 -0.245868
v 3.026928 0.759616 -0.210483
v 2.894271 0.760006 -0.126083
v 2.736631 0.762524 0.042849
v 2.763472 0.770079 0.280852
v 2.943382 0.775815 0.375745
v 2.975962 0.605756 0.506792
v 3.166905 0.609581 0.539455
v 3.365594 0.620485 0.527634
v 3.650333 0.609554 0.413957
v 3.703921 0.614210 0.033747
v 3.663777 0.617313 -0.267283
v 3.373138 0.609723 -0.341317
v 3.143544 0.613031 -0.359741
v 2.989969 0.613555 -0.370493
v 2.860794 0.621001 -0.358638
v 2.551198 0.628167 -0.297367
v 2.143919 0.595817 -0.035949
v 2.419823 0.605668 0.382460
v 2.743994 0.611139 0.442613
v 2.887796 0.443743 0.586639
v 3.140229 0.452393 0.595561
v 3.437065 0.458868 0.650782
v 3.764510 0.460800 0.447012
v 3.873632 0.454124 0.007184
v 3.762813 0.461029 -0.337543
v 3.425574 0.433736 -0.400850
v 3.147160 0.432458 -0.423689
v 2.944595 0.424066 -0.416384
v 2.703620 0.432676 -0.443237
v 2.380094 0.418061 -0.447771
v 1.913108 0.408167 -0.059136
v 2.204082 0.432084 0.427002
v 2.638066 0.441869 0.523934
v 2.897062 0.298444 0.697097
v 3.130999 0.301116 0.699278
v 3.470215 0.305388 0.711778
v 3.836234 0.315491 0.524196
v 3.993229 0.312460 0.004680
v 3.877483 0.308370 -0.384078
v 3.527198 0.284900 -0.495013
v 3.263127 0.277239 -0.553466
v 2.914672 0.284423 -0.568558
v 2.682235 0.280264 -0.532334
v 2.260015 0.272431 -0.490362
v 1.813092 0.268564 -0.070669
v 2.050166 0.279676 0.475019
v 2.547310 0.290562 0.566426
v 2.892501 0.000239 0.789736
v 3.191707 0.000054 0.823130
v 3.538723 0.000107 0.824408
v 3.930743 -0.000030 0.629876
v 4.102416 -0.000194 0.029323
v 3.924278 -0.000219 -0.419458
v 3.651794 -0.000098 -0.552076
v 3.252425 -0.000021 -0.538054
v 2.969924 0.000000 -0.517453
v 2.699559 -0.000032 -0.530868
v 2.344809 0.000084 -0.551249
v 1.737837 0.000098 -0.056488
v 2.076768 0.000174 0.496521
v 2.512342 -0.000012 0.587321
v 2.904716 0.544948 0.545623
v 3.136912 0.545773 0.562836
v 3.393988 0.551698 0.593370
v 3.702067 0.558553 0.431827
v 3.771636 0.549510 0.016853
v 3.717169 0.561898 -0.308823
v 3.411573 0.542745 -0.410306
v 3.148285 0.534655 -0.394534
v 2.963762 0.531445 -0.420472
v 2.758204 0.543060 -0.430579
v 2.450690 0.556466 -0.423879
v 2.038991 0.525991 -0.027088
v 2.315425 0.536052 0.419680
v 2.696071 0.538200 0.482490
v 3.205823 0.859590 0.105376
v 2.817889 0.757629 -0.038497
v 2.328462 0.616023 -0.229058
v 2.086250 0.374683 -0.359541
v 1.893697 0.273106 -0.482808
v 1.801183 0.000095 -0.577326
v 2.212466 0.529992 -0.274832
v 3.187680 0.858914 0.171029
v 2.738153 0.792899 0.140552
v 2.197463 0.613106 0.239962
v 1.996296 0.412495 0.256208
v 1.811583 0.267516 0.336519
v 1.706645 0.000170 0.414645
v 2.107889 0.525747 0.256110
v 3.056763 0.710338 0.437413
v 3.187449 0.709745 0.446280
v 3.358629 0.716425 0.458574
v 3.568829 0.715564 0.325413
v 3.607048 0.711061 0.050802
v 3.579826 0.715895 -0.173611
v 3.368155 0.709121 -0.270384
v 3.201168 0.697036 -0.287929
v 3.081175 0.692950 -0.299937
v 2.934795 0.694153 -0.303506
v 2.707359 0.693746 -0.240215
v 2.420696 0.712885 -0.004108
v 2.606113 0.694852 0.305046
v 2.852619 0.702590 0.395053
v 2.575113 0.714941 -0.129298
v 2.491482 0.727505 0.190742
v 2.291990 0.624857 0.216888
v 3.014520 0.625573 0.473718
v 3.171402 0.625516 0.512897
v 3.367374 0.640124 0.502027
v 3.618186 0.634357 0.367473
v 3.662464 0.634875 0.035821
v 3.613509 0.649779 -0.250435
v 3.371018 0.643807 -0.295782
v 3.157589 0.642929 -0.315738
v 3.027028 0.643229 -0.328671
v 2.886175 0.648946 -0.329742
v 2.616076 0.650926 -0.282497
v 2.230836 0.610551 -0.013699
v 2.512110 0.624961 0.353339
v 2.778243 0.625934 0.414963
v 2.379140 0.632685 -0.196947
v 2.866130 0.178311 0.805178
v 3.143608 0.177266 0.809567
v 3.485191 0.194620 0.812207
v 3.901666 0.182662 0.597576
v 4.093428 0.182802 0.008716
v 3.901040 0.168367 -0.409768
v 3.598344 0.166246 -0.569324
v 3.266528 0.157760 -0.559357
v 2.942453 0.162257 -0.531316
v 2.688835 0.156290 -0.505120
v 2.302700 0.158157 -0.519503
v 1.766938 0.137561 -0.065939
v 2.067839 0.163371 0.460390
v 2.531765 0.162983 0.562588
v 1.810276 0.140694 -0.551383
v 1.738424 0.167324 0.378178
v 0.149199 0.862116 -3.220931
v 0.096094 0.867604 -3.277937
v 0.040256 0.873668 -3.301416
v 0.007802 0.876172 -3.316100
v -0.028490 0.880581 -3.327158
v -0.083242 0.884715 -3.345582
v -0.092904 0.882007 -3.319901
v -0.105025 0.877479 -3.293272
v -0.120622 0.869815 -3.243995
v -0.138270 0.860019 -3.174507
v -0.043105 0.859941 -3.173101
v 0.017133 0.859279 -3.165034
v 0.090865 0.858433 -3.153494
v 0.186984 0.857967 -3.167053
v 0.273743 0.779088 -3.126830
v 0.269619 0.781105 -3.235605
v 0.234712 0.782658 -3.364347
v 0.110931 0.774961 -3.521100
v -0.087136 0.776425 -3.502350
v -0.235515 0.779075 -3.463988
v -0.313148 0.765926 -3.286733
v -0.337707 0.763105 -3.177607
v -0.354824 0.760473 -3.067530
v -0.305358 0.759616 -2.953687
v -0.205584 0.760006 -2.832170
v -0.018883 0.762524 -2.696040
v 0.214150 0.770079 -2.751371
v 0.286667 0.775815 -2.941407
v 0.412831 0.605756 -2.989544
v 0.422242 0.609581 -3.183032
v 0.386560 0.620485 -3.378848
v 0.239392 0.609554 -3.647810
v -0.144504 0.614210 -3.655181
v -0.438501 0.617313 -3.579048
v -0.476965 0.609723 -3.281604
v -0.467583 0.613031 -3.051464
v -0.459747 0.613555 -2.897712
v -0.432409 0.621001 -2.770908
v -0.334270 0.628167 -2.470953
v -0.025669 0.581008 -2.098151
v 0.356436 0.605668 -2.422474
v 0.377079 0.611139 -2.751532
v 0.502723 0.443743 -2.911644
v 0.481155 0.452393 -3.163313
v 0.500196 0.458868 -3.464641
v 0.258445 0.460800 -3.765138
v -0.191329 0.454124 -3.820453
v -0.520185 0.461029 -3.668893
v -0.542385 0.433736 -3.326482
v -0.531501 0.432458 -3.047345
v -0.499834 0.424066 -2.847137
v -0.497447 0.432676 -2.604683
v -0.462954 0.418061 -2.282968
v -0.020867 0.408167 -1.866228
v 0.426657 0.432084 -2.213675
v 0.470574 0.441869 -2.656177
v 0.611259 0.298444 -2.934156
v 0.585228 0.301116 -3.166651
v 0.556752 0.305388 -3.504901
v 0.326421 0.315491 -3.845642
v -0.208229 0.312460 -3.938877
v -0.580203 0.308370 -3.777118
v -0.648110 0.284900 -3.416016
v -0.674309 0.277239 -3.146825
v -0.647292 0.284423 -2.799092
v -0.583317 0.280264 -2.572715
v -0.490762 0.272431 -2.158632
v -0.020262 0.268564 -1.765551
v 0.492874 0.279676 -2.066668
v 0.523695 0.290562 -2.571204
v 0.703773 0.000239 -2.940794
v 0.700860 0.000054 -3.241843
v 0.660304 0.000107 -3.586484
v 0.419941 -0.000030 -3.952200
v -0.196926 -0.000194 -4.050238
v -0.620965 -0.000219 -3.819309
v -0.719774 -0.000098 -3.532827
v -0.657719 -0.000021 -3.138059
v -0.603219 0.000000 -2.860100
v -0.583950 -0.000032 -2.590089
v -0.561425 0.000084 -2.235469
v 0.002887 0.000098 -1.692554
v 0.511013 0.000174 -2.095668
v 0.548652 -0.000012 -2.539010
v 0.459966 0.544948 -2.923498
v 0.449068 0.545773 -3.156076
v 0.448395 0.551698 -3.414958
v 0.250897 0.558553 -3.701320
v -0.169436 0.549510 -3.720367
v -0.486174 0.561898 -3.627044
v -0.550084 0.542745 -3.311444
v -0.502694 0.534655 -3.051976
v -0.506203 0.531445 -2.865672
v -0.491460 0.543060 -2.660395
v -0.447745 0.556466 -2.355929
v -0.004226 0.525991 -1.995056
v 0.405967 0.536052 -2.323323
v 0.422441 0.538200 -2.708765
v -0.013363 0.859590 -3.169347
v -0.109430 0.757629 -2.766901
v -0.239613 0.616023 -2.258074
v -0.339951 0.374683 -2.001901
v -0.439111 0.273106 -1.795895
v -0.521789 0.000095 -1.692664
v -0.271072 0.529992 -2.137407
v 0.053998 0.858914 -3.159250
v 0.077924 0.792899 -2.709326
v 0.241777 0.613106 -2.184561
v 0.282151 0.412495 -1.986817
v 0.384139 0.267516 -1.813130
v 0.474344 0.000170 -1.718375
v 0.268604 0.525747 -2.097585
v 0.334220 0.710338 -3.061394
v 0.327270 0.709745 -3.192195
v 0.318843 0.716425 -3.363610
v 0.161317 0.715564 -3.556228
v -0.115897 0.711061 -3.561069
v -0.335394 0.715895 -3.506999
v -0.405949 0.709121 -3.285207
v -0.403240 0.697036 -3.117322
v -0.400698 0.692950 -2.996757
v -0.386598 0.694153 -2.851014
v -0.296356 0.693746 -2.632864
v -0.027419 0.712885 -2.376748
v 0.257134 0.694852 -2.598075
v 0.316773 0.702590 -2.853632
v -0.170308 0.714941 -2.514951
v 0.157479 0.727505 -2.470503
v 0.207479 0.624857 -2.275616
v 0.375351 0.625573 -3.023834
v 0.395336 0.625516 -3.184295
v 0.360925 0.640124 -3.377528
v 0.197123 0.634357 -3.610295
v -0.137449 0.634875 -3.614276
v -0.415718 0.649779 -3.531176
v -0.431507 0.643807 -3.284988
v -0.425593 0.642929 -3.070709
v -0.422696 0.643229 -2.939542
v -0.406782 0.648946 -2.799586
v -0.327327 0.650926 -2.537151
v -0.014057 0.595743 -2.187116
v 0.316404 0.624961 -2.510578
v 0.345503 0.625934 -2.782199
v -0.213844 0.632685 -2.312253
v 0.722280 0.178311 -2.916477
v 0.693194 0.177266 -3.192461
v 0.654643 0.194620 -3.531872
v 0.391381 0.182662 -3.919441
v -0.216299 0.182802 -4.038832
v -0.608545 0.168367 -3.797407
v -0.730454 0.166246 -3.477687
v -0.680567 0.157760 -3.149492
v -0.613670 0.162257 -2.831158
v -0.557097 0.156290 -2.582547
v -0.524835 0.158157 -2.197493
v -0.010003 0.137561 -1.720304
v 0.476222 0.163371 -2.082449
v 0.521759 0.162983 -2.555310
v -0.497132 0.140694 -1.704817
v 0.434313 0.167324 -1.745526
v -0.177813 0.862116 3.203382
v -0.126461 0.867604 3.261972
v -0.071360 0.873668 3.287133
v -0.039367 0.876172 3.302795
v -0.003427 0.880581 3.314949
v 0.050741 0.884715 3.335024
v 0.061178 0.882007 3.309649
v 0.074100 0.877479 3.283399
v 0.091184 0.869815 3.234618
v 0.110932 0.860019 3.165697
v 0.015853 0.859941 3.161405
v -0.044113 0.859279 3.151516
v -0.117461 0.858433 3.137745
v -0.213947 0.857967 3.148383
v -0.299446 0.779088 3.105547
v -0.298622 0.781105 3.214397
v -0.267635 0.782658 3.344139
v -0.148665 0.774961 3.504573
v 0.049879 0.776425 3.491838
v 0.199354 0.779075 3.457994
v 0.282326 0.765926 3.283174
v 0.310183 0.763105 3.174844
v 0.330630 0.760473 3.065336
v 0.284639 0.759616 2.950046
v 0.188596 0.760006 2.825558
v 0.006109 0.762524 2.683829
v -0.228494 0.770079 2.732069
v -0.306741 0.775815 2.919817
v -0.434307 0.605756 2.964107
v -0.449581 0.609581 3.157220
v -0.419854 0.620485 3.354028
v -0.280910 0.609554 3.627329
v 0.102587 0.614210 3.646339
v 0.398757 0.617313 3.579156
v 0.446223 0.609723 3.283015
v 0.443825 0.613031 3.052696
v 0.440654 0.613555 2.898778
v 0.417174 0.621001 2.771203
v 0.328177 0.628167 2.468410
v 0.031023 0.575617 2.086421
v -0.360741 0.605668 2.399008
v -0.391353 0.611139 2.727289
v -0.521795 0.443743 2.883517
v -0.507869 0.452393 3.135724
v -0.536039 0.458868 3.436336
v -0.303512 0.460800 3.744026
v 0.144378 0.454124 3.812955
v 0.477679 0.461029 3.671438
v 0.510252 0.433736 3.329857
v 0.507838 0.432458 3.050518
v 0.482257 0.424066 2.849442
v 0.487224 0.432676 2.607027
v 0.462503 0.418061 2.284414
v 0.033257 0.408167 1.854459
v -0.424598 0.432084 2.188175
v -0.481914 0.441869 2.629143
v -0.630963 0.298444 2.902727
v -0.611995 0.301116 3.135904
v -0.593789 0.305388 3.474862
v -0.373898 0.315491 3.822431
v 0.157679 0.312460 3.931837
v 0.534387 0.308370 3.781432
v 0.613213 0.284900 3.422556
v 0.647564 0.277239 3.154283
v 0.631104 0.284423 2.805890
v 0.574023 0.280264 2.577678
v 0.494068 0.272431 2.160978
v 0.035704 0.268564 1.753810
v -0.486327 0.279676 2.039228
v -0.532434 0.290562 2.542598
v -0.723636 0.000239 2.906556
v -0.729854 0.000054 3.207556
v -0.699768 0.000107 3.553268
v -0.470606 -0.000030 3.926105
v 0.143004 -0.000194 4.042804
v 0.573851 -0.000219 3.824840
v 0.681303 -0.000098 3.541486
v 0.631247 -0.000021 3.145018
v 0.585201 0.000000 2.865534
v 0.574129 -0.000032 2.595063
v 0.562368 0.000084 2.239923
v 0.014780 0.000098 1.680145
v -0.505337 0.000174 2.067664
v -0.556403 -0.000012 2.509661
v -0.479417 0.544948 2.896662
v -0.475577 0.545773 3.129463
v -0.482755 0.551698 3.388247
v -0.294032 0.558553 3.680466
v 0.125530 0.549510 3.712251
v 0.444952 0.561898 3.628575
v 0.518404 0.542745 3.315059
v 0.478904 0.534655 3.054274
v 0.488061 0.531445 2.868161
v 0.479550 0.543060 2.662531
v 0.445088 0.556466 2.356880
v 0.012716 0.525991 1.982724
v -0.407243 0.536052 2.298400
v -0.435398 0.538200 2.683165
v -0.013761 0.859590 3.156752
v 0.094466 0.757629 2.757404
v 0.240019 0.616023 2.252759
v 0.348079 0.374683 1.999746
v 0.453441 0.273106 1.796842
v 0.539212 0.000095 1.696165
v 0.275123 0.529992 2.133101
v -0.080785 0.858914 3.144616
v -0.091056 0.792899 2.694174
v -0.238920 0.613106 2.164680
v -0.273279 0.412495 1.965804
v -0.369953 0.267516 1.789104
v -0.457244 0.000170 1.691657
v -0.263097 0.525747 2.076932
v -0.357911 0.710338 3.038307
v -0.354931 0.709745 3.169260
v -0.351706 0.716425 3.340851
v -0.200093 0.715564 3.538157
v 0.076847 0.711061 3.551403
v 0.297882 0.715895 3.504013
v 0.375131 0.709121 3.284463
v 0.377514 0.697036 3.116574
v 0.378629 0.692950 2.995987
v 0.368955 0.694153 2.849883
v 0.285371 0.693746 2.629097
v 0.024324 0.712885 2.364943
v -0.266810 0.694852 2.577539
v -0.334171 0.702590 2.831171
v 0.162956 0.714941 2.507415
v -0.163332 0.727505 2.453048
v -0.207399 0.624857 2.256735
v -0.397884 0.625573 2.999518
v -0.422726 0.625516 3.159299
v -0.394190 0.640124 3.353487
v -0.237522 0.634357 3.591113
v 0.096775 0.634875 3.605239
v 0.377436 0.649779 3.530616
v 0.400684 0.643807 3.285019
v 0.401271 0.642929 3.070660
v 0.402352 0.643229 2.939465
v 0.390690 0.648946 2.799091
v 0.319230 0.650926 2.534367
v 0.016719 0.590351 2.174993
v -0.323399 0.624961 2.488285
v -0.360721 0.625934 2.758898
v 0.212618 0.632685 2.306132
v -0.741398 0.178311 2.881689
v -0.720694 0.177266 3.158428
v -0.692454 0.194620 3.498852
v -0.441066 0.182662 3.894227
v 0.162714 0.182802 4.031990
v 0.562101 0.168367 3.802572
v 0.693649 0.166246 3.486696
v 0.653738 0.157760 3.157138
v 0.596525 0.162257 2.836922
v 0.547518 0.156290 2.586710
v 0.526947 0.158157 2.200854
v 0.026823 0.137561 1.708273
v -0.470161 0.163371 2.055507
v -0.530017 0.162983 2.526769
v 0.514197 0.140694 1.707565
v -0.418054 0.167324 1.720010
v -3.244069 0.862116 -0.157007
v -3.300663 0.867604 -0.103463
v -3.323709 0.873668 -0.047444
v -3.338142 0.876172 -0.014879
v -3.348919 0.880581 0.021498
v -3.366919 0.884715 0.076391
v -3.341164 0.882007 0.085854
v -3.314442 0.877479 0.097768
v -3.265047 0.869815 0.112984
v -3.195424 0.860019 0.130095
v -3.194753 0.859941 0.034921
v -3.187153 0.859279 -0.025378
v -3.176184 0.858433 -0.099197
v -3.190486 0.857967 -0.195208
v -3.150934 0.779088 -0.282275
v -3.259674 0.781105 -0.277310
v -3.388143 0.782658 -0.241408
v -3.543933 0.774961 -0.116418
v -3.523652 0.776425 0.081497
v -3.484144 0.779075 0.229576
v -3.306294 0.765926 0.305835
v -3.196981 0.763105 0.329549
v -3.086775 0.760473 0.345815
v -2.973318 0.759616 0.295469
v -2.852576 0.760006 0.194758
v -2.717894 0.762524 0.007010
v -2.775026 0.770079 -0.225587
v -2.965617 0.775815 -0.296633
v -3.014728 0.605756 -0.422421
v -3.208283 0.609581 -0.430335
v -3.403817 0.620485 -0.393140
v -3.671633 0.609554 -0.243896
v -3.676036 0.614210 0.140046
v -3.597630 0.617313 0.433445
v -3.299898 0.609723 0.469607
v -3.069837 0.613031 0.458446
v -2.916150 0.613555 0.449420
v -2.789562 0.621001 0.421102
v -2.490375 0.628167 0.320647
v -2.112772 0.607416 0.017056
v -2.447239 0.605668 -0.370413
v -2.776447 0.611139 -0.388511
v -2.937526 0.443743 -0.512913
v -3.189021 0.452393 -0.489399
v -3.490487 0.458868 -0.506109
v -3.789105 0.460800 -0.262041
v -3.840940 0.454124 0.188147
v -3.686841 0.461029 0.515822
v -3.344269 0.433736 0.535372
v -3.065224 0.432458 0.522330
v -2.865268 0.424066 0.489115
v -2.622838 0.432676 0.484853
v -2.301400 0.418061 0.447873
v -1.888092 0.408167 0.002577
v -2.238989 0.432084 -0.442247
v -2.681818 0.441869 -0.482741
v -2.960877 0.298444 -0.621271
v -3.193163 0.301116 -0.593443
v -3.531183 0.305388 -0.562351
v -3.870132 0.315491 -0.329393
v -3.959230 0.312460 0.205963
v -3.778620 0.308370 0.545226
v -3.432982 0.284900 0.641786
v -3.163597 0.277239 0.665903
v -2.816083 0.284423 0.636197
v -2.590208 0.280264 0.570473
v -2.176853 0.272431 0.474719
v -1.787423 0.268564 0.001192
v -2.092499 0.279676 -0.509599
v -2.597259 0.290562 -0.536517
v -2.968230 0.000239 -0.713731
v -3.269248 0.000054 -0.708490
v -3.613565 0.000107 -0.665270
v -3.977411 -0.000030 -0.422085
v -4.070675 -0.000194 0.195521
v -3.935498 -0.000220 0.641413
v -3.549235 -0.000098 0.714353
v -3.154960 -0.000021 0.649245
v -2.877430 0.000000 0.592597
v -2.607577 -0.000032 0.571241
v -2.253141 0.000084 0.545974
v -1.714607 0.000098 -0.022520
v -2.121638 0.000174 -0.527514
v -2.565258 -0.000012 -0.561722
v -2.949049 0.544948 -0.470066
v -3.181535 0.545773 -0.457368
v -3.440405 0.551698 -0.454694
v -3.725231 0.558553 -0.254987
v -3.741026 0.549510 0.165481
v -3.645256 0.561898 0.481488
v -3.329171 0.542745 0.542955
v -3.070078 0.534655 0.493559
v -2.883752 0.531445 0.495627
v -2.678595 0.543060 0.479298
v -2.374477 0.556466 0.433229
v -2.017045 0.525991 -0.013068
v -2.348475 0.536052 -0.420710
v -2.734032 0.538200 -0.434203
v -3.191230 0.859590 0.005151
v -2.788053 0.757629 0.098103
v -2.278235 0.616023 0.224346
v -2.021293 0.374683 0.322700
v -1.814526 0.273106 0.420264
v -1.710658 0.000095 0.502141
v -2.157328 0.529992 0.254872
v -3.181654 0.858914 -0.062286
v -2.731929 0.792899 -0.089691
v -2.208446 0.613106 -0.257598
v -2.011021 0.412495 -0.299500
v -1.838128 0.267516 -0.402828
v -1.744073 0.000170 -0.493764
v -2.121681 0.525747 -0.285097
v -3.085968 0.710338 -0.343256
v -3.216712 0.709745 -0.335295
v -3.388057 0.716425 -0.325543
v -3.579450 0.715564 -0.166532
v -3.582148 0.711061 0.110712
v -3.526381 0.715895 0.329784
v -3.304050 0.709121 0.398621
v -3.136191 0.697036 0.394614
v -3.015650 0.692950 0.391140
v -2.870019 0.694153 0.375912
v -2.652574 0.693746 0.283987
v -2.398546 0.712885 0.013077
v -2.622067 0.694852 -0.269756
v -2.878078 0.702590 -0.327417
v -2.535639 0.714941 0.157030
v -2.493728 0.727505 -0.171091
v -2.299234 0.624857 -0.222596
v -3.048728 0.625573 -0.384677
v -3.209339 0.625516 -0.403420
v -3.402300 0.640124 -0.367516
v -3.633792 0.634357 -0.201918
v -3.635186 0.634875 0.132674
v -3.549937 0.649779 0.410292
v -3.303633 0.643807 0.424177
v -3.089407 0.642929 0.416606
v -2.958266 0.643229 0.412695
v -2.818437 0.648946 0.395699
v -2.556624 0.650926 0.314216
v -2.201824 0.622150 0.006132
v -2.535031 0.624961 -0.329701
v -2.806869 0.625934 -0.356698
v -2.332611 0.632685 0.198997
v -2.944057 0.178311 -0.732426
v -3.219808 0.177266 -0.701206
v -3.558910 0.194620 -0.660031
v -3.944432 0.182662 -0.393780
v -4.059119 0.182802 0.214805
v -3.861689 0.168367 0.603909
v -3.494015 0.166246 0.724605
v -3.166215 0.157760 0.672181
v -2.848408 0.162257 0.602824
v -2.600242 0.156290 0.544331
v -2.215449 0.158157 0.509091
v -1.742256 0.137561 -0.009416
v -2.108151 0.163371 -0.492825
v -2.581350 0.162983 -0.534704
v -1.723002 0.140694 0.477579
v -1.770914 0.167324 -0.453524
v 0.767461 0.630863 2.370048
v 0.626963 0.584666 1.975540
v 0.777283 0.590077 2.395242
v 0.779588 0.256138 2.400274
v 1.503124 0.576629 2.046801
v 1.484591 0.621135 2.019293
v 1.204363 0.582481 1.676895
v 1.509166 0.256550 2.053984
v 2.026551 0.625549 1.453511
v 2.067615 0.577617 1.482046
v 2.080003 0.256481 1.484425
v 1.672007 0.586014 1.185742
v 2.405258 0.256599 0.810209
v 2.370942 0.622886 0.795212
v 2.398035 0.554113 0.811888
v 1.981459 0.584503 0.637153
v 2.541525 0.548221 -0.000374
v 2.540134 0.256173 -0.002982
v 2.512212 0.614648 -0.002944
v 2.084593 0.577649 -0.002354
v 0.007650 0.614648 2.495807
v 0.007730 0.560323 2.522859
v 0.007722 0.256173 2.523782
v 0.006293 0.577649 2.067548
v 2.389930 0.630863 -0.741253
v 1.965134 0.584666 -0.613753
v 2.417902 0.590077 -0.751089
v 2.423487 0.256138 -0.753398
v 2.046801 0.576629 -1.503124
v 2.019293 0.621135 -1.484591
v 1.676895 0.582481 -1.204363
v 2.053984 0.256550 -1.509166
v 1.446917 0.625549 -2.019938
v 1.475452 0.577617 -2.061002
v 1.477831 0.256481 -2.073390
v 1.185742 0.586014 -1.672007
v 0.810209 0.256599 -2.405258
v 0.795212 0.622886 -2.370942
v 0.811888 0.554113 -2.398035
v 0.637153 0.584503 -1.981459
v -0.007866 0.560323 -2.529345
v -0.007879 0.256173 -2.530372
v -0.007771 0.614648 -2.501785
v -0.006338 0.577649 -2.066160
v -0.776879 0.630863 -2.380550
v -0.634459 0.584666 -1.943113
v -0.786823 0.590077 -2.408484
v -0.789153 0.256138 -2.414060
v -1.511035 0.576629 -2.040968
v -1.492396 0.621135 -2.013531
v -1.210845 0.582481 -1.672221
v -1.517105 0.256550 -2.048128
v -2.032163 0.625549 -1.445657
v -2.073336 0.577617 -1.474033
v -2.085733 0.256481 -1.476363
v -1.676584 0.586014 -1.179261
v -2.408376 0.256599 -0.800892
v -2.374002 0.622886 -0.786029
v -2.401160 0.554113 -0.802600
v -1.983911 0.584503 -0.629479
v -2.541505 0.548221 0.010212
v -2.540103 0.256173 0.012814
v -2.512182 0.614648 0.012668
v -2.084568 0.577649 0.010423
v -2.387043 0.630863 0.750498
v -1.962744 0.584666 0.621355
v -2.414976 0.590077 0.760443
v -2.420553 0.256138 0.762773
v -2.040968 0.576629 1.511035
v -2.013531 0.621135 1.492396
v -1.672221 0.582481 1.210845
v -2.048128 0.256550 1.517105
v -1.439088 0.625549 2.025524
v -1.467463 0.577617 2.066698
v -1.469794 0.256481 2.079095
v -1.179261 0.586014 1.676584
v -0.800892 0.256599 2.408376
v -0.786029 0.622886 2.374002
v -0.802600 0.554113 2.401160
v -0.629479 0.584503 1.983911
v 1.274847 0.629872 1.763017
v 0.662302 0.633954 2.074768
v 0.006634 0.624624 2.175265
v -0.668855 0.631825 2.082028
v -1.244614 0.633626 1.764352
v -1.758069 0.629872 1.281662
v -2.069466 0.633954 0.653837
v -2.192124 0.624624 0.010987
v -2.082028 0.631825 -0.668855
v -1.766021 0.633626 -1.246266
v -1.281662 0.629872 -1.758069
v -0.670281 0.633954 -2.053139
v -0.006698 0.624624 -2.175731
v 0.676909 0.631825 -2.079424
v 1.251434 0.633626 -1.759520
v 1.763017 0.629872 -1.274847
v 2.071981 0.633954 -0.645822
v 2.192150 0.624624 -0.002502
v 2.079424 0.631825 0.676909
v 1.761184 0.633626 1.253093
v -2.205275 0.613598 0.011579
v 0.011579 0.613598 2.205275
v 0.000000 0.613598 0.000000
v -2.075198 0.613615 0.656954
v -1.768029 0.613609 1.280219
v -1.246826 0.613615 1.772643
v -0.665544 0.613615 2.097577
v 2.205275 0.613598 -0.011579
v 0.656954 0.613615 2.075198
v 1.280219 0.613609 1.768029
v 1.772643 0.613615 1.246826
v 2.097577 0.613615 0.665544
v -0.011579 0.613598 -2.205275
v 2.075198 0.613615 -0.656954
v 1.768029 0.613609 -1.280219
v 1.246826 0.613615 -1.772643
v 0.665544 0.613615 -2.097577
v -0.656954 0.613615 -2.075198
v -1.280219 0.613609 -1.768029
v -1.772643 0.613615 -1.246826
v -2.097577 0.613615 -0.665544
v -2.348879 0.362149 1.698875
v -1.962463 0.316483 1.401973
v -2.373253 0.321831 1.718776
v -2.377997 -0.008262 1.723132
v -1.727416 0.308538 2.397501
v -1.703602 0.352532 2.367127
v -1.424944 0.314323 1.934201
v -1.733203 -0.007855 2.406764
v -0.883035 0.356896 2.764401
v -0.899913 0.309515 2.820087
v -0.898107 -0.007923 2.834655
v -0.713627 0.317815 2.275941
v -0.035141 -0.007806 2.953162
v -0.030835 0.354263 2.909796
v -0.039589 0.286282 2.945767
v 0.004595 0.316322 2.421968
v 0.911079 0.280458 2.813579
v 0.913468 -0.008227 2.811104
v 0.903420 0.346120 2.780206
v 0.749545 0.309547 2.307002
v -2.760358 0.346120 0.902752
v -2.790278 0.292421 0.912534
v -2.791303 -0.008227 0.912856
v -2.286720 0.309547 0.747798
v 1.676985 0.362149 2.380281
v 1.383619 0.316483 1.955677
v 1.697897 0.321831 2.407724
v 1.702454 -0.008262 2.413081
v 2.397501 0.308538 1.727416
v 2.367127 0.352532 1.703602
v 1.934201 0.314323 1.424944
v 2.406764 -0.007855 1.733203
v 2.754718 0.356896 0.878104
v 2.810403 0.309515 0.894981
v 2.824971 -0.007923 0.893176
v 2.275941 0.317815 0.713627
v 2.953162 -0.007806 0.035141
v 2.909796 0.354263 0.030835
v 2.945767 0.286282 0.039589
v 2.421968 0.316322 -0.004595
v 2.797410 0.292421 -0.915009
v 2.798542 -0.008227 -0.915391
v 2.766932 0.346120 -0.905028
v 2.285168 0.309547 -0.747351
v 2.357132 0.362149 -1.713065
v 1.923878 0.316483 -1.398652
v 2.384493 0.321831 -1.734083
v 2.389832 -0.008262 -1.738661
v 1.718123 0.308538 -2.404169
v 1.694426 0.352532 -2.373703
v 1.417447 0.314323 -1.939702
v 1.723874 -0.007855 -2.413454
v 0.872329 0.356896 -2.767799
v 0.888990 0.309515 -2.823549
v 0.887128 -0.007923 -2.838110
v 0.704812 0.317815 -2.278686
v 0.023710 -0.007806 -2.953276
v 0.019571 0.354263 -2.909894
v 0.028186 0.286282 -2.945898
v -0.013970 0.316322 -2.421932
v -0.921963 0.280458 -2.810032
v -0.924342 -0.008227 -2.807547
v -0.914175 0.346120 -2.776688
v -0.758469 0.309547 -2.304083
v -1.686185 0.362149 -2.373773
v -1.391178 0.316483 -1.950306
v -1.707204 0.321831 -2.401134
v -1.711782 -0.008262 -2.406473
v -2.404169 0.308538 -1.718123
v -2.373703 0.352532 -1.694426
v -1.939702 0.314323 -1.417447
v -2.413454 -0.007855 -1.723874
v -2.758096 0.356896 -0.867435
v -2.813847 0.309515 -0.884096
v -2.828407 -0.007923 -0.882234
v -2.278686 0.317815 -0.704812
v -2.953276 -0.007806 -0.023710
v -2.909894 0.354263 -0.019571
v -2.945898 0.286282 -0.028186
v -2.421932 0.316322 0.013970
v -1.495034 0.361168 2.043093
v -2.059656 0.365203 1.476651
v -2.405851 0.355981 0.786773
v -2.544666 0.363100 0.005533
v -2.399270 0.364879 -0.745715
v -2.048864 0.361168 -1.487114
v -1.465380 0.365203 -2.056819
v -0.797633 0.355981 -2.422955
v -0.005533 0.363100 -2.544666
v 0.746946 0.364879 -2.401710
v 1.487114 0.361168 -2.048864
v 2.032852 0.365203 -1.477735
v 2.406344 0.355981 -0.787011
v 2.544669 0.363100 0.004317
v 2.396365 0.364879 0.754997
v 2.043093 0.361168 1.495034
v 1.457408 0.365203 2.062475
v 0.788249 0.355981 2.426024
v -0.004317 0.363100 2.544669
v -0.756237 0.364879 2.398801
vt 0.648457 0.274493
vt 0.641889 0.275730
vt 0.617262 0.246379
vt 0.646294 0.233591
vt 0.839485 0.356020
vt 0.855464 0.317605
vt 0.891263 0.331580
vt 0.877059 0.368146
vt 0.816991 0.348122
vt 0.829844 0.312480
vt 0.822922 0.402794
vt 0.856632 0.421163
vt 0.802782 0.388099
vt 0.794097 0.454384
vt 0.824854 0.477693
vt 0.777016 0.434898
vt 0.750307 0.495147
vt 0.774351 0.528828
vt 0.734312 0.468919
vt 0.568355 0.164168
vt 0.525085 0.189326
vt 0.498196 0.158731
vt 0.544864 0.131420
vt 0.580803 0.186422
vt 0.545749 0.212162
vt 0.630155 0.170018
vt 0.622573 0.144485
vt 0.671798 0.160822
vt 0.668106 0.135236
vt 0.701195 0.153890
vt 0.700249 0.127306
vt 0.739279 0.120856
vt 0.701292 0.087607
vt 0.739365 0.081614
vt 0.733871 0.149410
vt 0.791553 0.108495
vt 0.809111 0.072482
vt 0.781568 0.141071
vt 0.868130 0.277610
vt 0.841440 0.279646
vt 0.908948 0.272286
vt 0.906687 0.104432
vt 0.880997 0.125990
vt 0.841773 0.098105
vt 0.868637 0.067981
vt 0.821450 0.135833
vt 0.859034 0.148314
vt 0.931472 0.191073
vt 0.891301 0.208312
vt 0.872476 0.183146
vt 0.897756 0.166712
vt 0.864273 0.221655
vt 0.770714 0.339997
vt 0.749515 0.340867
vt 0.754570 0.322914
vt 0.777209 0.319437
vt 0.761823 0.366854
vt 0.742816 0.361960
vt 0.743469 0.400033
vt 0.730398 0.389812
vt 0.712062 0.418148
vt 0.706146 0.397294
vt 0.607296 0.226761
vt 0.605159 0.262674
vt 0.588177 0.249812
vt 0.643103 0.214920
vt 0.669797 0.207381
vt 0.664149 0.228168
vt 0.688924 0.202385
vt 0.681905 0.222867
vt 0.712186 0.197340
vt 0.702273 0.221794
vt 0.749221 0.191065
vt 0.726962 0.223113
vt 0.767061 0.294211
vt 0.790172 0.287476
vt 0.778559 0.262821
vt 0.806817 0.247851
vt 0.802211 0.196014
vt 0.761155 0.231053
vt 0.743874 0.227627
vt 0.773894 0.195663
vt 0.768190 0.244902
vt 0.805391 0.222957
vt 0.793423 0.346059
vt 0.800502 0.320768
vt 0.799495 0.347702
vt 0.810068 0.317970
vt 0.779650 0.375749
vt 0.785907 0.377492
vt 0.759114 0.416173
vt 0.767689 0.422502
vt 0.721017 0.439227
vt 0.725318 0.449054
vt 0.599377 0.208363
vt 0.570261 0.234994
vt 0.590267 0.200413
vt 0.561125 0.228413
vt 0.639627 0.198663
vt 0.638368 0.187942
vt 0.674410 0.191604
vt 0.675574 0.180985
vt 0.695187 0.187142
vt 0.699939 0.176148
vt 0.717605 0.183607
vt 0.720309 0.174323
vt 0.760914 0.175611
vt 0.770352 0.167644
vt 0.851911 0.193456
vt 0.840159 0.162056
vt 0.840392 0.202389
vt 0.830882 0.172128
vt 0.842481 0.231751
vt 0.829766 0.241984
vt 0.812785 0.283130
vt 0.820571 0.280447
vt 0.804921 0.158211
vt 0.799192 0.165745
vt 0.907971 0.381987
vt 0.922534 0.338285
vt 0.962859 0.352632
vt 0.946139 0.403876
vt 0.884103 0.433307
vt 0.923495 0.460394
vt 0.853055 0.498228
vt 0.889278 0.523616
vt 0.797794 0.557721
vt 0.833094 0.586096
vt 0.524842 0.099482
vt 0.473978 0.131963
vt 0.449395 0.095169
vt 0.503017 0.062817
vt 0.693014 0.058703
vt 0.638876 0.068291
vt 0.633879 0.030018
vt 0.682623 0.020587
vt 0.736048 0.051258
vt 0.730859 0.013479
vt 0.801759 0.045444
vt 0.940512 0.274635
vt 0.957402 0.195510
vt 0.996163 0.200917
vt 0.980234 0.280215
vt 0.895951 0.012902
vt 0.957170 0.065149
vt 0.931228 0.085371
vt 0.884584 0.041120
vt 0.958525 0.138201
vt 0.937194 0.147356
vt 0.995306 0.127440
vt 0.600702 0.109551
vt 0.585199 0.081772
vt 0.567042 0.044997
vt 0.644122 0.096826
vt 0.795291 0.007211
vt 0.723975 0.328075
vt 0.726651 0.315139
vt 0.717675 0.301497
vt 0.712781 0.314004
vt 0.717446 0.340735
vt 0.711409 0.295952
vt 0.698945 0.312239
vt 0.710341 0.347925
vt 0.705047 0.290263
vt 0.689756 0.307535
vt 0.699345 0.284915
vt 0.684083 0.304577
vt 0.705698 0.353413
vt 0.701028 0.356703
vt 0.693649 0.279564
vt 0.682333 0.268216
vt 0.677732 0.281723
vt 0.667651 0.271138
vt 0.656083 0.273351
vt 0.678685 0.301511
vt 0.671024 0.299367
vt 0.672750 0.295192
vt 0.674367 0.290492
vt 0.640154 0.282669
vt 0.648457 0.274493
vt 0.641889 0.275730
vt 0.617262 0.246379
vt 0.646294 0.233591
vt 0.839485 0.356020
vt 0.855464 0.317605
vt 0.891263 0.331580
vt 0.877059 0.368146
vt 0.816991 0.348122
vt 0.829844 0.312480
vt 0.822922 0.402794
vt 0.856632 0.421163
vt 0.802782 0.388099
vt 0.794097 0.454384
vt 0.824854 0.477693
vt 0.777016 0.434898
vt 0.750307 0.495147
vt 0.774351 0.528828
vt 0.734312 0.468919
vt 0.568355 0.164168
vt 0.525085 0.189326
vt 0.498196 0.158731
vt 0.544864 0.131420
vt 0.580803 0.186422
vt 0.545749 0.212162
vt 0.630155 0.170018
vt 0.622573 0.144485
vt 0.671798 0.160822
vt 0.668106 0.135236
vt 0.701195 0.153890
vt 0.700249 0.127306
vt 0.739279 0.120856
vt 0.701292 0.087607
vt 0.739365 0.081614
vt 0.733871 0.149410
vt 0.791553 0.108495
vt 0.809111 0.072482
vt 0.781568 0.141071
vt 0.868130 0.277610
vt 0.841440 0.279646
vt 0.908948 0.272286
vt 0.906687 0.104432
vt 0.880997 0.125990
vt 0.841773 0.098105
vt 0.868637 0.067981
vt 0.821450 0.135833
vt 0.859034 0.148314
vt 0.931472 0.191073
vt 0.891301 0.208312
vt 0.872476 0.183146
vt 0.897756 0.166712
vt 0.864273 0.221655
vt 0.770714 0.339997
vt 0.749515 0.340867
vt 0.754570 0.322914
vt 0.777209 0.319437
vt 0.761823 0.366854
vt 0.742816 0.361960
vt 0.743469 0.400033
vt 0.730398 0.389812
vt 0.712062 0.418148
vt 0.706146 0.397294
vt 0.607296 0.226761
vt 0.605159 0.262674
vt 0.588177 0.249812
vt 0.643103 0.214920
vt 0.669797 0.207381
vt 0.664149 0.228168
vt 0.688924 0.202385
vt 0.681905 0.222867
vt 0.712186 0.197340
vt 0.702273 0.221794
vt 0.749221 0.191065
vt 0.726962 0.223113
vt 0.767061 0.294211
vt 0.790172 0.287476
vt 0.778559 0.262821
vt 0.806817 0.247851
vt 0.802211 0.196014
vt 0.761155 0.231053
vt 0.743874 0.227627
vt 0.773894 0.195663
vt 0.768190 0.244902
vt 0.805391 0.222957
vt 0.793423 0.346059
vt 0.800502 0.320768
vt 0.799495 0.347702
vt 0.810068 0.317970
vt 0.779650 0.375749
vt 0.785907 0.377492
vt 0.759114 0.416173
vt 0.767689 0.422502
vt 0.721017 0.439227
vt 0.725318 0.449054
vt 0.599377 0.208363
vt 0.570261 0.234994
vt 0.590267 0.200413
vt 0.561125 0.228413
vt 0.639627 0.198663
vt 0.638368 0.187942
vt 0.674410 0.191604
vt 0.675574 0.180985
vt 0.695187 0.187142
vt 0.699939 0.176148
vt 0.717605 0.183607
vt 0.720309 0.174323
vt 0.760914 0.175611
vt 0.770352 0.167644
vt 0.851911 0.193456
vt 0.840159 0.162056
vt 0.840392 0.202389
vt 0.830882 0.172128
vt 0.842481 0.231751
vt 0.829766 0.241984
vt 0.812785 0.283130
vt 0.820571 0.280447
vt 0.804921 0.158211
vt 0.799192 0.165745
vt 0.907971 0.381987
vt 0.922534 0.338285
vt 0.962859 0.352632
vt 0.946139 0.403876
vt 0.884103 0.433307
vt 0.923495 0.460394
vt 0.853055 0.498228
vt 0.889278 0.523616
vt 0.797794 0.557721
vt 0.833094 0.586096
vt 0.524842 0.099482
vt 0.473978 0.131963
vt 0.449395 0.095169
vt 0.503017 0.062817
vt 0.693014 0.058703
vt 0.638876 0.068291
vt 0.633879 0.030018
vt 0.682623 0.020587
vt 0.736048 0.051258
vt 0.730859 0.013479
vt 0.801759 0.045444
vt 0.940512 0.274635
vt 0.957402 0.195510
vt 0.996163 0.200917
vt 0.980234 0.280215
vt 0.895951 0.012902
vt 0.957170 0.065149
vt 0.931228 0.085371
vt 0.884584 0.041120
vt 0.958525 0.138201
vt 0.937194 0.147356
vt 0.995306 0.127440
vt 0.600702 0.109551
vt 0.585199 0.081772
vt 0.567042 0.044997
vt 0.644122 0.096826
vt 0.795291 0.007211
vt 0.723975 0.328075
vt 0.726651 0.315139
vt 0.717675 0.301497
vt 0.712781 0.314004
vt 0.717446 0.340735
vt 0.711409 0.295952
vt 0.698945 0.312239
vt 0.710341 0.347925
vt 0.705047 0.290263
vt 0.689756 0.307535
vt 0.699345 0.284915
vt 0.684083 0.304577
vt 0.705698 0.353413
vt 0.701028 0.356703
vt 0.693649 0.279564
vt 0.682333 0.268216
vt 0.677732 0.281723
vt 0.667651 0.271138
vt 0.656083 0.273351
vt 0.678685 0.301511
vt 0.671024 0.299367
vt 0.672750 0.295192
vt 0.674367 0.290492
vt 0.640154 0.282669
vt 0.648457 0.274493
vt 0.641889 0.275730
vt 0.617262 0.246379
vt 0.646294 0.233591
vt 0.839485 0.356020
vt 0.855464 0.317605
vt 0.891263 0.331580
vt 0.877059 0.368146
vt 0.816991 0.348122
vt 0.829844 0.312480
vt 0.822922 0.402794
vt 0.856632 0.421163
vt 0.802782 0.388099
vt 0.794097 0.454384
vt 0.824854 0.477693
vt 0.777016 0.434898
vt 0.750307 0.495147
vt 0.774351 0.528828
vt 0.734312 0.468919
vt 0.568355 0.164168
vt 0.525085 0.189326
vt 0.498196 0.158731
vt 0.544864 0.131420
vt 0.580803 0.186422
vt 0.545749 0.212162
vt 0.630155 0.170018
vt 0.622573 0.144485
vt 0.671798 0.160822
vt 0.668106 0.135236
vt 0.701195 0.153890
vt 0.700249 0.127306
vt 0.739279 0.120856
vt 0.701292 0.087607
vt 0.739365 0.081614
vt 0.733871 0.149410
vt 0.791553 0.108495
vt 0.809111 0.072482
vt 0.781568 0.141071
vt 0.868130 0.277610
vt 0.841440 0.279646
vt 0.908948 0.272286
vt 0.906687 0.104432
vt 0.880997 0.125990
vt 0.841773 0.098105
vt 0.868637 0.067981
vt 0.821450 0.135833
vt 0.859034 0.148314
vt 0.931472 0.191073
vt 0.891301 0.208312
vt 0.872476 0.183146
vt 0.897756 0.166712
vt 0.864273 0.221655
vt 0.770714 0.339997
vt 0.749515 0.340867
vt 0.754570 0.322914
vt 0.777209 0.319437
vt 0.761823 0.366854
vt 0.742816 0.361960
vt 0.743469 0.400033
vt 0.730398 0.389812
vt 0.712062 0.418148
vt 0.706146 0.397294
vt 0.607296 0.226761
vt 0.605159 0.262674
vt 0.588177 0.249812
vt 0.643103 0.214920
vt 0.669797 0.207381
vt 0.664149 0.228168
vt 0.688924 0.202385
vt 0.681905 0.222867
vt 0.712186 0.197340
vt 0.702273 0.221794
vt 0.749221 0.191065
vt 0.726962 0.223113
vt 0.767061 0.294211
vt 0.790172 0.287476
vt 0.778559 0.262821
vt 0.806817 0.247851
vt 0.802211 0.196014
vt 0.761155 0.231053
vt 0.743874 0.227627
vt 0.773894 0.195663
vt 0.768190 0.244902
vt 0.805391 0.222957
vt 0.793423 0.346059
vt 0.800502 0.320768
vt 0.799495 0.347702
vt 0.810068 0.317970
vt 0.779650 0.375749
vt 0.785907 0.377492
vt 0.759114 0.416173
vt 0.767689 0.422502
vt 0.721017 0.439227
vt 0.725318 0.449054
vt 0.599377 0.208363
vt 0.570261 0.234994
vt 0.590267 0.200413
vt 0.561125 0.228413
vt 0.639627 0.198663
vt 0.638368 0.187942
vt 0.674410 0.191604
vt 0.675574 0.180985
vt 0.695187 0.187142
vt 0.699939 0.176148
vt 0.717605 0.183607
vt 0.720309 0.174323
vt 0.760914 0.175611
vt 0.770352 0.167644
vt 0.851911 0.193456
vt 0.840159 0.162056
vt 0.840392 0.202389
vt 0.830882 0.172128
vt 0.842481 0.231751
vt 0.829766 0.241984
vt 0.812785 0.283130
vt 0.820571 0.280447
vt 0.804921 0.158211
vt 0.799192 0.165745
vt 0.907971 0.381987
vt 0.922534 0.338285
vt 0.962859 0.352632
vt 0.946139 0.403876
vt 0.884103 0.433307
vt 0.923495 0.460394
vt 0.853055 0.498228
vt 0.889278 0.523616
vt 0.797794 0.557721
vt 0.833094 0.586096
vt 0.524842 0.099482
vt 0.473978 0.131963
vt 0.449395 0.095169
vt 0.503017 0.062817
vt 0.693014 0.058703
vt 0.638876 0.068291
vt 0.633879 0.030018
vt 0.682623 0.020587
vt 0.736048 0.051258
vt 0.730859 0.013479
vt 0.801759 0.045444
vt 0.940512 0.274635
vt 0.957402 0.195510
vt 0.996163 0.200917
vt 0.980234 0.280215
vt 0.895951 0.012902
vt 0.957170 0.065149
vt 0.931228 0.085371
vt 0.884584 0.041120
vt 0.958525 0.138201
vt 0.937194 0.147356
vt 0.995306 0.127440
vt 0.600702 0.109551
vt 0.585199 0.081772
vt 0.567042 0.044997
vt 0.644122 0.096826
vt 0.795291 0.007211
vt 0.723975 0.328075
vt 0.726651 0.315139
vt 0.717675 0.301497
vt 0.712781 0.314004
vt 0.717446 0.340735
vt 0.711409 0.295952
vt 0.698945 0.312239
vt 0.710341 0.347925
vt 0.705047 0.290263
vt 0.689756 0.307535
vt 0.699345 0.284915
vt 0.684083 0.304577
vt 0.705698 0.353413
vt 0.701028 0.356703
vt 0.693649 0.279564
vt 0.682333 0.268216
vt 0.677732 0.281723
vt 0.667651 0.271138
vt 0.656083 0.273351
vt 0.678685 0.301511
vt 0.671024 0.299367
vt 0.672750 0.295192
vt 0.674367 0.290492
vt 0.640154 0.282669
vt 0.648457 0.274493
vt 0.641889 0.275730
vt 0.617262 0.246379
vt 0.646294 0.233591
vt 0.839485 0.356020
vt 0.855464 0.317605
vt 0.891263 0.331580
vt 0.877059 0.368146
vt 0.816991 0.348122
vt 0.829844 0.312480
vt 0.822922 0.402794
vt 0.856632 0.421163
vt 0.802782 0.388099
vt 0.794097 0.454384
vt 0.824854 0.477693
vt 0.777016 0.434898
vt 0.750307 0.495147
vt 0.774351 0.528828
vt 0.734312 0.468919
vt 0.568355 0.164168
vt 0.525085 0.189326
vt 0.498196 0.158731
vt 0.544864 0.131420
vt 0.580803 0.186422
vt 0.545749 0.212162
vt 0.630155 0.170018
vt 0.622573 0.144485
vt 0.671798 0.160822
vt 0.668106 0.135236
vt 0.701195 0.153890
vt 0.700249 0.127306
vt 0.739279 0.120856
vt 0.701292 0.087607
vt 0.739365 0.081614
vt 0.733871 0.149410
vt 0.791553 0.108495
vt 0.809111 0.072482
vt 0.781568 0.141071
vt 0.868130 0.277610
vt 0.841440 0.279646
vt 0.908948 0.272286
vt 0.906687 0.104432
vt 0.880997 0.125990
vt 0.841773 0.098105
vt 0.868637 0.067981
vt 0.821450 0.135833
vt 0.859034 0.148314
vt 0.931472 0.191073
vt 0.891301 0.208312
vt 0.872476 0.183146
vt 0.897756 0.166712
vt 0.864273 0.221655
vt 0.770714 0.339997
vt 0.749515 0.340867
vt 0.754570 0.322914
vt 0.777209 0.319437
vt 0.761823 0.366854
vt 0.742816 0.361960
vt 0.743469 0.400033
vt 0.730398 0.389812
vt 0.712062 0.418148
vt 0.706146 0.397294
vt 0.607296 0.226761
vt 0.605159 0.262674
vt 0.588177 0.249812
vt 0.643103 0.214920
vt 0.669797 0.207381
vt 0.664149 0.228168
vt 0.688924 0.202385
vt 0.681905 0.222867
vt 0.712186 0.197340
vt 0.702273 0.221794
vt 0.749221 0.191065
vt 0.726962 0.223113
vt 0.767061 0.294211
vt 0.790172 0.287476
vt 0.778559 0.262821
vt 0.806817 0.247851
vt 0.802211 0.196014
vt 0.761155 0.231053
vt 0.743874 0.227627
vt 0.773894 0.195663
vt 0.768190 0.244902
vt 0.805391 0.222957
vt 0.793423 0.346059
vt 0.800502 0.320768
vt 0.799495 0.347702
vt 0.810068 0.317970
vt 0.779650 0.375749
vt 0.785907 0.377492
vt 0.759114 0.416173
vt 0.767689 0.422502
vt 0.721017 0.439227
vt 0.725318 0.449054
vt 0.599377 0.208363
vt 0.570261 0.234994
vt 0.590267 0.200413
vt 0.561125 0.228413
vt 0.639627 0.198663
vt 0.638368 0.187942
vt 0.674410 0.191604
vt 0.675574 0.180985
vt 0.695187 0.187142
vt 0.699939 0.176148
vt 0.717605 0.183607
vt 0.720309 0.174323
vt 0.760914 0.175611
vt 0.770352 0.167644
vt 0.851911 0.193456
vt 0.840159 0.162056
vt 0.840392 0.202389
vt 0.830882 0.172128
vt 0.842481 0.231751
vt 0.829766 0.241984
vt 0.812785 0.283130
vt 0.820571 0.280447
vt 0.804921 0.158211
vt 0.799192 0.165745
vt 0.907971 0.381987
vt 0.922534 0.338285
vt 0.962859 0.352632
vt 0.946139 0.403876
vt 0.884103 0.433307
vt 0.923495 0.460394
vt 0.853055 0.498228
vt 0.889278 0.523616
vt 0.797794 0.557721
vt 0.833094 0.586096
vt 0.524842 0.099482
vt 0.473978 0.131963
vt 0.449395 0.095169
vt 0.503017 0.062817
vt 0.693014 0.058703
vt 0.638876 0.068291
vt 0.633879 0.030018
vt 0.682623 0.020587
vt 0.736048 0.051258
vt 0.730859 0.013479
vt 0.801759 0.045444
vt 0.940512 0.274635
vt 0.957402 0.195510
vt 0.996163 0.200917
vt 0.980234 0.280215
vt 0.895951 0.012902
vt 0.957170 0.065149
vt 0.931228 0.085371
vt 0.884584 0.041120
vt 0.958525 0.138201
vt 0.937194 0.147356
vt 0.995306 0.127440
vt 0.600702 0.109551
vt 0.585199 0.081772
vt 0.567042 0.044997
vt 0.644122 0.096826
vt 0.795291 0.007211
vt 0.723975 0.328075
vt 0.726651 0.315139
vt 0.717675 0.301497
vt 0.712781 0.314004
vt 0.717446 0.340735
vt 0.711409 0.295952
vt 0.698945 0.312239
vt 0.710341 0.347925
vt 0.705047 0.290263
vt 0.689756 0.307535
vt 0.699345 0.284915
vt 0.684083 0.304577
vt 0.705698 0.353413
vt 0.701028 0.356703
vt 0.693649 0.279564
vt 0.682333 0.268216
vt 0.677732 0.281723
vt 0.667651 0.271138
vt 0.656083 0.273351
vt 0.678685 0.301511
vt 0.671024 0.299367
vt 0.672750 0.295192
vt 0.674367 0.290492
vt 0.640154 0.282669
vt 0.211106 0.872998
vt 0.010601 0.878294
vt 0.010350 0.866305
vt 0.210970 0.863094
vt 0.211408 0.801466
vt 0.010132 0.801461
vt 0.412666 0.865611
vt 0.412679 0.876934
vt 0.414222 0.801426
vt 0.213254 0.965056
vt 0.406438 0.966049
vt 0.610918 0.801439
vt 0.606578 0.864325
vt 0.605570 0.878778
vt 0.602586 0.966511
vt 0.786665 0.864193
vt 0.787706 0.879335
vt 0.790749 0.801428
vt 0.789993 0.966651
vt 0.977375 0.880883
vt 0.973787 0.966940
vt 0.978820 0.864679
vt 0.980632 0.801409
vt 0.014304 0.966380
vt 0.211106 0.872998
vt 0.010601 0.878294
vt 0.010350 0.866305
vt 0.210970 0.863094
vt 0.211408 0.801466
vt 0.010132 0.801461
vt 0.412666 0.865611
vt 0.412679 0.876934
vt 0.414222 0.801426
vt 0.213254 0.965056
vt 0.406438 0.966049
vt 0.610918 0.801439
vt 0.606578 0.864325
vt 0.605570 0.878778
vt 0.602586 0.966511
vt 0.786665 0.864193
vt 0.787706 0.879335
vt 0.790749 0.801428
vt 0.789993 0.966651
vt 0.977375 0.880883
vt 0.973787 0.966940
vt 0.978820 0.864679
vt 0.980632 0.801409
vt 0.014304 0.966380
vt 0.211106 0.872998
vt 0.010601 0.878294
vt 0.010350 0.866305
vt 0.210970 0.863094
vt 0.211408 0.801466
vt 0.010132 0.801461
vt 0.412666 0.865611
vt 0.412679 0.876934
vt 0.414222 0.801426
vt 0.213254 0.965056
vt 0.406438 0.966049
vt 0.610918 0.801439
vt 0.606578 0.864325
vt 0.605570 0.878778
vt 0.602586 0.966511
vt 0.786665 0.864193
vt 0.787706 0.879335
vt 0.790749 0.801428
vt 0.789993 0.966651
vt 0.977375 0.880883
vt 0.973787 0.966940
vt 0.978820 0.864679
vt 0.980632 0.801409
vt 0.014304 0.966380
vt 0.211106 0.872998
vt 0.010601 0.878294
vt 0.010350 0.866305
vt 0.210970 0.863094
vt 0.211408 0.801466
vt 0.010132 0.801461
vt 0.412666 0.865611
vt 0.412679 0.876934
vt 0.414222 0.801426
vt 0.213254 0.965056
vt 0.406438 0.966049
vt 0.610918 0.801439
vt 0.606578 0.864325
vt 0.605570 0.878778
vt 0.602586 0.966511
vt 0.786665 0.864193
vt 0.787706 0.879335
vt 0.790749 0.801428
vt 0.789993 0.966651
vt 0.977375 0.880883
vt 0.973787 0.966940
vt 0.978820 0.864679
vt 0.980632 0.801409
vt 0.014304 0.966380
vt 0.213976 0.995993
vt 0.404341 0.995996
vt 0.015548 0.995981
vt 0.790761 0.995993
vt 0.972581 0.995859
vt 0.601583 0.995994
vt 0.404341 0.995996
vt 0.213976 0.995993
vt 0.015548 0.995981
vt 0.790761 0.995993
vt 0.972581 0.995859
vt 0.601583 0.995994
vt 0.404341 0.995996
vt 0.213976 0.995993
vt 0.015548 0.995981
vt 0.790761 0.995993
vt 0.972581 0.995859
vt 0.601583 0.995994
vt 0.404341 0.995996
vt 0.213976 0.995993
vt 0.015548 0.995981
vt 0.790761 0.995993
vt 0.972581 0.995859
vt 0.601583 0.995994
vt 0.013866 0.009278
vt 0.259691 0.058920
vt 0.013750 0.785565
vt 0.473654 0.163017
vt 0.643187 0.340632
vt 0.755465 0.539116
vt 0.795020 0.785718
vt 0.013866 0.009278
vt 0.259691 0.058920
vt 0.013750 0.785565
vt 0.473654 0.163017
vt 0.643187 0.340632
vt 0.755465 0.539116
vt 0.795020 0.785718
vt 0.013866 0.009278
vt 0.259691 0.058920
vt 0.013750 0.785565
vt 0.473654 0.163017
vt 0.643187 0.340632
vt 0.755465 0.539116
vt 0.795020 0.785718
vt 0.013866 0.009278
vt 0.259691 0.058920
vt 0.013750 0.785565
vt 0.473654 0.163017
vt 0.643187 0.340632
vt 0.755465 0.539116
vt 0.795020 0.785718
vt 0.211106 0.872998
vt 0.010601 0.878294
vt 0.010350 0.866305
vt 0.210970 0.863094
vt 0.211408 0.801466
vt 0.010132 0.801461
vt 0.412666 0.865611
vt 0.412679 0.876934
vt 0.414222 0.801426
vt 0.213254 0.965056
vt 0.406438 0.966049
vt 0.610918 0.801439
vt 0.606578 0.864325
vt 0.605570 0.878778
vt 0.602586 0.966511
vt 0.786665 0.864193
vt 0.787706 0.879335
vt 0.790749 0.801428
vt 0.789993 0.966651
vt 0.977375 0.880883
vt 0.973787 0.966940
vt 0.978820 0.864679
vt 0.980632 0.801409
vt 0.014304 0.966380
vt 0.211106 0.872998
vt 0.010601 0.878294
vt 0.010350 0.866305
vt 0.210970 0.863094
vt 0.211408 0.801466
vt 0.010132 0.801461
vt 0.412666 0.865611
vt 0.412679 0.876934
vt 0.414222 0.801426
vt 0.213254 0.965056
vt 0.406438 0.966049
vt 0.610918 0.801439
vt 0.606578 0.864325
vt 0.605570 0.878778
vt 0.602586 0.966511
vt 0.786665 0.864193
vt 0.787706 0.879335
vt 0.790749 0.801428
vt 0.789993 0.966651
vt 0.977375 0.880883
vt 0.973787 0.966940
vt 0.978820 0.864679
vt 0.980632 0.801409
vt 0.014304 0.966380
vt 0.211106 0.872998
vt 0.010601 0.878294
vt 0.010350 0.866305
vt 0.210970 0.863094
vt 0.211408 0.801466
vt 0.010132 0.801461
vt 0.412666 0.865611
vt 0.412679 0.876934
vt 0.414222 0.801426
vt 0.213254 0.965056
vt 0.406438 0.966049
vt 0.610918 0.801439
vt 0.606578 0.864325
vt 0.605570 0.878778
vt 0.602586 0.966511
vt 0.786665 0.864193
vt 0.787706 0.879335
vt 0.790749 0.801428
vt 0.789993 0.966651
vt 0.977375 0.880883
vt 0.973787 0.966940
vt 0.978820 0.864679
vt 0.980632 0.801409
vt 0.014304 0.966380
vt 0.211106 0.872998
vt 0.010601 0.878294
vt 0.010350 0.866305
vt 0.210970 0.863094
vt 0.211408 0.801466
vt 0.010132 0.801461
vt 0.412666 0.865611
vt 0.412679 0.876934
vt 0.414222 0.801426
vt 0.213254 0.965056
vt 0.406438 0.966049
vt 0.610918 0.801439
vt 0.606578 0.864325
vt 0.605570 0.878778
vt 0.602586 0.966511
vt 0.786665 0.864193
vt 0.787706 0.879335
vt 0.790749 0.801428
vt 0.789993 0.966651
vt 0.977375 0.880883
vt 0.973787 0.966940
vt 0.978820 0.864679
vt 0.980632 0.801409
vt 0.014304 0.966380
vt 0.213976 0.995993
vt 0.404341 0.995996
vt 0.015548 0.995981
vt 0.790761 0.995993
vt 0.972581 0.995859
vt 0.601583 0.995994
vt 0.404341 0.995996
vt 0.213976 0.995993
vt 0.015548 0.995981
vt 0.790761 0.995993
vt 0.972581 0.995859
vt 0.601583 0.995994
vt 0.404341 0.995996
vt 0.213976 0.995993
vt 0.015548 0.995981
vt 0.790761 0.995993
vt 0.972581 0.995859
vt 0.601583 0.995994
vt 0.404341 0.995996
vt 0.213976 0.995993
vt 0.015548 0.995981
vt 0.790761 0.995993
vt 0.972581 0.995859
vt 0.601583 0.995994
vn 0.206890 0.724517 -0.657474
vn 0.501108 0.782696 -0.369158
vn 0.532188 0.714643 -0.453940
vn 0.207843 0.667091 -0.715396
vn -0.097053 0.277936 0.955684
vn -0.170052 0.297428 0.939478
vn -0.206155 0.335787 0.919101
vn -0.068357 0.371967 0.925726
vn -0.107430 0.255680 0.960774
vn -0.168304 0.291510 0.941645
vn -0.170052 0.297428 0.939478
vn -0.097053 0.277936 0.955684
vn 0.151682 0.305016 0.940190
vn -0.097053 0.277936 0.955684
vn -0.068357 0.371967 0.925726
vn 0.160063 0.370317 0.915011
vn 0.127775 0.340044 0.931689
vn -0.107430 0.255680 0.960774
vn -0.097053 0.277936 0.955684
vn 0.151682 0.305016 0.940190
vn 0.689681 0.434647 0.579156
vn 0.151682 0.305016 0.940190
vn 0.160063 0.370317 0.915011
vn 0.668348 0.435631 0.602940
vn 0.663930 0.500000 0.556055
vn 0.127775 0.340044 0.931689
vn 0.151682 0.305016 0.940190
vn 0.689681 0.434647 0.579156
vn 0.883277 0.468085 -0.026806
vn 0.689681 0.434647 0.579156
vn 0.668348 0.435631 0.602940
vn 0.890609 0.454535 -0.014620
vn 0.850615 0.525541 -0.016145
vn 0.663930 0.500000 0.556055
vn 0.689681 0.434647 0.579156
vn 0.883277 0.468085 -0.026806
vn 0.545496 0.348075 -0.762416
vn 0.883277 0.468085 -0.026806
vn 0.890609 0.454535 -0.014620
vn 0.585128 0.396752 -0.707258
vn 0.576032 0.405361 -0.709838
vn 0.850615 0.525541 -0.016145
vn 0.883277 0.468085 -0.026806
vn 0.545496 0.348075 -0.762416
vn 0.130511 0.215914 -0.967651
vn 0.576032 0.405361 -0.709838
vn 0.545496 0.348075 -0.762416
vn 0.155869 0.247121 -0.956366
vn 0.050897 0.164501 -0.985063
vn 0.130511 0.215914 -0.967651
vn 0.155869 0.247121 -0.956366
vn 0.059884 0.312339 -0.948081
vn 0.076166 0.145719 -0.986390
vn 0.050897 0.164501 -0.985063
vn 0.059884 0.312339 -0.948081
vn 0.044203 0.307957 -0.950373
vn 0.015191 0.208726 -0.977856
vn 0.044203 0.307957 -0.950373
vn -0.000177 0.197113 -0.980381
vn -0.017934 0.146828 -0.989000
vn 0.028079 0.295871 -0.954815
vn 0.076166 0.145719 -0.986390
vn 0.044203 0.307957 -0.950373
vn 0.015191 0.208726 -0.977856
vn -0.127767 0.283335 -0.950472
vn 0.015191 0.208726 -0.977856
vn -0.017934 0.146828 -0.989000
vn -0.026287 0.244460 -0.969303
vn -0.163661 0.397661 -0.902818
vn 0.028079 0.295871 -0.954815
vn 0.015191 0.208726 -0.977856
vn -0.127767 0.283335 -0.950472
vn -0.212623 0.255360 0.943177
vn -0.170052 0.297428 0.939478
vn -0.168304 0.291510 0.941645
vn -0.192117 0.297976 0.935041
vn -0.248287 0.188202 0.950228
vn -0.206155 0.335787 0.919101
vn -0.170052 0.297428 0.939478
vn -0.212623 0.255360 0.943177
vn -0.864714 0.493601 -0.092889
vn -0.768012 0.623014 -0.148361
vn -0.449647 0.553722 -0.700864
vn -0.530618 0.470268 -0.705189
vn -0.449647 0.553722 -0.700864
vn -0.127767 0.283335 -0.950472
vn -0.026287 0.244460 -0.969303
vn -0.530618 0.470268 -0.705189
vn -0.493974 0.511062 -0.703424
vn -0.449647 0.553722 -0.700864
vn -0.768012 0.623014 -0.148361
vn -0.766634 0.614375 -0.186589
vn -0.493974 0.511062 -0.703424
vn -0.163661 0.397661 -0.902818
vn -0.127767 0.283335 -0.950472
vn -0.449647 0.553722 -0.700864
vn -0.298130 0.224415 0.927770
vn -0.248287 0.188202 0.950228
vn -0.212623 0.255360 0.943177
vn -0.301247 0.312321 0.900947
vn -0.679717 0.516303 0.520976
vn -0.691197 0.550620 0.468043
vn -0.301247 0.312321 0.900947
vn -0.299511 0.333571 0.893881
vn -0.679717 0.516303 0.520976
vn -0.766634 0.614375 -0.186589
vn -0.768012 0.623014 -0.148361
vn -0.691197 0.550620 0.468043
vn -0.301247 0.312321 0.900947
vn -0.212623 0.255360 0.943177
vn -0.192117 0.297976 0.935041
vn -0.299511 0.333571 0.893881
vn -0.079731 0.379293 0.921835
vn 0.028563 0.561462 0.827010
vn -0.038173 0.448338 0.893049
vn -0.150110 0.325952 0.933393
vn 0.191978 0.418023 0.887919
vn 0.251443 0.638684 0.727227
vn 0.028563 0.561462 0.827010
vn -0.079731 0.379293 0.921835
vn 0.692322 0.472861 0.545062
vn 0.630176 0.660754 0.407777
vn 0.251443 0.638684 0.727227
vn 0.191978 0.418023 0.887919
vn 0.886660 0.462207 -0.014085
vn 0.768451 0.639589 0.020216
vn 0.630176 0.660754 0.407777
vn 0.692322 0.472861 0.545062
vn 0.605808 0.565209 -0.559943
vn 0.532188 0.714643 -0.453940
vn 0.768451 0.639589 0.020216
vn 0.886660 0.462207 -0.014085
vn 0.184250 0.482611 -0.856235
vn 0.207843 0.667091 -0.715396
vn 0.532188 0.714643 -0.453940
vn 0.605808 0.565209 -0.559943
vn 0.108734 0.334790 -0.935998
vn 0.129171 0.639386 -0.757958
vn 0.207843 0.667091 -0.715396
vn 0.184250 0.482611 -0.856235
vn 0.030495 0.413357 -0.910058
vn 0.014675 0.658477 -0.752458
vn 0.129171 0.639386 -0.757958
vn 0.108734 0.334790 -0.935998
vn -0.113888 0.640496 -0.759470
vn -0.197586 0.816107 -0.543074
vn 0.014675 0.658477 -0.752458
vn 0.030495 0.413357 -0.910058
vn -0.179596 0.760855 -0.623575
vn -0.232781 0.881757 -0.410266
vn -0.197586 0.816107 -0.543074
vn -0.113888 0.640496 -0.759470
vn -0.150110 0.325952 0.933393
vn -0.038173 0.448338 0.893049
vn -0.259594 0.704878 0.660120
vn -0.245475 0.373552 0.894540
vn -0.245475 0.373552 0.894540
vn -0.259594 0.704878 0.660120
vn -0.312705 0.764310 0.563955
vn -0.313312 0.574490 0.756172
vn -0.451273 0.877444 -0.162618
vn -0.216057 0.940485 -0.262311
vn -0.209546 0.924073 -0.319656
vn -0.241287 0.863825 -0.442252
vn -0.241287 0.863825 -0.442252
vn -0.209546 0.924073 -0.319656
vn -0.232781 0.881757 -0.410266
vn -0.179596 0.760855 -0.623575
vn -0.277207 0.959456 0.050997
vn -0.216057 0.940485 -0.262311
vn -0.451273 0.877444 -0.162618
vn -0.417814 0.847191 0.328176
vn -0.417814 0.847191 0.328176
vn -0.313312 0.574490 0.756172
vn -0.312705 0.764310 0.563955
vn -0.277207 0.959456 0.050997
vn -0.099178 0.434831 0.895034
vn -0.079731 0.379293 0.921835
vn -0.150110 0.325952 0.933393
vn -0.176191 0.405843 0.896799
vn -0.091758 0.408701 0.908044
vn -0.154723 0.469403 0.869322
vn -0.168304 0.291510 0.941645
vn -0.107430 0.255680 0.960774
vn -0.099178 0.434831 0.895034
vn -0.176191 0.405843 0.896799
vn -0.154723 0.469403 0.869322
vn -0.091758 0.408701 0.908044
vn 0.192783 0.462878 0.865205
vn 0.191978 0.418023 0.887919
vn -0.079731 0.379293 0.921835
vn -0.099178 0.434831 0.895034
vn 0.124940 0.489392 0.863067
vn -0.091758 0.408701 0.908044
vn -0.107430 0.255680 0.960774
vn 0.127775 0.340044 0.931689
vn 0.192783 0.462878 0.865205
vn -0.099178 0.434831 0.895034
vn -0.091758 0.408701 0.908044
vn 0.124940 0.489392 0.863067
vn 0.645117 0.600921 0.471930
vn 0.692322 0.472861 0.545062
vn 0.191978 0.418023 0.887919
vn 0.192783 0.462878 0.865205
vn 0.566521 0.622448 0.540011
vn 0.124940 0.489392 0.863067
vn 0.127775 0.340044 0.931689
vn 0.663930 0.500000 0.556055
vn 0.645117 0.600921 0.471930
vn 0.192783 0.462878 0.865205
vn 0.124940 0.489392 0.863067
vn 0.566521 0.622448 0.540011
vn 0.816363 0.577509 -0.005955
vn 0.886660 0.462207 -0.014085
vn 0.692322 0.472861 0.545062
vn 0.645117 0.600921 0.471930
vn 0.765064 0.643942 0.004067
vn 0.566521 0.622448 0.540011
vn 0.663930 0.500000 0.556055
vn 0.850615 0.525541 -0.016145
vn 0.816363 0.577509 -0.005955
vn 0.645117 0.600921 0.471930
vn 0.566521 0.622448 0.540011
vn 0.765064 0.643942 0.004067
vn 0.499783 0.577631 -0.645415
vn 0.605808 0.565209 -0.559943
vn 0.886660 0.462207 -0.014085
vn 0.816363 0.577509 -0.005955
vn 0.507166 0.639852 -0.577384
vn 0.765064 0.643942 0.004067
vn 0.850615 0.525541 -0.016145
vn 0.576032 0.405361 -0.709838
vn 0.499783 0.577631 -0.645415
vn 0.816363 0.577509 -0.005955
vn 0.765064 0.643942 0.004067
vn 0.507166 0.639852 -0.577384
vn 0.150839 0.424065 -0.892982
vn 0.184250 0.482611 -0.856235
vn 0.605808 0.565209 -0.559943
vn 0.499783 0.577631 -0.645415
vn 0.105329 0.465233 -0.878899
vn 0.507166 0.639852 -0.577384
vn 0.576032 0.405361 -0.709838
vn 0.130511 0.215914 -0.967651
vn 0.150839 0.424065 -0.892982
vn 0.499783 0.577631 -0.645415
vn 0.507166 0.639852 -0.577384
vn 0.105329 0.465233 -0.878899
vn 0.088115 0.412315 -0.906770
vn 0.108734 0.334790 -0.935998
vn 0.184250 0.482611 -0.856235
vn 0.150839 0.424065 -0.892982
vn 0.064575 0.404402 -0.912299
vn 0.105329 0.465233 -0.878899
vn 0.130511 0.215914 -0.967651
vn 0.050897 0.164501 -0.985063
vn 0.088115 0.412315 -0.906770
vn 0.150839 0.424065 -0.892982
vn 0.105329 0.465233 -0.878899
vn 0.064575 0.404402 -0.912299
vn 0.063077 0.411301 -0.909315
vn 0.030495 0.413357 -0.910058
vn 0.108734 0.334790 -0.935998
vn 0.088115 0.412315 -0.906770
vn 0.072409 0.376657 -0.923519
vn 0.064575 0.404402 -0.912299
vn 0.050897 0.164501 -0.985063
vn 0.076166 0.145719 -0.986390
vn 0.063077 0.411301 -0.909315
vn 0.088115 0.412315 -0.906770
vn 0.064575 0.404402 -0.912299
vn 0.072409 0.376657 -0.923519
vn -0.067197 0.499322 -0.863807
vn -0.113888 0.640496 -0.759470
vn 0.030495 0.413357 -0.910058
vn 0.063077 0.411301 -0.909315
vn -0.003646 0.502094 -0.864805
vn 0.072409 0.376657 -0.923519
vn 0.076166 0.145719 -0.986390
vn 0.028079 0.295871 -0.954815
vn -0.067197 0.499322 -0.863807
vn 0.063077 0.411301 -0.909315
vn 0.072409 0.376657 -0.923519
vn -0.003646 0.502094 -0.864805
vn -0.188265 0.658969 -0.728228
vn -0.179596 0.760855 -0.623575
vn -0.113888 0.640496 -0.759470
vn -0.067197 0.499322 -0.863807
vn -0.122089 0.667605 -0.734437
vn -0.003646 0.502094 -0.864805
vn 0.028079 0.295871 -0.954815
vn -0.163661 0.397661 -0.902818
vn -0.188265 0.658969 -0.728228
vn -0.067197 0.499322 -0.863807
vn -0.003646 0.502094 -0.864805
vn -0.122089 0.667605 -0.734437
vn -0.766634 0.614375 -0.186589
vn -0.679717 0.516303 0.520976
vn -0.528695 0.713150 0.460325
vn -0.638929 0.742942 -0.199517
vn -0.638929 0.742942 -0.199517
vn -0.528695 0.713150 0.460325
vn -0.399961 0.861378 0.313143
vn -0.396248 0.915424 -0.070614
vn -0.528695 0.713150 0.460325
vn -0.679717 0.516303 0.520976
vn -0.299511 0.333571 0.893881
vn -0.225663 0.565173 0.793508
vn -0.399961 0.861378 0.313143
vn -0.417814 0.847191 0.328176
vn -0.451273 0.877444 -0.162618
vn -0.396248 0.915424 -0.070614
vn -0.276073 0.636096 0.720532
vn -0.399961 0.861378 0.313143
vn -0.528695 0.713150 0.460325
vn -0.225663 0.565173 0.793508
vn -0.207682 0.476500 0.854293
vn -0.245475 0.373552 0.894540
vn -0.313312 0.574490 0.756172
vn -0.276073 0.636096 0.720532
vn -0.276073 0.636096 0.720532
vn -0.313312 0.574490 0.756172
vn -0.417814 0.847191 0.328176
vn -0.399961 0.861378 0.313143
vn -0.176358 0.514298 0.839283
vn -0.225663 0.565173 0.793508
vn -0.299511 0.333571 0.893881
vn -0.192117 0.297976 0.935041
vn -0.207682 0.476500 0.854293
vn -0.276073 0.636096 0.720532
vn -0.225663 0.565173 0.793508
vn -0.176358 0.514298 0.839283
vn -0.192117 0.297976 0.935041
vn -0.168304 0.291510 0.941645
vn -0.154723 0.469403 0.869322
vn -0.176358 0.514298 0.839283
vn -0.176358 0.514298 0.839283
vn -0.154723 0.469403 0.869322
vn -0.176191 0.405843 0.896799
vn -0.207682 0.476500 0.854293
vn -0.375764 0.740517 -0.557168
vn -0.638929 0.742942 -0.199517
vn -0.396248 0.915424 -0.070614
vn -0.335355 0.813210 -0.475632
vn -0.176191 0.405843 0.896799
vn -0.150110 0.325952 0.933393
vn -0.245475 0.373552 0.894540
vn -0.207682 0.476500 0.854293
vn -0.335355 0.813210 -0.475632
vn -0.241287 0.863825 -0.442252
vn -0.179596 0.760855 -0.623575
vn -0.188265 0.658969 -0.728228
vn -0.375764 0.740517 -0.557168
vn -0.122089 0.667605 -0.734437
vn -0.163661 0.397661 -0.902818
vn -0.493974 0.511062 -0.703424
vn -0.335355 0.813210 -0.475632
vn -0.188265 0.658969 -0.728228
vn -0.122089 0.667605 -0.734437
vn -0.375764 0.740517 -0.557168
vn -0.375764 0.740517 -0.557168
vn -0.493974 0.511062 -0.703424
vn -0.766634 0.614375 -0.186589
vn -0.638929 0.742942 -0.199517
vn -0.396248 0.915424 -0.070614
vn -0.451273 0.877444 -0.162618
vn -0.241287 0.863825 -0.442252
vn -0.335355 0.813210 -0.475632
vn -0.053416 0.185922 0.981112
vn -0.292936 0.134634 0.946606
vn -0.289755 -0.000859 0.957101
vn -0.049491 0.018474 0.998604
vn -0.053416 0.185922 0.981112
vn -0.068357 0.371967 0.925726
vn -0.206155 0.335787 0.919101
vn -0.292936 0.134634 0.946606
vn 0.165846 0.227190 0.959625
vn -0.053416 0.185922 0.981112
vn -0.049491 0.018474 0.998604
vn 0.207813 0.087445 0.974252
vn 0.165846 0.227190 0.959625
vn 0.160063 0.370317 0.915011
vn -0.068357 0.371967 0.925726
vn -0.053416 0.185922 0.981112
vn 0.713033 0.248052 0.655785
vn 0.165846 0.227190 0.959625
vn 0.207813 0.087445 0.974252
vn 0.729554 0.116702 0.673893
vn 0.713033 0.248052 0.655785
vn 0.668348 0.435631 0.602940
vn 0.160063 0.370317 0.915011
vn 0.165846 0.227190 0.959625
vn 0.963481 0.265939 0.031320
vn 0.713033 0.248052 0.655785
vn 0.729554 0.116702 0.673893
vn 0.989131 0.129181 0.070232
vn 0.963481 0.265939 0.031320
vn 0.890609 0.454535 -0.014620
vn 0.668348 0.435631 0.602940
vn 0.713033 0.248052 0.655785
vn 0.656135 0.252330 -0.711208
vn 0.963481 0.265939 0.031320
vn 0.989131 0.129181 0.070232
vn 0.724273 0.144828 -0.674132
vn 0.656135 0.252330 -0.711208
vn 0.585128 0.396752 -0.707258
vn 0.890609 0.454535 -0.014620
vn 0.963481 0.265939 0.031320
vn -0.018310 -0.058030 -0.998147
vn 0.008522 -0.016465 -0.999828
vn -0.017041 -0.064140 -0.997795
vn -0.018991 -0.027400 -0.999444
vn 0.010797 0.013844 -0.999846
vn -0.018310 -0.058030 -0.998147
vn -0.018991 -0.027400 -0.999444
vn 0.038928 0.066823 -0.997005
vn 0.010797 0.013844 -0.999846
vn -0.017934 0.146828 -0.989000
vn -0.000177 0.197113 -0.980381
vn -0.018310 -0.058030 -0.998147
vn 0.045400 0.101723 -0.993776
vn -0.026287 0.244460 -0.969303
vn -0.017934 0.146828 -0.989000
vn 0.010797 0.013844 -0.999846
vn -0.306389 0.065189 0.949672
vn -0.248287 0.188202 0.950228
vn -0.298130 0.224415 0.927770
vn -0.208037 0.070278 0.975593
vn -0.306389 0.065189 0.949672
vn -0.208037 0.070278 0.975593
vn -0.195400 0.111084 0.974412
vn -0.315665 0.058568 0.947062
vn -0.315665 0.058568 0.947062
vn -0.289755 -0.000859 0.957101
vn -0.292936 0.134634 0.946606
vn -0.306389 0.065189 0.949672
vn -0.292936 0.134634 0.946606
vn -0.206155 0.335787 0.919101
vn -0.248287 0.188202 0.950228
vn -0.306389 0.065189 0.949672
vn -0.498165 0.140904 -0.855557
vn -0.990429 0.113994 -0.077824
vn -0.974404 0.209462 -0.081624
vn -0.555226 0.226182 -0.800354
vn -0.794365 0.216008 0.567737
vn -0.208037 0.070278 0.975593
vn -0.298130 0.224415 0.927770
vn -0.771844 0.434913 0.463796
vn -0.794365 0.216008 0.567737
vn -0.760432 0.165403 0.628000
vn -0.195400 0.111084 0.974412
vn -0.208037 0.070278 0.975593
vn -0.691197 0.550620 0.468043
vn -0.768012 0.623014 -0.148361
vn -0.864714 0.493601 -0.092889
vn -0.771844 0.434913 0.463796
vn -0.771844 0.434913 0.463796
vn -0.864714 0.493601 -0.092889
vn -0.974404 0.209462 -0.081624
vn -0.794365 0.216008 0.567737
vn -0.298130 0.224415 0.927770
vn -0.301247 0.312321 0.900947
vn -0.691197 0.550620 0.468043
vn -0.771844 0.434913 0.463796
vn -0.974404 0.209462 -0.081624
vn -0.990429 0.113994 -0.077824
vn -0.760432 0.165403 0.628000
vn -0.794365 0.216008 0.567737
vn 0.193242 0.301742 -0.933600
vn 0.585128 0.396752 -0.707258
vn 0.656135 0.252330 -0.711208
vn 0.189256 0.131270 -0.973114
vn 0.189256 0.131270 -0.973114
vn 0.656135 0.252330 -0.711208
vn 0.724273 0.144828 -0.674132
vn 0.192188 0.029729 -0.980908
vn 0.192188 0.029729 -0.980908
vn -0.017041 -0.064140 -0.997795
vn 0.008522 -0.016465 -0.999828
vn 0.189256 0.131270 -0.973114
vn 0.155869 0.247121 -0.956366
vn 0.545496 0.348075 -0.762416
vn 0.585128 0.396752 -0.707258
vn 0.193242 0.301742 -0.933600
vn 0.193242 0.301742 -0.933600
vn 0.067837 0.256774 -0.964088
vn 0.059884 0.312339 -0.948081
vn 0.155869 0.247121 -0.956366
vn 0.189256 0.131270 -0.973114
vn 0.008522 -0.016465 -0.999828
vn 0.067837 0.256774 -0.964088
vn 0.193242 0.301742 -0.933600
vn 0.067837 0.256774 -0.964088
vn -0.000177 0.197113 -0.980381
vn 0.044203 0.307957 -0.950373
vn 0.059884 0.312339 -0.948081
vn 0.008522 -0.016465 -0.999828
vn -0.018310 -0.058030 -0.998147
vn -0.000177 0.197113 -0.980381
vn 0.067837 0.256774 -0.964088
vn -0.555226 0.226182 -0.800354
vn -0.530618 0.470268 -0.705189
vn -0.026287 0.244460 -0.969303
vn 0.045400 0.101723 -0.993776
vn 0.045400 0.101723 -0.993776
vn 0.010797 0.013844 -0.999846
vn 0.038928 0.066823 -0.997005
vn 0.065089 0.104880 -0.992353
vn 0.065089 0.104880 -0.992353
vn -0.498165 0.140904 -0.855557
vn -0.555226 0.226182 -0.800354
vn 0.045400 0.101723 -0.993776
vn -0.974404 0.209462 -0.081624
vn -0.864714 0.493601 -0.092889
vn -0.530618 0.470268 -0.705189
vn -0.555226 0.226182 -0.800354
vn 0.025717 0.727075 0.686076
vn -0.175227 0.789420 0.588312
vn -0.259594 0.704878 0.660120
vn -0.038173 0.448338 0.893049
vn -0.253164 0.931392 0.261565
vn -0.175227 0.789420 0.588312
vn 0.025717 0.727075 0.686076
vn -0.312705 0.764310 0.563955
vn -0.259594 0.704878 0.660120
vn -0.175227 0.789420 0.588312
vn -0.253164 0.931392 0.261565
vn 0.025717 0.727075 0.686076
vn -0.038173 0.448338 0.893049
vn 0.028563 0.561462 0.827010
vn 0.091278 0.809443 0.580060
vn -0.208832 0.975628 -0.067370
vn -0.277207 0.959456 0.050997
vn -0.312705 0.764310 0.563955
vn -0.253164 0.931392 0.261565
vn 0.091278 0.809443 0.580060
vn -0.208832 0.975628 -0.067370
vn -0.253164 0.931392 0.261565
vn 0.025717 0.727075 0.686076
vn 0.221001 0.843051 0.490330
vn 0.091278 0.809443 0.580060
vn 0.028563 0.561462 0.827010
vn 0.251443 0.638684 0.727227
vn -0.216057 0.940485 -0.262311
vn -0.277207 0.959456 0.050997
vn -0.208832 0.975628 -0.067370
vn -0.204453 0.934173 -0.292438
vn -0.204453 0.934173 -0.292438
vn -0.208832 0.975628 -0.067370
vn 0.091278 0.809443 0.580060
vn 0.221001 0.843051 0.490330
vn -0.252473 0.940681 -0.226665
vn -0.204453 0.934173 -0.292438
vn 0.221001 0.843051 0.490330
vn 0.403647 0.866996 0.292209
vn -0.252473 0.940681 -0.226665
vn -0.209546 0.924073 -0.319656
vn -0.216057 0.940485 -0.262311
vn -0.204453 0.934173 -0.292438
vn 0.403647 0.866996 0.292209
vn 0.221001 0.843051 0.490330
vn 0.251443 0.638684 0.727227
vn 0.630176 0.660754 0.407777
vn 0.530336 0.845223 0.065898
vn 0.403647 0.866996 0.292209
vn 0.630176 0.660754 0.407777
vn 0.768451 0.639589 0.020216
vn -0.284584 0.931428 -0.226834
vn -0.201258 0.873759 -0.442765
vn -0.197586 0.816107 -0.543074
vn -0.232781 0.881757 -0.410266
vn 0.014043 0.843339 -0.537199
vn -0.201258 0.873759 -0.442765
vn -0.284584 0.931428 -0.226834
vn -0.232781 0.881757 -0.410266
vn -0.209546 0.924073 -0.319656
vn -0.252473 0.940681 -0.226665
vn -0.284584 0.931428 -0.226834
vn 0.129171 0.639386 -0.757958
vn 0.014675 0.658477 -0.752458
vn 0.014043 0.843339 -0.537199
vn 0.081476 0.827202 -0.555966
vn 0.014675 0.658477 -0.752458
vn -0.197586 0.816107 -0.543074
vn -0.201258 0.873759 -0.442765
vn 0.014043 0.843339 -0.537199
vn -0.284584 0.931428 -0.226834
vn -0.252473 0.940681 -0.226665
vn 0.403647 0.866996 0.292209
vn 0.530336 0.845223 0.065898
vn 0.530336 0.845223 0.065898
vn 0.501108 0.782696 -0.369158
vn 0.206890 0.724517 -0.657474
vn 0.081476 0.827202 -0.555966
vn 0.768451 0.639589 0.020216
vn 0.532188 0.714643 -0.453940
vn 0.501108 0.782696 -0.369158
vn 0.530336 0.845223 0.065898
vn 0.081476 0.827202 -0.555966
vn 0.014043 0.843339 -0.537199
vn -0.284584 0.931428 -0.226834
vn 0.530336 0.845223 0.065898
vn 0.081476 0.827202 -0.555966
vn 0.206890 0.724517 -0.657474
vn 0.207843 0.667091 -0.715396
vn 0.129171 0.639386 -0.757958
vn -0.677617 0.724517 -0.126138
vn -0.426864 0.782696 -0.452961
vn -0.514774 0.714643 -0.473596
vn -0.735231 0.667091 -0.120103
vn 0.960415 0.277936 -0.018841
vn 0.953125 0.297428 0.055580
vn 0.937248 0.335787 0.093875
vn 0.927216 0.371967 -0.043717
vn 0.966718 0.255680 -0.009153
vn 0.955066 0.291510 0.053583
vn 0.953125 0.297428 0.055580
vn 0.960415 0.277936 -0.018841
vn 0.915054 0.305016 -0.263895
vn 0.960415 0.277936 -0.018841
vn 0.927216 0.371967 -0.043717
vn 0.889048 0.370317 -0.269181
vn 0.909496 0.340044 -0.239138
vn 0.966718 0.255680 -0.009153
vn 0.960415 0.277936 -0.018841
vn 0.915054 0.305016 -0.263895
vn 0.491809 0.434647 -0.754458
vn 0.915054 0.305016 -0.263895
vn 0.889048 0.370317 -0.269181
vn 0.517990 0.435631 -0.736147
vn 0.471979 0.500000 -0.726110
vn 0.909496 0.340044 -0.239138
vn 0.915054 0.305016 -0.263895
vn 0.491809 0.434647 -0.754458
vn -0.133070 0.468085 -0.873607
vn 0.491809 0.434647 -0.754458
vn 0.517990 0.435631 -0.736147
vn -0.121857 0.454535 -0.882354
vn -0.118550 0.525541 -0.842468
vn 0.471979 0.500000 -0.726110
vn 0.491809 0.434647 -0.754458
vn -0.133070 0.468085 -0.873607
vn -0.822605 0.348075 -0.449627
vn -0.133070 0.468085 -0.873607
vn -0.121857 0.454535 -0.882354
vn -0.772626 0.396752 -0.495618
vn -0.774091 0.405361 -0.486277
vn -0.118550 0.525541 -0.842468
vn -0.133070 0.468085 -0.873607
vn -0.822605 0.348075 -0.449627
vn -0.976327 0.215914 -0.012931
vn -0.774091 0.405361 -0.486277
vn -0.822605 0.348075 -0.449627
vn -0.968181 0.247121 -0.039464
vn -0.984016 0.164501 0.068202
vn -0.976327 0.215914 -0.012931
vn -0.968181 0.247121 -0.039464
vn -0.948387 0.312339 0.054823
vn -0.988379 0.145719 0.043277
vn -0.984016 0.164501 0.068202
vn -0.948387 0.312339 0.054823
vn -0.948772 0.307957 0.070665
vn -0.972558 0.208726 0.102779
vn -0.948772 0.307957 0.070665
vn -0.973212 0.197113 0.118339
vn -0.979628 0.146828 0.137005
vn -0.951239 0.295871 0.087207
vn -0.988379 0.145719 0.043277
vn -0.948772 0.307957 0.070665
vn -0.972558 0.208726 0.102779
vn -0.928144 0.283335 0.241393
vn -0.972558 0.208726 0.102779
vn -0.979628 0.146828 0.137005
vn -0.959068 0.244460 0.142923
vn -0.876511 0.397661 0.271282
vn -0.951239 0.295871 0.087207
vn -0.972558 0.208726 0.102779
vn -0.928144 0.283335 0.241393
vn 0.961928 0.255360 0.097394
vn 0.953125 0.297428 0.055580
vn 0.955066 0.291510 0.053583
vn 0.951380 0.297976 0.078018
vn 0.973227 0.188202 0.131948
vn 0.937248 0.335787 0.093875
vn 0.953125 0.297428 0.055580
vn 0.961928 0.255360 0.097394
vn 0.012011 0.493601 0.869606
vn -0.054712 0.623014 0.780295
vn -0.641559 0.553722 0.530842
vn -0.636094 0.470268 0.611745
vn -0.641559 0.553722 0.530842
vn -0.928144 0.283335 0.241393
vn -0.959068 0.244460 0.142923
vn -0.636094 0.470268 0.611745
vn -0.638758 0.511062 0.575155
vn -0.641559 0.553722 0.530842
vn -0.054712 0.623014 0.780295
vn -0.092828 0.614375 0.783534
vn -0.638758 0.511062 0.575155
vn -0.876511 0.397661 0.271282
vn -0.928144 0.283335 0.241393
vn -0.641559 0.553722 0.530842
vn 0.956939 0.224415 0.184135
vn 0.973227 0.188202 0.131948
vn 0.961928 0.255360 0.097394
vn 0.930688 0.312321 0.190462
vn 0.599103 0.516303 0.611970
vn 0.547940 0.550620 0.629746
vn 0.930688 0.312321 0.190462
vn 0.923464 0.333571 0.189590
vn 0.599103 0.516303 0.611970
vn -0.092828 0.614375 0.783534
vn -0.054712 0.623014 0.780295
vn 0.547940 0.550620 0.629746
vn 0.930688 0.312321 0.190462
vn 0.961928 0.255360 0.097394
vn 0.951380 0.297976 0.078018
vn 0.923464 0.333571 0.189590
vn 0.924725 0.379293 -0.031956
vn 0.817538 0.561462 -0.128032
vn 0.891139 0.448338 -0.069743
vn 0.944681 0.325952 0.036516
vn 0.858308 0.418023 -0.297598
vn 0.691620 0.638684 -0.337261
vn 0.817538 0.561462 -0.128032
vn 0.924725 0.379293 -0.031956
vn 0.457645 0.472861 -0.752970
vn 0.328850 0.660754 -0.674731
vn 0.691620 0.638684 -0.337261
vn 0.858308 0.418023 -0.297598
vn -0.120850 0.462207 -0.878499
vn -0.072551 0.639589 -0.765286
vn 0.328850 0.660754 -0.674731
vn 0.457645 0.472861 -0.752970
vn -0.628877 0.565209 -0.533903
vn -0.514774 0.714643 -0.473596
vn -0.072551 0.639589 -0.765286
vn -0.120850 0.462207 -0.878499
vn -0.872200 0.482611 -0.079707
vn -0.735231 0.667091 -0.120103
vn -0.514774 0.714643 -0.473596
vn -0.628877 0.565209 -0.533903
vn -0.942280 0.334790 0.004872
vn -0.768001 0.639386 -0.036875
vn -0.735231 0.667091 -0.120103
vn -0.872200 0.482611 -0.079707
vn -0.907099 0.413357 0.079415
vn -0.748741 0.658477 0.076124
vn -0.768001 0.639386 -0.036875
vn -0.942280 0.334790 0.004872
vn -0.740207 0.640496 0.204595
vn -0.515300 0.816107 0.261602
vn -0.748741 0.658477 0.076124
vn -0.907099 0.413357 0.079415
vn -0.597383 0.760855 0.253445
vn -0.379218 0.881757 0.280532
vn -0.515300 0.816107 0.261602
vn -0.740207 0.640496 0.204595
vn 0.944681 0.325952 0.036516
vn 0.891139 0.448338 -0.069743
vn 0.686596 0.704878 0.178138
vn 0.917605 0.373552 0.135868
vn 0.917605 0.373552 0.135868
vn 0.686596 0.704878 0.178138
vn 0.597534 0.764310 0.242453
vn 0.788423 0.574490 0.219888
vn -0.107042 0.877444 0.467583
vn -0.234358 0.940485 0.246098
vn -0.292070 0.924073 0.246546
vn -0.409946 0.863825 0.292832
vn -0.409946 0.863825 0.292832
vn -0.292070 0.924073 0.246546
vn -0.379218 0.881757 0.280532
vn -0.597383 0.760855 0.253445
vn 0.084037 0.959456 0.269040
vn -0.234358 0.940485 0.246098
vn -0.107042 0.877444 0.467583
vn 0.376142 0.847191 0.375214
vn 0.376142 0.847191 0.375214
vn 0.788423 0.574490 0.219888
vn 0.597534 0.764310 0.242453
vn 0.084037 0.959456 0.269040
vn 0.900463 0.434831 -0.009422
vn 0.924725 0.379293 -0.031956
vn 0.944681 0.325952 0.036516
vn 0.911497 0.405843 0.066817
vn 0.912484 0.408701 -0.018355
vn 0.881634 0.469403 0.048818
vn 0.955066 0.291510 0.053583
vn 0.966718 0.255680 -0.009153
vn 0.900463 0.434831 -0.009422
vn 0.911497 0.405843 0.066817
vn 0.881634 0.469403 0.048818
vn 0.912484 0.408701 -0.018355
vn 0.835662 0.462878 -0.295658
vn 0.858308 0.418023 -0.297598
vn 0.924725 0.379293 -0.031956
vn 0.900463 0.434831 -0.009422
vn 0.841717 0.489392 -0.228053
vn 0.912484 0.408701 -0.018355
vn 0.966718 0.255680 -0.009153
vn 0.909496 0.340044 -0.239138
vn 0.835662 0.462878 -0.295658
vn 0.900463 0.434831 -0.009422
vn 0.912484 0.408701 -0.018355
vn 0.841717 0.489392 -0.228053
vn 0.390735 0.600921 -0.697295
vn 0.457645 0.472861 -0.752970
vn 0.858308 0.418023 -0.297598
vn 0.835662 0.462878 -0.295658
vn 0.467793 0.622448 -0.627477
vn 0.841717 0.489392 -0.228053
vn 0.909496 0.340044 -0.239138
vn 0.471979 0.500000 -0.726110
vn 0.390735 0.600921 -0.697295
vn 0.835662 0.462878 -0.295658
vn 0.841717 0.489392 -0.228053
vn 0.467793 0.622448 -0.627477
vn -0.104306 0.577509 -0.809694
vn -0.120850 0.462207 -0.878499
vn 0.457645 0.472861 -0.752970
vn 0.390735 0.600921 -0.697295
vn -0.088174 0.643942 -0.759976
vn 0.467793 0.622448 -0.627477
vn 0.471979 0.500000 -0.726110
vn -0.118550 0.525541 -0.842468
vn -0.104306 0.577509 -0.809694
vn 0.390735 0.600921 -0.697295
vn 0.467793 0.622448 -0.627477
vn -0.088174 0.643942 -0.759976
vn -0.700947 0.577631 -0.418349
vn -0.628877 0.565209 -0.533903
vn -0.120850 0.462207 -0.878499
vn -0.104306 0.577509 -0.809694
vn -0.634303 0.639852 -0.433878
vn -0.088174 0.643942 -0.759976
vn -0.118550 0.525541 -0.842468
vn -0.774091 0.405361 -0.486277
vn -0.700947 0.577631 -0.418349
vn -0.104306 0.577509 -0.809694
vn -0.088174 0.643942 -0.759976
vn -0.634303 0.639852 -0.433878
vn -0.904652 0.424065 -0.042110
vn -0.872200 0.482611 -0.079707
vn -0.628877 0.565209 -0.533903
vn -0.700947 0.577631 -0.418349
vn -0.885187 0.465233 0.001371
vn -0.634303 0.639852 -0.433878
vn -0.774091 0.405361 -0.486277
vn -0.976327 0.215914 -0.012931
vn -0.904652 0.424065 -0.042110
vn -0.700947 0.577631 -0.418349
vn -0.634303 0.639852 -0.433878
vn -0.885187 0.465233 0.001371
vn -0.910780 0.412315 0.021819
vn -0.942280 0.334790 0.004872
vn -0.872200 0.482611 -0.079707
vn -0.904652 0.424065 -0.042110
vn -0.913431 0.404402 0.045853
vn -0.885187 0.465233 0.001371
vn -0.976327 0.215914 -0.012931
vn -0.984016 0.164501 0.068202
vn -0.910780 0.412315 0.021819
vn -0.904652 0.424065 -0.042110
vn -0.885187 0.465233 0.001371
vn -0.913431 0.404402 0.045853
vn -0.910288 0.411301 0.046980
vn -0.907099 0.413357 0.079415
vn -0.942280 0.334790 0.004872
vn -0.910780 0.412315 0.021819
vn -0.925513 0.376657 0.039429
vn -0.913431 0.404402 0.045853
vn -0.984016 0.164501 0.068202
vn -0.988379 0.145719 0.043277
vn -0.910288 0.411301 0.046980
vn -0.910780 0.412315 0.021819
vn -0.913431 0.404402 0.045853
vn -0.925513 0.376657 0.039429
vn -0.849410 0.499322 0.170820
vn -0.740207 0.640496 0.204595
vn -0.907099 0.413357 0.079415
vn -0.910288 0.411301 0.046980
vn -0.858062 0.502094 0.107853
vn -0.925513 0.376657 0.039429
vn -0.988379 0.145719 0.043277
vn -0.951239 0.295871 0.087207
vn -0.849410 0.499322 0.170820
vn -0.910288 0.411301 0.046980
vn -0.925513 0.376657 0.039429
vn -0.858062 0.502094 0.107853
vn -0.700228 0.658969 0.274665
vn -0.597383 0.760855 0.253445
vn -0.740207 0.640496 0.204595
vn -0.849410 0.499322 0.170820
vn -0.714368 0.667605 0.209719
vn -0.858062 0.502094 0.107853
vn -0.951239 0.295871 0.087207
vn -0.876511 0.397661 0.271282
vn -0.700228 0.658969 0.274665
vn -0.849410 0.499322 0.170820
vn -0.858062 0.502094 0.107853
vn -0.714368 0.667605 0.209719
vn -0.092828 0.614375 0.783534
vn 0.599103 0.516303 0.611970
vn 0.520692 0.713150 0.469358
vn -0.121054 0.742942 0.658318
vn -0.121054 0.742942 0.658318
vn 0.520692 0.713150 0.469358
vn 0.359067 0.861378 0.359303
vn -0.022340 0.915424 0.401871
vn 0.520692 0.713150 0.469358
vn 0.599103 0.516303 0.611970
vn 0.923464 0.333571 0.189590
vn 0.814922 0.565173 0.128379
vn 0.359067 0.861378 0.359303
vn 0.376142 0.847191 0.375214
vn -0.107042 0.877444 0.467583
vn -0.022340 0.915424 0.401871
vn 0.748553 0.636096 0.187217
vn 0.359067 0.861378 0.359303
vn 0.520692 0.713150 0.469358
vn 0.814922 0.565173 0.128379
vn 0.873096 0.476500 0.103202
vn 0.917605 0.373552 0.135868
vn 0.788423 0.574490 0.219888
vn 0.748553 0.636096 0.187217
vn 0.748553 0.636096 0.187217
vn 0.788423 0.574490 0.219888
vn 0.376142 0.847191 0.375214
vn 0.359067 0.861378 0.359303
vn 0.854421 0.514298 0.073915
vn 0.814922 0.565173 0.128379
vn 0.923464 0.333571 0.189590
vn 0.951380 0.297976 0.078018
vn 0.873096 0.476500 0.103202
vn 0.748553 0.636096 0.187217
vn 0.814922 0.565173 0.128379
vn 0.854421 0.514298 0.073915
vn 0.951380 0.297976 0.078018
vn 0.955066 0.291510 0.053583
vn 0.881634 0.469403 0.048818
vn 0.854421 0.514298 0.073915
vn 0.854421 0.514298 0.073915
vn 0.881634 0.469403 0.048818
vn 0.911497 0.405843 0.066817
vn 0.873096 0.476500 0.103202
vn -0.507816 0.740517 0.440179
vn -0.121054 0.742942 0.658318
vn -0.022340 0.915424 0.401871
vn -0.431745 0.813210 0.390238
vn 0.911497 0.405843 0.066817
vn 0.944681 0.325952 0.036516
vn 0.917605 0.373552 0.135868
vn 0.873096 0.476500 0.103202
vn -0.431745 0.813210 0.390238
vn -0.409946 0.863825 0.292832
vn -0.597383 0.760855 0.253445
vn -0.700228 0.658969 0.274665
vn -0.507816 0.740517 0.440179
vn -0.714368 0.667605 0.209719
vn -0.876511 0.397661 0.271282
vn -0.638758 0.511062 0.575155
vn -0.431745 0.813210 0.390238
vn -0.700228 0.658969 0.274665
vn -0.714368 0.667605 0.209719
vn -0.507816 0.740517 0.440179
vn -0.507816 0.740517 0.440179
vn -0.638758 0.511062 0.575155
vn -0.092828 0.614375 0.783534
vn -0.121054 0.742942 0.658318
vn -0.022340 0.915424 0.401871
vn -0.107042 0.877444 0.467583
vn -0.409946 0.863825 0.292832
vn -0.431745 0.813210 0.390238
vn 0.980397 0.185922 -0.065225
vn 0.975012 0.134634 0.176709
vn 0.985047 -0.000859 0.172285
vn 0.997289 0.018474 -0.071229
vn 0.980397 0.185922 -0.065225
vn 0.927216 0.371967 -0.043717
vn 0.937248 0.335787 0.093875
vn 0.975012 0.134634 0.176709
vn 0.932640 0.227190 -0.280299
vn 0.980397 0.185922 -0.065225
vn 0.997289 0.018474 -0.071229
vn 0.942103 0.087445 -0.323722
vn 0.932640 0.227190 -0.280299
vn 0.889048 0.370317 -0.269181
vn 0.927216 0.371967 -0.043717
vn 0.980397 0.185922 -0.065225
vn 0.565064 0.248052 -0.786875
vn 0.932640 0.227190 -0.280299
vn 0.942103 0.087445 -0.323722
vn 0.581049 0.116702 -0.805458
vn 0.565064 0.248052 -0.786875
vn 0.517990 0.435631 -0.736147
vn 0.889048 0.370317 -0.269181
vn 0.932640 0.227190 -0.280299
vn -0.085034 0.265939 -0.960232
vn 0.565064 0.248052 -0.786875
vn 0.581049 0.116702 -0.805458
vn -0.049498 0.129181 -0.990385
vn -0.085034 0.265939 -0.960232
vn -0.121857 0.454535 -0.882354
vn 0.517990 0.435631 -0.736147
vn 0.565064 0.248052 -0.786875
vn -0.785105 0.252330 -0.565632
vn -0.085034 0.265939 -0.960232
vn -0.049498 0.129181 -0.990385
vn -0.756512 0.144828 -0.637741
vn -0.785105 0.252330 -0.565632
vn -0.772626 0.396752 -0.495618
vn -0.121857 0.454535 -0.882354
vn -0.085034 0.265939 -0.960232
vn -0.988664 -0.058030 0.138481
vn -0.993567 -0.016465 0.112047
vn -0.988468 -0.064140 0.137179
vn -0.989869 -0.027400 0.139313
vn -0.993858 0.013844 0.109791
vn -0.988664 -0.058030 0.138481
vn -0.989869 -0.027400 0.139313
vn -0.994429 0.066823 0.081522
vn -0.993858 0.013844 0.109791
vn -0.979628 0.146828 0.137005
vn -0.973212 0.197113 0.118339
vn -0.988664 -0.058030 0.138481
vn -0.992004 0.101723 0.074709
vn -0.959068 0.244460 0.142923
vn -0.979628 0.146828 0.137005
vn -0.993858 0.013844 0.109791
vn 0.979677 0.065189 0.189694
vn 0.973227 0.188202 0.131948
vn 0.956939 0.224415 0.184135
vn 0.993555 0.070278 0.088935
vn 0.979677 0.065189 0.189694
vn 0.993555 0.070278 0.088935
vn 0.990860 0.111084 0.076531
vn 0.978204 0.058568 0.199216
vn 0.978204 0.058568 0.199216
vn 0.985047 -0.000859 0.172285
vn 0.975012 0.134634 0.176709
vn 0.979677 0.065189 0.189694
vn 0.975012 0.134634 0.176709
vn 0.937248 0.335787 0.093875
vn 0.973227 0.188202 0.131948
vn 0.979677 0.065189 0.189694
vn -0.789277 0.140904 0.597652
vn 0.042117 0.113994 0.992588
vn 0.036414 0.209462 0.977139
vn -0.727599 0.226182 0.647643
vn 0.659341 0.216008 0.720146
vn 0.993555 0.070278 0.088935
vn 0.956939 0.224415 0.184135
vn 0.553444 0.434913 0.710317
vn 0.659341 0.216008 0.720146
vn 0.715075 0.165403 0.679197
vn 0.990860 0.111084 0.076531
vn 0.993555 0.070278 0.088935
vn 0.547940 0.550620 0.629746
vn -0.054712 0.623014 0.780295
vn 0.012011 0.493601 0.869606
vn 0.553444 0.434913 0.710317
vn 0.553444 0.434913 0.710317
vn 0.012011 0.493601 0.869606
vn 0.036414 0.209462 0.977139
vn 0.659341 0.216008 0.720146
vn 0.956939 0.224415 0.184135
vn 0.930688 0.312321 0.190462
vn 0.547940 0.550620 0.629746
vn 0.553444 0.434913 0.710317
vn 0.036414 0.209462 0.977139
vn 0.042117 0.113994 0.992588
vn 0.715075 0.165403 0.679197
vn 0.659341 0.216008 0.720146
vn -0.950085 0.301742 -0.079309
vn -0.772626 0.396752 -0.495618
vn -0.785105 0.252330 -0.565632
vn -0.988830 0.131270 -0.070589
vn -0.988830 0.131270 -0.070589
vn -0.785105 0.252330 -0.565632
vn -0.756512 0.144828 -0.637741
vn -0.996921 0.029729 -0.072561
vn -0.996921 0.029729 -0.072561
vn -0.988468 -0.064140 0.137179
vn -0.993567 -0.016465 0.112047
vn -0.988830 0.131270 -0.070589
vn -0.968181 0.247121 -0.039464
vn -0.822605 0.348075 -0.449627
vn -0.772626 0.396752 -0.495618
vn -0.950085 0.301742 -0.079309
vn -0.950085 0.301742 -0.079309
vn -0.965236 0.256774 0.048857
vn -0.948387 0.312339 0.054823
vn -0.968181 0.247121 -0.039464
vn -0.988830 0.131270 -0.070589
vn -0.993567 -0.016465 0.112047
vn -0.965236 0.256774 0.048857
vn -0.950085 0.301742 -0.079309
vn -0.965236 0.256774 0.048857
vn -0.973212 0.197113 0.118339
vn -0.948772 0.307957 0.070665
vn -0.948387 0.312339 0.054823
vn -0.993567 -0.016465 0.112047
vn -0.988664 -0.058030 0.138481
vn -0.973212 0.197113 0.118339
vn -0.965236 0.256774 0.048857
vn -0.727599 0.226182 0.647643
vn -0.636094 0.470268 0.611745
vn -0.959068 0.244460 0.142923
vn -0.992004 0.101723 0.074709
vn -0.992004 0.101723 0.074709
vn -0.993858 0.013844 0.109791
vn -0.994429 0.066823 0.081522
vn -0.992963 0.104880 0.054992
vn -0.992963 0.104880 0.054992
vn -0.789277 0.140904 0.597652
vn -0.727599 0.226182 0.647643
vn -0.992004 0.101723 0.074709
vn 0.036414 0.209462 0.977139
vn 0.012011 0.493601 0.869606
vn -0.636094 0.470268 0.611745
vn -0.727599 0.226182 0.647643
vn 0.677975 0.727075 -0.108220
vn 0.605143 0.789420 0.103041
vn 0.686596 0.704878 0.178138
vn 0.891139 0.448338 -0.069743
vn 0.290172 0.931392 0.219793
vn 0.605143 0.789420 0.103041
vn 0.677975 0.727075 -0.108220
vn 0.597534 0.764310 0.242453
vn 0.686596 0.704878 0.178138
vn 0.605143 0.789420 0.103041
vn 0.290172 0.931392 0.219793
vn 0.677975 0.727075 -0.108220
vn 0.891139 0.448338 -0.069743
vn 0.817538 0.561462 -0.128032
vn 0.564830 0.809443 -0.160526
vn -0.041708 0.975628 0.215430
vn 0.084037 0.959456 0.269040
vn 0.597534 0.764310 0.242453
vn 0.290172 0.931392 0.219793
vn 0.564830 0.809443 -0.160526
vn -0.041708 0.975628 0.215430
vn 0.290172 0.931392 0.219793
vn 0.677975 0.727075 -0.108220
vn 0.460119 0.843051 -0.278488
vn 0.564830 0.809443 -0.160526
vn 0.817538 0.561462 -0.128032
vn 0.691620 0.638684 -0.337261
vn -0.234358 0.940485 0.246098
vn 0.084037 0.959456 0.269040
vn -0.041708 0.975628 0.215430
vn -0.265664 0.934173 0.238210
vn -0.265664 0.934173 0.238210
vn -0.041708 0.975628 0.215430
vn 0.564830 0.809443 -0.160526
vn 0.460119 0.843051 -0.278488
vn -0.194583 0.940681 0.277952
vn -0.265664 0.934173 0.238210
vn 0.460119 0.843051 -0.278488
vn 0.241428 0.866996 -0.435924
vn -0.194583 0.940681 0.277952
vn -0.292070 0.924073 0.246546
vn -0.234358 0.940485 0.246098
vn -0.265664 0.934173 0.238210
vn 0.241428 0.866996 -0.435924
vn 0.460119 0.843051 -0.278488
vn 0.691620 0.638684 -0.337261
vn 0.328850 0.660754 -0.674731
vn 0.001497 0.845223 -0.534412
vn 0.241428 0.866996 -0.435924
vn 0.328850 0.660754 -0.674731
vn -0.072551 0.639589 -0.765286
vn -0.190880 0.931428 0.309849
vn -0.415280 0.873759 0.253156
vn -0.515300 0.816107 0.261602
vn -0.379218 0.881757 0.280532
vn -0.534975 0.843339 0.050807
vn -0.415280 0.873759 0.253156
vn -0.190880 0.931428 0.309849
vn -0.379218 0.881757 0.280532
vn -0.292070 0.924073 0.246546
vn -0.194583 0.940681 0.277952
vn -0.190880 0.931428 0.309849
vn -0.768001 0.639386 -0.036875
vn -0.748741 0.658477 0.076124
vn -0.534975 0.843339 0.050807
vn -0.561733 0.827202 -0.013873
vn -0.748741 0.658477 0.076124
vn -0.515300 0.816107 0.261602
vn -0.415280 0.873759 0.253156
vn -0.534975 0.843339 0.050807
vn -0.190880 0.931428 0.309849
vn -0.194583 0.940681 0.277952
vn 0.241428 0.866996 -0.435924
vn 0.001497 0.845223 -0.534412
vn 0.001497 0.845223 -0.534412
vn -0.426864 0.782696 -0.452961
vn -0.677617 0.724517 -0.126138
vn -0.561733 0.827202 -0.013873
vn -0.072551 0.639589 -0.765286
vn -0.514774 0.714643 -0.473596
vn -0.426864 0.782696 -0.452961
vn 0.001497 0.845223 -0.534412
vn -0.561733 0.827202 -0.013873
vn -0.534975 0.843339 0.050807
vn -0.190880 0.931428 0.309849
vn 0.001497 0.845223 -0.534412
vn -0.561733 0.827202 -0.013873
vn -0.677617 0.724517 -0.126138
vn -0.735231 0.667091 -0.120103
vn -0.768001 0.639386 -0.036875
vn 0.673480 0.724517 0.146628
vn 0.412932 0.782696 0.465697
vn 0.500175 0.714643 0.488989
vn 0.731251 0.667091 0.142344
vn -0.960544 0.277936 -0.010292
vn -0.951001 0.297428 -0.084457
vn -0.933971 0.335787 -0.122254
vn -0.928115 0.371967 0.015579
vn -0.966551 0.255680 -0.020167
vn -0.953002 0.291510 -0.082521
vn -0.951001 0.297428 -0.084457
vn -0.960544 0.277936 -0.010292
vn -0.922636 0.305016 0.236025
vn -0.960544 0.277936 -0.010292
vn -0.928115 0.371967 0.015579
vn -0.896803 0.370317 0.242096
vn -0.916330 0.340044 0.211447
vn -0.966551 0.255680 -0.020167
vn -0.960544 0.277936 -0.010292
vn -0.922636 0.305016 0.236025
vn -0.514461 0.434647 0.739197
vn -0.922636 0.305016 0.236025
vn -0.896803 0.370317 0.242096
vn -0.540075 0.435631 0.720100
vn -0.493782 0.500000 0.711463
vn -0.916330 0.340044 0.211447
vn -0.922636 0.305016 0.236025
vn -0.514461 0.434647 0.739197
vn 0.106517 0.468085 0.877240
vn -0.514461 0.434647 0.739197
vn -0.540075 0.435631 0.720100
vn 0.095043 0.454535 0.885644
vn 0.092948 0.525541 0.845676
vn -0.493782 0.500000 0.711463
vn -0.514461 0.434647 0.739197
vn 0.106517 0.468085 0.877240
vn 0.808592 0.348075 0.474366
vn 0.106517 0.468085 0.877240
vn 0.095043 0.454535 0.885644
vn 0.757241 0.396752 0.518820
vn 0.758989 0.405361 0.509528
vn 0.092948 0.525541 0.845676
vn 0.106517 0.468085 0.877240
vn 0.808592 0.348075 0.474366
vn 0.975486 0.215914 0.042532
vn 0.758989 0.405361 0.509528
vn 0.808592 0.348075 0.474366
vn 0.966539 0.247121 0.068806
vn 0.985632 0.164501 -0.038330
vn 0.975486 0.215914 0.042532
vn 0.966539 0.247121 0.068806
vn 0.949614 0.312339 -0.026038
vn 0.989237 0.145719 -0.013284
vn 0.985632 0.164501 -0.038330
vn 0.949614 0.312339 -0.026038
vn 0.950479 0.307957 -0.041861
vn 0.975228 0.208726 -0.073238
vn 0.950479 0.307957 -0.041861
vn 0.976354 0.197113 -0.088772
vn 0.983332 0.146828 -0.107235
vn 0.953446 0.295871 -0.058321
vn 0.989237 0.145719 -0.013284
vn 0.950479 0.307957 -0.041861
vn 0.975228 0.208726 -0.073238
vn 0.935037 0.283335 -0.213136
vn 0.975228 0.208726 -0.073238
vn 0.983332 0.146828 -0.107235
vn 0.962962 0.244460 -0.113774
vn 0.884335 0.397661 -0.244578
vn 0.953446 0.295871 -0.058321
vn 0.975228 0.208726 -0.073238
vn 0.935037 0.283335 -0.213136
vn -0.958532 0.255360 -0.126520
vn -0.951001 0.297428 -0.084457
vn -0.953002 0.291510 -0.082521
vn -0.948576 0.297976 -0.106833
vn -0.968778 0.188202 -0.161401
vn -0.933971 0.335787 -0.122254
vn -0.951001 0.297428 -0.084457
vn -0.958532 0.255360 -0.126520
vn 0.014366 0.493601 -0.869570
vn 0.078350 0.623014 -0.778277
vn 0.657362 0.553722 -0.511143
vn 0.654353 0.470268 -0.592174
vn 0.657362 0.553722 -0.511143
vn 0.935037 0.283335 -0.213136
vn 0.962962 0.244460 -0.113774
vn 0.654353 0.470268 -0.592174
vn 0.655906 0.511062 -0.555520
vn 0.657362 0.553722 -0.511143
vn 0.078350 0.623014 -0.778277
vn 0.116546 0.614375 -0.780359
vn 0.655906 0.511062 -0.555520
vn 0.884335 0.397661 -0.244578
vn 0.935037 0.283335 -0.213136
vn 0.657362 0.553722 -0.511143
vn -0.950915 0.224415 -0.213069
vn -0.968778 0.188202 -0.161401
vn -0.958532 0.255360 -0.126520
vn -0.924484 0.312321 -0.218597
vn -0.580269 0.516303 -0.629856
vn -0.528591 0.550620 -0.646072
vn -0.924484 0.312321 -0.218597
vn -0.917290 0.333571 -0.217506
vn -0.580269 0.516303 -0.629856
vn 0.116546 0.614375 -0.780359
vn 0.078350 0.623014 -0.778277
vn -0.528591 0.550620 -0.646072
vn -0.924484 0.312321 -0.218597
vn -0.958532 0.255360 -0.126520
vn -0.948576 0.297976 -0.106833
vn -0.917290 0.333571 -0.217506
vn -0.925268 0.379293 0.003899
vn -0.821045 0.561462 0.103181
vn -0.892844 0.448338 0.042687
vn -0.943139 0.325952 -0.065147
vn -0.866938 0.418023 0.271433
vn -0.701529 0.638684 0.316133
vn -0.821045 0.561462 0.103181
vn -0.925268 0.379293 0.003899
vn -0.480268 0.472861 0.738746
vn -0.349160 0.660754 0.664448
vn -0.701529 0.638684 0.316133
vn -0.866938 0.418023 0.271433
vn 0.094154 0.462207 0.881760
vn 0.049310 0.639589 0.767134
vn -0.349160 0.660754 0.664448
vn -0.480268 0.472861 0.738746
vn 0.612397 0.565209 0.552728
vn 0.500175 0.714643 0.488989
vn 0.049310 0.639589 0.767134
vn 0.094154 0.462207 0.881760
vn 0.869382 0.482611 0.106120
vn 0.731251 0.667091 0.142344
vn 0.500175 0.714643 0.488989
vn 0.612397 0.565209 0.552728
vn 0.941995 0.334790 0.023705
vn 0.766530 0.639386 0.060147
vn 0.731251 0.667091 0.142344
vn 0.869382 0.482611 0.106120
vn 0.909091 0.413357 -0.051870
vn 0.750705 0.658477 -0.053384
vn 0.766530 0.639386 0.060147
vn 0.941995 0.334790 0.023705
vn 0.746071 0.640496 -0.182054
vn 0.522996 0.816107 -0.245855
vn 0.750705 0.658477 -0.053384
vn 0.909091 0.413357 -0.051870
vn 0.604794 0.760855 -0.235212
vn 0.387551 0.881757 -0.268904
vn 0.522996 0.816107 -0.245855
vn 0.746071 0.640496 -0.182054
vn -0.943139 0.325952 -0.065147
vn -0.892844 0.448338 0.042687
vn -0.680878 0.704878 -0.198877
vn -0.913063 0.373552 -0.163632
vn -0.913063 0.373552 -0.163632
vn -0.680878 0.704878 -0.198877
vn -0.589906 0.764310 -0.260461
vn -0.781392 0.574490 -0.243696
vn 0.121172 0.877444 -0.464122
vn 0.241713 0.940485 -0.238878
vn 0.299412 0.924073 -0.237575
vn 0.418638 0.863825 -0.280265
vn 0.418638 0.863825 -0.280265
vn 0.299412 0.924073 -0.237575
vn 0.387551 0.881757 -0.268904
vn 0.604794 0.760855 -0.235212
vn -0.075839 0.959456 -0.271464
vn 0.241713 0.940485 -0.238878
vn 0.121172 0.877444 -0.464122
vn -0.364590 0.847191 -0.386448
vn -0.364590 0.847191 -0.386448
vn -0.781392 0.574490 -0.243696
vn -0.589906 0.764310 -0.260461
vn -0.075839 0.959456 -0.271464
vn -0.900334 0.434831 -0.017889
vn -0.925268 0.379293 0.003899
vn -0.943139 0.325952 -0.065147
vn -0.909052 0.405843 -0.094428
vn -0.912621 0.408701 -0.009324
vn -0.879748 0.469403 -0.075531
vn -0.953002 0.291510 -0.082521
vn -0.966551 0.255680 -0.020167
vn -0.900334 0.434831 -0.017889
vn -0.909052 0.405843 -0.094428
vn -0.879748 0.469403 -0.075531
vn -0.912621 0.408701 -0.009324
vn -0.844243 0.462878 0.270181
vn -0.866938 0.418023 0.271433
vn -0.925268 0.379293 0.003899
vn -0.900334 0.434831 -0.017889
vn -0.848245 0.489392 0.202423
vn -0.912621 0.408701 -0.009324
vn -0.966551 0.255680 -0.020167
vn -0.916330 0.340044 0.211447
vn -0.844243 0.462878 0.270181
vn -0.900334 0.434831 -0.017889
vn -0.912621 0.408701 -0.009324
vn -0.848245 0.489392 0.202423
vn -0.411701 0.600921 0.685125
vn -0.480268 0.472861 0.738746
vn -0.866938 0.418023 0.271433
vn -0.844243 0.462878 0.270181
vn -0.486606 0.622448 0.613003
vn -0.848245 0.489392 0.202423
vn -0.916330 0.340044 0.211447
vn -0.493782 0.500000 0.711463
vn -0.411701 0.600921 0.685125
vn -0.844243 0.462878 0.270181
vn -0.848245 0.489392 0.202423
vn -0.486606 0.622448 0.613003
vn 0.079704 0.577509 0.812484
vn 0.094154 0.462207 0.881760
vn -0.480268 0.472861 0.738746
vn -0.411701 0.600921 0.685125
vn 0.065088 0.643942 0.762301
vn -0.486606 0.622448 0.613003
vn -0.493782 0.500000 0.711463
vn 0.092948 0.525541 0.845676
vn 0.079704 0.577509 0.812484
vn -0.411701 0.600921 0.685125
vn -0.486606 0.622448 0.613003
vn 0.065088 0.643942 0.762301
vn 0.687938 0.577631 0.439413
vn 0.612397 0.565209 0.552728
vn 0.094154 0.462207 0.881760
vn 0.079704 0.577509 0.812484
vn 0.620854 0.639852 0.452913
vn 0.065088 0.643942 0.762301
vn 0.092948 0.525541 0.845676
vn 0.758989 0.405361 0.509528
vn 0.687938 0.577631 0.439413
vn 0.079704 0.577509 0.812484
vn 0.065088 0.643942 0.762301
vn 0.620854 0.639852 0.452913
vn 0.902959 0.424065 0.069524
vn 0.869382 0.482611 0.106120
vn 0.612397 0.565209 0.552728
vn 0.687938 0.577631 0.439413
vn 0.884822 0.465233 0.025473
vn 0.620854 0.639852 0.452913
vn 0.758989 0.405361 0.509528
vn 0.975486 0.215914 0.042532
vn 0.902959 0.424065 0.069524
vn 0.687938 0.577631 0.439413
vn 0.620854 0.639852 0.452913
vn 0.884822 0.465233 0.025473
vn 0.911023 0.412315 0.005811
vn 0.941995 0.334790 0.023705
vn 0.869382 0.482611 0.106120
vn 0.902959 0.424065 0.069524
vn 0.914402 0.404402 -0.018132
vn 0.884822 0.465233 0.025473
vn 0.975486 0.215914 0.042532
vn 0.985632 0.164501 -0.038330
vn 0.911023 0.412315 0.005811
vn 0.902959 0.424065 0.069524
vn 0.884822 0.465233 0.025473
vn 0.914402 0.404402 -0.018132
vn 0.911294 0.411301 -0.019354
vn 0.909091 0.413357 -0.051870
vn 0.941995 0.334790 0.023705
vn 0.911023 0.412315 0.005811
vn 0.926283 0.376657 -0.011344
vn 0.914402 0.404402 -0.018132
vn 0.985632 0.164501 -0.038330
vn 0.989237 0.145719 -0.013284
vn 0.911294 0.411301 -0.019354
vn 0.911023 0.412315 0.005811
vn 0.914402 0.404402 -0.018132
vn 0.926283 0.376657 -0.011344
vn 0.854200 0.499322 -0.144983
vn 0.746071 0.640496 -0.182054
vn 0.909091 0.413357 -0.051870
vn 0.911294 0.411301 -0.019354
vn 0.860938 0.502094 -0.081782
vn 0.926283 0.376657 -0.011344
vn 0.989237 0.145719 -0.013284
vn 0.953446 0.295871 -0.058321
vn 0.854200 0.499322 -0.144983
vn 0.911294 0.411301 -0.019354
vn 0.926283 0.376657 -0.011344
vn 0.860938 0.502094 -0.081782
vn 0.708235 0.658969 -0.253304
vn 0.604794 0.760855 -0.235212
vn 0.746071 0.640496 -0.182054
vn 0.854200 0.499322 -0.144983
vn 0.720399 0.667605 -0.187960
vn 0.860938 0.502094 -0.081782
vn 0.953446 0.295871 -0.058321
vn 0.884335 0.397661 -0.244578
vn 0.708235 0.658969 -0.253304
vn 0.854200 0.499322 -0.144983
vn 0.860938 0.502094 -0.081782
vn 0.720399 0.667605 -0.187960
vn 0.116546 0.614375 -0.780359
vn -0.580269 0.516303 -0.629856
vn -0.506219 0.713150 -0.484933
vn 0.140962 0.742942 -0.654345
vn 0.140962 0.742942 -0.654345
vn -0.506219 0.713150 -0.484933
vn -0.348006 0.861378 -0.370027
vn 0.034517 0.915424 -0.401008
vn -0.506219 0.713150 -0.484933
vn -0.580269 0.516303 -0.629856
vn -0.917290 0.333571 -0.217506
vn -0.810654 0.565173 -0.153032
vn -0.348006 0.861378 -0.370027
vn -0.364590 0.847191 -0.386448
vn 0.121172 0.877444 -0.464122
vn 0.034517 0.915424 -0.401008
vn -0.742532 0.636096 -0.209830
vn -0.348006 0.861378 -0.370027
vn -0.506219 0.713150 -0.484933
vn -0.810654 0.565173 -0.153032
vn -0.869565 0.476500 -0.129632
vn -0.913063 0.373552 -0.163632
vn -0.781392 0.574490 -0.243696
vn -0.742532 0.636096 -0.209830
vn -0.742532 0.636096 -0.209830
vn -0.781392 0.574490 -0.243696
vn -0.364590 0.847191 -0.386448
vn -0.348006 0.861378 -0.370027
vn -0.851786 0.514298 -0.099791
vn -0.810654 0.565173 -0.153032
vn -0.917290 0.333571 -0.217506
vn -0.948576 0.297976 -0.106833
vn -0.869565 0.476500 -0.129632
vn -0.742532 0.636096 -0.209830
vn -0.810654 0.565173 -0.153032
vn -0.851786 0.514298 -0.099791
vn -0.948576 0.297976 -0.106833
vn -0.953002 0.291510 -0.082521
vn -0.879748 0.469403 -0.075531
vn -0.851786 0.514298 -0.099791
vn -0.851786 0.514298 -0.099791
vn -0.879748 0.469403 -0.075531
vn -0.909052 0.405843 -0.094428
vn -0.869565 0.476500 -0.129632
vn 0.520931 0.740517 -0.424577
vn 0.140962 0.742942 -0.654345
vn 0.034517 0.915424 -0.401008
vn 0.443381 0.813210 -0.376965
vn -0.909052 0.405843 -0.094428
vn -0.943139 0.325952 -0.065147
vn -0.913063 0.373552 -0.163632
vn -0.869565 0.476500 -0.129632
vn 0.443381 0.813210 -0.376965
vn 0.418638 0.863825 -0.280265
vn 0.604794 0.760855 -0.235212
vn 0.708235 0.658969 -0.253304
vn 0.520931 0.740517 -0.424577
vn 0.720399 0.667605 -0.187960
vn 0.884335 0.397661 -0.244578
vn 0.655906 0.511062 -0.555520
vn 0.443381 0.813210 -0.376965
vn 0.708235 0.658969 -0.253304
vn 0.720399 0.667605 -0.187960
vn 0.520931 0.740517 -0.424577
vn 0.520931 0.740517 -0.424577
vn 0.655906 0.511062 -0.555520
vn 0.116546 0.614375 -0.780359
vn 0.140962 0.742942 -0.654345
vn 0.034517 0.915424 -0.401008
vn 0.121172 0.877444 -0.464122
vn 0.418638 0.863825 -0.280265
vn 0.443381 0.813210 -0.376965
vn -0.981924 0.185922 0.035464
vn -0.969205 0.134634 -0.206195
vn -0.979369 -0.000859 -0.202078
vn -0.998990 0.018474 0.040953
vn -0.981924 0.185922 0.035464
vn -0.928115 0.371967 0.015579
vn -0.933971 0.335787 -0.122254
vn -0.969205 0.134634 -0.206195
vn -0.940711 0.227190 0.251887
vn -0.981924 0.185922 0.035464
vn -0.998990 0.018474 0.040953
vn -0.951486 0.087445 0.295004
vn -0.940711 0.227190 0.251887
vn -0.896803 0.370317 0.242096
vn -0.928115 0.371967 0.015579
vn -0.981924 0.185922 0.035464
vn -0.588666 0.248052 0.769378
vn -0.940711 0.227190 0.251887
vn -0.951486 0.087445 0.295004
vn -0.605208 0.116702 0.787467
vn -0.588666 0.248052 0.769378
vn -0.540075 0.435631 0.720100
vn -0.896803 0.370317 0.242096
vn -0.940711 0.227190 0.251887
vn 0.055876 0.265939 0.962369
vn -0.588666 0.248052 0.769378
vn -0.605208 0.116702 0.787467
vn 0.019442 0.129181 0.991430
vn 0.055876 0.265939 0.962369
vn 0.095043 0.454535 0.885644
vn -0.540075 0.435631 0.720100
vn -0.588666 0.248052 0.769378
vn 0.767592 0.252330 0.589180
vn 0.055876 0.265939 0.962369
vn 0.019442 0.129181 0.991430
vn 0.736825 0.144828 0.660389
vn 0.767592 0.252330 0.589180
vn 0.757241 0.396752 0.518820
vn 0.095043 0.454535 0.885644
vn 0.055876 0.265939 0.962369
vn 0.992408 -0.058030 -0.108436
vn 0.996507 -0.016465 -0.081866
vn 0.992173 -0.064140 -0.107140
vn 0.993639 -0.027400 -0.109232
vn 0.996731 0.013844 -0.079602
vn 0.992408 -0.058030 -0.108436
vn 0.993639 -0.027400 -0.109232
vn 0.996444 0.066823 -0.051329
vn 0.996731 0.013844 -0.079602
vn 0.983332 0.146828 -0.107235
vn 0.976354 0.197113 -0.088772
vn 0.992408 -0.058030 -0.108436
vn 0.993813 0.101723 -0.044592
vn 0.962962 0.244460 -0.113774
vn 0.983332 0.146828 -0.107235
vn 0.996731 0.013844 -0.079602
vn -0.973474 0.065189 -0.219315
vn -0.968778 0.188202 -0.161401
vn -0.950915 0.224415 -0.213069
vn -0.990401 0.070278 -0.119024
vn -0.973474 0.065189 -0.219315
vn -0.990401 0.070278 -0.119024
vn -0.988083 0.111084 -0.106544
vn -0.971713 0.058568 -0.228789
vn -0.971713 0.058568 -0.228789
vn -0.979369 -0.000859 -0.202078
vn -0.969205 0.134634 -0.206195
vn -0.973474 0.065189 -0.219315
vn -0.969205 0.134634 -0.206195
vn -0.933971 0.335787 -0.122254
vn -0.968778 0.188202 -0.161401
vn -0.973474 0.065189 -0.219315
vn 0.807038 0.140904 -0.573442
vn -0.011997 0.113994 -0.993409
vn -0.006765 0.209462 -0.977793
vn 0.746904 0.226182 -0.625280
vn -0.637200 0.216008 -0.739809
vn -0.990401 0.070278 -0.119024
vn -0.950915 0.224415 -0.213069
vn -0.531649 0.434913 -0.726774
vn -0.637200 0.216008 -0.739809
vn -0.694150 0.165403 -0.700570
vn -0.988083 0.111084 -0.106544
vn -0.990401 0.070278 -0.119024
vn -0.528591 0.550620 -0.646072
vn 0.078350 0.623014 -0.778277
vn 0.014366 0.493601 -0.869570
vn -0.531649 0.434913 -0.726774
vn -0.531649 0.434913 -0.726774
vn 0.014366 0.493601 -0.869570
vn -0.006765 0.209462 -0.977793
vn -0.637200 0.216008 -0.739809
vn -0.950915 0.224415 -0.213069
vn -0.924484 0.312321 -0.218597
vn -0.528591 0.550620 -0.646072
vn -0.531649 0.434913 -0.726774
vn -0.006765 0.209462 -0.977793
vn -0.011997 0.113994 -0.993409
vn -0.694150 0.165403 -0.700570
vn -0.637200 0.216008 -0.739809
vn 0.947243 0.301742 0.108084
vn 0.757241 0.396752 0.518820
vn 0.767592 0.252330 0.589180
vn 0.986235 0.131270 0.100543
vn 0.986235 0.131270 0.100543
vn 0.767592 0.252330 0.589180
vn 0.736825 0.144828 0.660389
vn 0.994262 0.029729 0.102759
vn 0.994262 0.029729 0.102759
vn 0.992173 -0.064140 -0.107140
vn 0.996507 -0.016465 -0.081866
vn 0.986235 0.131270 0.100543
vn 0.966539 0.247121 0.068806
vn 0.808592 0.348075 0.474366
vn 0.757241 0.396752 0.518820
vn 0.947243 0.301742 0.108084
vn 0.947243 0.301742 0.108084
vn 0.966273 0.256774 -0.019564
vn 0.949614 0.312339 -0.026038
vn 0.966539 0.247121 0.068806
vn 0.986235 0.131270 0.100543
vn 0.996507 -0.016465 -0.081866
vn 0.966273 0.256774 -0.019564
vn 0.947243 0.301742 0.108084
vn 0.966273 0.256774 -0.019564
vn 0.976354 0.197113 -0.088772
vn 0.950479 0.307957 -0.041861
vn 0.949614 0.312339 -0.026038
vn 0.996507 -0.016465 -0.081866
vn 0.992408 -0.058030 -0.108436
vn 0.976354 0.197113 -0.088772
vn 0.966273 0.256774 -0.019564
vn 0.746904 0.226182 -0.625280
vn 0.654353 0.470268 -0.592174
vn 0.962962 0.244460 -0.113774
vn 0.993813 0.101723 -0.044592
vn 0.993813 0.101723 -0.044592
vn 0.996731 0.013844 -0.079602
vn 0.996444 0.066823 -0.051329
vn 0.994174 0.104880 -0.024855
vn 0.994174 0.104880 -0.024855
vn 0.807038 0.140904 -0.573442
vn 0.746904 0.226182 -0.625280
vn 0.993813 0.101723 -0.044592
vn -0.006765 0.209462 -0.977793
vn 0.014366 0.493601 -0.869570
vn 0.654353 0.470268 -0.592174
vn 0.746904 0.226182 -0.625280
vn -0.680945 0.727075 0.087611
vn -0.601740 0.789420 -0.121345
vn -0.680878 0.704878 -0.198877
vn -0.892844 0.448338 0.042687
vn -0.283373 0.931392 -0.228491
vn -0.601740 0.789420 -0.121345
vn -0.680945 0.727075 0.087611
vn -0.589906 0.764310 -0.260461
vn -0.680878 0.704878 -0.198877
vn -0.601740 0.789420 -0.121345
vn -0.283373 0.931392 -0.228491
vn -0.680945 0.727075 0.087611
vn -0.892844 0.448338 0.042687
vn -0.821045 0.561462 0.103181
vn -0.569438 0.809443 0.143324
vn 0.048222 0.975628 -0.214066
vn -0.075839 0.959456 -0.271464
vn -0.589906 0.764310 -0.260461
vn -0.283373 0.931392 -0.228491
vn -0.569438 0.809443 0.143324
vn 0.048222 0.975628 -0.214066
vn -0.283373 0.931392 -0.228491
vn -0.680945 0.727075 0.087611
vn -0.468352 0.843051 0.264407
vn -0.569438 0.809443 0.143324
vn -0.821045 0.561462 0.103181
vn -0.701529 0.638684 0.316133
vn 0.241713 0.940485 -0.238878
vn -0.075839 0.959456 -0.271464
vn 0.048222 0.975628 -0.214066
vn 0.272766 0.934173 -0.230044
vn 0.272766 0.934173 -0.230044
vn 0.048222 0.975628 -0.214066
vn -0.569438 0.809443 0.143324
vn -0.468352 0.843051 0.264407
vn 0.202923 0.940681 -0.271923
vn 0.272766 0.934173 -0.230044
vn -0.468352 0.843051 0.264407
vn -0.254537 0.866996 0.428402
vn 0.202923 0.940681 -0.271923
vn 0.299412 0.924073 -0.237575
vn 0.241713 0.940485 -0.238878
vn 0.272766 0.934173 -0.230044
vn -0.254537 0.866996 0.428402
vn -0.468352 0.843051 0.264407
vn -0.701529 0.638684 0.316133
vn -0.349160 0.660754 0.664448
vn -0.017703 0.845223 0.534121
vn -0.254537 0.866996 0.428402
vn -0.349160 0.660754 0.664448
vn 0.049310 0.639589 0.767134
vn 0.200188 0.931428 -0.303918
vn 0.422766 0.873759 -0.240446
vn 0.522996 0.816107 -0.245855
vn 0.387551 0.881757 -0.268904
vn 0.536270 0.843339 -0.034561
vn 0.422766 0.873759 -0.240446
vn 0.200188 0.931428 -0.303918
vn 0.387551 0.881757 -0.268904
vn 0.299412 0.924073 -0.237575
vn 0.202923 0.940681 -0.271923
vn 0.200188 0.931428 -0.303918
vn 0.766530 0.639386 0.060147
vn 0.750705 0.658477 -0.053384
vn 0.536270 0.843339 -0.034561
vn 0.561054 0.827202 0.030901
vn 0.750705 0.658477 -0.053384
vn 0.522996 0.816107 -0.245855
vn 0.422766 0.873759 -0.240446
vn 0.536270 0.843339 -0.034561
vn 0.200188 0.931428 -0.303918
vn 0.202923 0.940681 -0.271923
vn -0.254537 0.866996 0.428402
vn -0.017703 0.845223 0.534121
vn -0.017703 0.845223 0.534121
vn 0.412932 0.782696 0.465697
vn 0.673480 0.724517 0.146628
vn 0.561054 0.827202 0.030901
vn 0.049310 0.639589 0.767134
vn 0.500175 0.714643 0.488989
vn 0.412932 0.782696 0.465697
vn -0.017703 0.845223 0.534121
vn 0.561054 0.827202 0.030901
vn 0.536270 0.843339 -0.034561
vn 0.200188 0.931428 -0.303918
vn -0.017703 0.845223 0.534121
vn 0.561054 0.827202 0.030901
vn 0.673480 0.724517 0.146628
vn 0.731251 0.667091 0.142344
vn 0.766530 0.639386 0.060147
vn -0.120893 0.724517 0.678572
vn -0.449646 0.782696 0.430355
vn -0.469601 0.714643 0.518421
vn -0.114413 0.667091 0.736138
vn -0.026269 0.277936 -0.960240
vn 0.048206 0.297428 -0.953526
vn 0.086623 0.335787 -0.937946
vn -0.050887 0.371967 -0.926850
vn -0.016629 0.255680 -0.966619
vn 0.046195 0.291510 -0.955452
vn 0.048206 0.297428 -0.953526
vn -0.026269 0.277936 -0.960240
vn -0.270964 0.305016 -0.912986
vn -0.026269 0.277936 -0.960240
vn -0.050887 0.371967 -0.926850
vn -0.276049 0.370317 -0.886940
vn -0.246165 0.340044 -0.907619
vn -0.016629 0.255680 -0.966619
vn -0.026269 0.277936 -0.960240
vn -0.270964 0.305016 -0.912986
vn -0.758239 0.434647 -0.485959
vn -0.270964 0.305016 -0.912986
vn -0.276049 0.370317 -0.886940
vn -0.740131 0.435631 -0.512281
vn -0.729738 0.500000 -0.466349
vn -0.246165 0.340044 -0.907619
vn -0.270964 0.305016 -0.912986
vn -0.758239 0.434647 -0.485959
vn -0.872551 0.468085 0.139823
vn -0.758239 0.434647 -0.485959
vn -0.740131 0.435631 -0.512281
vn -0.881385 0.454535 0.128677
vn -0.841526 0.525541 0.125063
vn -0.729738 0.500000 -0.466349
vn -0.758239 0.434647 -0.485959
vn -0.872551 0.468085 0.139823
vn -0.443252 0.348075 0.826058
vn -0.872551 0.468085 0.139823
vn -0.881385 0.454535 0.128677
vn -0.489627 0.396752 0.776436
vn -0.480276 0.405361 0.777829
vn -0.841526 0.525541 0.125063
vn -0.872551 0.468085 0.139823
vn -0.443252 0.348075 0.826058
vn -0.005379 0.215914 0.976398
vn -0.480276 0.405361 0.777829
vn -0.443252 0.348075 0.826058
vn -0.031974 0.247121 0.968457
vn 0.075810 0.164501 0.983459
vn -0.005379 0.215914 0.976398
vn -0.031974 0.247121 0.968457
vn 0.062156 0.312339 0.947935
vn 0.050920 0.145719 0.988015
vn 0.075810 0.164501 0.983459
vn 0.062156 0.312339 0.947935
vn 0.078001 0.307957 0.948197
vn 0.110297 0.208726 0.971735
vn 0.078001 0.307957 0.948197
vn 0.125862 0.197113 0.972268
vn 0.144578 0.146828 0.978539
vn 0.094562 0.295871 0.950536
vn 0.050920 0.145719 0.988015
vn 0.078001 0.307957 0.948197
vn 0.110297 0.208726 0.971735
vn 0.248565 0.283335 0.926249
vn 0.110297 0.208726 0.971735
vn 0.144578 0.146828 0.978539
vn 0.150337 0.244460 0.957934
vn 0.278053 0.397661 0.874387
vn 0.094562 0.295871 0.950536
vn 0.110297 0.208726 0.971735
vn 0.248565 0.283335 0.926249
vn 0.089952 0.255360 -0.962653
vn 0.048206 0.297428 -0.953526
vn 0.046195 0.291510 -0.955452
vn 0.070658 0.297976 -0.951955
vn 0.124417 0.188202 -0.974218
vn 0.086623 0.335787 -0.937946
vn 0.048206 0.297428 -0.953526
vn 0.089952 0.255360 -0.962653
vn 0.869487 0.493601 -0.018736
vn 0.780695 0.623014 0.048676
vn 0.535788 0.553722 0.637435
vn 0.616646 0.470268 0.631344
vn 0.535788 0.553722 0.637435
vn 0.248565 0.283335 0.926249
vn 0.150337 0.244460 0.957934
vn 0.616646 0.470268 0.631344
vn 0.580078 0.511062 0.634291
vn 0.535788 0.553722 0.637435
vn 0.780695 0.623014 0.048676
vn 0.784229 0.614375 0.086765
vn 0.580078 0.511062 0.634291
vn 0.278053 0.397661 0.874387
vn 0.248565 0.283335 0.926249
vn 0.535788 0.553722 0.637435
vn 0.176728 0.224415 -0.958335
vn 0.124417 0.188202 -0.974218
vn 0.089952 0.255360 -0.962653
vn 0.183258 0.312321 -0.932133
vn 0.607318 0.516303 -0.603818
vn 0.625489 0.550620 -0.552794
vn 0.183258 0.312321 -0.932133
vn 0.182442 0.333571 -0.924903
vn 0.607318 0.516303 -0.603818
vn 0.784229 0.614375 0.086765
vn 0.780695 0.623014 0.048676
vn 0.625489 0.550620 -0.552794
vn 0.183258 0.312321 -0.932133
vn 0.089952 0.255360 -0.962653
vn 0.070658 0.297976 -0.951955
vn 0.182442 0.333571 -0.924903
vn -0.039107 0.379293 -0.924450
vn -0.134351 0.561462 -0.816523
vn -0.076633 0.448338 -0.890573
vn 0.029209 0.325952 -0.944935
vn -0.304227 0.418023 -0.855981
vn -0.342600 0.638684 -0.688991
vn -0.134351 0.561462 -0.816523
vn -0.039107 0.379293 -0.924450
vn -0.756487 0.472861 -0.451807
vn -0.677254 0.660754 -0.323622
vn -0.342600 0.638684 -0.688991
vn -0.304227 0.418023 -0.855981
vn -0.877538 0.462207 0.127641
vn -0.764702 0.639589 0.078468
vn -0.677254 0.660754 -0.323622
vn -0.756487 0.472861 -0.451807
vn -0.529023 0.565209 0.632988
vn -0.469601 0.714643 0.518421
vn -0.764702 0.639589 0.078468
vn -0.877538 0.462207 0.127641
vn -0.072959 0.482611 0.872791
vn -0.114413 0.667091 0.736138
vn -0.469601 0.714643 0.518421
vn -0.529023 0.565209 0.632988
vn 0.012160 0.334790 0.942214
vn -0.030934 0.639386 0.768263
vn -0.114413 0.667091 0.736138
vn -0.072959 0.482611 0.872791
vn 0.086428 0.413357 0.906458
vn 0.081913 0.658477 0.748130
vn -0.030934 0.639386 0.768263
vn 0.012160 0.334790 0.942214
vn 0.210313 0.640496 0.738602
vn 0.265579 0.816107 0.513261
vn 0.081913 0.658477 0.748130
vn 0.086428 0.413357 0.906458
vn 0.258057 0.760855 0.595405
vn 0.283457 0.881757 0.377037
vn 0.265579 0.816107 0.513261
vn 0.210313 0.640496 0.738602
vn 0.029209 0.325952 -0.944935
vn -0.076633 0.448338 -0.890573
vn 0.172823 0.704878 -0.687953
vn 0.128768 0.373552 -0.918628
vn 0.128768 0.373552 -0.918628
vn 0.172823 0.704878 -0.687953
vn 0.237824 0.764310 -0.599391
vn 0.213784 0.574490 -0.790100
vn 0.468397 0.877444 0.103422
vn 0.247903 0.940485 0.232448
vn 0.248797 0.924073 0.290154
vn 0.295993 0.863825 0.407669
vn 0.295993 0.863825 0.407669
vn 0.248797 0.924073 0.290154
vn 0.283457 0.881757 0.377037
vn 0.258057 0.760855 0.595405
vn 0.268382 0.959456 -0.086115
vn 0.247903 0.940485 0.232448
vn 0.468397 0.877444 0.103422
vn 0.372294 0.847191 -0.379033
vn 0.372294 0.847191 -0.379033
vn 0.213784 0.574490 -0.790100
vn 0.237824 0.764310 -0.599391
vn 0.268382 0.959456 -0.086115
vn -0.016386 0.434831 -0.900363
vn -0.039107 0.379293 -0.924450
vn 0.029209 0.325952 -0.944935
vn 0.059765 0.405843 -0.911987
vn -0.025412 0.408701 -0.912315
vn 0.041998 0.469403 -0.881985
vn 0.046195 0.291510 -0.955452
vn -0.016629 0.255680 -0.966619
vn -0.016386 0.434831 -0.900363
vn 0.059765 0.405843 -0.911987
vn 0.041998 0.469403 -0.881985
vn -0.025412 0.408701 -0.912315
vn -0.302113 0.462878 -0.833350
vn -0.304227 0.418023 -0.855981
vn -0.039107 0.379293 -0.924450
vn -0.016386 0.434831 -0.900363
vn -0.234556 0.489392 -0.839928
vn -0.025412 0.408701 -0.912315
vn -0.016629 0.255680 -0.966619
vn -0.246165 0.340044 -0.907619
vn -0.302113 0.462878 -0.833350
vn -0.016386 0.434831 -0.900363
vn -0.025412 0.408701 -0.912315
vn -0.234556 0.489392 -0.839928
vn -0.700296 0.600921 -0.385330
vn -0.756487 0.472861 -0.451807
vn -0.304227 0.418023 -0.855981
vn -0.302113 0.462878 -0.833350
vn -0.631077 0.622448 -0.462926
vn -0.234556 0.489392 -0.839928
vn -0.246165 0.340044 -0.907619
vn -0.729738 0.500000 -0.466349
vn -0.700296 0.600921 -0.385330
vn -0.302113 0.462878 -0.833350
vn -0.234556 0.489392 -0.839928
vn -0.631077 0.622448 -0.462926
vn -0.808863 0.577509 0.110565
vn -0.877538 0.462207 0.127641
vn -0.756487 0.472861 -0.451807
vn -0.700296 0.600921 -0.385330
vn -0.759272 0.643942 0.094050
vn -0.631077 0.622448 -0.462926
vn -0.729738 0.500000 -0.466349
vn -0.841526 0.525541 0.125063
vn -0.808863 0.577509 0.110565
vn -0.700296 0.600921 -0.385330
vn -0.631077 0.622448 -0.462926
vn -0.759272 0.643942 0.094050
vn -0.412915 0.577631 0.704162
vn -0.529023 0.565209 0.632988
vn -0.877538 0.462207 0.127641
vn -0.808863 0.577509 0.110565
vn -0.428959 0.639852 0.637639
vn -0.759272 0.643942 0.094050
vn -0.841526 0.525541 0.125063
vn -0.480276 0.405361 0.777829
vn -0.412915 0.577631 0.704162
vn -0.808863 0.577509 0.110565
vn -0.759272 0.643942 0.094050
vn -0.428959 0.639852 0.637639
vn -0.035112 0.424065 0.904951
vn -0.072959 0.482611 0.872791
vn -0.529023 0.565209 0.632988
vn -0.412915 0.577631 0.704162
vn 0.008217 0.465233 0.885150
vn -0.428959 0.639852 0.637639
vn -0.480276 0.405361 0.777829
vn -0.005379 0.215914 0.976398
vn -0.035112 0.424065 0.904951
vn -0.412915 0.577631 0.704162
vn -0.428959 0.639852 0.637639
vn 0.008217 0.465233 0.885150
vn 0.028862 0.412315 0.910584
vn 0.012160 0.334790 0.942214
vn -0.072959 0.482611 0.872791
vn -0.035112 0.424065 0.904951
vn 0.052917 0.404402 0.913049
vn 0.008217 0.465233 0.885150
vn -0.005379 0.215914 0.976398
vn 0.075810 0.164501 0.983459
vn 0.028862 0.412315 0.910584
vn -0.035112 0.424065 0.904951
vn 0.008217 0.465233 0.885150
vn 0.052917 0.404402 0.913049
vn 0.054019 0.411301 0.909898
vn 0.086428 0.413357 0.906458
vn 0.012160 0.334790 0.942214
vn 0.028862 0.412315 0.910584
vn 0.046586 0.376657 0.925181
vn 0.052917 0.404402 0.913049
vn 0.075810 0.164501 0.983459
vn 0.050920 0.145719 0.988015
vn 0.054019 0.411301 0.909898
vn 0.028862 0.412315 0.910584
vn 0.052917 0.404402 0.913049
vn 0.046586 0.376657 0.925181
vn 0.177385 0.499322 0.848064
vn 0.210313 0.640496 0.738602
vn 0.086428 0.413357 0.906458
vn 0.054019 0.411301 0.909898
vn 0.114486 0.502094 0.857202
vn 0.046586 0.376657 0.925181
vn 0.050920 0.145719 0.988015
vn 0.094562 0.295871 0.950536
vn 0.177385 0.499322 0.848064
vn 0.054019 0.411301 0.909898
vn 0.046586 0.376657 0.925181
vn 0.114486 0.502094 0.857202
vn 0.280072 0.658969 0.698083
vn 0.258057 0.760855 0.595405
vn 0.210313 0.640496 0.738602
vn 0.177385 0.499322 0.848064
vn 0.215238 0.667605 0.712724
vn 0.114486 0.502094 0.857202
vn 0.094562 0.295871 0.950536
vn 0.278053 0.397661 0.874387
vn 0.280072 0.658969 0.698083
vn 0.177385 0.499322 0.848064
vn 0.114486 0.502094 0.857202
vn 0.215238 0.667605 0.712724
vn 0.784229 0.614375 0.086765
vn 0.607318 0.516303 -0.603818
vn 0.465317 0.713150 -0.524306
vn 0.659235 0.742942 0.115959
vn 0.659235 0.742942 0.115959
vn 0.465317 0.713150 -0.524306
vn 0.356515 0.861378 -0.361835
vn 0.402031 0.915424 0.019232
vn 0.465317 0.713150 -0.524306
vn 0.607318 0.516303 -0.603818
vn 0.182442 0.333571 -0.924903
vn 0.122072 0.565173 -0.815891
vn 0.356515 0.861378 -0.361835
vn 0.372294 0.847191 -0.379033
vn 0.468397 0.877444 0.103422
vn 0.402031 0.915424 0.019232
vn 0.181422 0.636096 -0.749979
vn 0.356515 0.861378 -0.361835
vn 0.465317 0.713150 -0.524306
vn 0.122072 0.565173 -0.815891
vn 0.096447 0.476500 -0.873868
vn 0.128768 0.373552 -0.918628
vn 0.213784 0.574490 -0.790100
vn 0.181422 0.636096 -0.749979
vn 0.181422 0.636096 -0.749979
vn 0.213784 0.574490 -0.790100
vn 0.372294 0.847191 -0.379033
vn 0.356515 0.861378 -0.361835
vn 0.067305 0.514298 -0.854967
vn 0.122072 0.565173 -0.815891
vn 0.182442 0.333571 -0.924903
vn 0.070658 0.297976 -0.951955
vn 0.096447 0.476500 -0.873868
vn 0.181422 0.636096 -0.749979
vn 0.122072 0.565173 -0.815891
vn 0.067305 0.514298 -0.854967
vn 0.070658 0.297976 -0.951955
vn 0.046195 0.291510 -0.955452
vn 0.041998 0.469403 -0.881985
vn 0.067305 0.514298 -0.854967
vn 0.067305 0.514298 -0.854967
vn 0.041998 0.469403 -0.881985
vn 0.059765 0.405843 -0.911987
vn 0.096447 0.476500 -0.873868
vn 0.444093 0.740517 0.504396
vn 0.659235 0.742942 0.115959
vn 0.402031 0.915424 0.019232
vn 0.393565 0.813210 0.428714
vn 0.059765 0.405843 -0.911987
vn 0.029209 0.325952 -0.944935
vn 0.128768 0.373552 -0.918628
vn 0.096447 0.476500 -0.873868
vn 0.393565 0.813210 0.428714
vn 0.295993 0.863825 0.407669
vn 0.258057 0.760855 0.595405
vn 0.280072 0.658969 0.698083
vn 0.444093 0.740517 0.504396
vn 0.215238 0.667605 0.712724
vn 0.278053 0.397661 0.874387
vn 0.580078 0.511062 0.634291
vn 0.393565 0.813210 0.428714
vn 0.280072 0.658969 0.698083
vn 0.215238 0.667605 0.712724
vn 0.444093 0.740517 0.504396
vn 0.444093 0.740517 0.504396
vn 0.580078 0.511062 0.634291
vn 0.784229 0.614375 0.086765
vn 0.659235 0.742942 0.115959
vn 0.402031 0.915424 0.019232
vn 0.468397 0.877444 0.103422
vn 0.295993 0.863825 0.407669
vn 0.393565 0.813210 0.428714
vn -0.072805 0.185922 -0.979864
vn 0.169162 0.134634 -0.976349
vn 0.164662 -0.000859 -0.986350
vn -0.078940 0.018474 -0.996708
vn -0.072805 0.185922 -0.979864
vn -0.050887 0.371967 -0.926850
vn 0.086623 0.335787 -0.937946
vn 0.169162 0.134634 -0.976349
vn -0.287504 0.227190 -0.930444
vn -0.072805 0.185922 -0.979864
vn -0.078940 0.018474 -0.996708
vn -0.330999 0.087445 -0.939571
vn -0.287504 0.227190 -0.930444
vn -0.276049 0.370317 -0.886940
vn -0.050887 0.371967 -0.926850
vn -0.072805 0.185922 -0.979864
vn -0.791222 0.248052 -0.558962
vn -0.287504 0.227190 -0.930444
vn -0.330999 0.087445 -0.939571
vn -0.809928 0.116702 -0.574802
vn -0.791222 0.248052 -0.558962
vn -0.740131 0.435631 -0.512281
vn -0.276049 0.370317 -0.886940
vn -0.287504 0.227190 -0.930444
vn -0.959546 0.265939 0.092458
vn -0.791222 0.248052 -0.558962
vn -0.809928 0.116702 -0.574802
vn -0.989972 0.129181 0.057156
vn -0.959546 0.265939 0.092458
vn -0.881385 0.454535 0.128677
vn -0.740131 0.435631 -0.512281
vn -0.791222 0.248052 -0.558962
vn -0.559543 0.252330 0.789457
vn -0.959546 0.265939 0.092458
vn -0.989972 0.129181 0.057156
vn -0.631871 0.144828 0.761422
vn -0.559543 0.252330 0.789457
vn -0.489627 0.396752 0.776436
vn -0.881385 0.454535 0.128677
vn -0.959546 0.265939 0.092458
vn 0.146123 -0.058030 0.987563
vn 0.119728 -0.016465 0.992670
vn 0.144820 -0.064140 0.987377
vn 0.146965 -0.027400 0.988762
vn 0.117474 0.013844 0.992979
vn 0.146123 -0.058030 0.987563
vn 0.146965 -0.027400 0.988762
vn 0.089211 0.066823 0.993769
vn 0.117474 0.013844 0.992979
vn 0.144578 0.146828 0.978539
vn 0.125862 0.197113 0.972268
vn 0.146123 -0.058030 0.987563
vn 0.082379 0.101723 0.991396
vn 0.150337 0.244460 0.957934
vn 0.144578 0.146828 0.978539
vn 0.117474 0.013844 0.992979
vn 0.182111 0.065189 -0.981115
vn 0.124417 0.188202 -0.974218
vn 0.176728 0.224415 -0.958335
vn 0.081248 0.070278 -0.994213
vn 0.182111 0.065189 -0.981115
vn 0.081248 0.070278 -0.994213
vn 0.068866 0.111084 -0.991422
vn 0.191645 0.058568 -0.979715
vn 0.191645 0.058568 -0.979715
vn 0.164662 -0.000859 -0.986350
vn 0.169162 0.134634 -0.976349
vn 0.182111 0.065189 -0.981115
vn 0.169162 0.134634 -0.976349
vn 0.086623 0.335787 -0.937946
vn 0.124417 0.188202 -0.974218
vn 0.182111 0.065189 -0.981115
vn 0.603739 0.140904 0.784631
vn 0.992233 0.113994 -0.049793
vn 0.976828 0.209462 -0.043970
vn 0.653251 0.226182 0.722569
vn 0.715025 0.216008 -0.664891
vn 0.081248 0.070278 -0.994213
vn 0.176728 0.224415 -0.958335
vn 0.706015 0.434913 -0.558921
vn 0.715025 0.216008 -0.664891
vn 0.673647 0.165403 -0.720307
vn 0.068866 0.111084 -0.991422
vn 0.081248 0.070278 -0.994213
vn 0.625489 0.550620 -0.552794
vn 0.780695 0.623014 0.048676
vn 0.869487 0.493601 -0.018736
vn 0.706015 0.434913 -0.558921
vn 0.706015 0.434913 -0.558921
vn 0.869487 0.493601 -0.018736
vn 0.976828 0.209462 -0.043970
vn 0.715025 0.216008 -0.664891
vn 0.176728 0.224415 -0.958335
vn 0.183258 0.312321 -0.932133
vn 0.625489 0.550620 -0.552794
vn 0.706015 0.434913 -0.558921
vn 0.976828 0.209462 -0.043970
vn 0.992233 0.113994 -0.049793
vn 0.673647 0.165403 -0.720307
vn 0.715025 0.216008 -0.664891
vn -0.071958 0.301742 0.950670
vn -0.489627 0.396752 0.776436
vn -0.559543 0.252330 0.789457
vn -0.062939 0.131270 0.989347
vn -0.062939 0.131270 0.989347
vn -0.559543 0.252330 0.789457
vn -0.631871 0.144828 0.761422
vn -0.064848 0.029729 0.997452
vn -0.064848 0.029729 0.997452
vn 0.144820 -0.064140 0.987377
vn 0.119728 -0.016465 0.992670
vn -0.062939 0.131270 0.989347
vn -0.031974 0.247121 0.968457
vn -0.443252 0.348075 0.826058
vn -0.489627 0.396752 0.776436
vn -0.071958 0.301742 0.950670
vn -0.071958 0.301742 0.950670
vn 0.056321 0.256774 0.964829
vn 0.062156 0.312339 0.947935
vn -0.031974 0.247121 0.968457
vn -0.062939 0.131270 0.989347
vn 0.119728 -0.016465 0.992670
vn 0.056321 0.256774 0.964829
vn -0.071958 0.301742 0.950670
vn 0.056321 0.256774 0.964829
vn 0.125862 0.197113 0.972268
vn 0.078001 0.307957 0.948197
vn 0.062156 0.312339 0.947935
vn 0.119728 -0.016465 0.992670
vn 0.146123 -0.058030 0.987563
vn 0.125862 0.197113 0.972268
vn 0.056321 0.256774 0.964829
vn 0.653251 0.226182 0.722569
vn 0.616646 0.470268 0.631344
vn 0.150337 0.244460 0.957934
vn 0.082379 0.101723 0.991396
vn 0.082379 0.101723 0.991396
vn 0.117474 0.013844 0.992979
vn 0.089211 0.066823 0.993769
vn 0.062670 0.104880 0.992508
vn 0.062670 0.104880 0.992508
vn 0.603739 0.140904 0.784631
vn 0.653251 0.226182 0.722569
vn 0.082379 0.101723 0.991396
vn 0.976828 0.209462 -0.043970
vn 0.869487 0.493601 -0.018736
vn 0.616646 0.470268 0.631344
vn 0.653251 0.226182 0.722569
vn -0.113461 0.727075 -0.677118
vn 0.098358 0.789420 -0.605922
vn 0.172823 0.704878 -0.687953
vn -0.076633 0.448338 -0.890573
vn 0.217542 0.931392 -0.291863
vn 0.098358 0.789420 -0.605922
vn -0.113461 0.727075 -0.677118
vn 0.237824 0.764310 -0.599391
vn 0.172823 0.704878 -0.687953
vn 0.098358 0.789420 -0.605922
vn 0.217542 0.931392 -0.291863
vn -0.113461 0.727075 -0.677118
vn -0.076633 0.448338 -0.890573
vn -0.134351 0.561462 -0.816523
vn -0.164890 0.809443 -0.563571
vn 0.215746 0.975628 0.040041
vn 0.268382 0.959456 -0.086115
vn 0.237824 0.764310 -0.599391
vn 0.217542 0.931392 -0.291863
vn -0.164890 0.809443 -0.563571
vn 0.215746 0.975628 0.040041
vn 0.217542 0.931392 -0.291863
vn -0.113461 0.727075 -0.677118
vn -0.282038 0.843051 -0.457951
vn -0.164890 0.809443 -0.563571
vn -0.134351 0.561462 -0.816523
vn -0.342600 0.638684 -0.688991
vn 0.247903 0.940485 0.232448
vn 0.268382 0.959456 -0.086115
vn 0.215746 0.975628 0.040041
vn 0.240257 0.934173 0.263814
vn 0.240257 0.934173 0.263814
vn 0.215746 0.975628 0.040041
vn -0.164890 0.809443 -0.563571
vn -0.282038 0.843051 -0.457951
vn 0.279449 0.940681 0.192428
vn 0.240257 0.934173 0.263814
vn -0.282038 0.843051 -0.457951
vn -0.437778 0.866996 -0.238050
vn 0.279449 0.940681 0.192428
vn 0.248797 0.924073 0.290154
vn 0.247903 0.940485 0.232448
vn 0.240257 0.934173 0.263814
vn -0.437778 0.866996 -0.238050
vn -0.282038 0.843051 -0.457951
vn -0.342600 0.638684 -0.688991
vn -0.677254 0.660754 -0.323622
vn -0.534407 0.845223 0.002636
vn -0.437778 0.866996 -0.238050
vn -0.677254 0.660754 -0.323622
vn -0.764702 0.639589 0.078468
vn 0.311316 0.931428 0.188478
vn 0.256360 0.873759 0.413310
vn 0.265579 0.816107 0.513261
vn 0.283457 0.881757 0.377037
vn 0.054943 0.843339 0.534566
vn 0.256360 0.873759 0.413310
vn 0.311316 0.931428 0.188478
vn 0.283457 0.881757 0.377037
vn 0.248797 0.924073 0.290154
vn 0.279449 0.940681 0.192428
vn 0.311316 0.931428 0.188478
vn -0.030934 0.639386 0.768263
vn 0.081913 0.658477 0.748130
vn 0.054943 0.843339 0.534566
vn -0.009528 0.827202 0.561824
vn 0.081913 0.658477 0.748130
vn 0.265579 0.816107 0.513261
vn 0.256360 0.873759 0.413310
vn 0.054943 0.843339 0.534566
vn 0.311316 0.931428 0.188478
vn 0.279449 0.940681 0.192428
vn -0.437778 0.866996 -0.238050
vn -0.534407 0.845223 0.002636
vn -0.534407 0.845223 0.002636
vn -0.449646 0.782696 0.430355
vn -0.120893 0.724517 0.678572
vn -0.009528 0.827202 0.561824
vn -0.764702 0.639589 0.078468
vn -0.469601 0.714643 0.518421
vn -0.449646 0.782696 0.430355
vn -0.534407 0.845223 0.002636
vn -0.009528 0.827202 0.561824
vn 0.054943 0.843339 0.534566
vn 0.311316 0.931428 0.188478
vn -0.534407 0.845223 0.002636
vn -0.009528 0.827202 0.561824
vn -0.120893 0.724517 0.678572
vn -0.114413 0.667091 0.736138
vn -0.030934 0.639386 0.768263
vn 0.034060 0.986704 0.158921
vn -0.003383 0.851080 0.525025
vn -0.026316 0.278480 0.960081
vn 0.207121 0.130458 0.969578
vn 0.199694 0.022156 0.979608
vn 0.007924 0.011516 0.999902
vn 0.487155 0.025634 0.872939
vn 0.044308 0.997378 0.057222
vn 0.557715 -0.019715 0.829799
vn -0.065683 0.979431 -0.190790
vn -0.113406 0.981401 -0.154893
vn 0.842447 0.040805 0.537232
vn 0.827576 0.188026 0.528928
vn 0.119477 0.990138 0.073160
vn -0.153639 0.981811 -0.111547
vn 0.940260 0.129911 0.314697
vn 0.132291 0.990660 0.033033
vn 0.951348 0.022379 0.307304
vn -0.178946 0.981429 -0.069103
vn 0.536141 0.844049 0.011592
vn -0.191499 0.981477 0.005512
vn 0.962867 0.266849 0.040979
vn 0.999950 0.008300 0.005539
vn -0.004485 0.980766 -0.195137
vn 0.158921 0.986704 -0.034060
vn 0.969578 0.130458 -0.207121
vn 0.979608 0.022156 -0.199694
vn 0.872940 0.025634 -0.487155
vn 0.057222 0.997378 -0.044308
vn 0.829799 -0.019715 -0.557715
vn -0.186385 0.980210 0.066704
vn -0.154318 0.981713 0.111475
vn 0.537232 0.040805 -0.842447
vn 0.528928 0.188026 -0.827576
vn 0.073160 0.990138 -0.119477
vn -0.112619 0.981462 0.155076
vn 0.314697 0.129911 -0.940260
vn 0.033033 0.990660 -0.132291
vn 0.307304 0.022379 -0.951348
vn -0.066911 0.981496 0.179414
vn 0.008585 0.855493 -0.517743
vn 0.007521 0.981964 0.188920
vn 0.036108 0.285079 -0.957824
vn 0.002344 0.012087 -0.999924
vn -0.034675 0.986704 -0.158788
vn -0.210872 0.130458 -0.968769
vn -0.203484 0.022156 -0.978828
vn -0.490530 0.025634 -0.871047
vn -0.044529 0.997378 -0.057050
vn -0.560922 -0.019715 -0.827634
vn 0.064154 0.980986 0.183166
vn 0.109184 0.982239 0.152595
vn -0.844520 0.040805 -0.533967
vn -0.829617 0.188026 -0.525721
vn -0.119759 0.990138 -0.072697
vn 0.154070 0.981811 0.110952
vn -0.941471 0.129911 -0.311055
vn -0.132418 0.990660 -0.032520
vn -0.952531 0.022379 -0.303619
vn 0.179212 0.981429 0.068410
vn -0.536180 0.844050 -0.009517
vn 0.191476 0.981477 -0.006253
vn -0.963018 0.266851 -0.037252
vn -0.999964 0.008299 -0.001668
vn -0.158788 0.986704 0.034675
vn -0.968769 0.130458 0.210872
vn -0.978828 0.022156 0.203484
vn -0.871047 0.025634 0.490530
vn -0.057050 0.997378 0.044529
vn -0.827634 -0.019715 0.560922
vn 0.186125 0.980210 -0.067425
vn 0.153885 0.981713 -0.112071
vn -0.533967 0.040805 0.844520
vn -0.525721 0.188026 0.829617
vn -0.072697 0.990138 0.119759
vn 0.112018 0.981462 -0.155511
vn -0.311055 0.129911 0.941471
vn -0.032520 0.990660 0.132418
vn -0.303619 0.022379 0.952531
vn 0.066640 0.981352 -0.180298
vn 0.005469 0.999968 0.005910
vn 0.007815 0.999936 0.008157
vn -0.004529 0.912609 -0.408810
vn 0.004199 0.999441 0.033160
vn -0.011360 0.999750 0.019252
vn -0.008127 0.999936 0.007847
vn -0.005889 0.999968 0.005492
vn 0.401683 0.915748 -0.007542
vn -0.033160 0.999441 0.004199
vn -0.019252 0.999750 -0.011360
vn -0.007847 0.999936 -0.008127
vn -0.005492 0.999968 -0.005889
vn 0.010452 0.917966 0.396522
vn -0.004071 0.999441 -0.033176
vn 0.011435 0.999750 -0.019208
vn 0.008157 0.999936 -0.007815
vn 0.005910 0.999968 -0.005469
vn -0.401711 0.915747 0.005987
vn 0.033176 0.999441 -0.004071
vn 0.019208 0.999750 0.011435
vn -0.000000 1.000000 -0.000001
vn 0.000005 1.000000 -0.000011
vn -0.000000 1.000000 0.000000
vn 0.000004 1.000000 -0.000003
vn 0.000001 1.000000 -0.000009
vn 0.000014 1.000000 -0.000003
vn -0.000001 1.000000 0.000000
vn -0.000011 1.000000 -0.000005
vn -0.000003 1.000000 -0.000004
vn -0.000009 1.000000 -0.000001
vn -0.000004 1.000000 -0.000015
vn 0.000000 1.000000 0.000001
vn -0.000005 1.000000 0.000011
vn -0.000004 1.000000 0.000003
vn -0.000001 1.000000 0.000009
vn -0.000014 1.000000 0.000003
vn 0.000001 1.000000 -0.000000
vn 0.000011 1.000000 0.000005
vn 0.000003 1.000000 0.000004
vn 0.000009 1.000000 0.000001
vn 0.000004 1.000000 0.000015
vn -0.140711 0.986704 0.081341
vn -0.470247 0.869893 0.148840
vn -0.909480 0.318533 0.267178
vn -0.858689 0.130458 0.495615
vn -0.870518 0.022156 0.491637
vn -0.948853 0.013557 0.315428
vn -0.680516 0.025634 0.732285
vn -0.040798 0.997378 0.059775
vn -0.617744 -0.019715 0.786132
vn 0.139690 0.984620 -0.104930
vn 0.097286 0.986113 -0.134598
vn -0.251717 0.040805 0.966940
vn -0.248395 0.188026 0.950235
vn -0.032815 0.990138 0.136200
vn 0.050867 0.986428 -0.156119
vn -0.009875 0.129911 0.991476
vn 0.009308 0.990660 0.136034
vn 0.000573 0.022379 0.999749
vn 0.009116 0.986122 -0.165771
vn 0.145198 0.862579 0.484639
vn -0.055516 0.986155 -0.156255
vn 0.254449 0.305860 0.917445
vn 0.302637 0.009771 0.953056
vn 0.159601 0.985609 -0.055696
vn 0.081341 0.986704 0.140711
vn 0.495615 0.130458 0.858689
vn 0.491638 0.022156 0.870518
vn 0.732285 0.025634 0.680516
vn 0.059775 0.997378 0.040798
vn 0.786132 -0.019715 0.617744
vn -0.104511 0.985226 -0.135674
vn -0.132834 0.986353 -0.097283
vn 0.966940 0.040805 0.251717
vn 0.950235 0.188026 0.248395
vn 0.136200 0.990138 0.032815
vn -0.157640 0.986159 -0.051383
vn 0.991477 0.129911 0.009875
vn 0.136034 0.990660 -0.009308
vn 0.999749 0.022379 -0.000573
vn -0.165571 0.986172 -0.007199
vn 0.464235 0.874311 -0.141654
vn -0.153515 0.986533 0.056447
vn 0.909894 0.325580 -0.257081
vn 0.952033 0.014229 -0.305664
vn 0.140395 0.986704 -0.081885
vn 0.856764 0.130458 -0.498935
vn 0.868609 0.022156 -0.495003
vn 0.677676 0.025634 -0.734913
vn 0.040566 0.997378 -0.059933
vn 0.614697 -0.019715 -0.788517
vn -0.133602 0.985825 0.101490
vn -0.096424 0.986757 0.130432
vn 0.247972 0.040805 -0.967907
vn 0.244715 0.188026 -0.951189
vn 0.032288 0.990138 -0.136326
vn -0.050262 0.986428 0.156315
vn 0.006038 0.129911 -0.991507
vn -0.009835 0.990660 -0.135997
vn -0.004443 0.022379 -0.999740
vn -0.008474 0.986122 0.165804
vn -0.147073 0.862579 -0.484074
vn 0.056121 0.986155 0.156039
vn -0.257999 0.305859 -0.916453
vn -0.306324 0.009770 -0.951877
vn -0.081885 0.986704 -0.140395
vn -0.498935 0.130458 -0.856764
vn -0.495003 0.022156 -0.868609
vn -0.734913 0.025634 -0.677676
vn -0.059933 0.997378 -0.040566
vn -0.788517 -0.019715 -0.614697
vn 0.105036 0.985226 0.135268
vn 0.133209 0.986352 0.096768
vn -0.967907 0.040805 -0.247972
vn -0.951189 0.188026 -0.244715
vn -0.136326 0.990138 -0.032288
vn 0.157838 0.986159 0.050772
vn -0.991507 0.129911 -0.006038
vn -0.135997 0.990660 0.009835
vn -0.999740 0.022379 0.004443
vn 0.166249 0.986061 0.006734
vn -0.003939 0.999968 0.007023
vn -0.005354 0.999936 0.009947
vn 0.337147 0.934612 -0.113283
vn -0.030256 0.999441 0.014206
vn -0.021815 0.999750 -0.004880
vn -0.009968 0.999936 -0.005316
vn -0.007039 0.999968 -0.003912
vn 0.113735 0.937042 0.330178
vn -0.014206 0.999441 -0.030256
vn 0.004880 0.999750 -0.021815
vn 0.005316 0.999936 -0.009968
vn 0.003912 0.999968 -0.007039
vn -0.324948 0.938754 0.114672
vn 0.030311 0.999441 -0.014089
vn 0.021795 0.999750 0.004964
vn 0.009947 0.999936 0.005354
vn 0.007023 0.999968 0.003939
vn -0.112456 0.937041 -0.330616
vn 0.014089 0.999441 0.030311
vn -0.004964 0.999750 0.021795
g Runestone
f 3118/4037/10656 3117/4038/10657 3131/4039/10658 3132/4040/10659
f 3155/4041/10660 3154/4042/10661 3168/4043/10662 3169/4044/10663
f 3197/4045/10664 3196/4046/10665 3154/4042/10666 3155/4041/10667
f 3156/4047/10668 3155/4041/10669 3169/4044/10670 3170/4048/10671
f 3198/4049/10672 3197/4045/10673 3155/4041/10674 3156/4047/10675
f 3157/4050/10676 3156/4047/10677 3170/4048/10678 3171/4051/10679
f 3199/4052/10680 3198/4049/10681 3156/4047/10682 3157/4050/10683
f 3158/4053/10684 3157/4050/10685 3171/4051/10686 3172/4054/10687
f 3200/4055/10688 3199/4052/10689 3157/4050/10690 3158/4053/10691
f 3159/4056/10692 3158/4057/10693 3172/4058/10694 3173/4059/10695
f 3201/4060/10696 3200/4061/10697 3158/4057/10698 3159/4056/10699
f 3202/4062/10700 3201/4060/10701 3159/4056/10702 3160/4063/10703
f 3203/4064/10704 3202/4062/10705 3160/4063/10706 3161/4065/10707
f 3204/4066/10708 3203/4064/10709 3161/4065/10710 3162/4067/10711
f 3163/4068/10712 3162/4067/10713 3176/4069/10714 3177/4070/10715
f 3205/4071/10716 3204/4066/10717 3162/4067/10718 3163/4068/10719
f 3164/4072/10720 3163/4068/10721 3177/4070/10722 3178/4073/10723
f 3206/4074/10724 3205/4071/10725 3163/4068/10726 3164/4072/10727
f 3167/4075/10728 3154/4042/10729 3196/4046/10730 3209/4076/10731
f 3181/4077/10732 3168/4043/10733 3154/4042/10734 3167/4075/10735
f 3179/4078/10736 3165/4079/10737 3213/4080/10738 3214/4081/10739
f 3213/4080/10740 3164/4072/10741 3178/4073/10742 3214/4081/10743
f 3216/4082/10744 3213/4080/10745 3165/4079/10746 3207/4083/10747
f 3216/4082/10748 3206/4074/10749 3164/4072/10750 3213/4080/10751
f 3180/4084/10752 3181/4077/10753 3167/4075/10754 3166/4085/10755
f 3223/4086/10756 3220/4087/10757 3166/4085/10758 3208/4088/10759
f 3223/4086/10760 3207/4083/10761 3165/4079/10762 3220/4087/10763
f 3166/4085/10764 3167/4075/10765 3209/4076/10766 3208/4088/10767
f 3225/4089/10768 3127/4090/10769 3126/4091/10770 3224/4092/10771
f 3226/4093/10772 3128/4094/10773 3127/4090/10774 3225/4089/10775
f 3227/4095/10776 3129/4096/10777 3128/4094/10778 3226/4093/10779
f 3228/4097/10780 3130/4098/10781 3129/4096/10782 3227/4095/10783
f 3229/4099/10784 3131/4039/10785 3130/4100/10786 3228/4101/10787
f 3230/4102/10788 3132/4040/10789 3131/4039/10790 3229/4099/10791
f 3231/4103/10792 3133/4104/10793 3132/4040/10794 3230/4102/10795
f 3232/4105/10796 3134/4106/10797 3133/4104/10798 3231/4103/10799
f 3233/4107/10800 3135/4108/10801 3134/4106/10802 3232/4105/10803
f 3234/4109/10804 3136/4110/10805 3135/4108/10806 3233/4107/10807
f 3224/4092/10808 3126/4091/10809 3139/4111/10810 3237/4112/10811
f 3237/4112/10812 3139/4111/10813 3138/4113/10814 3236/4114/10815
f 3235/4115/10816 3137/4116/10817 3211/4117/10818 3238/4118/10819
f 3238/4118/10820 3211/4117/10821 3136/4110/10822 3234/4109/10823
f 3218/4119/10824 3137/4116/10825 3235/4115/10826 3239/4120/10827
f 3239/4120/10828 3236/4114/10829 3138/4113/10830 3218/4119/10831
f 3242/4121/10832 3225/4089/10833 3224/4092/10834 3241/4122/10835
f 3141/4123/10836 3140/4124/10837 3196/4046/10838 3197/4045/10839
f 3242/4121/10840 3241/4122/10841 3140/4124/10842 3141/4123/10843
f 3243/4125/10844 3226/4093/10845 3225/4089/10846 3242/4121/10847
f 3142/4126/10848 3141/4123/10849 3197/4045/10850 3198/4049/10851
f 3243/4125/10852 3242/4121/10853 3141/4123/10854 3142/4126/10855
f 3244/4127/10856 3227/4095/10857 3226/4093/10858 3243/4125/10859
f 3143/4128/10860 3142/4126/10861 3198/4049/10862 3199/4052/10863
f 3244/4127/10864 3243/4125/10865 3142/4126/10866 3143/4128/10867
f 3245/4129/10868 3228/4097/10869 3227/4095/10870 3244/4127/10871
f 3144/4130/10872 3143/4128/10873 3199/4052/10874 3200/4055/10875
f 3245/4129/10876 3244/4127/10877 3143/4128/10878 3144/4130/10879
f 3246/4131/10880 3229/4099/10881 3228/4101/10882 3245/4132/10883
f 3145/4133/10884 3144/4134/10885 3200/4061/10886 3201/4060/10887
f 3246/4131/10888 3245/4132/10889 3144/4134/10890 3145/4133/10891
f 3247/4135/10892 3230/4102/10893 3229/4099/10894 3246/4131/10895
f 3146/4136/10896 3145/4133/10897 3201/4060/10898 3202/4062/10899
f 3247/4135/10900 3246/4131/10901 3145/4133/10902 3146/4136/10903
f 3248/4137/10904 3231/4103/10905 3230/4102/10906 3247/4135/10907
f 3147/4138/10908 3146/4136/10909 3202/4062/10910 3203/4064/10911
f 3248/4137/10912 3247/4135/10913 3146/4136/10914 3147/4138/10915
f 3249/4139/10916 3232/4105/10917 3231/4103/10918 3248/4137/10919
f 3148/4140/10920 3147/4138/10921 3203/4064/10922 3204/4066/10923
f 3249/4139/10924 3248/4137/10925 3147/4138/10926 3148/4140/10927
f 3250/4141/10928 3233/4107/10929 3232/4105/10930 3249/4139/10931
f 3149/4142/10932 3148/4140/10933 3204/4066/10934 3205/4071/10935
f 3250/4141/10936 3249/4139/10937 3148/4140/10938 3149/4142/10939
f 3251/4143/10940 3234/4109/10941 3233/4107/10942 3250/4141/10943
f 3150/4144/10944 3149/4142/10945 3205/4071/10946 3206/4074/10947
f 3251/4143/10948 3250/4141/10949 3149/4142/10950 3150/4144/10951
f 3207/4083/10952 3223/4086/10953 3219/4145/10954 3151/4146/10955
f 3151/4146/10956 3219/4145/10957 3240/4147/10958 3252/4148/10959
f 3219/4145/10960 3223/4086/10961 3208/4088/10962 3152/4149/10963
f 3240/4147/10964 3239/4120/10965 3235/4115/10966 3252/4148/10967
f 3253/4150/10968 3240/4147/10969 3219/4145/10970 3152/4149/10971
f 3254/4151/10972 3237/4112/10973 3236/4114/10974 3253/4150/10975
f 3253/4150/10976 3236/4114/10977 3239/4120/10978 3240/4147/10979
f 3153/4152/10980 3152/4149/10981 3208/4088/10982 3209/4076/10983
f 3254/4151/10984 3253/4150/10985 3152/4149/10986 3153/4152/10987
f 3209/4076/10988 3196/4046/10989 3140/4124/10990 3153/4152/10991
f 3153/4152/10992 3140/4124/10993 3241/4122/10994 3254/4151/10995
f 3212/4153/10996 3151/4146/10997 3252/4148/10998 3255/4154/10999
f 3241/4122/11000 3224/4092/11001 3237/4112/11002 3254/4151/11003
f 3255/4154/11004 3238/4118/11005 3234/4109/11006 3251/4143/11007
f 3212/4153/11008 3150/4144/11009 3206/4074/11010 3216/4082/11011
f 3255/4154/11012 3251/4143/11013 3150/4144/11014 3212/4153/11015
f 3212/4153/11016 3216/4082/11017 3207/4083/11018 3151/4146/11019
f 3252/4148/11020 3235/4115/11021 3238/4118/11022 3255/4154/11023
f 3257/4155/11024 3256/4156/11025 3182/4157/11026 3183/4158/11027
f 3257/4155/11028 3169/4044/11029 3168/4043/11030 3256/4156/11031
f 3258/4159/11032 3257/4155/11033 3183/4158/11034 3184/4160/11035
f 3258/4159/11036 3170/4048/11037 3169/4044/11038 3257/4155/11039
f 3259/4161/11040 3258/4159/11041 3184/4160/11042 3185/4162/11043
f 3259/4161/11044 3171/4051/11045 3170/4048/11046 3258/4159/11047
f 3260/4163/11048 3259/4161/11049 3185/4162/11050 3186/4164/11051
f 3260/4163/11052 3172/4054/11053 3171/4051/11054 3259/4161/11055
f 3261/4165/11056 3260/4166/11057 3186/4167/11058 3187/4168/11059
f 3261/4165/11060 3173/4059/11061 3172/4058/11062 3260/4166/11063
f 3264/4169/11064 3263/4170/11065 3189/4171/11066 3190/4172/11067
f 3265/4173/11068 3264/4169/11069 3190/4172/11070 3191/4174/11071
f 3265/4173/11072 3177/4070/11073 3176/4069/11074 3264/4169/11075
f 3266/4175/11076 3178/4073/11077 3177/4070/11078 3265/4173/11079
f 3269/4176/11080 3181/4077/11081 3180/4084/11082 3268/4177/11083
f 3269/4176/11084 3268/4177/11085 3194/4178/11086 3195/4179/11087
f 3195/4179/11088 3182/4157/11089 3256/4156/11090 3269/4176/11091
f 3256/4156/11092 3168/4043/11093 3181/4077/11094 3269/4176/11095
f 3215/4180/11096 3193/4181/11097 3267/4182/11098 3270/4183/11099
f 3271/4184/11100 3268/4177/11101 3180/4084/11102 3221/4185/11103
f 3271/4184/11104 3222/4186/11105 3194/4178/11106 3268/4177/11107
f 3220/4087/11108 3165/4079/11109 3179/4078/11110 3221/4185/11111
f 3221/4185/11112 3179/4078/11113 3267/4182/11114 3271/4184/11115
f 3180/4084/11116 3166/4085/11117 3220/4087/11118 3221/4185/11119
f 3267/4182/11120 3193/4181/11121 3222/4186/11122 3271/4184/11123
f 3174/4187/11124 3173/4059/11125 3261/4165/11126 3262/4188/11127
f 3262/4188/11128 3261/4165/11129 3187/4168/11130 3188/4189/11131
f 3188/4189/11132 3189/4171/11133 3263/4170/11134 3262/4188/11135
f 3160/4063/11136 3159/4056/11137 3173/4059/11138 3174/4187/11139
f 3174/4187/11140 3175/4190/11141 3161/4065/11142 3160/4063/11143
f 3262/4188/11144 3263/4170/11145 3175/4190/11146 3174/4187/11147
f 3175/4190/11148 3176/4069/11149 3162/4067/11150 3161/4065/11151
f 3263/4170/11152 3264/4169/11153 3176/4069/11154 3175/4190/11155
f 3270/4183/11156 3214/4081/11157 3178/4073/11158 3266/4175/11159
f 3266/4175/11160 3265/4173/11161 3191/4174/11162 3192/4191/11163
f 3192/4191/11164 3215/4180/11165 3270/4183/11166 3266/4175/11167
f 3267/4182/11168 3179/4078/11169 3214/4081/11170 3270/4183/11171
f 3112/4192/11172 3125/4193/11173 3139/4111/11174 3126/4091/11175
f 3124/4194/11176 3125/4193/11177 3112/4195/11178
f 3138/4113/11179 3139/4111/11180 3125/4193/11181 3124/4194/11182
f 3112/4192/11183 3126/4091/11184 3127/4090/11185 3113/4196/11186
f 3217/4197/11187 3218/4119/11188 3138/4113/11189 3124/4194/11190
f 3113/4198/11191 3217/4197/11192 3124/4194/11193 3112/4195/11194
f 3114/4199/11195 3113/4196/11196 3127/4090/11197 3128/4094/11198
f 3137/4116/11199 3218/4119/11200 3217/4197/11201 3123/4200/11202
f 3123/4200/11203 3217/4197/11204 3113/4198/11205 3114/4201/11206
f 3210/4202/11207 3123/4200/11208 3114/4201/11209 3115/4203/11210
f 3210/4202/11211 3211/4117/11212 3137/4116/11213 3123/4200/11214
f 3115/4204/11215 3114/4199/11216 3128/4094/11217 3129/4096/11218
f 3116/4205/11219 3115/4204/11220 3129/4096/11221 3130/4098/11222
f 3122/4206/11223 3121/4207/11224 3135/4108/11225 3136/4110/11226
f 3120/4208/11227 3121/4207/11228 3122/4206/11229
f 3136/4110/11230 3211/4117/11231 3210/4202/11232 3122/4206/11233
f 3133/4104/11234 3134/4106/11235 3120/4209/11236 3119/4210/11237
f 3134/4106/11238 3135/4108/11239 3121/4207/11240 3120/4209/11241
f 3122/4206/11242 3210/4202/11243 3115/4203/11244 3116/4211/11245
f 3116/4211/11246 3117/4212/11247 3118/4213/11248 3119/4214/11249
f 3130/4100/11250 3131/4039/11251 3117/4038/11252 3116/4215/11253
f 3119/4214/11254 3120/4208/11255 3122/4206/11256 3116/4211/11257
f 3119/4210/11258 3118/4037/11259 3132/4040/11260 3133/4104/11261
f 3278/4216/11262 3277/4217/11263 3291/4218/11264 3292/4219/11265
f 3315/4220/11266 3314/4221/11267 3328/4222/11268 3329/4223/11269
f 3357/4224/11270 3356/4225/11271 3314/4221/11272 3315/4220/11273
f 3316/4226/11274 3315/4220/11275 3329/4223/11276 3330/4227/11277
f 3358/4228/11278 3357/4224/11279 3315/4220/11280 3316/4226/11281
f 3317/4229/11282 3316/4226/11283 3330/4227/11284 3331/4230/11285
f 3359/4231/11286 3358/4228/11287 3316/4226/11288 3317/4229/11289
f 3318/4232/11290 3317/4229/11291 3331/4230/11292 3332/4233/11293
f 3360/4234/11294 3359/4231/11295 3317/4229/11296 3318/4232/11297
f 3319/4235/11298 3318/4236/11299 3332/4237/11300 3333/4238/11301
f 3361/4239/11302 3360/4240/11303 3318/4236/11304 3319/4235/11305
f 3362/4241/11306 3361/4239/11307 3319/4235/11308 3320/4242/11309
f 3363/4243/11310 3362/4241/11311 3320/4242/11312 3321/4244/11313
f 3364/4245/11314 3363/4243/11315 3321/4244/11316 3322/4246/11317
f 3323/4247/11318 3322/4246/11319 3336/4248/11320 3337/4249/11321
f 3365/4250/11322 3364/4245/11323 3322/4246/11324 3323/4247/11325
f 3324/4251/11326 3323/4247/11327 3337/4249/11328 3338/4252/11329
f 3366/4253/11330 3365/4250/11331 3323/4247/11332 3324/4251/11333
f 3327/4254/11334 3314/4221/11335 3356/4225/11336 3369/4255/11337
f 3341/4256/11338 3328/4222/11339 3314/4221/11340 3327/4254/11341
f 3339/4257/11342 3325/4258/11343 3373/4259/11344 3374/4260/11345
f 3373/4259/11346 3324/4251/11347 3338/4252/11348 3374/4260/11349
f 3376/4261/11350 3373/4259/11351 3325/4258/11352 3367/4262/11353
f 3376/4261/11354 3366/4253/11355 3324/4251/11356 3373/4259/11357
f 3340/4263/11358 3341/4256/11359 3327/4254/11360 3326/4264/11361
f 3383/4265/11362 3380/4266/11363 3326/4264/11364 3368/4267/11365
f 3383/4265/11366 3367/4262/11367 3325/4258/11368 3380/4266/11369
f 3326/4264/11370 3327/4254/11371 3369/4255/11372 3368/4267/11373
f 3385/4268/11374 3287/4269/11375 3286/4270/11376 3384/4271/11377
f 3386/4272/11378 3288/4273/11379 3287/4269/11380 3385/4268/11381
f 3387/4274/11382 3289/4275/11383 3288/4273/11384 3386/4272/11385
f 3388/4276/11386 3290/4277/11387 3289/4275/11388 3387/4274/11389
f 3389/4278/11390 3291/4218/11391 3290/4279/11392 3388/4280/11393
f 3390/4281/11394 3292/4219/11395 3291/4218/11396 3389/4278/11397
f 3391/4282/11398 3293/4283/11399 3292/4219/11400 3390/4281/11401
f 3392/4284/11402 3294/4285/11403 3293/4283/11404 3391/4282/11405
f 3393/4286/11406 3295/4287/11407 3294/4285/11408 3392/4284/11409
f 3394/4288/11410 3296/4289/11411 3295/4287/11412 3393/4286/11413
f 3384/4271/11414 3286/4270/11415 3299/4290/11416 3397/4291/11417
f 3397/4291/11418 3299/4290/11419 3298/4292/11420 3396/4293/11421
f 3395/4294/11422 3297/4295/11423 3371/4296/11424 3398/4297/11425
f 3398/4297/11426 3371/4296/11427 3296/4289/11428 3394/4288/11429
f 3378/4298/11430 3297/4295/11431 3395/4294/11432 3399/4299/11433
f 3399/4299/11434 3396/4293/11435 3298/4292/11436 3378/4298/11437
f 3402/4300/11438 3385/4268/11439 3384/4271/11440 3401/4301/11441
f 3301/4302/11442 3300/4303/11443 3356/4225/11444 3357/4224/11445
f 3402/4300/11446 3401/4301/11447 3300/4303/11448 3301/4302/11449
f 3403/4304/11450 3386/4272/11451 3385/4268/11452 3402/4300/11453
f 3302/4305/11454 3301/4302/11455 3357/4224/11456 3358/4228/11457
f 3403/4304/11458 3402/4300/11459 3301/4302/11460 3302/4305/11461
f 3404/4306/11462 3387/4274/11463 3386/4272/11464 3403/4304/11465
f 3303/4307/11466 3302/4305/11467 3358/4228/11468 3359/4231/11469
f 3404/4306/11470 3403/4304/11471 3302/4305/11472 3303/4307/11473
f 3405/4308/11474 3388/4276/11475 3387/4274/11476 3404/4306/11477
f 3304/4309/11478 3303/4307/11479 3359/4231/11480 3360/4234/11481
f 3405/4308/11482 3404/4306/11483 3303/4307/11484 3304/4309/11485
f 3406/4310/11486 3389/4278/11487 3388/4280/11488 3405/4311/11489
f 3305/4312/11490 3304/4313/11491 3360/4240/11492 3361/4239/11493
f 3406/4310/11494 3405/4311/11495 3304/4313/11496 3305/4312/11497
f 3407/4314/11498 3390/4281/11499 3389/4278/11500 3406/4310/11501
f 3306/4315/11502 3305/4312/11503 3361/4239/11504 3362/4241/11505
f 3407/4314/11506 3406/4310/11507 3305/4312/11508 3306/4315/11509
f 3408/4316/11510 3391/4282/11511 3390/4281/11512 3407/4314/11513
f 3307/4317/11514 3306/4315/11515 3362/4241/11516 3363/4243/11517
f 3408/4316/11518 3407/4314/11519 3306/4315/11520 3307/4317/11521
f 3409/4318/11522 3392/4284/11523 3391/4282/11524 3408/4316/11525
f 3308/4319/11526 3307/4317/11527 3363/4243/11528 3364/4245/11529
f 3409/4318/11530 3408/4316/11531 3307/4317/11532 3308/4319/11533
f 3410/4320/11534 3393/4286/11535 3392/4284/11536 3409/4318/11537
f 3309/4321/11538 3308/4319/11539 3364/4245/11540 3365/4250/11541
f 3410/4320/11542 3409/4318/11543 3308/4319/11544 3309/4321/11545
f 3411/4322/11546 3394/4288/11547 3393/4286/11548 3410/4320/11549
f 3310/4323/11550 3309/4321/11551 3365/4250/11552 3366/4253/11553
f 3411/4322/11554 3410/4320/11555 3309/4321/11556 3310/4323/11557
f 3367/4262/11558 3383/4265/11559 3379/4324/11560 3311/4325/11561
f 3311/4325/11562 3379/4324/11563 3400/4326/11564 3412/4327/11565
f 3379/4324/11566 3383/4265/11567 3368/4267/11568 3312/4328/11569
f 3400/4326/11570 3399/4299/11571 3395/4294/11572 3412/4327/11573
f 3413/4329/11574 3400/4326/11575 3379/4324/11576 3312/4328/11577
f 3414/4330/11578 3397/4291/11579 3396/4293/11580 3413/4329/11581
f 3413/4329/11582 3396/4293/11583 3399/4299/11584 3400/4326/11585
f 3313/4331/11586 3312/4328/11587 3368/4267/11588 3369/4255/11589
f 3414/4330/11590 3413/4329/11591 3312/4328/11592 3313/4331/11593
f 3369/4255/11594 3356/4225/11595 3300/4303/11596 3313/4331/11597
f 3313/4331/11598 3300/4303/11599 3401/4301/11600 3414/4330/11601
f 3372/4332/11602 3311/4325/11603 3412/4327/11604 3415/4333/11605
f 3401/4301/11606 3384/4271/11607 3397/4291/11608 3414/4330/11609
f 3415/4333/11610 3398/4297/11611 3394/4288/11612 3411/4322/11613
f 3372/4332/11614 3310/4323/11615 3366/4253/11616 3376/4261/11617
f 3415/4333/11618 3411/4322/11619 3310/4323/11620 3372/4332/11621
f 3372/4332/11622 3376/4261/11623 3367/4262/11624 3311/4325/11625
f 3412/4327/11626 3395/4294/11627 3398/4297/11628 3415/4333/11629
f 3417/4334/11630 3416/4335/11631 3342/4336/11632 3343/4337/11633
f 3417/4334/11634 3329/4223/11635 3328/4222/11636 3416/4335/11637
f 3418/4338/11638 3417/4334/11639 3343/4337/11640 3344/4339/11641
f 3418/4338/11642 3330/4227/11643 3329/4223/11644 3417/4334/11645
f 3419/4340/11646 3418/4338/11647 3344/4339/11648 3345/4341/11649
f 3419/4340/11650 3331/4230/11651 3330/4227/11652 3418/4338/11653
f 3420/4342/11654 3419/4340/11655 3345/4341/11656 3346/4343/11657
f 3420/4342/11658 3332/4233/11659 3331/4230/11660 3419/4340/11661
f 3421/4344/11662 3420/4345/11663 3346/4346/11664 3347/4347/11665
f 3421/4344/11666 3333/4238/11667 3332/4237/11668 3420/4345/11669
f 3424/4348/11670 3423/4349/11671 3349/4350/11672 3350/4351/11673
f 3425/4352/11674 3424/4348/11675 3350/4351/11676 3351/4353/11677
f 3425/4352/11678 3337/4249/11679 3336/4248/11680 3424/4348/11681
f 3426/4354/11682 3338/4252/11683 3337/4249/11684 3425/4352/11685
f 3429/4355/11686 3341/4256/11687 3340/4263/11688 3428/4356/11689
f 3429/4355/11690 3428/4356/11691 3354/4357/11692 3355/4358/11693
f 3355/4358/11694 3342/4336/11695 3416/4335/11696 3429/4355/11697
f 3416/4335/11698 3328/4222/11699 3341/4256/11700 3429/4355/11701
f 3375/4359/11702 3353/4360/11703 3427/4361/11704 3430/4362/11705
f 3431/4363/11706 3428/4356/11707 3340/4263/11708 3381/4364/11709
f 3431/4363/11710 3382/4365/11711 3354/4357/11712 3428/4356/11713
f 3380/4266/11714 3325/4258/11715 3339/4257/11716 3381/4364/11717
f 3381/4364/11718 3339/4257/11719 3427/4361/11720 3431/4363/11721
f 3340/4263/11722 3326/4264/11723 3380/4266/11724 3381/4364/11725
f 3427/4361/11726 3353/4360/11727 3382/4365/11728 3431/4363/11729
f 3334/4366/11730 3333/4238/11731 3421/4344/11732 3422/4367/11733
f 3422/4367/11734 3421/4344/11735 3347/4347/11736 3348/4368/11737
f 3348/4368/11738 3349/4350/11739 3423/4349/11740 3422/4367/11741
f 3320/4242/11742 3319/4235/11743 3333/4238/11744 3334/4366/11745
f 3334/4366/11746 3335/4369/11747 3321/4244/11748 3320/4242/11749
f 3422/4367/11750 3423/4349/11751 3335/4369/11752 3334/4366/11753
f 3335/4369/11754 3336/4248/11755 3322/4246/11756 3321/4244/11757
f 3423/4349/11758 3424/4348/11759 3336/4248/11760 3335/4369/11761
f 3430/4362/11762 3374/4260/11763 3338/4252/11764 3426/4354/11765
f 3426/4354/11766 3425/4352/11767 3351/4353/11768 3352/4370/11769
f 3352/4370/11770 3375/4359/11771 3430/4362/11772 3426/4354/11773
f 3427/4361/11774 3339/4257/11775 3374/4260/11776 3430/4362/11777
f 3272/4371/11778 3285/4372/11779 3299/4290/11780 3286/4270/11781
f 3284/4373/11782 3285/4372/11783 3272/4374/11784
f 3298/4292/11785 3299/4290/11786 3285/4372/11787 3284/4373/11788
f 3272/4371/11789 3286/4270/11790 3287/4269/11791 3273/4375/11792
f 3377/4376/11793 3378/4298/11794 3298/4292/11795 3284/4373/11796
f 3273/4377/11797 3377/4376/11798 3284/4373/11799 3272/4374/11800
f 3274/4378/11801 3273/4375/11802 3287/4269/11803 3288/4273/11804
f 3297/4295/11805 3378/4298/11806 3377/4376/11807 3283/4379/11808
f 3283/4379/11809 3377/4376/11810 3273/4377/11811 3274/4380/11812
f 3370/4381/11813 3283/4379/11814 3274/4380/11815 3275/4382/11816
f 3370/4381/11817 3371/4296/11818 3297/4295/11819 3283/4379/11820
f 3275/4383/11821 3274/4378/11822 3288/4273/11823 3289/4275/11824
f 3276/4384/11825 3275/4383/11826 3289/4275/11827 3290/4277/11828
f 3282/4385/11829 3281/4386/11830 3295/4287/11831 3296/4289/11832
f 3280/4387/11833 3281/4386/11834 3282/4385/11835
f 3296/4289/11836 3371/4296/11837 3370/4381/11838 3282/4385/11839
f 3293/4283/11840 3294/4285/11841 3280/4388/11842 3279/4389/11843
f 3294/4285/11844 3295/4287/11845 3281/4386/11846 3280/4388/11847
f 3282/4385/11848 3370/4381/11849 3275/4382/11850 3276/4390/11851
f 3276/4390/11852 3277/4391/11853 3278/4392/11854 3279/4393/11855
f 3290/4279/11856 3291/4218/11857 3277/4217/11858 3276/4394/11859
f 3279/4393/11860 3280/4387/11861 3282/4385/11862 3276/4390/11863
f 3279/4389/11864 3278/4216/11865 3292/4219/11866 3293/4283/11867
f 3438/4395/11868 3437/4396/11869 3451/4397/11870 3452/4398/11871
f 3475/4399/11872 3474/4400/11873 3488/4401/11874 3489/4402/11875
f 3517/4403/11876 3516/4404/11877 3474/4400/11878 3475/4399/11879
f 3476/4405/11880 3475/4399/11881 3489/4402/11882 3490/4406/11883
f 3518/4407/11884 3517/4403/11885 3475/4399/11886 3476/4405/11887
f 3477/4408/11888 3476/4405/11889 3490/4406/11890 3491/4409/11891
f 3519/4410/11892 3518/4407/11893 3476/4405/11894 3477/4408/11895
f 3478/4411/11896 3477/4408/11897 3491/4409/11898 3492/4412/11899
f 3520/4413/11900 3519/4410/11901 3477/4408/11902 3478/4411/11903
f 3479/4414/11904 3478/4415/11905 3492/4416/11906 3493/4417/11907
f 3521/4418/11908 3520/4419/11909 3478/4415/11910 3479/4414/11911
f 3522/4420/11912 3521/4418/11913 3479/4414/11914 3480/4421/11915
f 3523/4422/11916 3522/4420/11917 3480/4421/11918 3481/4423/11919
f 3524/4424/11920 3523/4422/11921 3481/4423/11922 3482/4425/11923
f 3483/4426/11924 3482/4425/11925 3496/4427/11926 3497/4428/11927
f 3525/4429/11928 3524/4424/11929 3482/4425/11930 3483/4426/11931
f 3484/4430/11932 3483/4426/11933 3497/4428/11934 3498/4431/11935
f 3526/4432/11936 3525/4429/11937 3483/4426/11938 3484/4430/11939
f 3487/4433/11940 3474/4400/11941 3516/4404/11942 3529/4434/11943
f 3501/4435/11944 3488/4401/11945 3474/4400/11946 3487/4433/11947
f 3499/4436/11948 3485/4437/11949 3533/4438/11950 3534/4439/11951
f 3533/4438/11952 3484/4430/11953 3498/4431/11954 3534/4439/11955
f 3536/4440/11956 3533/4438/11957 3485/4437/11958 3527/4441/11959
f 3536/4440/11960 3526/4432/11961 3484/4430/11962 3533/4438/11963
f 3500/4442/11964 3501/4435/11965 3487/4433/11966 3486/4443/11967
f 3543/4444/11968 3540/4445/11969 3486/4443/11970 3528/4446/11971
f 3543/4444/11972 3527/4441/11973 3485/4437/11974 3540/4445/11975
f 3486/4443/11976 3487/4433/11977 3529/4434/11978 3528/4446/11979
f 3545/4447/11980 3447/4448/11981 3446/4449/11982 3544/4450/11983
f 3546/4451/11984 3448/4452/11985 3447/4448/11986 3545/4447/11987
f 3547/4453/11988 3449/4454/11989 3448/4452/11990 3546/4451/11991
f 3548/4455/11992 3450/4456/11993 3449/4454/11994 3547/4453/11995
f 3549/4457/11996 3451/4397/11997 3450/4458/11998 3548/4459/11999
f 3550/4460/12000 3452/4398/12001 3451/4397/12002 3549/4457/12003
f 3551/4461/12004 3453/4462/12005 3452/4398/12006 3550/4460/12007
f 3552/4463/12008 3454/4464/12009 3453/4462/12010 3551/4461/12011
f 3553/4465/12012 3455/4466/12013 3454/4464/12014 3552/4463/12015
f 3554/4467/12016 3456/4468/12017 3455/4466/12018 3553/4465/12019
f 3544/4450/12020 3446/4449/12021 3459/4469/12022 3557/4470/12023
f 3557/4470/12024 3459/4469/12025 3458/4471/12026 3556/4472/12027
f 3555/4473/12028 3457/4474/12029 3531/4475/12030 3558/4476/12031
f 3558/4476/12032 3531/4475/12033 3456/4468/12034 3554/4467/12035
f 3538/4477/12036 3457/4474/12037 3555/4473/12038 3559/4478/12039
f 3559/4478/12040 3556/4472/12041 3458/4471/12042 3538/4477/12043
f 3562/4479/12044 3545/4447/12045 3544/4450/12046 3561/4480/12047
f 3461/4481/12048 3460/4482/12049 3516/4404/12050 3517/4403/12051
f 3562/4479/12052 3561/4480/12053 3460/4482/12054 3461/4481/12055
f 3563/4483/12056 3546/4451/12057 3545/4447/12058 3562/4479/12059
f 3462/4484/12060 3461/4481/12061 3517/4403/12062 3518/4407/12063
f 3563/4483/12064 3562/4479/12065 3461/4481/12066 3462/4484/12067
f 3564/4485/12068 3547/4453/12069 3546/4451/12070 3563/4483/12071
f 3463/4486/12072 3462/4484/12073 3518/4407/12074 3519/4410/12075
f 3564/4485/12076 3563/4483/12077 3462/4484/12078 3463/4486/12079
f 3565/4487/12080 3548/4455/12081 3547/4453/12082 3564/4485/12083
f 3464/4488/12084 3463/4486/12085 3519/4410/12086 3520/4413/12087
f 3565/4487/12088 3564/4485/12089 3463/4486/12090 3464/4488/12091
f 3566/4489/12092 3549/4457/12093 3548/4459/12094 3565/4490/12095
f 3465/4491/12096 3464/4492/12097 3520/4419/12098 3521/4418/12099
f 3566/4489/12100 3565/4490/12101 3464/4492/12102 3465/4491/12103
f 3567/4493/12104 3550/4460/12105 3549/4457/12106 3566/4489/12107
f 3466/4494/12108 3465/4491/12109 3521/4418/12110 3522/4420/12111
f 3567/4493/12112 3566/4489/12113 3465/4491/12114 3466/4494/12115
f 3568/4495/12116 3551/4461/12117 3550/4460/12118 3567/4493/12119
f 3467/4496/12120 3466/4494/12121 3522/4420/12122 3523/4422/12123
f 3568/4495/12124 3567/4493/12125 3466/4494/12126 3467/4496/12127
f 3569/4497/12128 3552/4463/12129 3551/4461/12130 3568/4495/12131
f 3468/4498/12132 3467/4496/12133 3523/4422/12134 3524/4424/12135
f 3569/4497/12136 3568/4495/12137 3467/4496/12138 3468/4498/12139
f 3570/4499/12140 3553/4465/12141 3552/4463/12142 3569/4497/12143
f 3469/4500/12144 3468/4498/12145 3524/4424/12146 3525/4429/12147
f 3570/4499/12148 3569/4497/12149 3468/4498/12150 3469/4500/12151
f 3571/4501/12152 3554/4467/12153 3553/4465/12154 3570/4499/12155
f 3470/4502/12156 3469/4500/12157 3525/4429/12158 3526/4432/12159
f 3571/4501/12160 3570/4499/12161 3469/4500/12162 3470/4502/12163
f 3527/4441/12164 3543/4444/12165 3539/4503/12166 3471/4504/12167
f 3471/4504/12168 3539/4503/12169 3560/4505/12170 3572/4506/12171
f 3539/4503/12172 3543/4444/12173 3528/4446/12174 3472/4507/12175
f 3560/4505/12176 3559/4478/12177 3555/4473/12178 3572/4506/12179
f 3573/4508/12180 3560/4505/12181 3539/4503/12182 3472/4507/12183
f 3574/4509/12184 3557/4470/12185 3556/4472/12186 3573/4508/12187
f 3573/4508/12188 3556/4472/12189 3559/4478/12190 3560/4505/12191
f 3473/4510/12192 3472/4507/12193 3528/4446/12194 3529/4434/12195
f 3574/4509/12196 3573/4508/12197 3472/4507/12198 3473/4510/12199
f 3529/4434/12200 3516/4404/12201 3460/4482/12202 3473/4510/12203
f 3473/4510/12204 3460/4482/12205 3561/4480/12206 3574/4509/12207
f 3532/4511/12208 3471/4504/12209 3572/4506/12210 3575/4512/12211
f 3561/4480/12212 3544/4450/12213 3557/4470/12214 3574/4509/12215
f 3575/4512/12216 3558/4476/12217 3554/4467/12218 3571/4501/12219
f 3532/4511/12220 3470/4502/12221 3526/4432/12222 3536/4440/12223
f 3575/4512/12224 3571/4501/12225 3470/4502/12226 3532/4511/12227
f 3532/4511/12228 3536/4440/12229 3527/4441/12230 3471/4504/12231
f 3572/4506/12232 3555/4473/12233 3558/4476/12234 3575/4512/12235
f 3577/4513/12236 3576/4514/12237 3502/4515/12238 3503/4516/12239
f 3577/4513/12240 3489/4402/12241 3488/4401/12242 3576/4514/12243
f 3578/4517/12244 3577/4513/12245 3503/4516/12246 3504/4518/12247
f 3578/4517/12248 3490/4406/12249 3489/4402/12250 3577/4513/12251
f 3579/4519/12252 3578/4517/12253 3504/4518/12254 3505/4520/12255
f 3579/4519/12256 3491/4409/12257 3490/4406/12258 3578/4517/12259
f 3580/4521/12260 3579/4519/12261 3505/4520/12262 3506/4522/12263
f 3580/4521/12264 3492/4412/12265 3491/4409/12266 3579/4519/12267
f 3581/4523/12268 3580/4524/12269 3506/4525/12270 3507/4526/12271
f 3581/4523/12272 3493/4417/12273 3492/4416/12274 3580/4524/12275
f 3584/4527/12276 3583/4528/12277 3509/4529/12278 3510/4530/12279
f 3585/4531/12280 3584/4527/12281 3510/4530/12282 3511/4532/12283
f 3585/4531/12284 3497/4428/12285 3496/4427/12286 3584/4527/12287
f 3586/4533/12288 3498/4431/12289 3497/4428/12290 3585/4531/12291
f 3589/4534/12292 3501/4435/12293 3500/4442/12294 3588/4535/12295
f 3589/4534/12296 3588/4535/12297 3514/4536/12298 3515/4537/12299
f 3515/4537/12300 3502/4515/12301 3576/4514/12302 3589/4534/12303
f 3576/4514/12304 3488/4401/12305 3501/4435/12306 3589/4534/12307
f 3535/4538/12308 3513/4539/12309 3587/4540/12310 3590/4541/12311
f 3591/4542/12312 3588/4535/12313 3500/4442/12314 3541/4543/12315
f 3591/4542/12316 3542/4544/12317 3514/4536/12318 3588/4535/12319
f 3540/4445/12320 3485/4437/12321 3499/4436/12322 3541/4543/12323
f 3541/4543/12324 3499/4436/12325 3587/4540/12326 3591/4542/12327
f 3500/4442/12328 3486/4443/12329 3540/4445/12330 3541/4543/12331
f 3587/4540/12332 3513/4539/12333 3542/4544/12334 3591/4542/12335
f 3494/4545/12336 3493/4417/12337 3581/4523/12338 3582/4546/12339
f 3582/4546/12340 3581/4523/12341 3507/4526/12342 3508/4547/12343
f 3508/4547/12344 3509/4529/12345 3583/4528/12346 3582/4546/12347
f 3480/4421/12348 3479/4414/12349 3493/4417/12350 3494/4545/12351
f 3494/4545/12352 3495/4548/12353 3481/4423/12354 3480/4421/12355
f 3582/4546/12356 3583/4528/12357 3495/4548/12358 3494/4545/12359
f 3495/4548/12360 3496/4427/12361 3482/4425/12362 3481/4423/12363
f 3583/4528/12364 3584/4527/12365 3496/4427/12366 3495/4548/12367
f 3590/4541/12368 3534/4439/12369 3498/4431/12370 3586/4533/12371
f 3586/4533/12372 3585/4531/12373 3511/4532/12374 3512/4549/12375
f 3512/4549/12376 3535/4538/12377 3590/4541/12378 3586/4533/12379
f 3587/4540/12380 3499/4436/12381 3534/4439/12382 3590/4541/12383
f 3432/4550/12384 3445/4551/12385 3459/4469/12386 3446/4449/12387
f 3444/4552/12388 3445/4551/12389 3432/4553/12390
f 3458/4471/12391 3459/4469/12392 3445/4551/12393 3444/4552/12394
f 3432/4550/12395 3446/4449/12396 3447/4448/12397 3433/4554/12398
f 3537/4555/12399 3538/4477/12400 3458/4471/12401 3444/4552/12402
f 3433/4556/12403 3537/4555/12404 3444/4552/12405 3432/4553/12406
f 3434/4557/12407 3433/4554/12408 3447/4448/12409 3448/4452/12410
f 3457/4474/12411 3538/4477/12412 3537/4555/12413 3443/4558/12414
f 3443/4558/12415 3537/4555/12416 3433/4556/12417 3434/4559/12418
f 3530/4560/12419 3443/4558/12420 3434/4559/12421 3435/4561/12422
f 3530/4560/12423 3531/4475/12424 3457/4474/12425 3443/4558/12426
f 3435/4562/12427 3434/4557/12428 3448/4452/12429 3449/4454/12430
f 3436/4563/12431 3435/4562/12432 3449/4454/12433 3450/4456/12434
f 3442/4564/12435 3441/4565/12436 3455/4466/12437 3456/4468/12438
f 3440/4566/12439 3441/4565/12440 3442/4564/12441
f 3456/4468/12442 3531/4475/12443 3530/4560/12444 3442/4564/12445
f 3453/4462/12446 3454/4464/12447 3440/4567/12448 3439/4568/12449
f 3454/4464/12450 3455/4466/12451 3441/4565/12452 3440/4567/12453
f 3442/4564/12454 3530/4560/12455 3435/4561/12456 3436/4569/12457
f 3436/4569/12458 3437/4570/12459 3438/4571/12460 3439/4572/12461
f 3450/4458/12462 3451/4397/12463 3437/4396/12464 3436/4573/12465
f 3439/4572/12466 3440/4566/12467 3442/4564/12468 3436/4569/12469
f 3439/4568/12470 3438/4395/12471 3452/4398/12472 3453/4462/12473
f 3598/4574/12474 3597/4575/12475 3611/4576/12476 3612/4577/12477
f 3635/4578/12478 3634/4579/12479 3648/4580/12480 3649/4581/12481
f 3677/4582/12482 3676/4583/12483 3634/4579/12484 3635/4578/12485
f 3636/4584/12486 3635/4578/12487 3649/4581/12488 3650/4585/12489
f 3678/4586/12490 3677/4582/12491 3635/4578/12492 3636/4584/12493
f 3637/4587/12494 3636/4584/12495 3650/4585/12496 3651/4588/12497
f 3679/4589/12498 3678/4586/12499 3636/4584/12500 3637/4587/12501
f 3638/4590/12502 3637/4587/12503 3651/4588/12504 3652/4591/12505
f 3680/4592/12506 3679/4589/12507 3637/4587/12508 3638/4590/12509
f 3639/4593/12510 3638/4594/12511 3652/4595/12512 3653/4596/12513
f 3681/4597/12514 3680/4598/12515 3638/4594/12516 3639/4593/12517
f 3682/4599/12518 3681/4597/12519 3639/4593/12520 3640/4600/12521
f 3683/4601/12522 3682/4599/12523 3640/4600/12524 3641/4602/12525
f 3684/4603/12526 3683/4601/12527 3641/4602/12528 3642/4604/12529
f 3643/4605/12530 3642/4604/12531 3656/4606/12532 3657/4607/12533
f 3685/4608/12534 3684/4603/12535 3642/4604/12536 3643/4605/12537
f 3644/4609/12538 3643/4605/12539 3657/4607/12540 3658/4610/12541
f 3686/4611/12542 3685/4608/12543 3643/4605/12544 3644/4609/12545
f 3647/4612/12546 3634/4579/12547 3676/4583/12548 3689/4613/12549
f 3661/4614/12550 3648/4580/12551 3634/4579/12552 3647/4612/12553
f 3659/4615/12554 3645/4616/12555 3693/4617/12556 3694/4618/12557
f 3693/4617/12558 3644/4609/12559 3658/4610/12560 3694/4618/12561
f 3696/4619/12562 3693/4617/12563 3645/4616/12564 3687/4620/12565
f 3696/4619/12566 3686/4611/12567 3644/4609/12568 3693/4617/12569
f 3660/4621/12570 3661/4614/12571 3647/4612/12572 3646/4622/12573
f 3703/4623/12574 3700/4624/12575 3646/4622/12576 3688/4625/12577
f 3703/4623/12578 3687/4620/12579 3645/4616/12580 3700/4624/12581
f 3646/4622/12582 3647/4612/12583 3689/4613/12584 3688/4625/12585
f 3705/4626/12586 3607/4627/12587 3606/4628/12588 3704/4629/12589
f 3706/4630/12590 3608/4631/12591 3607/4627/12592 3705/4626/12593
f 3707/4632/12594 3609/4633/12595 3608/4631/12596 3706/4630/12597
f 3708/4634/12598 3610/4635/12599 3609/4633/12600 3707/4632/12601
f 3709/4636/12602 3611/4576/12603 3610/4637/12604 3708/4638/12605
f 3710/4639/12606 3612/4577/12607 3611/4576/12608 3709/4636/12609
f 3711/4640/12610 3613/4641/12611 3612/4577/12612 3710/4639/12613
f 3712/4642/12614 3614/4643/12615 3613/4641/12616 3711/4640/12617
f 3713/4644/12618 3615/4645/12619 3614/4643/12620 3712/4642/12621
f 3714/4646/12622 3616/4647/12623 3615/4645/12624 3713/4644/12625
f 3704/4629/12626 3606/4628/12627 3619/4648/12628 3717/4649/12629
f 3717/4649/12630 3619/4648/12631 3618/4650/12632 3716/4651/12633
f 3715/4652/12634 3617/4653/12635 3691/4654/12636 3718/4655/12637
f 3718/4655/12638 3691/4654/12639 3616/4647/12640 3714/4646/12641
f 3698/4656/12642 3617/4653/12643 3715/4652/12644 3719/4657/12645
f 3719/4657/12646 3716/4651/12647 3618/4650/12648 3698/4656/12649
f 3722/4658/12650 3705/4626/12651 3704/4629/12652 3721/4659/12653
f 3621/4660/12654 3620/4661/12655 3676/4583/12656 3677/4582/12657
f 3722/4658/12658 3721/4659/12659 3620/4661/12660 3621/4660/12661
f 3723/4662/12662 3706/4630/12663 3705/4626/12664 3722/4658/12665
f 3622/4663/12666 3621/4660/12667 3677/4582/12668 3678/4586/12669
f 3723/4662/12670 3722/4658/12671 3621/4660/12672 3622/4663/12673
f 3724/4664/12674 3707/4632/12675 3706/4630/12676 3723/4662/12677
f 3623/4665/12678 3622/4663/12679 3678/4586/12680 3679/4589/12681
f 3724/4664/12682 3723/4662/12683 3622/4663/12684 3623/4665/12685
f 3725/4666/12686 3708/4634/12687 3707/4632/12688 3724/4664/12689
f 3624/4667/12690 3623/4665/12691 3679/4589/12692 3680/4592/12693
f 3725/4666/12694 3724/4664/12695 3623/4665/12696 3624/4667/12697
f 3726/4668/12698 3709/4636/12699 3708/4638/12700 3725/4669/12701
f 3625/4670/12702 3624/4671/12703 3680/4598/12704 3681/4597/12705
f 3726/4668/12706 3725/4669/12707 3624/4671/12708 3625/4670/12709
f 3727/4672/12710 3710/4639/12711 3709/4636/12712 3726/4668/12713
f 3626/4673/12714 3625/4670/12715 3681/4597/12716 3682/4599/12717
f 3727/4672/12718 3726/4668/12719 3625/4670/12720 3626/4673/12721
f 3728/4674/12722 3711/4640/12723 3710/4639/12724 3727/4672/12725
f 3627/4675/12726 3626/4673/12727 3682/4599/12728 3683/4601/12729
f 3728/4674/12730 3727/4672/12731 3626/4673/12732 3627/4675/12733
f 3729/4676/12734 3712/4642/12735 3711/4640/12736 3728/4674/12737
f 3628/4677/12738 3627/4675/12739 3683/4601/12740 3684/4603/12741
f 3729/4676/12742 3728/4674/12743 3627/4675/12744 3628/4677/12745
f 3730/4678/12746 3713/4644/12747 3712/4642/12748 3729/4676/12749
f 3629/4679/12750 3628/4677/12751 3684/4603/12752 3685/4608/12753
f 3730/4678/12754 3729/4676/12755 3628/4677/12756 3629/4679/12757
f 3731/4680/12758 3714/4646/12759 3713/4644/12760 3730/4678/12761
f 3630/4681/12762 3629/4679/12763 3685/4608/12764 3686/4611/12765
f 3731/4680/12766 3730/4678/12767 3629/4679/12768 3630/4681/12769
f 3687/4620/12770 3703/4623/12771 3699/4682/12772 3631/4683/12773
f 3631/4683/12774 3699/4682/12775 3720/4684/12776 3732/4685/12777
f 3699/4682/12778 3703/4623/12779 3688/4625/12780 3632/4686/12781
f 3720/4684/12782 3719/4657/12783 3715/4652/12784 3732/4685/12785
f 3733/4687/12786 3720/4684/12787 3699/4682/12788 3632/4686/12789
f 3734/4688/12790 3717/4649/12791 3716/4651/12792 3733/4687/12793
f 3733/4687/12794 3716/4651/12795 3719/4657/12796 3720/4684/12797
f 3633/4689/12798 3632/4686/12799 3688/4625/12800 3689/4613/12801
f 3734/4688/12802 3733/4687/12803 3632/4686/12804 3633/4689/12805
f 3689/4613/12806 3676/4583/12807 3620/4661/12808 3633/4689/12809
f 3633/4689/12810 3620/4661/12811 3721/4659/12812 3734/4688/12813
f 3692/4690/12814 3631/4683/12815 3732/4685/12816 3735/4691/12817
f 3721/4659/12818 3704/4629/12819 3717/4649/12820 3734/4688/12821
f 3735/4691/12822 3718/4655/12823 3714/4646/12824 3731/4680/12825
f 3692/4690/12826 3630/4681/12827 3686/4611/12828 3696/4619/12829
f 3735/4691/12830 3731/4680/12831 3630/4681/12832 3692/4690/12833
f 3692/4690/12834 3696/4619/12835 3687/4620/12836 3631/4683/12837
f 3732/4685/12838 3715/4652/12839 3718/4655/12840 3735/4691/12841
f 3737/4692/12842 3736/4693/12843 3662/4694/12844 3663/4695/12845
f 3737/4692/12846 3649/4581/12847 3648/4580/12848 3736/4693/12849
f 3738/4696/12850 3737/4692/12851 3663/4695/12852 3664/4697/12853
f 3738/4696/12854 3650/4585/12855 3649/4581/12856 3737/4692/12857
f 3739/4698/12858 3738/4696/12859 3664/4697/12860 3665/4699/12861
f 3739/4698/12862 3651/4588/12863 3650/4585/12864 3738/4696/12865
f 3740/4700/12866 3739/4698/12867 3665/4699/12868 3666/4701/12869
f 3740/4700/12870 3652/4591/12871 3651/4588/12872 3739/4698/12873
f 3741/4702/12874 3740/4703/12875 3666/4704/12876 3667/4705/12877
f 3741/4702/12878 3653/4596/12879 3652/4595/12880 3740/4703/12881
f 3744/4706/12882 3743/4707/12883 3669/4708/12884 3670/4709/12885
f 3745/4710/12886 3744/4706/12887 3670/4709/12888 3671/4711/12889
f 3745/4710/12890 3657/4607/12891 3656/4606/12892 3744/4706/12893
f 3746/4712/12894 3658/4610/12895 3657/4607/12896 3745/4710/12897
f 3749/4713/12898 3661/4614/12899 3660/4621/12900 3748/4714/12901
f 3749/4713/12902 3748/4714/12903 3674/4715/12904 3675/4716/12905
f 3675/4716/12906 3662/4694/12907 3736/4693/12908 3749/4713/12909
f 3736/4693/12910 3648/4580/12911 3661/4614/12912 3749/4713/12913
f 3695/4717/12914 3673/4718/12915 3747/4719/12916 3750/4720/12917
f 3751/4721/12918 3748/4714/12919 3660/4621/12920 3701/4722/12921
f 3751/4721/12922 3702/4723/12923 3674/4715/12924 3748/4714/12925
f 3700/4624/12926 3645/4616/12927 3659/4615/12928 3701/4722/12929
f 3701/4722/12930 3659/4615/12931 3747/4719/12932 3751/4721/12933
f 3660/4621/12934 3646/4622/12935 3700/4624/12936 3701/4722/12937
f 3747/4719/12938 3673/4718/12939 3702/4723/12940 3751/4721/12941
f 3654/4724/12942 3653/4596/12943 3741/4702/12944 3742/4725/12945
f 3742/4725/12946 3741/4702/12947 3667/4705/12948 3668/4726/12949
f 3668/4726/12950 3669/4708/12951 3743/4707/12952 3742/4725/12953
f 3640/4600/12954 3639/4593/12955 3653/4596/12956 3654/4724/12957
f 3654/4724/12958 3655/4727/12959 3641/4602/12960 3640/4600/12961
f 3742/4725/12962 3743/4707/12963 3655/4727/12964 3654/4724/12965
f 3655/4727/12966 3656/4606/12967 3642/4604/12968 3641/4602/12969
f 3743/4707/12970 3744/4706/12971 3656/4606/12972 3655/4727/12973
f 3750/4720/12974 3694/4618/12975 3658/4610/12976 3746/4712/12977
f 3746/4712/12978 3745/4710/12979 3671/4711/12980 3672/4728/12981
f 3672/4728/12982 3695/4717/12983 3750/4720/12984 3746/4712/12985
f 3747/4719/12986 3659/4615/12987 3694/4618/12988 3750/4720/12989
f 3592/4729/12990 3605/4730/12991 3619/4648/12992 3606/4628/12993
f 3604/4731/12994 3605/4730/12995 3592/4732/12996
f 3618/4650/12997 3619/4648/12998 3605/4730/12999 3604/4731/13000
f 3592/4729/13001 3606/4628/13002 3607/4627/13003 3593/4733/13004
f 3697/4734/13005 3698/4656/13006 3618/4650/13007 3604/4731/13008
f 3593/4735/13009 3697/4734/13010 3604/4731/13011 3592/4732/13012
f 3594/4736/13013 3593/4733/13014 3607/4627/13015 3608/4631/13016
f 3617/4653/13017 3698/4656/13018 3697/4734/13019 3603/4737/13020
f 3603/4737/13021 3697/4734/13022 3593/4735/13023 3594/4738/13024
f 3690/4739/13025 3603/4737/13026 3594/4738/13027 3595/4740/13028
f 3690/4739/13029 3691/4654/13030 3617/4653/13031 3603/4737/13032
f 3595/4741/13033 3594/4736/13034 3608/4631/13035 3609/4633/13036
f 3596/4742/13037 3595/4741/13038 3609/4633/13039 3610/4635/13040
f 3602/4743/13041 3601/4744/13042 3615/4645/13043 3616/4647/13044
f 3600/4745/13045 3601/4744/13046 3602/4743/13047
f 3616/4647/13048 3691/4654/13049 3690/4739/13050 3602/4743/13051
f 3613/4641/13052 3614/4643/13053 3600/4746/13054 3599/4747/13055
f 3614/4643/13056 3615/4645/13057 3601/4744/13058 3600/4746/13059
f 3602/4743/13060 3690/4739/13061 3595/4740/13062 3596/4748/13063
f 3596/4748/13064 3597/4749/13065 3598/4750/13066 3599/4751/13067
f 3610/4637/13068 3611/4576/13069 3597/4575/13070 3596/4752/13071
f 3599/4751/13072 3600/4745/13073 3602/4743/13074 3596/4748/13075
f 3599/4747/13076 3598/4574/13077 3612/4577/13078 3613/4641/13079
f 3752/4753/13080 3772/4754/13081 3773/4755/13082 3754/4756/13083
f 3755/4757/13084 3754/4756/13083 3773/4755/13082 3774/4758/13085
f 3752/4753/13080 3754/4756/13083 3756/4759/13086
f 3752/4753/13080 3756/4759/13086 3757/4760/13087
f 3759/4761/13088 3756/4759/13086 3754/4756/13083 3755/4757/13084
f 3833/4762/13089 3752/4753/13080 3757/4760/13087 3832/4763/13090
f 3762/4764/13091 3756/4759/13086 3759/4761/13088
f 3761/4765/13092 3756/4759/13086 3762/4764/13091
f 3761/4765/13092 3757/4760/13087 3756/4759/13086
f 3760/4766/13093 3757/4760/13087 3761/4765/13092
f 3757/4760/13087 3760/4766/13093 3851/4767/13094 3832/4763/13090
f 3766/4768/13095 3765/4769/13096 3760/4766/13093 3761/4765/13092
f 3766/4768/13095 3761/4765/13092 3762/4764/13091 3764/4770/13097
f 3851/4767/13094 3760/4766/13093 3765/4769/13096 3850/4771/13098
f 3850/4771/13098 3765/4769/13096 3770/4772/13099 3849/4773/13100
f 3768/4774/13101 3765/4769/13096 3766/4768/13095
f 3769/4775/13102 3768/4774/13101 3766/4768/13095 3764/4770/13097
f 3768/4774/13101 3770/4772/13099 3765/4769/13096
f 3834/4776/13103 3772/4754/13081 3752/4753/13080 3833/4762/13089
f 3776/4777/13104 3770/4778/13099 3768/4779/13101 3778/4780/13105
f 3779/4781/13106 3778/4780/13105 3768/4779/13101 3769/4782/13102
f 3776/4777/13104 3778/4780/13105 3780/4783/13107
f 3776/4777/13104 3780/4783/13107 3781/4784/13108
f 3783/4785/13109 3780/4783/13107 3778/4780/13105 3779/4781/13106
f 3848/4786/13110 3776/4777/13104 3781/4784/13108 3847/4787/13111
f 3786/4788/13112 3780/4783/13107 3783/4785/13109
f 3785/4789/13113 3780/4783/13107 3786/4788/13112
f 3785/4789/13113 3781/4784/13108 3780/4783/13107
f 3784/4790/13114 3781/4784/13108 3785/4789/13113
f 3781/4784/13108 3784/4790/13114 3846/4791/13115 3847/4787/13111
f 3790/4792/13116 3789/4793/13117 3784/4790/13114 3785/4789/13113
f 3790/4792/13116 3785/4789/13113 3786/4788/13112 3788/4794/13118
f 3846/4791/13115 3784/4790/13114 3789/4793/13117 3845/4795/13119
f 3845/4795/13119 3789/4793/13117 3794/4796/13120 3844/4797/13121
f 3792/4798/13122 3789/4793/13117 3790/4792/13116
f 3793/4799/13123 3792/4798/13122 3790/4792/13116 3788/4794/13118
f 3792/4798/13122 3794/4796/13120 3789/4793/13117
f 3849/4800/13100 3770/4778/13099 3776/4777/13104 3848/4786/13110
f 3796/4801/13124 3794/4802/13120 3792/4803/13122 3798/4804/13125
f 3799/4805/13126 3798/4804/13125 3792/4803/13122 3793/4806/13123
f 3796/4801/13124 3798/4804/13125 3800/4807/13127
f 3796/4801/13124 3800/4807/13127 3801/4808/13128
f 3803/4809/13129 3800/4807/13127 3798/4804/13125 3799/4805/13126
f 3843/4810/13130 3796/4801/13124 3801/4808/13128 3842/4811/13131
f 3806/4812/13132 3800/4807/13127 3803/4809/13129
f 3805/4813/13133 3800/4807/13127 3806/4812/13132
f 3805/4813/13133 3801/4808/13128 3800/4807/13127
f 3804/4814/13134 3801/4808/13128 3805/4813/13133
f 3801/4808/13128 3804/4814/13134 3841/4815/13135 3842/4811/13131
f 3810/4816/13136 3809/4817/13137 3804/4814/13134 3805/4813/13133
f 3810/4816/13136 3805/4813/13133 3806/4812/13132 3808/4818/13138
f 3841/4815/13135 3804/4814/13134 3809/4817/13137 3840/4819/13139
f 3840/4819/13139 3809/4817/13137 3814/4820/13140 3839/4821/13141
f 3812/4822/13142 3809/4817/13137 3810/4816/13136
f 3813/4823/13143 3812/4822/13142 3810/4816/13136 3808/4818/13138
f 3812/4822/13142 3814/4820/13140 3809/4817/13137
f 3844/4824/13121 3794/4802/13120 3796/4801/13124 3843/4810/13130
f 3816/4825/13144 3814/4826/13140 3812/4827/13142 3818/4828/13145
f 3819/4829/13146 3818/4828/13145 3812/4827/13142 3813/4830/13143
f 3816/4825/13144 3818/4828/13145 3820/4831/13147
f 3816/4825/13144 3820/4831/13147 3821/4832/13148
f 3823/4833/13149 3820/4831/13147 3818/4828/13145 3819/4829/13146
f 3838/4834/13150 3816/4825/13144 3821/4832/13148 3837/4835/13151
f 3826/4836/13152 3820/4831/13147 3823/4833/13149
f 3825/4837/13153 3820/4831/13147 3826/4836/13152
f 3825/4837/13153 3821/4832/13148 3820/4831/13147
f 3824/4838/13154 3821/4832/13148 3825/4837/13153
f 3821/4832/13148 3824/4838/13154 3836/4839/13155 3837/4835/13151
f 3830/4840/13156 3829/4841/13157 3824/4838/13154 3825/4837/13153
f 3830/4840/13156 3825/4837/13153 3826/4836/13152 3828/4842/13158
f 3836/4839/13155 3824/4838/13154 3829/4841/13157 3835/4843/13159
f 3835/4843/13159 3829/4841/13157 3772/4844/13081 3834/4845/13103
f 3773/4846/13082 3829/4841/13157 3830/4840/13156
f 3774/4847/13085 3773/4846/13082 3830/4840/13156 3828/4842/13158
f 3773/4846/13082 3772/4844/13081 3829/4841/13157
f 3839/4848/13141 3814/4826/13140 3816/4825/13144 3838/4834/13150
f 3753/4849/13160 3833/4762/13089 3832/4763/13090 3758/4850/13161
f 3775/4851/13162 3834/4776/13103 3833/4762/13089 3753/4849/13160
f 3831/4852/13163 3835/4843/13159 3834/4845/13103 3775/4853/13162
f 3827/4854/13164 3836/4839/13155 3835/4843/13159 3831/4852/13163
f 3837/4835/13151 3836/4839/13155 3827/4854/13164 3822/4855/13165
f 3817/4856/13166 3838/4834/13150 3837/4835/13151 3822/4855/13165
f 3815/4857/13167 3839/4848/13141 3838/4834/13150 3817/4856/13166
f 3811/4858/13168 3840/4819/13139 3839/4821/13141 3815/4859/13167
f 3807/4860/13169 3841/4815/13135 3840/4819/13139 3811/4858/13168
f 3842/4811/13131 3841/4815/13135 3807/4860/13169 3802/4861/13170
f 3797/4862/13171 3843/4810/13130 3842/4811/13131 3802/4861/13170
f 3795/4863/13172 3844/4824/13121 3843/4810/13130 3797/4862/13171
f 3791/4864/13173 3845/4795/13119 3844/4797/13121 3795/4865/13172
f 3787/4866/13174 3846/4791/13115 3845/4795/13119 3791/4864/13173
f 3847/4787/13111 3846/4791/13115 3787/4866/13174 3782/4867/13175
f 3777/4868/13176 3848/4786/13110 3847/4787/13111 3782/4867/13175
f 3771/4869/13177 3849/4800/13100 3848/4786/13110 3777/4868/13176
f 3767/4870/13178 3850/4771/13098 3849/4773/13100 3771/4871/13177
f 3763/4872/13179 3851/4767/13094 3850/4771/13098 3767/4870/13178
f 3832/4763/13090 3851/4767/13094 3763/4872/13179 3758/4850/13161
f 3852/4873/13180 3855/4874/13181 3854/4875/13182
f 3855/4874/13181 3856/4876/13183 3854/4875/13182
f 3856/4876/13183 3857/4877/13184 3854/4875/13182
f 3857/4877/13184 3858/4878/13185 3854/4875/13182
f 3858/4878/13185 3853/4879/13186 3854/4875/13182
f 3853/4880/13186 3860/4881/13187 3854/4882/13182
f 3860/4881/13187 3861/4883/13188 3854/4882/13182
f 3861/4883/13188 3862/4884/13189 3854/4882/13182
f 3862/4884/13189 3863/4885/13190 3854/4882/13182
f 3863/4885/13190 3859/4886/13191 3854/4882/13182
f 3859/4887/13191 3865/4888/13192 3854/4889/13182
f 3865/4888/13192 3866/4890/13193 3854/4889/13182
f 3866/4890/13193 3867/4891/13194 3854/4889/13182
f 3867/4891/13194 3868/4892/13195 3854/4889/13182
f 3868/4892/13195 3864/4893/13196 3854/4889/13182
f 3864/4894/13196 3869/4895/13197 3854/4896/13182
f 3869/4895/13197 3870/4897/13198 3854/4896/13182
f 3870/4897/13198 3871/4898/13199 3854/4896/13182
f 3871/4898/13199 3872/4899/13200 3854/4896/13182
f 3872/4899/13200 3852/4900/13180 3854/4896/13182
f 3873/4901/13201 3893/4902/13202 3894/4903/13203 3875/4904/13204
f 3876/4905/13205 3875/4904/13204 3894/4903/13203 3895/4906/13206
f 3873/4901/13201 3875/4904/13204 3877/4907/13207
f 3873/4901/13201 3877/4907/13207 3878/4908/13208
f 3880/4909/13209 3877/4907/13207 3875/4904/13204 3876/4905/13205
f 3954/4910/13210 3873/4901/13201 3878/4908/13208 3953/4911/13211
f 3883/4912/13212 3877/4907/13207 3880/4909/13209
f 3882/4913/13213 3877/4907/13207 3883/4912/13212
f 3882/4913/13213 3878/4908/13208 3877/4907/13207
f 3881/4914/13214 3878/4908/13208 3882/4913/13213
f 3878/4908/13208 3881/4914/13214 3972/4915/13215 3953/4911/13211
f 3887/4916/13216 3886/4917/13217 3881/4914/13214 3882/4913/13213
f 3887/4916/13216 3882/4913/13213 3883/4912/13212 3885/4918/13218
f 3972/4915/13215 3881/4914/13214 3886/4917/13217 3971/4919/13219
f 3971/4919/13219 3886/4917/13217 3891/4920/13220 3970/4921/13221
f 3889/4922/13222 3886/4917/13217 3887/4916/13216
f 3890/4923/13223 3889/4922/13222 3887/4916/13216 3885/4918/13218
f 3889/4922/13222 3891/4920/13220 3886/4917/13217
f 3955/4924/13224 3893/4902/13202 3873/4901/13201 3954/4910/13210
f 3897/4925/13225 3891/4926/13220 3889/4927/13222 3899/4928/13226
f 3900/4929/13227 3899/4928/13226 3889/4927/13222 3890/4930/13223
f 3897/4925/13225 3899/4928/13226 3901/4931/13228
f 3897/4925/13225 3901/4931/13228 3902/4932/13229
f 3904/4933/13230 3901/4931/13228 3899/4928/13226 3900/4929/13227
f 3969/4934/13231 3897/4925/13225 3902/4932/13229 3968/4935/13232
f 3907/4936/13233 3901/4931/13228 3904/4933/13230
f 3906/4937/13234 3901/4931/13228 3907/4936/13233
f 3906/4937/13234 3902/4932/13229 3901/4931/13228
f 3905/4938/13235 3902/4932/13229 3906/4937/13234
f 3902/4932/13229 3905/4938/13235 3967/4939/13236 3968/4935/13232
f 3911/4940/13237 3910/4941/13238 3905/4938/13235 3906/4937/13234
f 3911/4940/13237 3906/4937/13234 3907/4936/13233 3909/4942/13239
f 3967/4939/13236 3905/4938/13235 3910/4941/13238 3966/4943/13240
f 3966/4943/13240 3910/4941/13238 3915/4944/13241 3965/4945/13242
f 3913/4946/13243 3910/4941/13238 3911/4940/13237
f 3914/4947/13244 3913/4946/13243 3911/4940/13237 3909/4942/13239
f 3913/4946/13243 3915/4944/13241 3910/4941/13238
f 3970/4948/13221 3891/4926/13220 3897/4925/13225 3969/4934/13231
f 3917/4949/13245 3915/4950/13241 3913/4951/13243 3919/4952/13246
f 3920/4953/13247 3919/4952/13246 3913/4951/13243 3914/4954/13244
f 3917/4949/13245 3919/4952/13246 3921/4955/13248
f 3917/4949/13245 3921/4955/13248 3922/4956/13249
f 3924/4957/13250 3921/4955/13248 3919/4952/13246 3920/4953/13247
f 3964/4958/13251 3917/4949/13245 3922/4956/13249 3963/4959/13252
f 3927/4960/13253 3921/4955/13248 3924/4957/13250
f 3926/4961/13254 3921/4955/13248 3927/4960/13253
f 3926/4961/13254 3922/4956/13249 3921/4955/13248
f 3925/4962/13255 3922/4956/13249 3926/4961/13254
f 3922/4956/13249 3925/4962/13255 3962/4963/13256 3963/4959/13252
f 3931/4964/13257 3930/4965/13258 3925/4962/13255 3926/4961/13254
f 3931/4964/13257 3926/4961/13254 3927/4960/13253 3929/4966/13259
f 3962/4963/13256 3925/4962/13255 3930/4965/13258 3961/4967/13260
f 3961/4967/13260 3930/4965/13258 3935/4968/13261 3960/4969/13262
f 3933/4970/13263 3930/4965/13258 3931/4964/13257
f 3934/4971/13264 3933/4970/13263 3931/4964/13257 3929/4966/13259
f 3933/4970/13263 3935/4968/13261 3930/4965/13258
f 3965/4972/13242 3915/4950/13241 3917/4949/13245 3964/4958/13251
f 3937/4973/13265 3935/4974/13261 3933/4975/13263 3939/4976/13266
f 3940/4977/13267 3939/4976/13266 3933/4975/13263 3934/4978/13264
f 3937/4973/13265 3939/4976/13266 3941/4979/13268
f 3937/4973/13265 3941/4979/13268 3942/4980/13269
f 3944/4981/13270 3941/4979/13268 3939/4976/13266 3940/4977/13267
f 3959/4982/13271 3937/4973/13265 3942/4980/13269 3958/4983/13272
f 3947/4984/13273 3941/4979/13268 3944/4981/13270
f 3946/4985/13274 3941/4979/13268 3947/4984/13273
f 3946/4985/13274 3942/4980/13269 3941/4979/13268
f 3945/4986/13275 3942/4980/13269 3946/4985/13274
f 3942/4980/13269 3945/4986/13275 3957/4987/13276 3958/4983/13272
f 3951/4988/13277 3950/4989/13278 3945/4986/13275 3946/4985/13274
f 3951/4988/13277 3946/4985/13274 3947/4984/13273 3949/4990/13279
f 3957/4987/13276 3945/4986/13275 3950/4989/13278 3956/4991/13280
f 3956/4991/13280 3950/4989/13278 3893/4992/13202 3955/4993/13224
f 3894/4994/13203 3950/4989/13278 3951/4988/13277
f 3895/4995/13206 3894/4994/13203 3951/4988/13277 3949/4990/13279
f 3894/4994/13203 3893/4992/13202 3950/4989/13278
f 3960/4996/13262 3935/4974/13261 3937/4973/13265 3959/4982/13271
f 3874/4997/13281 3954/4910/13210 3953/4911/13211 3879/4998/13282
f 3896/4999/13283 3955/4924/13224 3954/4910/13210 3874/4997/13281
f 3952/5000/13284 3956/4991/13280 3955/4993/13224 3896/5001/13283
f 3948/5002/13285 3957/4987/13276 3956/4991/13280 3952/5000/13284
f 3958/4983/13272 3957/4987/13276 3948/5002/13285 3943/5003/13286
f 3938/5004/13287 3959/4982/13271 3958/4983/13272 3943/5003/13286
f 3936/5005/13288 3960/4996/13262 3959/4982/13271 3938/5004/13287
f 3932/5006/13289 3961/4967/13260 3960/4969/13262 3936/5007/13288
f 3928/5008/13290 3962/4963/13256 3961/4967/13260 3932/5006/13289
f 3963/4959/13252 3962/4963/13256 3928/5008/13290 3923/5009/13291
f 3918/5010/13292 3964/4958/13251 3963/4959/13252 3923/5009/13291
f 3916/5011/13293 3965/4972/13242 3964/4958/13251 3918/5010/13292
f 3912/5012/13294 3966/4943/13240 3965/4945/13242 3916/5013/13293
f 3908/5014/13295 3967/4939/13236 3966/4943/13240 3912/5012/13294
f 3968/4935/13232 3967/4939/13236 3908/5014/13295 3903/5015/13296
f 3898/5016/13297 3969/4934/13231 3968/4935/13232 3903/5015/13296
f 3892/5017/13298 3970/4948/13221 3969/4934/13231 3898/5016/13297
f 3888/5018/13299 3971/4919/13219 3970/4921/13221 3892/5019/13298
f 3884/5020/13300 3972/4915/13215 3971/4919/13219 3888/5018/13299
f 3953/4911/13211 3972/4915/13215 3884/5020/13300 3879/4998/13282
