# Blender 4.2.0
# www.blender.org
o Sunflower_01
v -0.047183 1.866803 0.157268
v 0.012089 -0.012563 -0.012431
v -0.047382 1.865461 0.171961
v 0.012089 -0.012563 0.013219
v -0.062538 1.867118 0.157351
v -0.013556 -0.012563 -0.012429
v -0.062745 1.865785 0.172036
v -0.013556 -0.012563 0.013219
v 0.006763 0.156071 -0.003763
v -0.015600 0.153928 0.018792
v 0.006895 0.154478 0.018712
v -0.015734 0.155530 -0.003680
v -0.042290 1.910091 0.159028
v -0.042223 1.909548 0.173544
v -0.052917 1.918289 0.159338
v -0.052824 1.917859 0.173848
v -0.020906 1.926691 0.158658
v -0.020969 1.925895 0.175778
v -0.026515 1.940467 0.159447
v -0.026597 1.939805 0.176112
v 0.011012 1.937684 0.176437
v 0.004146 1.954797 0.178192
v 0.009641 1.939621 0.156419
v 0.002792 1.956637 0.158236
v -0.001435 0.340736 0.040671
v -0.001398 0.345562 0.019568
v 0.019961 0.337684 0.040004
v 0.019994 0.342476 0.018894
v 0.017573 1.490733 0.144664
v 0.036534 1.491386 0.162908
v 0.035935 1.493492 0.144390
v 0.018172 1.488629 0.163178
v 0.051326 1.212331 0.129906
v 0.072230 1.213665 0.150322
v 0.071855 1.214675 0.129642
v 0.051703 1.211315 0.150583
v 0.067379 0.782720 0.089568
v 0.089539 0.778853 0.110801
v 0.089143 0.780943 0.088998
v 0.067775 0.780616 0.111367
v -0.018363 -0.012563 0.000395
v -0.000734 -0.012563 -0.017239
v -0.012774 0.227182 0.027588
v -0.054686 1.815714 0.170353
v -0.055082 1.865238 0.174747
v -0.044408 1.866120 0.164603
v -0.000735 -0.012563 0.018028
v -0.065614 1.866973 0.164729
v -0.054797 1.867069 0.154549
v 0.016898 -0.012563 0.000394
v 0.009168 0.230877 0.005353
v 0.009423 0.228549 0.027479
v -0.013039 0.229578 0.005468
v -0.004513 0.156111 -0.007935
v 0.011049 0.155366 0.007459
v -0.019883 0.154617 0.007571
v -0.004330 0.153914 0.022966
v -0.038512 1.816710 0.154417
v -0.038471 1.815968 0.170278
v -0.054746 1.816468 0.154503
v -0.047660 1.913356 0.176414
v -0.040214 1.908367 0.166230
v -0.054391 1.920328 0.166642
v -0.047752 1.914062 0.156459
v -0.046864 1.892461 0.158756
v -0.060570 1.896287 0.159009
v -0.060920 1.895038 0.173388
v -0.047210 1.891196 0.173143
v -0.024014 1.932680 0.179129
v -0.019705 1.923682 0.167116
v -0.027074 1.942971 0.167905
v -0.023942 1.933685 0.155864
v -0.039974 1.932045 0.160101
v -0.039977 1.931472 0.175470
v -0.032234 1.920061 0.175097
v -0.032223 1.920740 0.159601
v 0.007759 1.946104 0.181482
v 0.011779 1.935102 0.166371
v 0.002027 1.959281 0.168275
v 0.006046 1.948251 0.153148
v -0.007005 1.932134 0.157476
v -0.011998 1.947717 0.158357
v -0.007062 1.931081 0.176538
v -0.012081 1.946803 0.177127
v 0.007870 0.052955 -0.010098
v 0.007873 0.052266 0.012780
v -0.014994 0.053929 -0.010066
v -0.014991 0.053264 0.012809
v 0.009305 0.344922 0.015274
v 0.023989 0.339502 0.029323
v -0.005428 0.343722 0.030245
v 0.009256 0.338310 0.044296
v 0.027465 1.489611 0.166515
v 0.014430 1.489166 0.153972
v 0.039678 1.492958 0.153598
v 0.026641 1.492506 0.141056
v 0.061519 1.213693 0.125896
v 0.075892 1.214611 0.139933
v 0.047666 1.211384 0.140294
v 0.062036 1.212299 0.154330
v 0.078731 0.779343 0.115172
v 0.063496 0.781999 0.100574
v 0.093422 0.779565 0.099792
v 0.078187 0.782226 0.085195
v -0.046496 1.815667 0.173283
v -0.057833 1.816115 0.162454
v -0.035449 1.816396 0.162333
v -0.046599 1.816690 0.151481
v -0.001626 0.227418 0.031681
v -0.003564 0.053584 -0.014371
v 0.012160 0.052412 0.001335
v -0.019278 0.053768 0.001378
v -0.053709 1.894329 0.156180
v -0.054186 1.892602 0.175957
v -0.063137 1.897288 0.166265
v -0.044447 1.891181 0.165905
v -0.040941 1.934144 0.167862
v -0.036248 1.925549 0.178157
v -0.036246 1.926421 0.156985
v -0.030654 1.918285 0.167244
v -0.009611 1.940109 0.154332
v -0.005990 1.928618 0.166883
v -0.012729 1.950230 0.167858
v -0.009678 1.938788 0.180411
v -0.001984 0.230666 0.001262
v 0.013459 0.229966 0.016395
v -0.017069 0.228133 0.016549
v -0.003560 0.052654 0.017084
v 0.015412 1.972061 0.147870
v 0.017567 1.970966 0.186436
v 0.031402 1.937451 0.186522
v 0.029451 1.938526 0.147346
v 0.020561 1.983579 0.137442
v 0.022330 1.992239 0.207656
v 0.052093 1.920010 0.208625
v 0.041877 1.932945 0.136730
v 0.062052 1.922481 0.117095
v 0.054745 1.919963 0.118025
v 0.066779 1.919654 0.214060
v 0.059458 1.917198 0.213671
v 0.020687 2.000506 0.119473
v 0.027565 2.003541 0.118572
v 0.025994 1.998531 0.212631
v 0.033155 2.001690 0.212989
v 0.017565 1.994315 0.124922
v 0.024031 1.981779 0.195618
v 0.044812 1.931347 0.196249
v 0.047901 1.922381 0.123775
v 0.014061 1.976480 0.156563
v 0.014091 1.977687 0.166982
v 0.015281 1.975852 0.177549
v 0.020978 1.963209 0.191913
v 0.024783 1.954046 0.193875
v 0.028434 1.944924 0.192096
v 0.025859 1.946312 0.142062
v 0.021966 1.955523 0.140367
v 0.018265 1.964625 0.142325
v 0.033062 1.932965 0.177541
v 0.033237 1.931677 0.166771
v 0.032008 1.933543 0.156080
v 0.014670 2.004060 0.143862
v 0.014823 2.006785 0.166200
v 0.017512 2.002662 0.188362
v 0.028972 1.975948 0.220677
v 0.037068 1.956195 0.225213
v 0.045268 1.936306 0.221120
v 0.039804 1.939258 0.113010
v 0.031286 1.958791 0.108754
v 0.023437 1.978136 0.113596
v 0.056015 1.909641 0.188475
v 0.056560 1.906877 0.164921
v 0.053632 1.911487 0.142040
v 0.048611 1.963249 0.166980
v 0.066286 1.946206 0.176903
v 0.063685 1.946869 0.155603
v 0.057419 1.960543 0.143298
v 0.052674 1.974687 0.144069
v 0.054085 1.973756 0.187646
v 0.060346 1.957639 0.189734
v 0.049894 1.981516 0.158066
v 0.050058 1.982636 0.174174
v 0.033380 1.980361 0.227547
v 0.042400 1.957997 0.232577
v 0.051802 1.935603 0.227846
v 0.040876 1.983502 0.228133
v 0.049464 1.960796 0.233269
v 0.059486 1.938402 0.228441
v 0.017572 2.011525 0.140778
v 0.017646 2.014743 0.166016
v 0.020689 2.010154 0.190821
v 0.024940 2.014802 0.140161
v 0.024505 2.017905 0.165760
v 0.028090 2.013450 0.190846
v 0.064159 1.905421 0.190792
v 0.064607 1.902271 0.164267
v 0.061389 1.907756 0.138637
v 0.072004 1.907945 0.190837
v 0.071865 1.904529 0.163967
v 0.069180 1.910363 0.138009
v 0.045689 1.938899 0.105923
v 0.035861 1.960974 0.101037
v 0.027290 1.982540 0.107009
v 0.053312 1.941717 0.104800
v 0.042806 1.963826 0.099813
v 0.034712 1.985692 0.105996
v 0.047374 1.924499 0.182470
v 0.047683 1.922501 0.165967
v 0.045829 1.925327 0.149666
v 0.036216 1.944790 0.128997
v 0.030281 1.958680 0.126270
v 0.024696 1.972390 0.129067
v 0.028938 1.970144 0.204229
v 0.034587 1.956436 0.207483
v 0.040112 1.942669 0.204863
v 0.018646 1.990211 0.150547
v 0.018811 1.991933 0.166137
v 0.020642 1.989151 0.182083
v 0.137284 0.286407 -0.084531
v 0.065909 0.305729 -0.140023
v 0.110205 0.338653 -0.008786
v 0.031925 0.371883 -0.066859
v 0.131038 0.311988 -0.028935
v 0.041227 0.359885 -0.104962
v 0.085401 0.345582 -0.023396
v 0.055131 0.360680 -0.048749
v 0.061682 0.344267 -0.086307
v 0.107446 0.323760 -0.049342
v 0.078561 0.320387 -0.067955
v 0.097352 0.290721 -0.108311
v 0.114968 0.290288 -0.102595
v 0.087033 0.301980 -0.124060
v 0.109273 0.248066 -0.149987
v 0.045337 0.350754 -0.003157
v 0.056185 0.350361 -0.017446
v 0.019652 0.337106 0.024170
v 0.033072 0.345962 0.009458
v 0.064108 0.343346 -0.037341
v 0.044392 0.347681 -0.004132
v 0.054841 0.347216 -0.017789
v 0.033189 0.342937 0.007295
v 0.065380 0.341132 -0.035735
v 0.025838 0.336025 0.014446
v 0.020723 0.328696 0.027863
v 0.034744 0.343714 0.009638
v 0.068076 0.341462 -0.034299
v 0.057019 0.348171 -0.016499
v 0.046323 0.348531 -0.002501
v 0.027238 0.336794 0.017595
v 0.011882 0.330772 0.018848
v 0.043466 0.350072 -0.004745
v 0.054115 0.349617 -0.018737
v 0.031531 0.345282 0.007177
v 0.023506 0.338623 0.014627
v 0.012429 0.320181 0.017692
v 0.017454 0.318116 0.020865
v 0.021913 0.326170 0.016594
v 0.018257 0.327924 0.013606
v 0.138758 0.301139 -0.062165
v 0.048310 0.327899 -0.125369
v 0.125288 0.273764 -0.120811
v 0.080992 0.276278 -0.145334
v -0.130865 0.443104 0.172720
v 0.006942 0.426221 0.265844
v -0.084526 0.555703 0.111504
v 0.058986 0.553142 0.202754
v -0.121301 0.514566 0.123978
v 0.051273 0.521800 0.246915
v -0.041516 0.552996 0.133915
v 0.015523 0.553460 0.173916
v 0.009622 0.515702 0.215081
v -0.076334 0.517284 0.156720
v -0.030092 0.495311 0.179258
v -0.058996 0.427440 0.211252
v -0.086777 0.438431 0.202260
v -0.032560 0.435922 0.241499
v -0.079219 0.350332 0.235586
v 0.015185 0.556715 0.113761
v 0.003095 0.553478 0.130873
v 0.039891 0.542638 0.073848
v 0.026935 0.552807 0.096051
v -0.008559 0.538529 0.150998
v 0.015131 0.552582 0.113349
v 0.003323 0.549221 0.129744
v 0.025684 0.548706 0.097104
v -0.010870 0.537199 0.148462
v 0.033110 0.540809 0.084035
v 0.035910 0.534432 0.066751
v 0.024393 0.551056 0.095261
v -0.013768 0.539251 0.147468
v 0.001293 0.551749 0.129044
v 0.013261 0.554946 0.112229
v 0.032044 0.543262 0.081542
v 0.046888 0.534071 0.075688
v 0.017078 0.554619 0.114902
v 0.005132 0.551310 0.131659
v 0.028249 0.550589 0.097870
v 0.036225 0.542713 0.084474
v 0.043645 0.518572 0.073367
v 0.035344 0.520550 0.069760
v 0.033726 0.528090 0.075773
v 0.038533 0.527398 0.079240
v -0.125536 0.484609 0.159048
v 0.033226 0.464448 0.256473
v -0.104452 0.396100 0.213075
v -0.030387 0.383837 0.248370
v -0.042660 0.459971 0.194523
v -0.016661 0.514532 -0.151575
v -0.147176 0.529413 -0.052055
v 0.047445 0.603732 -0.084357
v -0.084409 0.614434 0.022325
v 0.041617 0.557759 -0.123985
v -0.126106 0.591660 -0.002154
v 0.012478 0.604978 -0.050561
v -0.043467 0.611392 -0.009405
v -0.084085 0.581869 -0.030545
v -0.002739 0.569152 -0.092216
v -0.040932 0.557329 -0.055669
v -0.076588 0.515538 -0.096845
v -0.057816 0.519482 -0.119761
v -0.110059 0.528393 -0.082182
v -0.117631 0.470012 -0.130961
v 0.019005 0.610317 0.011824
v 0.004634 0.607645 -0.006647
v 0.052151 0.588735 0.058384
v 0.032773 0.604969 0.030625
v -0.015218 0.593859 -0.024077
v 0.018678 0.605679 0.012193
v 0.004998 0.603053 -0.005577
v 0.031399 0.600668 0.029392
v -0.012164 0.591648 -0.025389
v 0.040946 0.591313 0.042913
v 0.057272 0.581503 0.054728
v 0.034154 0.602606 0.028430
v -0.009715 0.593077 -0.028326
v 0.006836 0.605212 -0.007739
v 0.020904 0.607774 0.010439
v 0.044398 0.593295 0.042308
v 0.045757 0.583275 0.062451
v 0.016786 0.608467 0.013543
v 0.002746 0.605783 -0.004588
v 0.030059 0.603163 0.031604
v 0.039882 0.593961 0.045671
v 0.042970 0.567579 0.058888
v 0.050475 0.566916 0.054081
v 0.046327 0.576303 0.048014
v 0.041024 0.577193 0.051886
v 0.004117 0.538593 -0.140581
v -0.137554 0.552716 -0.023177
v -0.074741 0.496435 -0.142812
v -0.131827 0.497988 -0.084257
v -0.058208 0.533306 -0.073728
v 0.221488 0.435909 0.182594
v 0.260110 0.462377 0.021152
v 0.169042 0.589474 0.185846
v 0.200667 0.596717 0.005638
v 0.185570 0.532482 0.210876
v 0.239379 0.553791 -0.006715
v 0.173268 0.590565 0.133655
v 0.189822 0.594597 0.060565
v 0.223719 0.546287 0.046726
v 0.200705 0.540101 0.153485
v 0.200278 0.524380 0.097617
v 0.230464 0.443513 0.102711
v 0.233953 0.445995 0.130895
v 0.251530 0.458321 0.071896
v 0.252954 0.361865 0.075173
v 0.129738 0.611018 0.089894
v 0.151534 0.601363 0.093499
v 0.073306 0.608125 0.077614
v 0.106058 0.612475 0.084992
v 0.173521 0.579008 0.092156
v 0.128516 0.606380 0.089033
v 0.149359 0.597021 0.092595
v 0.106731 0.607669 0.084637
v 0.171514 0.577082 0.095280
v 0.088559 0.603343 0.080840
v 0.068047 0.597578 0.082653
v 0.105870 0.609925 0.087392
v 0.172117 0.578527 0.099111
v 0.150007 0.599116 0.095635
v 0.128595 0.608543 0.092031
v 0.086957 0.605817 0.083682
v 0.074223 0.600801 0.070584
v 0.129742 0.609095 0.086945
v 0.151069 0.599536 0.090522
v 0.106915 0.610366 0.082262
v 0.088202 0.606290 0.078068
v 0.071881 0.585012 0.069755
v 0.067874 0.584977 0.079414
v 0.077425 0.591101 0.080406
v 0.078957 0.591651 0.073902
v 0.214198 0.488843 0.194985
v 0.246020 0.501028 0.005750
v 0.245063 0.394731 0.125864
v 0.251826 0.412466 0.045258
v 0.213166 0.483500 0.100893
v 0.113074 0.653954 0.347085
v 0.290274 0.668630 0.236439
v 0.047215 0.794065 0.267109
v 0.235017 0.795193 0.149676
v 0.049782 0.748767 0.319046
v 0.275219 0.736183 0.178021
v 0.099363 0.790384 0.230348
v 0.177326 0.796810 0.187188
v 0.222179 0.752523 0.213086
v 0.103666 0.733914 0.274831
v 0.160331 0.724506 0.234228
v 0.193637 0.654538 0.288186
v 0.164781 0.667304 0.317580
v 0.231801 0.667392 0.277037
v 0.227407 0.575244 0.332131
v 0.286686 0.707462 0.215347
v 0.085221 0.686840 0.330534
v 0.169255 0.608405 0.335016
v 0.259494 0.619887 0.274082
v 0.215150 0.754365 -0.172344
v -0.013646 0.766373 -0.191200
v 0.207423 0.882024 -0.033298
v -0.027667 0.872452 -0.048952
v 0.243823 0.831757 -0.084347
v -0.046160 0.848963 -0.113557
v 0.140345 0.874871 -0.032750
v 0.044196 0.874202 -0.042924
v 0.025007 0.841039 -0.104710
v 0.167291 0.838910 -0.092186
v 0.096027 0.813323 -0.094253
v 0.102473 0.749127 -0.173118
v 0.142565 0.759226 -0.177817
v 0.052691 0.769384 -0.187013
v 0.093011 0.658623 -0.246977
v 0.088710 0.866691 0.032494
v 0.091254 0.867820 0.001863
v 0.083066 0.835513 0.094905
v 0.086210 0.855212 0.061472
v 0.089294 0.854384 -0.034735
v 0.088600 0.860651 0.031724
v 0.091189 0.861615 0.002364
v 0.086445 0.850008 0.058324
v 0.093778 0.851877 -0.033696
v 0.085246 0.835002 0.077824
v 0.090625 0.820632 0.100613
v 0.089709 0.852679 0.060198
v 0.098437 0.854354 -0.034028
v 0.094591 0.864902 0.002341
v 0.092029 0.863733 0.032414
v 0.088738 0.837558 0.080677
v 0.074365 0.822994 0.092438
v 0.085295 0.863950 0.031826
v 0.087859 0.864946 0.001801
v 0.082954 0.852711 0.059675
v 0.081333 0.837653 0.079986
v 0.075825 0.802626 0.089715
v 0.087977 0.802869 0.092324
v 0.088364 0.815084 0.084720
v 0.079772 0.815310 0.083836
v 0.223428 0.802523 -0.138019
v -0.033070 0.799027 -0.151079
v 0.148109 0.711866 -0.218792
v 0.034735 0.712928 -0.212560
v 0.098358 0.779390 -0.131507
v 0.018117 0.942308 0.405008
v 0.231201 0.933289 0.362158
v -0.005788 1.084059 0.301178
v 0.214789 1.073935 0.250668
v -0.026170 1.028350 0.347963
v 0.247758 1.036042 0.299566
v 0.057206 1.078062 0.281067
v 0.146386 1.077368 0.264395
v 0.179057 1.030124 0.309531
v 0.052766 1.031382 0.334761
v 0.111098 1.005862 0.313408
v 0.117277 0.929266 0.374433
v 0.082940 0.941030 0.391691
v 0.169104 0.942260 0.377295
v 0.133088 0.831960 0.421185
v 0.085051 1.081701 0.206618
v 0.090847 1.077540 0.235463
v 0.072230 1.065256 0.145865
v 0.079255 1.075793 0.177500
v 0.101670 1.057735 0.265983
v 0.085125 1.075742 0.206232
v 0.090493 1.071541 0.233906
v 0.079619 1.070297 0.179561
v 0.097098 1.055404 0.265793
v 0.074757 1.059716 0.158899
v 0.064011 1.049153 0.141031
v 0.076223 1.073133 0.179172
v 0.092993 1.057882 0.267786
v 0.087491 1.074740 0.235412
v 0.081903 1.078798 0.207046
v 0.070905 1.062630 0.157723
v 0.081335 1.053463 0.141591
v 0.088319 1.078973 0.205819
v 0.093885 1.074730 0.234110
v 0.082631 1.073135 0.177851
v 0.077963 1.062639 0.156396
v 0.078784 1.032192 0.140473
v 0.067190 1.032111 0.140211
v 0.069678 1.041563 0.151531
v 0.077902 1.041558 0.150059
v 0.010309 0.991756 0.384600
v 0.241917 0.974623 0.327100
v 0.082464 0.890636 0.421226
v 0.185584 0.880643 0.383945
v 0.113823 0.965501 0.341458
v -0.098621 1.016912 -0.113942
v -0.217831 1.020465 0.066036
v 0.027167 1.094148 -0.036996
v -0.093675 1.089034 0.149468
v -0.004437 1.062773 -0.092426
v -0.157910 1.076886 0.134031
v -0.003682 1.087840 0.018138
v -0.055801 1.088829 0.092822
v -0.119371 1.069320 0.078998
v -0.044738 1.067857 -0.032611
v -0.082445 1.045985 0.023338
v -0.152182 1.007930 -0.022515
v -0.135894 1.018564 -0.056573
v -0.183304 1.024649 0.013847
v -0.228102 0.953262 -0.056494
v 0.024625 1.071466 0.089956
v 0.001112 1.076990 0.074010
v 0.065303 1.036354 0.118224
v 0.045334 1.056685 0.104290
v -0.031454 1.071134 0.058568
v 0.023055 1.066291 0.089361
v 0.000547 1.071691 0.074105
v 0.042127 1.052554 0.102336
v -0.028936 1.068836 0.055149
v 0.055292 1.035720 0.110903
v 0.073926 1.019750 0.113898
v 0.045518 1.054608 0.100653
v -0.026732 1.071041 0.051327
v 0.002565 1.074464 0.071397
v 0.025616 1.068874 0.087033
v 0.059558 1.037523 0.109491
v 0.059630 1.022782 0.127031
v 0.022120 1.069201 0.092361
v -0.000909 1.074582 0.076686
v 0.042033 1.054767 0.106012
v 0.055643 1.037765 0.115309
v 0.061029 1.003709 0.122400
v 0.065878 1.004009 0.115189
v 0.059227 1.016438 0.109954
v 0.054649 1.016808 0.116689
v -0.060796 1.048777 -0.101529
v -0.189740 1.040113 0.102892
v -0.172534 0.990396 -0.083469
v -0.220485 0.983590 0.011865
v -0.116224 1.024398 0.002135
v 0.396621 0.896597 0.120880
v 0.310445 0.924047 -0.110101
v 0.262590 1.036375 0.181045
v 0.167146 1.042307 -0.054015
v 0.327727 0.978610 0.190763
v 0.220964 1.019791 -0.103111
v 0.230586 1.033820 0.116144
v 0.195238 1.039907 0.018330
v 0.245756 1.005756 -0.030441
v 0.300079 0.992586 0.113200
v 0.268501 0.969517 0.042266
v 0.345784 0.897281 0.010756
v 0.369026 0.906212 0.047823
v 0.336978 0.923321 -0.043600
v 0.408933 0.797643 -0.032016
v 0.143457 1.027095 0.096285
v 0.174190 1.028842 0.084516
v 0.084553 0.995737 0.116919
v 0.114129 1.014335 0.106821
v 0.208357 1.015036 0.064903
v 0.144034 1.020618 0.095538
v 0.173569 1.022097 0.084381
v 0.117179 1.008787 0.105287
v 0.209420 1.011919 0.069623
v 0.097576 0.992429 0.112485
v 0.084931 0.978279 0.128748
v 0.116941 1.011420 0.109461
v 0.211940 1.014356 0.074074
v 0.175234 1.025446 0.087827
v 0.145022 1.023713 0.099337
v 0.096484 0.994928 0.117303
v 0.079028 0.979529 0.108985
v 0.142454 1.024392 0.092569
v 0.172616 1.025959 0.081074
v 0.114300 1.011883 0.102699
v 0.093705 0.995483 0.109839
v 0.084943 0.959942 0.111142
v 0.089584 0.961233 0.121439
v 0.094634 0.971494 0.117212
v 0.091492 0.972254 0.108514
v 0.369216 0.948740 0.145501
v 0.263217 0.962552 -0.109683
v 0.409124 0.853470 0.034223
v 0.351633 0.859532 -0.073522
v 0.304561 0.931346 0.026419
v 0.204459 1.231855 0.348012
v 0.312689 1.238566 0.199010
v 0.097437 1.309715 0.289568
v 0.207223 1.318549 0.126363
v 0.123370 1.275793 0.337054
v 0.263051 1.306118 0.140193
v 0.125614 1.308563 0.240887
v 0.172858 1.315117 0.175742
v 0.228199 1.294602 0.187932
v 0.160417 1.285100 0.284942
v 0.193932 1.267905 0.234669
v 0.252237 1.225695 0.269649
v 0.238627 1.234981 0.297943
v 0.280702 1.243582 0.243351
v 0.312606 1.154912 0.307721
v 0.100348 1.294610 0.177473
v 0.121047 1.300123 0.191710
v 0.065848 1.262484 0.150078
v 0.082631 1.280889 0.163765
v 0.150267 1.295201 0.204728
v 0.102002 1.289804 0.177552
v 0.121790 1.295000 0.191308
v 0.085692 1.277106 0.165163
v 0.148195 1.292547 0.207554
v 0.074790 1.261764 0.156439
v 0.059967 1.247650 0.154600
v 0.082610 1.278695 0.166817
v 0.146182 1.294194 0.211129
v 0.119908 1.297333 0.193887
v 0.099632 1.291866 0.179859
v 0.070958 1.263147 0.157838
v 0.070758 1.249261 0.142237
v 0.102644 1.292812 0.175174
v 0.122915 1.298139 0.189181
v 0.085626 1.279424 0.162088
v 0.074355 1.263929 0.152697
v 0.072161 1.233226 0.143331
v 0.066428 1.232450 0.152142
v 0.071859 1.244013 0.156018
v 0.075867 1.244885 0.150081
v 0.172975 1.262094 0.340754
v 0.288805 1.265303 0.166491
v 0.267828 1.202080 0.325600
v 0.310649 1.193043 0.246677
v 0.222255 1.244803 0.249865
v -0.102950 1.267918 -0.059277
v -0.193114 1.262625 0.111687
v -0.000500 1.378681 -0.001125
v -0.096219 1.347975 0.176758
v -0.029925 1.348976 -0.049273
v -0.146876 1.304959 0.162051
v -0.025505 1.365595 0.050626
v -0.067337 1.359279 0.121424
v -0.118850 1.326384 0.113451
v -0.054245 1.324973 0.006954
v -0.081989 1.307623 0.062891
v -0.140933 1.258713 0.024065
v -0.129551 1.275455 -0.009987
v -0.164864 1.268576 0.052732
v -0.198717 1.198870 -0.005773
v -0.175990 1.289504 0.133192
v -0.069490 1.294277 -0.053671
v -0.148447 1.225241 -0.030835
v -0.191941 1.228860 0.060435
v 0.275313 1.354472 0.028722
v 0.135696 1.358782 -0.096443
v 0.185521 1.420224 0.131528
v 0.041215 1.412822 0.004529
v 0.240582 1.394798 0.109239
v 0.063377 1.409340 -0.049403
v 0.142719 1.413409 0.097629
v 0.084926 1.413902 0.043933
v 0.106840 1.402192 -0.010243
v 0.193556 1.400547 0.067604
v 0.152664 1.378464 0.026552
v 0.204601 1.344523 -0.029471
v 0.230677 1.356355 -0.010569
v 0.175691 1.363289 -0.059958
v 0.248959 1.281955 -0.091495
v 0.080245 1.389477 0.111281
v 0.095912 1.398188 0.093704
v 0.054376 1.352338 0.139651
v 0.066938 1.373060 0.125920
v 0.113758 1.396807 0.067487
v 0.081469 1.384893 0.109594
v 0.096627 1.393154 0.092817
v 0.069357 1.369738 0.123131
v 0.116603 1.394589 0.069880
v 0.061910 1.353000 0.132009
v 0.059366 1.337937 0.146348
v 0.070197 1.371428 0.126390
v 0.119373 1.396777 0.072427
v 0.098339 1.395821 0.095098
v 0.082903 1.387200 0.112293
v 0.062435 1.354380 0.135960
v 0.049210 1.339654 0.134324
v 0.078757 1.387425 0.108660
v 0.094199 1.395888 0.091461
v 0.066041 1.371487 0.122744
v 0.057932 1.354505 0.131894
v 0.053787 1.323045 0.134304
v 0.059104 1.323799 0.140085
v 0.063810 1.335579 0.134298
v 0.058622 1.335803 0.129535
v 0.256855 1.385193 0.061219
v 0.098429 1.376627 -0.075606
v 0.261338 1.326822 -0.039642
v 0.186380 1.318265 -0.093478
v 0.177339 1.359375 -0.001129
v -0.109765 1.321457 0.280799
v 0.026141 1.321543 0.351574
v -0.075461 1.410580 0.210315
v 0.065982 1.407380 0.279418
v -0.108016 1.374758 0.227229
v 0.062432 1.384203 0.321027
v -0.033606 1.407381 0.226537
v 0.023106 1.407658 0.257405
v 0.021226 1.379070 0.296543
v -0.063137 1.378238 0.252236
v -0.018646 1.362282 0.269275
v -0.040383 1.315339 0.309419
v -0.066562 1.321899 0.302983
v -0.013764 1.325086 0.332399
v -0.051900 1.258850 0.349139
v 0.010619 1.409651 0.197260
v 0.002447 1.407020 0.215896
v 0.032489 1.397262 0.158860
v 0.020323 1.405547 0.179238
v -0.001626 1.395444 0.238703
v 0.011631 1.405783 0.197529
v 0.003719 1.403191 0.215350
v 0.020472 1.401913 0.180946
v -0.003685 1.393248 0.236925
v 0.027980 1.394339 0.168418
v 0.030402 1.386740 0.153445
v 0.018397 1.403256 0.179135
v -0.007022 1.394052 0.236173
v 0.001055 1.404696 0.214720
v 0.009136 1.407229 0.196438
v 0.026008 1.395693 0.165935
v 0.040824 1.389413 0.160771
v 0.013054 1.408412 0.198351
v 0.005014 1.405767 0.216595
v 0.022378 1.404318 0.181006
v 0.030549 1.396878 0.168190
v 0.042551 1.375451 0.159992
v 0.035070 1.374277 0.156927
v 0.031036 1.381718 0.162630
v 0.036042 1.383098 0.165153
v -0.107724 1.352414 0.262322
v 0.047177 1.346476 0.335387
v -0.079243 1.291802 0.322279
v -0.007846 1.288397 0.347323
v -0.028148 1.337194 0.287963
v 0.156778 1.538908 0.012429
v 0.026637 1.539916 -0.047360
v 0.119189 1.602704 0.109310
v -0.015608 1.593543 0.047140
v 0.151026 1.577518 0.081057
v -0.013453 1.578686 0.001337
v 0.078147 1.601612 0.092664
v 0.023698 1.595858 0.066034
v 0.026726 1.578652 0.020968
v 0.108603 1.584675 0.058590
v 0.069480 1.565341 0.039960
v 0.094045 1.533283 -0.014146
v 0.118365 1.540642 -0.007445
v 0.065864 1.546133 -0.031344
v 0.103238 1.491693 -0.070127
v 0.037958 1.578655 0.122868
v 0.045288 1.585561 0.104619
v 0.025279 1.552025 0.151138
v 0.031652 1.566320 0.137283
v 0.050106 1.586464 0.079392
v 0.038112 1.575195 0.121014
v 0.045203 1.581683 0.103588
v 0.032382 1.563793 0.134297
v 0.052841 1.584538 0.080229
v 0.028197 1.551722 0.142425
v 0.029333 1.539609 0.154285
v 0.034144 1.564868 0.136543
v 0.055862 1.585933 0.081333
v 0.047373 1.583536 0.104835
v 0.040154 1.576743 0.122690
v 0.030053 1.552727 0.145123
v 0.018991 1.543373 0.146759
v 0.035916 1.577295 0.121273
v 0.043135 1.583975 0.103409
v 0.029881 1.565329 0.135120
v 0.025362 1.553308 0.143607
v 0.020120 1.529870 0.143701
v 0.028026 1.528840 0.146310
v 0.028745 1.537701 0.144022
v 0.023328 1.538465 0.142244
v 0.152618 1.565547 0.040100
v 0.005046 1.552105 -0.023198
v 0.130268 1.517471 -0.035900
v 0.061554 1.516254 -0.056934
v 0.081989 1.546996 0.014059
v 0.035930 1.514384 0.351312
v 0.164116 1.523580 0.286423
v -0.005205 1.597216 0.278453
v 0.121565 1.603711 0.214975
v -0.004387 1.569791 0.319606
v 0.151559 1.592050 0.246392
v 0.028570 1.590738 0.253643
v 0.079890 1.594058 0.229576
v 0.110810 1.576522 0.258750
v 0.037182 1.571303 0.294834
v 0.072384 1.551183 0.271124
v 0.096561 1.511461 0.314814
v 0.076409 1.517901 0.330483
v 0.127198 1.525138 0.305958
v 0.126169 1.457396 0.350345
v 0.027784 1.580374 0.204307
v 0.039723 1.582455 0.221024
v 0.009670 1.558720 0.167561
v 0.017161 1.571882 0.188909
v 0.054154 1.576994 0.237954
v 0.028313 1.576614 0.204918
v 0.039887 1.578635 0.220705
v 0.018323 1.568712 0.190650
v 0.052134 1.575375 0.238287
v 0.012727 1.560191 0.177839
v 0.008548 1.550738 0.166085
v 0.015844 1.570204 0.190736
v 0.050187 1.576664 0.239933
v 0.037894 1.580565 0.221882
v 0.026393 1.578602 0.205937
v 0.009781 1.562194 0.177355
v 0.018609 1.555449 0.166872
v 0.029685 1.578592 0.203267
v 0.041720 1.580869 0.219907
v 0.019602 1.570495 0.188785
v 0.014419 1.562622 0.175955
v 0.019900 1.543339 0.166938
v 0.012964 1.540574 0.166806
v 0.012603 1.548414 0.173483
v 0.017806 1.549822 0.173047
v 0.025711 1.553151 0.339971
v 0.160314 1.545278 0.258784
v 0.087499 1.489445 0.353662
v 0.146106 1.488764 0.313318
v 0.084410 1.529829 0.291463
v -0.105101 1.745780 0.024575
v -0.171890 1.735930 0.100456
v -0.053548 1.800925 0.074500
v -0.119784 1.786454 0.153684
v -0.063933 1.781276 0.044501
v -0.150228 1.775717 0.140388
v -0.070362 1.794557 0.098317
v -0.099015 1.790300 0.129779
v -0.128468 1.774664 0.116875
v -0.086961 1.780590 0.069679
v -0.105718 1.764139 0.092796
v -0.134565 1.734448 0.063184
v -0.126452 1.742586 0.048399
v -0.153561 1.741586 0.078066
v -0.162891 1.692255 0.039503
v -0.053814 1.786074 0.138282
v -0.068674 1.787928 0.125637
v -0.084028 1.782385 0.115151
v -0.039691 1.777455 0.151924
v -0.054314 1.783136 0.137561
v -0.068432 1.784910 0.125474
v -0.082272 1.781354 0.113490
v -0.042894 1.775010 0.148503
v -0.032327 1.768149 0.151353
v -0.081087 1.782837 0.111659
v -0.067485 1.786673 0.124268
v -0.052946 1.784732 0.136615
v -0.040749 1.776360 0.148066
v -0.042717 1.767610 0.153978
v -0.055169 1.784494 0.139213
v -0.069658 1.786368 0.126839
v -0.043716 1.775652 0.153261
v -0.040026 1.758343 0.153664
v -0.034303 1.759048 0.151328
v -0.039352 1.764815 0.147604
v -0.042203 1.764434 0.150826
v -0.090367 1.768179 0.034514
v -0.161294 1.751030 0.121446
v -0.139809 1.721471 0.031658
v -0.166389 1.712255 0.073299
v -0.119625 1.748020 0.078822
v -0.088686 1.887332 0.267251
v -0.051634 1.884061 0.274770
v -0.076608 1.911135 0.212758
v -0.038054 1.905923 0.218932
v -0.091853 1.901733 0.240698
v -0.037140 1.899469 0.244265
v -0.065316 1.892853 0.244196
v -0.071061 1.882280 0.270048
v -0.081305 1.866652 0.302946
v -0.057801 1.887388 0.195031
v -0.061013 1.892735 0.216187
v -0.058229 1.884308 0.196862
v -0.060020 1.885962 0.195599
v -0.062592 1.894638 0.215343
v -0.059141 1.894520 0.215914
v -0.056011 1.885834 0.196246
v -0.053497 1.879064 0.174701
v -0.056390 1.876417 0.183411
v -0.060138 1.873441 0.170691
v -0.057675 1.878660 0.182073
v -0.050819 1.871041 0.173315
v -0.053673 1.877572 0.183112
v -0.052771 1.861613 0.174025
v -0.059793 1.862852 0.172830
v -0.059893 1.866883 0.177761
v -0.055259 1.865669 0.179030
v -0.043440 1.930116 0.088003
v -0.071453 1.929161 0.089001
v -0.040991 1.938724 0.131743
v -0.069961 1.936646 0.133722
v -0.035626 1.935986 0.108043
v -0.075470 1.935705 0.115196
v -0.055773 1.930750 0.109202
v -0.056832 1.927179 0.088540
v -0.055947 1.921246 0.061323
v -0.052852 1.919779 0.144280
v -0.053942 1.926790 0.129805
v -0.053011 1.917863 0.142465
v -0.051427 1.918854 0.143268
v -0.052580 1.927851 0.130207
v -0.055156 1.927875 0.130416
v -0.054423 1.918851 0.143525
v -0.052734 1.910614 0.158135
v -0.052246 1.910234 0.151018
v -0.047406 1.906266 0.158788
v -0.051014 1.911646 0.152071
v -0.055086 1.904857 0.158208
v -0.054099 1.910986 0.151896
v -0.052859 1.897481 0.157071
v -0.047977 1.898705 0.158093
v -0.049041 1.903039 0.154638
v -0.052625 1.902276 0.154393
v -0.047625 1.981194 0.123133
v -0.065915 1.981219 0.137714
v -0.024745 1.971770 0.150845
v -0.043610 1.970265 0.166043
v -0.032170 1.978073 0.133050
v -0.055470 1.976535 0.157479
v -0.046448 1.974521 0.142320
v -0.057057 1.979392 0.129369
v -0.069948 1.984807 0.110866
v -0.032118 1.953946 0.158407
v -0.037455 1.964200 0.152440
v -0.033812 1.953084 0.156526
v -0.031831 1.953550 0.156492
v -0.036088 1.964785 0.152322
v -0.037686 1.964790 0.153766
v -0.034043 1.953514 0.158491
v -0.027498 1.941442 0.164192
v -0.031969 1.945353 0.158412
v -0.026061 1.940023 0.159484
v -0.029607 1.946231 0.159020
v -0.031489 1.938451 0.162927
v -0.032863 1.945728 0.160836
v -0.033049 1.934750 0.159229
v -0.027908 1.935860 0.158114
v -0.029505 1.939338 0.157253
v -0.032542 1.939075 0.158241
v 0.034528 1.957952 0.208257
v 0.013147 1.983515 0.246071
v 0.023352 1.986173 0.190369
v 0.008145 1.989821 0.240291
v 0.042925 1.934225 0.198715
v 0.032315 1.943526 0.258897
v 0.030335 1.967130 0.200296
v 0.025135 1.952292 0.256708
v 0.047725 1.924236 0.187921
v 0.045027 1.898712 0.229597
v 0.040474 1.944806 0.207980
v 0.047592 1.903478 0.235048
v 0.045746 1.882964 0.197766
v 0.043763 1.936179 0.195784
v 0.044032 1.880517 0.188748
v 0.043827 1.924297 0.159822
v 0.023445 1.973885 0.132498
v 0.015752 1.959921 0.079464
v 0.035805 1.944898 0.131469
v 0.020302 1.952411 0.078866
v 0.055156 1.878076 0.153914
v 0.047669 1.923625 0.176980
v 0.059806 1.879061 0.146035
v 0.043861 1.930087 0.143258
v 0.041316 1.890962 0.119438
v 0.042175 1.929924 0.158985
v 0.037727 1.896015 0.112055
v 0.037203 1.944909 0.126834
v 0.004675 2.024170 0.207910
v 0.018256 1.991749 0.164693
v 0.002630 2.016959 0.216697
v 0.024890 1.973239 0.198609
v -0.001376 2.015815 0.117935
v 0.023290 1.974830 0.131273
v -0.003827 2.019046 0.126322
v 0.019467 1.990474 0.163703
v -0.001083 2.032260 0.160236
v 0.017208 1.994149 0.147094
v -0.000218 2.032155 0.169323
v 0.019258 1.992154 0.178933
v 0.018403 1.988597 0.139359
v 0.010387 1.997162 0.091893
v 0.029107 1.961817 0.118532
v 0.011636 1.989226 0.086414
v 0.035102 1.914547 0.080700
v 0.044819 1.927279 0.133231
v 0.032201 1.921920 0.076924
v 0.034686 1.953401 0.119744
v 0.027399 1.972303 0.229019
v 0.017942 1.992509 0.215112
v 0.041695 1.934951 0.223325
v 0.030088 1.963590 0.222108
v 0.047684 1.914748 0.204101
v 0.046009 1.931021 0.220742
v 0.044361 1.918931 0.198502
v 0.046557 1.907681 0.167747
v 0.020931 1.969959 0.115109
v 0.033373 1.946522 0.113968
v 0.050774 1.906334 0.170397
v 0.054395 1.911502 0.140797
v 0.048215 1.913610 0.147176
v 0.036913 1.930216 0.122631
v 0.011333 2.006980 0.179588
v 0.021581 1.992145 0.201716
v 0.016251 1.993116 0.121980
v 0.008168 2.003105 0.148518
v 0.010756 2.008088 0.151336
v 0.013482 2.007163 0.178373
v 0.017217 1.994488 0.123821
v 0.022504 1.970565 0.105846
v 0.043187 1.921563 0.115512
v 0.034101 1.944586 0.103711
v 0.017133 1.998820 0.190035
v 0.030815 2.058415 0.190448
v 0.014989 2.002694 0.157059
v 0.030202 2.059216 0.177091
v 0.026312 2.027007 0.192847
v 0.024672 2.029763 0.163846
v 0.015949 2.014427 0.160122
v 0.017866 2.010988 0.191976
v 0.022806 1.988212 0.200701
v 0.028779 2.045163 0.216756
v 0.015375 2.002684 0.169310
v 0.025564 2.050261 0.203570
v 0.020379 2.009637 0.210243
v 0.014862 2.021332 0.183030
v 0.015248 2.003040 0.179023
v 0.022303 2.055268 0.166696
v 0.015649 1.999362 0.145893
v 0.021848 2.054146 0.152009
v 0.014478 2.022508 0.176728
v 0.015076 2.021354 0.147857
v 0.015310 2.004511 0.167456
v 0.022187 2.058190 0.141881
v 0.017107 1.996293 0.135435
v 0.023292 2.054538 0.129279
v 0.020660 2.031900 0.158104
v 0.023219 2.024328 0.130368
v 0.017584 2.008144 0.133340
v 0.016058 2.016143 0.164028
v 0.015663 1.996504 0.140511
v 0.027087 2.034147 0.090619
v 0.022490 1.975992 0.117657
v 0.029413 2.026398 0.081670
v 0.023797 2.016606 0.119545
v 0.029446 1.999040 0.099688
v 0.023297 1.985614 0.109545
v 0.016818 2.005261 0.131531
v 0.016750 2.002891 0.154988
v 0.024309 2.042811 0.118890
v 0.019037 1.988746 0.122909
v 0.024294 2.036861 0.106063
v 0.014144 2.021625 0.141714
v 0.016217 2.009340 0.114821
v 0.017078 1.991166 0.130128
v 0.029469 2.016482 0.078712
v 0.026025 1.966379 0.114094
v 0.032425 2.006656 0.070600
v 0.018121 2.001420 0.111950
v 0.025921 1.981760 0.096057
v 0.020219 1.984218 0.122215
v 0.036868 2.005981 0.063594
v 0.030137 1.957562 0.110975
v 0.040383 1.996011 0.059266
v 0.032597 1.996740 0.095806
v 0.040831 1.974109 0.086143
v 0.031881 1.963880 0.099613
v 0.022519 1.989295 0.110360
v 0.034269 1.958318 0.106451
v 0.060858 1.949132 0.059252
v 0.043289 1.930771 0.114887
v 0.065769 1.938408 0.062530
v 0.044474 1.958575 0.086265
v 0.055075 1.934955 0.093457
v 0.028055 1.970176 0.120177
v 0.047654 1.972298 0.059996
v 0.038810 1.939281 0.116536
v 0.051162 1.959926 0.058687
v 0.036151 1.972013 0.095099
v 0.039875 1.945532 0.092808
v 0.035080 1.946680 0.112530
v 0.065823 1.928948 0.065387
v 0.046802 1.921974 0.128671
v 0.069334 1.916932 0.071150
v 0.043163 1.941310 0.093234
v 0.051249 1.918089 0.104889
v 0.038262 1.938124 0.115778
v 0.074452 1.911133 0.069588
v 0.048944 1.915955 0.136401
v 0.078970 1.902353 0.077857
v 0.057697 1.928831 0.093369
v 0.067290 1.909617 0.111412
v 0.054857 1.911944 0.125414
v 0.044497 1.933225 0.105548
v 0.049457 1.920059 0.134600
v 0.091701 1.876573 0.117111
v 0.053148 1.908954 0.165612
v 0.093362 1.872160 0.129590
v 0.071721 1.902264 0.124697
v 0.075114 1.892572 0.151863
v 0.060809 1.900656 0.159576
v 0.057058 1.911356 0.129718
v 0.041707 1.932296 0.126129
v 0.078497 1.896359 0.094630
v 0.050510 1.911659 0.153041
v 0.082915 1.888486 0.105808
v 0.050557 1.915435 0.111828
v 0.061189 1.899806 0.135009
v 0.051439 1.913395 0.144204
v 0.090630 1.871968 0.142233
v 0.052665 1.909710 0.177333
v 0.087006 1.866929 0.155417
v 0.064576 1.897977 0.140632
v 0.064235 1.891394 0.168766
v 0.053524 1.909863 0.155080
v 0.101982 1.871282 0.159812
v 0.052906 1.910929 0.188358
v 0.102508 1.872107 0.173180
v 0.075905 1.892319 0.154866
v 0.077142 1.894120 0.183978
v 0.060773 1.902500 0.186416
v 0.059431 1.900483 0.154412
v 0.049248 1.912450 0.186626
v 0.094651 1.885562 0.224598
v 0.043953 1.931198 0.212650
v 0.093692 1.893555 0.234779
v 0.071201 1.899287 0.203317
v 0.069121 1.916929 0.225481
v 0.049508 1.913596 0.170022
v 0.090610 1.877511 0.197790
v 0.046438 1.923282 0.204135
v 0.088492 1.881065 0.211802
v 0.062074 1.895582 0.179458
v 0.059325 1.904114 0.208388
v 0.049323 1.916883 0.197187
v 0.082362 1.899294 0.242287
v 0.041563 1.940925 0.217030
v 0.078805 1.908705 0.252226
v 0.058515 1.907656 0.212952
v 0.053343 1.927360 0.232043
v 0.047643 1.924216 0.206172
v 0.082830 1.914066 0.262207
v 0.038693 1.950757 0.221330
v 0.077102 1.923503 0.268519
v 0.070167 1.919630 0.229639
v 0.057700 1.940331 0.243391
v 0.045644 1.946037 0.231531
v 0.054397 1.920555 0.216866
v 0.038575 1.946017 0.218934
v 0.062035 1.963193 0.278851
v 0.028406 1.975886 0.216575
v 0.057903 1.975260 0.277919
v 0.053513 1.953017 0.245905
v 0.044612 1.979178 0.243830
v 0.033352 1.976807 0.228940
v 0.043160 1.947977 0.231215
v 0.043352 1.934972 0.208094
v 0.068714 1.937940 0.266303
v 0.031558 1.965281 0.218398
v 0.063085 1.950035 0.270534
v 0.049946 1.932235 0.231966
v 0.039994 1.958272 0.240354
v 0.034247 1.956161 0.221450
v 0.050978 1.983092 0.271726
v 0.024441 1.984406 0.210463
v 0.046481 1.996074 0.268128
v 0.038105 1.963537 0.241111
v 0.030549 1.989144 0.233888
v 0.031480 1.967136 0.220686
v 0.043389 2.004548 0.271790
v 0.022263 1.993191 0.204606
v 0.041162 2.015343 0.264920
v 0.040770 1.983503 0.244624
v 0.035600 2.006818 0.229926
v 0.025594 1.998847 0.216091
v 0.034325 1.973674 0.231688
v 0.026641 1.976652 0.216834
v 0.037621 2.020979 0.253023
v 0.019088 1.997949 0.193571
v 0.034088 2.031128 0.243564
v 0.028104 1.990984 0.232005
v 0.022249 2.011215 0.213599
v 0.024336 1.985982 0.211013
v 0.034169 2.039889 0.241649
v 0.017721 2.003335 0.184215
v 0.031960 2.046530 0.230522
v 0.032881 2.010728 0.226734
v 0.027590 2.025556 0.202889
v 0.019764 2.012758 0.192607
v 0.025946 1.996186 0.218566
v -0.218662 0.766989 0.177728
v -0.086698 0.751957 0.368576
v -0.095371 0.886572 0.097198
v 0.039706 0.854877 0.300232
v -0.163881 0.854014 0.103016
v -0.005476 0.802964 0.347135
v -0.054654 0.872690 0.153474
v -0.002883 0.867223 0.237963
v -0.040967 0.829275 0.289576
v -0.118328 0.827190 0.161318
v -0.074912 0.806387 0.222585
v -0.151452 0.751503 0.264408
v -0.180466 0.772425 0.233186
v -0.133654 0.761861 0.305762
v -0.220112 0.684644 0.308310
v 0.021753 0.875542 0.158013
v -0.002561 0.868681 0.176754
v 0.047483 0.872220 0.136124
v 0.065972 0.861474 0.117406
v 0.020956 0.870449 0.156974
v -0.001822 0.863815 0.174516
v 0.044582 0.867679 0.136761
v -0.026688 0.847300 0.189837
v 0.051748 0.858287 0.126892
v 0.044237 0.870860 0.134174
v -0.029896 0.850212 0.188011
v -0.004134 0.867145 0.173500
v 0.019473 0.873883 0.155296
v 0.051402 0.861759 0.123093
v 0.023256 0.872368 0.159759
v -0.000333 0.865662 0.177948
v -0.024722 0.848128 0.194004
v 0.047888 0.869168 0.138693
v 0.056361 0.860493 0.129889
v -0.052999 0.784956 0.362344
v -0.192664 0.795152 0.144620
v -0.216446 0.718079 0.241733
v -0.143052 0.713613 0.338470
v -0.195305 1.149752 0.155793
v -0.117771 1.153248 0.325470
v -0.095163 1.243222 0.107392
v -0.011402 1.231557 0.278515
v -0.144447 1.202299 0.101004
v -0.047889 1.215386 0.316776
v -0.067853 1.235460 0.154010
v -0.036496 1.232613 0.225562
v -0.070671 1.208455 0.263199
v -0.118516 1.209518 0.158319
v -0.091622 1.188915 0.209097
v -0.154282 1.138715 0.237217
v -0.172633 1.148167 0.210633
v -0.143190 1.153677 0.278018
v -0.208531 1.075734 0.267974
v -0.006530 1.245974 0.167937
v -0.028052 1.237761 0.177485
v 0.048636 1.239517 0.141833
v 0.016441 1.246186 0.157120
v -0.048321 1.217973 0.190165
v -0.005502 1.241348 0.167220
v -0.026174 1.233476 0.176247
v 0.015561 1.241404 0.157164
v -0.048857 1.216631 0.186220
v 0.032602 1.235927 0.148348
v 0.052228 1.228597 0.132351
v 0.014818 1.244033 0.154664
v -0.051523 1.218367 0.183450
v -0.028366 1.235911 0.174443
v -0.007189 1.243888 0.165103
v 0.032453 1.238808 0.145267
v 0.051929 1.231733 0.147692
v -0.004916 1.243679 0.170099
v -0.026021 1.235600 0.179389
v 0.017189 1.243705 0.159616
v 0.034959 1.238460 0.150758
v 0.052542 1.214158 0.145212
v 0.052324 1.212628 0.134721
v 0.040706 1.222823 0.140332
v 0.043526 1.222514 0.146751
v -0.173706 1.182649 0.137024
v -0.079527 1.179173 0.322749
v -0.205139 1.117505 0.220619
v -0.156366 1.111119 0.298569
v -0.120450 1.162125 0.223194
v -0.155681 1.532705 0.137470
v -0.127594 1.540690 0.263865
v -0.100700 1.615192 0.121682
v -0.066902 1.618886 0.246892
v -0.129293 1.584187 0.111938
v -0.095294 1.600259 0.268718
v -0.087195 1.613859 0.157262
v -0.075735 1.615738 0.207256
v -0.101426 1.592364 0.229108
v -0.119714 1.588614 0.154114
v -0.104649 1.574715 0.189622
v -0.135903 1.531252 0.197985
v -0.146567 1.535342 0.177434
v -0.137167 1.541203 0.227496
v -0.162249 1.477746 0.212850
v -0.043749 1.615350 0.165808
v -0.060035 1.613052 0.171368
v -0.007833 1.606118 0.157532
v -0.026923 1.612059 0.161637
v -0.076507 1.603285 0.181983
v -0.043308 1.612128 0.166642
v -0.058935 1.609854 0.171900
v -0.027876 1.609025 0.162750
v -0.076549 1.601399 0.179709
v -0.015688 1.602836 0.160362
v -0.004233 1.594432 0.153262
v -0.027940 1.610118 0.160404
v -0.077991 1.602029 0.177185
v -0.060073 1.611078 0.169855
v -0.044061 1.613301 0.164441
v -0.015281 1.603946 0.157702
v -0.005750 1.599479 0.164188
v -0.043032 1.614350 0.167967
v -0.058997 1.612038 0.173387
v -0.026845 1.611060 0.163945
v -0.014145 1.604972 0.161607
v -0.002929 1.588743 0.164490
v -0.004519 1.586196 0.158189
v -0.010154 1.592391 0.159097
v -0.008886 1.593586 0.163641
v -0.150846 1.565417 0.132480
v -0.111541 1.566907 0.268984
v -0.163231 1.507180 0.180351
v -0.140214 1.508198 0.240216
v -0.121094 1.552824 0.194957
v -0.022230 1.747943 0.307339
v 0.071548 1.767508 0.267571
v -0.060003 1.779895 0.241469
v 0.036514 1.793581 0.199359
v -0.059424 1.764436 0.272735
v 0.058914 1.792881 0.222872
v -0.032820 1.781401 0.227838
v 0.007041 1.788728 0.211834
v 0.030653 1.783997 0.234879
v -0.027750 1.772691 0.259513
v 0.004039 1.767362 0.247839
v 0.025053 1.751792 0.285622
v 0.008460 1.754096 0.294555
v 0.044912 1.764105 0.279108
v 0.051754 1.729329 0.320379
v -0.023802 1.773513 0.192333
v -0.019250 1.777622 0.204703
v -0.029179 1.754896 0.171063
v -0.026909 1.765397 0.181461
v -0.010245 1.776990 0.219650
v -0.028690 1.757455 0.173874
v -0.022949 1.771201 0.193104
v -0.018640 1.775105 0.204999
v -0.025846 1.763693 0.183163
v -0.011939 1.775569 0.220387
v -0.027171 1.755162 0.176637
v -0.032058 1.745610 0.171247
v -0.027771 1.764299 0.182891
v -0.013977 1.776292 0.221271
v -0.020334 1.776181 0.205449
v -0.024764 1.772110 0.193298
v -0.029368 1.755587 0.176023
v -0.023744 1.749838 0.170600
v -0.022030 1.772732 0.192108
v -0.017589 1.776720 0.204255
v -0.025021 1.764848 0.181690
v -0.026337 1.756230 0.174750
v -0.021470 1.740687 0.170730
v -0.027155 1.738326 0.172360
v -0.027259 1.745952 0.176378
v -0.023739 1.746754 0.174930
v -0.037531 1.761266 0.291723
v 0.067148 1.776731 0.244870
v 0.019136 1.741671 0.315648
v 0.063350 1.746974 0.290727
v 0.014808 1.758329 0.265865
v 0.068793 1.909561 0.149767
v 0.067635 1.907356 0.178560
v 0.089036 1.886385 0.144763
v 0.091987 1.886194 0.173963
v 0.109568 1.846310 0.152481
v 0.113021 1.848551 0.163598
v 0.102800 1.873033 0.170263
v 0.098735 1.871976 0.146576
v 0.070418 1.909354 0.142583
v 0.069578 1.907247 0.163512
v 0.092170 1.888287 0.136755
v 0.094797 1.883575 0.156937
v 0.111947 1.852213 0.138322
v 0.115732 1.852774 0.146243
v 0.104159 1.871390 0.152833
v 0.101757 1.874925 0.136519
v 0.064581 1.917021 0.131838
v 0.069301 1.907223 0.157468
v 0.082289 1.896730 0.115011
v 0.091343 1.888328 0.141068
v 0.101835 1.860603 0.103539
v 0.106964 1.859162 0.113658
v 0.098713 1.876948 0.130367
v 0.091059 1.883482 0.109560
v 0.060959 1.920067 0.127010
v 0.066078 1.911445 0.144007
v 0.084774 1.904901 0.109057
v 0.088258 1.893835 0.123716
v 0.101275 1.875245 0.090702
v 0.100522 1.870232 0.099407
v 0.095512 1.883261 0.113613
v 0.093867 1.894395 0.099394
v 0.060171 1.926931 0.116728
v 0.063569 1.913758 0.136206
v 0.078516 1.907020 0.094905
v 0.085149 1.902400 0.114494
v 0.095507 1.862446 0.084783
v 0.100178 1.862392 0.094071
v 0.092213 1.889848 0.104175
v 0.086973 1.893273 0.089182
v 0.055786 1.932758 0.112734
v 0.059508 1.920071 0.126001
v 0.073632 1.923738 0.090353
v 0.083788 1.913274 0.103540
v 0.095323 1.903487 0.065660
v 0.100827 1.900784 0.070867
v 0.090988 1.907641 0.090389
v 0.082676 1.915856 0.079885
v 0.052063 1.943509 0.110227
v 0.058055 1.918116 0.118499
v 0.063478 1.940204 0.080387
v 0.074823 1.916659 0.089517
v 0.071204 1.921288 0.037170
v 0.077784 1.913343 0.041478
v 0.076329 1.915231 0.070560
v 0.068183 1.934482 0.063658
v 0.048366 1.948867 0.105397
v 0.054029 1.933904 0.116107
v 0.066675 1.943701 0.077298
v 0.073248 1.925804 0.084785
v 0.083933 1.920658 0.042414
v 0.086163 1.913030 0.044183
v 0.077884 1.920650 0.066887
v 0.074500 1.935984 0.062455
v 0.045962 1.957815 0.103525
v 0.053891 1.933461 0.110927
v 0.055023 1.957028 0.071803
v 0.069691 1.934857 0.079990
v 0.056929 1.940456 0.028510
v 0.064452 1.933269 0.032414
v 0.069852 1.934172 0.061737
v 0.057938 1.951708 0.055200
v 0.041995 1.966298 0.103481
v 0.047712 1.946151 0.106967
v 0.053958 1.970598 0.075371
v 0.065909 1.952368 0.078641
v 0.067543 1.964840 0.038342
v 0.074144 1.958023 0.039981
v 0.069776 1.952686 0.062694
v 0.059655 1.968862 0.060125
v 0.038795 1.975464 0.106632
v 0.046153 1.950696 0.104527
v 0.044431 1.983085 0.074894
v 0.058402 1.960389 0.073348
v 0.045979 1.978005 0.026243
v 0.053346 1.970419 0.026533
v 0.057993 1.964842 0.055138
v 0.046656 1.982722 0.056369
v 0.034355 1.982426 0.104769
v 0.040810 1.962710 0.110068
v 0.049229 1.984864 0.073961
v 0.059723 1.966294 0.077367
v 0.063568 1.974540 0.032016
v 0.070483 1.969305 0.034470
v 0.065822 1.967958 0.060721
v 0.056475 1.982352 0.057459
v 0.032077 1.988363 0.110484
v 0.038265 1.968450 0.107447
v 0.043286 1.999078 0.085768
v 0.047226 1.982601 0.081191
v 0.038300 1.998621 0.040357
v 0.038083 1.992222 0.037460
v 0.044212 1.986380 0.060997
v 0.041683 2.000460 0.065613
v 0.027660 1.992994 0.117967
v 0.034215 1.979735 0.110090
v 0.039926 2.009196 0.091825
v 0.045023 1.998171 0.084840
v 0.042255 2.019615 0.052273
v 0.047418 2.015305 0.050547
v 0.046686 2.006687 0.073722
v 0.041556 2.014693 0.078626
v 0.027663 2.008641 0.125842
v 0.031843 1.989391 0.112346
v 0.032505 2.029152 0.099209
v 0.044400 2.012143 0.086172
v 0.030923 2.044223 0.054586
v 0.036923 2.039111 0.049615
v 0.042125 2.024018 0.070846
v 0.033735 2.036546 0.082229
v 0.024467 2.010384 0.138988
v 0.027712 1.995497 0.122994
v 0.033186 2.030961 0.118778
v 0.032236 2.017150 0.107825
v 0.031863 2.053881 0.091863
v 0.030028 2.048719 0.085434
v 0.034637 2.031105 0.097768
v 0.035537 2.042661 0.109646
v 0.025648 2.014702 0.148866
v 0.025748 2.005382 0.127787
v 0.032416 2.041718 0.137721
v 0.037748 2.035445 0.115625
v 0.029442 2.072361 0.109486
v 0.034186 2.069797 0.101619
v 0.037616 2.049942 0.110251
v 0.032198 2.055644 0.127551
v 0.025700 2.013726 0.163180
v 0.025244 2.006491 0.140508
v 0.025207 2.039775 0.155779
v 0.031022 2.033332 0.132518
v 0.019991 2.069143 0.134129
v 0.024336 2.066476 0.125789
v 0.027933 2.047183 0.129216
v 0.023221 2.052360 0.147641
v 0.026232 2.017180 0.173469
v 0.024126 2.013322 0.154672
v 0.031765 2.047953 0.169242
v 0.036664 2.045959 0.149699
v 0.029497 2.084514 0.152205
v 0.033693 2.083641 0.145072
v 0.036995 2.061512 0.147922
v 0.032881 2.063218 0.163441
v 0.027530 2.017193 0.179683
v 0.020756 2.013192 0.159584
v 0.034137 2.045769 0.180137
v 0.030042 2.044430 0.164070
v 0.025191 2.077181 0.171255
v 0.023427 2.076895 0.162416
v 0.032992 2.057137 0.163356
v 0.034003 2.058050 0.178402
v 0.026870 2.009422 0.190289
v 0.023367 2.011103 0.170043
v 0.033886 2.038833 0.196973
v 0.035162 2.043242 0.175475
v 0.027334 2.086135 0.195656
v 0.030909 2.087136 0.186484
v 0.035165 2.060150 0.179066
v 0.032489 2.057464 0.198375
v 0.027210 2.004861 0.198751
v 0.026714 2.012153 0.180839
v 0.029050 2.031084 0.215786
v 0.031601 2.042133 0.191673
v 0.020355 2.076245 0.222270
v 0.021525 2.077783 0.211349
v 0.030992 2.055849 0.199072
v 0.027624 2.049548 0.220132
v 0.034135 2.005146 0.208199
v 0.025233 2.007560 0.191462
v 0.038673 2.027994 0.217561
v 0.034775 2.033885 0.199150
v 0.032405 2.063695 0.229708
v 0.033073 2.065854 0.222139
v 0.034710 2.046999 0.207514
v 0.037524 2.042303 0.222279
v 0.034225 1.994071 0.214440
v 0.029465 2.004215 0.194594
v 0.035127 2.021015 0.234774
v 0.036090 2.028596 0.215103
v 0.023936 2.064389 0.252408
v 0.026819 2.068738 0.243498
v 0.035824 2.043741 0.226540
v 0.035197 2.035944 0.240584
v 0.037099 1.989244 0.218420
v 0.031865 1.997118 0.210194
v 0.044137 2.008584 0.244969
v 0.043077 2.020504 0.234343
v 0.037226 2.032384 0.276905
v 0.039154 2.038555 0.270622
v 0.043668 2.029345 0.248270
v 0.044537 2.017702 0.257423
v 0.039414 1.979293 0.224392
v 0.032641 1.994424 0.212746
v 0.044386 1.995344 0.252708
v 0.042335 2.012590 0.239900
v 0.033293 2.027819 0.293996
v 0.034806 2.036791 0.286621
v 0.041639 2.022062 0.255419
v 0.043224 2.005340 0.267897
v 0.043144 1.972860 0.228393
v 0.036374 1.989700 0.216446
v 0.052988 1.991763 0.257063
v 0.044804 2.002613 0.245470
v 0.041645 2.005474 0.292871
v 0.036121 2.011727 0.290761
v 0.042942 2.008974 0.265093
v 0.051940 1.999569 0.270620
v 0.047861 1.961521 0.228634
v 0.038501 1.980872 0.220334
v 0.055962 1.970042 0.259869
v 0.049709 1.994375 0.250795
v 0.050392 1.991907 0.304890
v 0.050126 2.002475 0.300188
v 0.051288 1.998385 0.268909
v 0.056273 1.977260 0.276804
v 0.049794 1.956516 0.228935
v 0.043933 1.970172 0.226234
v 0.065220 1.959109 0.260460
v 0.062067 1.981128 0.256691
v 0.049157 1.965225 0.303053
v 0.050120 1.976108 0.299877
v 0.062554 1.980906 0.274592
v 0.065077 1.961896 0.277782
v 0.054306 1.941434 0.224952
v 0.045346 1.967885 0.226981
v 0.064946 1.941139 0.257343
v 0.062907 1.964911 0.258342
v 0.065199 1.944832 0.307241
v 0.066525 1.956570 0.306702
v 0.065968 1.961723 0.277068
v 0.067351 1.942600 0.276288
v 0.056377 1.938724 0.222635
v 0.049705 1.953337 0.225555
v 0.073334 1.935124 0.250134
v 0.070663 1.951591 0.255733
v 0.082101 1.932819 0.292427
v 0.082431 1.941370 0.294229
v 0.075929 1.949113 0.271804
v 0.079157 1.933150 0.266029
v 0.062509 1.932127 0.216912
v 0.048009 1.946959 0.227894
v 0.078079 1.921758 0.248708
v 0.072103 1.939681 0.253551
v 0.076650 1.913927 0.300529
v 0.074836 1.923423 0.301921
v 0.075675 1.932553 0.270841
v 0.081583 1.919089 0.266578
v 0.064281 1.923873 0.212986
v 0.057366 1.939384 0.225711
v 0.088471 1.909399 0.237974
v 0.078892 1.924840 0.251049
v 0.093652 1.889913 0.277054
v 0.088460 1.895340 0.282278
v 0.083188 1.911965 0.263088
v 0.091955 1.900147 0.252607
v 0.066904 1.915222 0.201537
v 0.061648 1.924705 0.211501
v 0.090254 1.898233 0.220784
v 0.088426 1.914292 0.235596
v 0.095068 1.875807 0.255185
v 0.096209 1.883456 0.260680
v 0.094432 1.902315 0.246223
v 0.095749 1.888438 0.233489
v 0.070114 1.909383 0.188839
v 0.064966 1.921807 0.210476
v 0.090137 1.886961 0.201400
v 0.088537 1.899990 0.224151
v 0.105797 1.855976 0.233065
v 0.106800 1.862378 0.241085
v 0.096975 1.885941 0.230739
v 0.098120 1.875505 0.212591
v 0.069932 1.909194 0.179543
v 0.065542 1.914073 0.196082
v 0.094496 1.889092 0.188025
v 0.094094 1.893903 0.205794
v 0.119517 1.860362 0.208602
v 0.121759 1.864935 0.216853
v 0.105032 1.881861 0.211527
v 0.106906 1.878560 0.193544
v 0.071298 1.906299 0.165884
v 0.064642 1.913548 0.192898
v 0.091792 1.885100 0.173386
v 0.091892 1.894404 0.201618
v 0.109734 1.848088 0.193330
v 0.110336 1.851984 0.204314
v 0.099043 1.876825 0.203215
v 0.101098 1.872187 0.179956
v 0.069580 1.907554 0.158355
v 0.067628 1.908097 0.177865
v 0.090863 1.888644 0.161609
v 0.088793 1.890294 0.179966
v 0.114189 1.859585 0.169582
v 0.109808 1.857633 0.176611
v 0.100355 1.875610 0.180034
v 0.105539 1.875466 0.164762
v 0.063425 0.844850 0.105710
v 0.071757 0.849124 0.120038
v 0.070336 0.828121 0.117099
v 0.064249 0.829591 0.107933
v 0.055966 0.840773 0.115578
v 0.061006 0.839624 0.122501
v 0.108936 0.790268 0.154790
v 0.120864 0.788969 0.176703
v 0.084780 0.770483 0.110072
v 0.097494 0.783080 0.133226
v 0.138170 0.775482 0.199521
v 0.109232 0.785316 0.154796
v 0.120554 0.783977 0.175857
v 0.098573 0.778630 0.135058
v 0.134584 0.773439 0.200631
v 0.090124 0.767863 0.120248
v 0.076708 0.757405 0.111144
v 0.095610 0.780887 0.135457
v 0.131639 0.775405 0.203121
v 0.118321 0.786582 0.177644
v 0.106659 0.787799 0.156097
v 0.086587 0.770123 0.120066
v 0.088729 0.759166 0.102867
v 0.111502 0.788051 0.153505
v 0.123139 0.786693 0.175009
v 0.100430 0.780966 0.132799
v 0.091925 0.770212 0.117234
v 0.087247 0.742778 0.102884
v 0.078572 0.742271 0.108381
v 0.084144 0.752207 0.115535
v 0.090382 0.752332 0.112308
v -0.005527 1.364146 0.112091
v -0.023846 1.361131 0.100116
v 0.034039 1.352207 0.139573
v 0.012608 1.360191 0.124325
v -0.043622 1.346066 0.087970
v -0.005184 1.358416 0.111997
v -0.022397 1.356059 0.100709
v 0.011277 1.354713 0.122975
v -0.040473 1.343632 0.085945
v 0.024041 1.347009 0.130959
v 0.043012 1.343717 0.135201
v 0.013699 1.357762 0.121099
v -0.039949 1.346511 0.082558
v -0.021601 1.358953 0.098076
v -0.003603 1.361632 0.109531
v 0.027913 1.350509 0.129221
v 0.033959 1.335930 0.144432
v -0.007112 1.361355 0.114551
v -0.024768 1.358599 0.102690
v 0.010223 1.357342 0.126210
v 0.023428 1.349962 0.135598
v 0.035670 1.326362 0.142366
v 0.039364 1.326370 0.135256
v 0.032471 1.334465 0.131635
v 0.028149 1.334080 0.137713
v 0.060124 1.942263 0.136344
v 0.040952 1.988671 0.140265
v 0.063613 1.938842 0.197156
v 0.043631 1.989033 0.192474
v 0.058523 1.951431 0.204912
v 0.053152 1.964826 0.207072
v 0.047681 1.978407 0.202443
v 0.041069 1.994662 0.178954
v 0.041155 1.996454 0.164811
v 0.039768 1.993613 0.152004
v 0.064762 1.932979 0.147893
v 0.069368 1.930776 0.164631
v 0.069522 1.932050 0.182297
v 0.044636 1.980125 0.129895
v 0.050331 1.967301 0.125462
v 0.055493 1.953535 0.128200
v 0.069718 1.937959 0.179691
v 0.069578 1.937193 0.164321
v 0.066337 1.939195 0.150443
v 0.062255 1.947716 0.141166
v 0.065489 1.944143 0.193048
v 0.057760 1.957262 0.134076
v 0.053799 1.968976 0.131922
v 0.049693 1.979310 0.135872
v 0.046846 1.985620 0.145621
v 0.052071 1.977717 0.196325
v 0.056736 1.966345 0.200779
v 0.061038 1.955162 0.199208
v 0.048277 1.986367 0.187928
v 0.046011 1.989084 0.155001
v 0.045577 1.991318 0.165008
v 0.046314 1.990551 0.176518
v 0.059796 1.949281 0.174789
v 0.057773 1.949682 0.158644
v 0.053032 1.960319 0.149132
v 0.049937 1.970209 0.149475
v 0.050854 1.969602 0.182302
v 0.055495 1.957480 0.183876
v 0.047842 1.975257 0.160078
v 0.047933 1.976136 0.172487
v 0.063905 1.927421 0.120883
v 0.068746 1.923696 0.211616
v 0.061603 1.941693 0.224392
v 0.052720 1.962278 0.228450
v 0.044661 1.983168 0.222841
v 0.035003 2.009894 0.187424
v 0.033591 2.013653 0.164125
v 0.030845 2.009914 0.143309
v 0.070659 1.915110 0.139539
v 0.074077 1.910172 0.163816
v 0.074248 1.912813 0.189438
v 0.038770 1.985306 0.110704
v 0.046214 1.965533 0.104599
v 0.055750 1.945066 0.109175
v 0.033116 2.000554 0.124061
v 0.038119 1.999806 0.208313
v 0.062149 1.073834 0.143210
v 0.061752 1.075891 0.122147
v 0.083181 1.074948 0.143010
v 0.082785 1.077007 0.121945
v 0.072193 1.076841 0.118097
v 0.086927 1.076181 0.132439
v 0.058008 1.074647 0.132715
v 0.072738 1.074011 0.147060
v 0.059876 0.670365 0.072486
v 0.081972 0.665994 0.093549
v 0.081561 0.668374 0.071897
v 0.060288 0.667950 0.094130
v 0.071207 0.666524 0.097899
v 0.056016 0.669526 0.083417
v 0.085832 0.666813 0.082614
v 0.070641 0.669822 0.068133
v 0.043765 0.569311 0.056806
v 0.065644 0.563896 0.077677
v 0.065360 0.566990 0.056191
v 0.044048 0.566181 0.078284
v 0.054899 0.564457 0.082009
v 0.039858 0.568176 0.067659
v 0.069551 0.565010 0.066819
v 0.054509 0.568737 0.052471
v -0.019534 1.674593 0.169535
v -0.019767 1.675345 0.152358
v -0.002746 1.677570 0.169450
v -0.002997 1.678326 0.152268
v -0.011450 1.676970 0.149092
v 0.000273 1.678504 0.160842
v -0.022756 1.674423 0.160963
v -0.011113 1.675936 0.172714
v -0.116149 0.291309 -0.043878
v -0.131858 0.291750 -0.000566
v -0.050311 0.315747 -0.021611
v -0.064887 0.313859 0.023901
v -0.083033 0.305710 -0.043125
v -0.096089 0.308700 0.020990
v -0.091934 0.297952 -0.012206
v -0.123084 0.287225 -0.022846
v -0.162468 0.270664 -0.039722
v -0.033374 0.286936 0.006990
v -0.057284 0.295454 -0.001060
v -0.035841 0.283363 0.006404
v -0.033835 0.285056 0.004349
v -0.056040 0.297242 -0.002986
v -0.057328 0.297495 0.001056
v -0.035310 0.285360 0.009046
v -0.010725 0.275285 0.016476
v -0.020952 0.272680 0.011668
v -0.005427 0.267451 0.009702
v -0.018877 0.275126 0.010183
v -0.010433 0.265733 0.020595
v -0.020928 0.274310 0.014881
v -0.011846 0.254334 0.019141
v -0.009136 0.255057 0.010339
v -0.014671 0.260273 0.009270
v -0.017120 0.259391 0.014695
vn 0.6889 0.0938 -0.7187
vn 0.7091 0.0709 -0.7015
vn 0.6804 0.0307 0.7322
vn 0.7138 0.0510 0.6985
vn -0.7055 0.0104 -0.7086
vn -0.6997 0.0102 -0.7144
vn -0.7143 -0.0685 0.6965
vn -0.7034 -0.0109 0.7107
vn 0.6965 0.0584 -0.7152
vn -0.7103 -0.0511 0.7020
vn 0.7125 -0.0707 0.6981
vn -0.7105 0.0749 -0.6997
vn 0.6019 -0.3068 -0.7373
vn 0.5968 -0.3908 0.7008
vn -0.6472 0.4057 -0.6454
vn -0.6560 0.3538 0.6667
vn 0.2369 -0.6545 -0.7180
vn 0.2738 -0.6973 0.6624
vn -0.4105 0.6595 -0.6297
vn -0.3828 0.6213 0.6837
vn -0.0445 -0.8069 0.5890
vn -0.5978 0.4135 0.6867
vn -0.1005 -0.7172 -0.6896
vn -0.6791 0.5038 -0.5338
vn -0.7012 0.0041 0.7130
vn -0.7095 0.2047 -0.6743
vn 0.7034 -0.1995 0.6822
vn 0.6819 0.0025 -0.7314
vn -0.7089 -0.0820 -0.7005
vn 0.7157 0.0926 0.6923
vn 0.6884 0.1514 -0.7093
vn -0.6781 -0.1373 0.7221
vn -0.7147 -0.0322 -0.6987
vn 0.7190 0.0405 0.6939
vn 0.6941 0.1109 -0.7113
vn -0.6878 -0.1032 0.7185
vn -0.7165 0.1075 -0.6893
vn 0.7220 -0.1057 0.6838
vn 0.7047 0.0767 -0.7053
vn -0.6876 -0.0782 0.7219
vn -0.9999 -0.0138 -0.0033
vn 0.0094 0.0439 -0.9990
vn -0.7029 -0.0348 0.7104
vn -0.6946 -0.1564 0.7022
vn -0.0187 -0.0391 0.9991
vn 0.9959 0.0878 0.0195
vn 0.0096 0.0148 0.9998
vn -0.9993 -0.0333 -0.0169
vn -0.0241 0.0581 -0.9980
vn 0.9973 0.0728 -0.0031
vn 0.6951 0.0426 -0.7176
vn 0.7111 -0.1267 0.6915
vn -0.7194 0.1330 -0.6818
vn -0.0107 0.0928 -0.9956
vn 0.9999 -0.0096 -0.0134
vn -0.9999 0.0158 0.0005
vn 0.0007 -0.0879 0.9961
vn 0.6815 0.1715 -0.7114
vn 0.6885 0.1375 0.7121
vn -0.6953 -0.1130 -0.7098
vn -0.0661 -0.0379 0.9971
vn 0.8765 -0.4807 -0.0243
vn -0.8393 0.5437 0.0064
vn -0.0599 0.0556 -0.9967
vn 0.6949 -0.0685 -0.7159
vn -0.7139 0.1717 -0.6789
vn -0.7149 0.1170 0.6893
vn 0.6853 -0.1147 0.7191
vn -0.0622 -0.0361 0.9974
vn 0.3904 -0.9197 -0.0412
vn -0.4931 0.8694 0.0324
vn -0.1136 0.0258 -0.9932
vn -0.4965 0.5989 -0.6283
vn -0.4962 0.5404 0.6795
vn 0.3918 -0.6152 0.6841
vn 0.4080 -0.5548 -0.7251
vn -0.2855 -0.2235 0.9319
vn 0.0382 -0.9956 -0.0858
vn -0.7307 0.6741 0.1077
vn -0.4122 -0.0790 -0.9076
vn 0.2289 -0.6657 -0.7102
vn -0.3931 0.6646 -0.6355
vn 0.2486 -0.7195 0.6484
vn -0.3467 0.6282 0.6965
vn 0.7019 0.0604 -0.7097
vn 0.7081 0.0088 0.7060
vn -0.7066 0.0245 -0.7072
vn -0.7127 -0.0292 0.7008
vn -0.0212 0.1461 -0.9890
vn 0.9892 -0.1420 -0.0362
vn -0.9891 0.1449 0.0259
vn -0.0000 -0.1382 0.9904
vn 0.0285 -0.0338 0.9990
vn -0.9872 -0.1585 0.0154
vn 0.9856 0.1689 -0.0115
vn -0.0128 0.0469 -0.9988
vn -0.0138 0.0541 -0.9984
vn 0.9944 0.1049 -0.0123
vn -0.9951 -0.0978 0.0141
vn 0.0232 -0.0459 0.9987
vn 0.0251 -0.1292 0.9913
vn -0.9995 0.0197 0.0248
vn 0.9997 -0.0213 -0.0152
vn -0.0058 0.1313 -0.9913
vn -0.0018 -0.0187 0.9998
vn -0.9812 -0.1929 -0.0088
vn 0.9763 0.2165 0.0034
vn -0.0133 0.0342 -0.9993
vn 0.0050 -0.1148 0.9934
vn -0.0032 0.0524 -0.9986
vn 0.9991 0.0423 -0.0040
vn -0.9999 -0.0098 -0.0053
vn -0.0367 0.0461 -0.9983
vn -0.0219 -0.0287 0.9993
vn -0.9743 0.2250 -0.0032
vn 0.9926 -0.1204 0.0173
vn -0.6298 0.7762 0.0297
vn -0.0752 -0.0444 0.9962
vn -0.0651 0.0488 -0.9967
vn 0.5897 -0.8072 -0.0276
vn -0.0950 0.0204 -0.9953
vn 0.3468 -0.9363 -0.0553
vn -0.4792 0.8763 0.0488
vn -0.0438 -0.0559 0.9975
vn -0.0192 0.1243 -0.9921
vn 0.9979 -0.0624 -0.0179
vn -0.9976 0.0665 0.0193
vn -0.0038 -0.0222 0.9997
vn -0.8846 0.2001 -0.4212
vn -0.8259 0.2245 0.5172
vn -0.4696 -0.7464 0.4715
vn -0.4879 -0.7399 -0.4631
vn -0.9766 -0.1306 -0.1710
vn -0.9520 -0.0320 0.3046
vn -0.7224 -0.6320 0.2805
vn -0.7927 -0.5828 -0.1789
vn 0.5888 -0.4262 -0.6868
vn -0.2166 -0.7535 -0.6207
vn 0.5895 -0.5132 0.6238
vn -0.1660 -0.7861 0.5954
vn -0.6835 0.4396 -0.5827
vn 0.1474 0.7670 -0.6244
vn -0.6432 0.4679 0.6061
vn 0.1379 0.7886 0.5992
vn -0.9713 -0.0531 -0.2318
vn -0.9569 -0.1070 0.2701
vn -0.7806 -0.5841 0.2225
vn -0.7407 -0.6253 -0.2457
vn -0.9136 0.3690 -0.1709
vn -0.9011 0.4285 0.0656
vn -0.8777 0.3792 0.2931
vn -0.7395 -0.0097 0.6731
vn -0.6593 -0.2692 0.7020
vn -0.5891 -0.5008 0.6341
vn -0.5872 -0.5128 -0.6263
vn -0.6882 -0.2742 -0.6718
vn -0.7995 -0.0333 -0.5997
vn -0.3927 -0.8908 0.2286
vn -0.3678 -0.9299 -0.0043
vn -0.4078 -0.8815 -0.2381
vn -0.9958 0.0500 -0.0763
vn -0.9955 0.0687 0.0648
vn -0.9802 0.0463 0.1926
vn -0.9064 -0.1793 0.3826
vn -0.8477 -0.3401 0.4071
vn -0.7792 -0.4987 0.3796
vn -0.8040 -0.4991 -0.3232
vn -0.8661 -0.3622 -0.3443
vn -0.9230 -0.2016 -0.3278
vn -0.6892 -0.7104 0.1426
vn -0.6879 -0.7257 0.0077
vn -0.6952 -0.7081 -0.1235
vn 0.9409 0.3366 -0.0388
vn 0.7981 0.5973 -0.0794
vn 0.8038 0.5941 0.0301
vn 0.8962 0.4066 0.1774
vn 0.9488 0.2933 0.1175
vn 0.9420 0.2706 -0.1983
vn 0.8788 0.4373 -0.1912
vn 0.9890 0.1424 0.0410
vn 0.9818 0.1642 -0.0960
vn -0.5518 0.1760 0.8152
vn -0.4312 -0.1692 0.8862
vn -0.2858 -0.5006 0.8171
vn 0.2596 0.5084 0.8211
vn 0.3497 0.1501 0.9248
vn 0.5095 -0.1785 0.8418
vn -0.7210 0.6457 -0.2513
vn -0.7238 0.6872 0.0617
vn -0.6906 0.6348 0.3465
vn 0.1255 0.9413 -0.3135
vn -0.0117 0.9993 0.0348
vn 0.0700 0.9447 0.3203
vn -0.0887 -0.9555 0.2813
vn -0.0880 -0.9954 -0.0384
vn -0.1084 -0.9341 -0.3400
vn 0.6543 -0.7025 0.2801
vn 0.6651 -0.7431 -0.0734
vn 0.6796 -0.6205 -0.3913
vn -0.3469 -0.4898 -0.7998
vn -0.4869 -0.1843 -0.8538
vn -0.5899 0.1510 -0.7932
vn 0.4660 -0.1529 -0.8715
vn 0.2944 0.1512 -0.9436
vn 0.2252 0.4951 -0.8391
vn -0.7501 -0.6500 0.1219
vn -0.7401 -0.6723 0.0170
vn -0.7563 -0.6488 -0.0842
vn -0.8366 -0.4827 -0.2588
vn -0.8863 -0.3703 -0.2782
vn -0.9348 -0.2519 -0.2505
vn -0.9149 -0.2302 0.3317
vn -0.8724 -0.3494 0.3419
vn -0.8246 -0.4761 0.3056
vn -0.9978 -0.0354 -0.0562
vn -0.9982 0.0047 0.0606
vn -0.9850 -0.0180 0.1717
vn 0.5102 0.7161 -0.4764
vn 0.5426 0.6133 -0.5740
vn 0.5166 0.7918 -0.3259
vn 0.5168 0.8446 -0.1398
vn 0.5852 0.7783 -0.2275
vn 0.7134 0.6236 -0.3197
vn 0.2896 0.8530 -0.4341
vn 0.7873 0.6096 -0.0928
vn 0.7637 0.6099 -0.2118
vn 0.3966 0.8277 -0.3970
vn 0.5748 0.7622 -0.2976
vn 0.5624 0.7218 -0.4033
vn 0.3129 0.7876 -0.5309
vn 0.6991 0.5905 -0.4032
vn 0.4292 0.6432 -0.6341
vn 0.2307 0.9122 0.3388
vn 0.3911 0.9156 0.0936
vn 0.0793 0.8654 0.4947
vn 0.0079 0.8599 0.5103
vn 0.5868 0.7424 -0.3233
vn -0.2191 -0.9082 -0.3567
vn -0.3909 -0.9173 -0.0754
vn -0.0135 -0.8299 -0.5577
vn -0.4585 -0.8873 0.0494
vn 0.3146 -0.6237 -0.7155
vn 0.9165 -0.1992 0.3468
vn 0.7805 -0.2685 0.5646
vn 0.5425 0.7834 -0.3034
vn 0.7688 -0.2762 0.5768
vn 0.7476 -0.2967 0.5942
vn 0.8602 -0.3135 0.4022
vn -0.5996 0.3995 -0.6935
vn -0.6999 0.4874 -0.5221
vn -0.6982 0.4698 -0.5402
vn -0.7454 0.4243 -0.5141
vn -0.6576 0.3707 -0.6559
vn -0.0461 -0.4172 -0.9077
vn 0.6426 -0.6051 -0.4701
vn 0.7617 -0.5210 -0.3853
vn -0.0929 -0.1051 -0.9901
vn 0.4675 0.8019 -0.3721
vn 0.5791 0.6600 -0.4786
vn 0.1383 0.7713 -0.6213
vn 0.4578 0.5006 -0.7347
vn -0.4954 0.3505 0.7948
vn -0.4346 0.3315 0.8374
vn -0.3899 0.6657 0.6363
vn -0.3307 0.7959 0.5071
vn -0.4645 0.6669 0.5826
vn -0.5359 0.5349 0.6532
vn -0.1804 0.6509 0.7374
vn -0.6089 0.6433 0.4642
vn -0.6032 0.5494 0.5782
vn -0.2805 0.6094 0.7415
vn -0.4612 0.5563 0.6913
vn -0.4517 0.4687 0.7591
vn -0.2754 0.4268 0.8614
vn -0.5888 0.3843 0.7110
vn -0.3979 0.2892 0.8707
vn 0.0613 0.9975 0.0341
vn -0.0962 0.9476 0.3046
vn 0.1611 0.9567 -0.2423
vn 0.2633 0.9430 -0.2037
vn -0.3572 0.5991 0.7165
vn -0.0704 -0.9974 -0.0177
vn 0.1013 -0.9368 -0.3349
vn -0.2637 -0.9382 0.2241
vn 0.1758 -0.8753 -0.4505
vn -0.4737 -0.7138 0.5159
vn -0.9320 0.1891 -0.3091
vn -0.8091 0.1832 -0.5584
vn -0.4353 0.6580 0.6144
vn -0.8251 0.2057 -0.5262
vn -0.8066 0.1820 -0.5624
vn -0.8935 0.1308 -0.4295
vn 0.6187 0.0228 0.7853
vn 0.8263 0.0453 0.5613
vn 0.8093 0.0177 0.5871
vn 0.8403 -0.0283 0.5413
vn 0.7439 -0.0700 0.6646
vn -0.0814 -0.5622 0.8230
vn -0.7651 -0.4938 0.4133
vn -0.9055 -0.3314 0.2649
vn -0.0283 -0.4665 0.8841
vn -0.4009 0.5410 0.7393
vn -0.4485 0.4252 0.7861
vn -0.2997 0.3517 0.8868
vn -0.3779 0.1056 0.9198
vn -0.4565 0.5463 0.7022
vn -0.3921 0.6852 -0.6138
vn -0.4444 0.6904 -0.5709
vn -0.3943 0.7059 -0.5885
vn -0.2459 0.8821 -0.4018
vn -0.2548 0.7408 -0.6215
vn -0.3255 0.6834 -0.6535
vn -0.5453 0.7412 -0.3915
vn -0.1225 0.7164 -0.6869
vn -0.2081 0.6949 -0.6884
vn -0.4524 0.7446 -0.4909
vn -0.3511 0.7246 -0.5931
vn -0.3030 0.8041 -0.5115
vn -0.4757 0.7768 -0.4126
vn -0.3031 0.6708 -0.6768
vn -0.4776 0.6953 -0.5371
vn 0.1242 0.9918 -0.0311
vn -0.0803 0.9613 -0.2636
vn 0.3285 0.9097 0.2540
vn 0.2813 0.9329 0.2249
vn -0.4060 0.7333 -0.5453
vn -0.1361 -0.9904 0.0236
vn 0.1040 -0.9585 0.2653
vn -0.2935 -0.9273 -0.2324
vn 0.1761 -0.9031 0.3918
vn -0.4712 -0.7288 -0.4968
vn 0.7226 0.1142 -0.6817
vn 0.7991 -0.0159 -0.6010
vn -0.3288 0.7469 -0.5779
vn 0.7769 0.0022 -0.6297
vn 0.8007 -0.0133 -0.5989
vn 0.7421 -0.0274 -0.6697
vn -0.7935 0.3839 0.4722
vn -0.7671 0.2243 0.6010
vn -0.7856 0.2033 0.5844
vn -0.7658 0.1683 0.6207
vn -0.8376 0.1348 0.5294
vn -0.8446 -0.4321 -0.3160
vn -0.0516 -0.5581 -0.8282
vn 0.0099 -0.4212 -0.9069
vn -0.9502 -0.2364 -0.2030
vn -0.3351 0.7529 -0.5665
vn -0.4261 0.6794 -0.5974
vn -0.4895 0.7696 -0.4101
vn -0.6355 0.4954 -0.5922
vn -0.2952 0.7880 -0.5402
vn 0.9613 0.1093 0.2531
vn 0.9542 0.2387 0.1804
vn 0.8772 0.4460 0.1778
vn 0.7557 0.6315 0.1736
vn 0.8633 0.4179 0.2831
vn 0.8808 0.3832 0.2783
vn 0.8792 0.4733 -0.0547
vn 0.7782 0.4565 0.4314
vn 0.8408 0.3813 0.3843
vn 0.9112 0.4080 0.0577
vn 0.9018 0.3738 0.2168
vn 0.9320 0.2916 0.2152
vn 0.9627 0.2680 0.0370
vn 0.8995 0.1958 0.3907
vn 0.9829 0.1231 0.1367
vn 0.2110 0.9646 0.1585
vn 0.5092 0.8407 0.1842
vn -0.1544 0.9757 0.1552
vn -0.0845 0.9939 0.0710
vn 0.8873 0.4411 0.1347
vn -0.2021 -0.9661 -0.1606
vn -0.5345 -0.8258 -0.1796
vn 0.0998 -0.9919 -0.0781
vn -0.6565 -0.7334 -0.1767
vn 0.4824 -0.8749 0.0420
vn -0.0016 -0.0277 0.9996
vn -0.1918 -0.0125 0.9814
vn 0.8565 0.4479 0.2564
vn -0.1473 -0.0020 0.9891
vn -0.1895 -0.0091 0.9818
vn -0.0843 -0.0538 0.9950
vn 0.4534 0.2161 -0.8647
vn 0.2282 0.2200 -0.9484
vn 0.2505 0.1883 -0.9496
vn 0.1973 0.1677 -0.9659
vn 0.3361 0.0565 -0.9401
vn 0.6922 -0.6890 -0.2147
vn 0.3746 -0.6855 0.6243
vn 0.4722 -0.5828 0.6613
vn 0.7683 -0.4577 -0.4473
vn 0.9339 0.3069 0.1835
vn 0.9313 0.3045 0.2002
vn 0.9756 0.2033 0.0824
vn 0.9989 -0.0181 0.0422
vn 0.8964 0.3803 0.2277
vn 0.3269 0.5026 0.8003
vn 0.5186 0.3937 0.7590
vn 0.4524 0.6831 0.5734
vn 0.4692 0.6857 0.5564
vn 0.5908 0.5398 0.5997
vn 0.5299 0.7033 0.4739
vn 0.5774 0.5925 0.5617
vn 0.1644 0.6167 0.7698
vn 0.2890 0.6539 0.6991
vn 0.5475 0.5814 0.6018
vn 0.2852 0.6368 0.7164
vn 0.3783 0.6378 0.6709
vn 0.5074 0.5936 0.6246
vn 0.3112 0.5002 0.8081
vn 0.4513 0.4409 0.7758
vn 0.4625 0.6093 0.6441
vn 0.3961 0.6109 0.6855
vn 0.2764 0.2920 0.9156
vn 0.6275 0.3217 0.7090
vn 0.1000 0.5950 -0.7975
vn 0.0167 0.6674 -0.7445
vn 0.0199 0.8002 -0.5994
vn 0.0059 0.9392 -0.3432
vn 0.1344 0.8053 -0.5774
vn 0.1288 0.7731 -0.6211
vn -0.2183 0.8043 -0.5526
vn 0.2880 0.8194 -0.4956
vn 0.2355 0.7767 -0.5841
vn -0.0908 0.7867 -0.6106
vn 0.0592 0.7801 -0.6229
vn 0.0823 0.7194 -0.6898
vn -0.1176 0.6921 -0.7122
vn 0.2135 0.6489 -0.7303
vn -0.0164 0.5777 -0.8161
vn 0.0107 0.9797 0.2004
vn 0.0163 0.9938 -0.1100
vn 0.0623 0.8757 0.4789
vn -0.0379 0.8784 0.4764
vn -0.0231 0.8102 -0.5858
vn -0.0146 -0.9767 -0.2140
vn -0.0054 -0.9917 0.1288
vn 0.0306 -0.8703 -0.4916
vn -0.0184 -0.9611 0.2755
vn 0.1121 -0.6094 -0.7849
vn 0.9935 0.1051 -0.0427
vn 0.9923 0.0704 0.1016
vn 0.0663 0.8329 -0.5495
vn 0.9929 0.0958 0.0710
vn 0.9915 0.0754 0.1057
vn 0.9995 0.0184 -0.0259
vn -0.8971 0.1613 -0.4112
vn -0.9898 0.1334 -0.0504
vn -0.9902 0.1149 -0.0788
vn -0.9964 0.0721 -0.0452
vn -0.9661 0.0352 -0.2558
vn -0.2033 -0.3940 -0.8964
vn 0.6171 -0.4298 -0.6591
vn 0.6957 -0.2559 -0.6712
vn -0.4333 -0.2150 -0.8752
vn 0.0396 0.7460 -0.6648
vn 0.0472 0.7200 -0.6924
vn -0.1292 0.6401 -0.7573
vn -0.0669 0.4289 -0.9009
vn 0.0828 0.7861 -0.6125
vn 0.1897 0.4309 0.8822
vn 0.2723 0.4487 0.8512
vn 0.1878 0.6679 0.7202
vn 0.1500 0.8279 0.5404
vn 0.0952 0.6815 0.7256
vn 0.0990 0.5935 0.7987
vn 0.4134 0.6825 0.6027
vn -0.0954 0.6762 0.7305
vn -0.0135 0.6142 0.7890
vn 0.3381 0.6454 0.6850
vn 0.1640 0.6238 0.7642
vn 0.1970 0.5605 0.8044
vn 0.3932 0.5178 0.7598
vn 0.0706 0.4701 0.8798
vn 0.3193 0.3796 0.8683
vn -0.0306 0.9994 -0.0147
vn 0.0602 0.9564 0.2859
vn -0.2005 0.9545 -0.2206
vn -0.0519 0.9520 -0.3018
vn 0.2344 0.6574 0.7161
vn 0.0309 -0.9991 0.0282
vn -0.0761 -0.9494 -0.3048
vn 0.0667 -0.9467 0.3151
vn -0.1110 -0.8888 -0.4446
vn 0.0935 -0.7114 0.6965
vn -0.9241 0.0049 0.3822
vn -0.9773 0.0815 0.1955
vn 0.1433 0.7010 0.6986
vn -0.9690 0.1045 0.2239
vn -0.9791 0.0809 0.1865
vn -0.9386 -0.0037 0.3449
vn 0.9739 0.1017 0.2027
vn 0.9701 0.1319 -0.2037
vn 0.9784 0.1066 -0.1772
vn 0.9726 0.0648 -0.2233
vn 1.0000 0.0003 -0.0017
vn 0.4217 -0.6581 0.6237
vn -0.4346 -0.6420 0.6316
vn -0.4658 -0.4255 0.7759
vn 0.6382 -0.4106 0.6512
vn 0.2168 0.6049 0.7663
vn 0.2250 0.5227 0.8223
vn 0.4175 0.4565 0.7857
vn 0.3750 0.1980 0.9056
vn 0.1710 0.6315 0.7562
vn -0.5009 0.7924 -0.3482
vn -0.4917 0.8314 -0.2587
vn -0.3472 0.9164 -0.1992
vn -0.1591 0.9811 -0.1099
vn -0.2725 0.9257 -0.2623
vn -0.3447 0.8791 -0.3292
vn -0.4168 0.9089 0.0074
vn -0.1642 0.8998 -0.4042
vn -0.2562 0.8893 -0.3789
vn -0.4038 0.9092 -0.1019
vn -0.3529 0.9033 -0.2438
vn -0.3780 0.8888 -0.2592
vn -0.4978 0.8599 -0.1134
vn -0.3942 0.8228 -0.4093
vn -0.5577 0.7889 -0.2582
vn 0.3240 0.9349 0.1451
vn 0.0722 0.9974 -0.0037
vn 0.5153 0.8177 0.2564
vn 0.5226 0.7894 0.3219
vn -0.3697 0.9144 -0.1652
vn -0.3325 -0.9306 -0.1529
vn -0.0558 -0.9984 0.0034
vn -0.5370 -0.7812 -0.3185
vn 0.0743 -0.9954 0.0599
vn -0.7248 -0.4415 -0.5288
vn 0.3582 0.0173 -0.9335
vn 0.5744 0.0466 -0.8172
vn -0.2833 0.9301 -0.2338
vn 0.5554 0.0584 -0.8295
vn 0.5796 0.0454 -0.8136
vn 0.4483 0.0445 -0.8928
vn -0.8389 0.1103 0.5329
vn -0.5031 0.1601 0.8493
vn -0.5270 0.1458 0.8373
vn -0.5070 0.0913 0.8571
vn -0.6900 0.1238 0.7131
vn -0.8487 -0.5008 -0.1701
vn -0.3705 -0.5219 -0.7684
vn -0.3285 -0.2626 -0.9073
vn -0.9711 -0.2346 -0.0432
vn -0.3863 0.8943 -0.2257
vn -0.4358 0.8590 -0.2687
vn -0.5375 0.8317 -0.1388
vn -0.7053 0.6521 -0.2782
vn -0.3241 0.9148 -0.2411
vn 0.7936 0.5651 -0.2254
vn 0.7173 0.6384 -0.2792
vn 0.5787 0.7927 -0.1918
vn 0.3132 0.9454 -0.0903
vn 0.6081 0.7903 -0.0744
vn 0.6335 0.7660 -0.1095
vn 0.4335 0.8103 -0.3943
vn 0.5842 0.8064 0.0918
vn 0.6563 0.7545 0.0035
vn 0.5448 0.7813 -0.3047
vn 0.6233 0.7620 -0.1758
vn 0.6978 0.6899 -0.1929
vn 0.6287 0.6732 -0.3892
vn 0.7848 0.6131 -0.0907
vn 0.7623 0.5442 -0.3503
vn -0.1698 0.9741 0.1494
vn 0.1161 0.9930 0.0221
vn -0.4406 0.8877 0.1338
vn -0.4367 0.8715 0.2229
vn 0.5421 0.8089 -0.2277
vn 0.1805 -0.9699 -0.1634
vn -0.1295 -0.9916 -0.0064
vn 0.4472 -0.8625 -0.2367
vn -0.2709 -0.9613 0.0499
vn 0.8528 -0.4012 -0.3344
vn 0.6365 0.0750 0.7676
vn 0.3434 0.0136 0.9391
vn 0.5570 0.8208 -0.1268
vn 0.3677 0.0424 0.9290
vn 0.3360 0.0227 0.9416
vn 0.4978 0.1482 0.8545
vn -0.1536 0.1009 -0.9830
vn -0.3871 0.1883 -0.9026
vn -0.3587 0.1735 -0.9172
vn -0.3949 0.1251 -0.9102
vn -0.1915 0.1708 -0.9665
vn 0.5846 -0.4653 -0.6646
vn 0.9089 -0.4024 0.1090
vn 0.9491 -0.2768 0.1504
vn 0.5059 -0.2533 -0.8246
vn 0.6512 0.7286 -0.2121
vn 0.6789 0.6997 -0.2226
vn 0.6647 0.6148 -0.4246
vn 0.8099 0.3911 -0.4371
vn 0.6261 0.7649 -0.1516
vn 0.5504 0.7212 0.4206
vn 0.6128 0.7021 0.3626
vn 0.3662 0.8804 0.3013
vn 0.1696 0.9679 0.1853
vn 0.2952 0.8820 0.3673
vn 0.3758 0.8212 0.4294
vn 0.4546 0.8872 0.0793
vn 0.1726 0.8469 0.5029
vn 0.2877 0.8213 0.4926
vn 0.4428 0.8745 0.1978
vn 0.4016 0.8463 0.3499
vn 0.4491 0.7974 0.4031
vn 0.5901 0.7875 0.1777
vn 0.4474 0.7171 0.5344
vn 0.6826 0.6538 0.3266
vn -0.3954 0.9158 -0.0703
vn -0.1368 0.9871 0.0837
vn -0.5310 0.7990 -0.2823
vn -0.5796 0.7724 -0.2597
vn 0.3747 0.8863 0.2723
vn 0.4104 -0.9089 0.0742
vn 0.1178 -0.9896 -0.0823
vn 0.5963 -0.7601 0.2584
vn -0.0139 -0.9875 -0.1571
vn 0.7712 -0.4238 0.4751
vn -0.2626 -0.0255 0.9646
vn -0.5670 -0.0571 0.8217
vn 0.3094 0.8861 0.3451
vn -0.5480 -0.0423 0.8354
vn -0.5702 -0.0692 0.8186
vn -0.4333 -0.0178 0.9011
vn 0.8036 0.2032 -0.5593
vn 0.4739 0.2580 -0.8419
vn 0.5028 0.2487 -0.8278
vn 0.4892 0.1853 -0.8523
vn 0.6676 0.1810 -0.7222
vn 0.9175 -0.3737 0.1364
vn 0.4905 -0.4753 0.7304
vn 0.4027 -0.2798 0.8715
vn 0.9901 -0.1391 0.0207
vn 0.4261 0.8468 0.3184
vn 0.5124 0.7756 0.3687
vn 0.6775 0.7215 0.1430
vn 0.7966 0.4949 0.3470
vn 0.3701 0.8582 0.3556
vn -0.6101 0.6649 -0.4309
vn -0.7361 0.6111 -0.2910
vn -0.6190 0.7787 -0.1022
vn -0.5830 0.8097 -0.0677
vn -0.7554 0.6490 -0.0902
vn -0.5775 0.8160 0.0267
vn -0.7139 0.6981 -0.0550
vn -0.4531 0.8033 -0.3865
vn -0.5026 0.8156 -0.2866
vn -0.7020 0.7034 -0.1112
vn -0.5245 0.7902 -0.3170
vn -0.5602 0.7923 -0.2418
vn -0.6614 0.7299 -0.1726
vn -0.5721 0.7028 -0.4227
vn -0.6898 0.6260 -0.3638
vn -0.6084 0.7755 -0.1684
vn -0.6060 0.7495 -0.2666
vn -0.6338 0.4878 -0.6003
vn -0.8240 0.5167 -0.2323
vn 0.4309 0.7810 -0.4520
vn 0.3362 0.8165 -0.4694
vn 0.1997 0.9433 -0.2653
vn 0.0244 0.9982 -0.0544
vn 0.2729 0.9455 -0.1776
vn 0.3204 0.9164 -0.2398
vn -0.0175 0.9241 -0.3817
vn 0.3594 0.9329 -0.0246
vn 0.3847 0.9116 -0.1451
vn 0.1163 0.9254 -0.3607
vn 0.2664 0.9204 -0.2861
vn 0.3490 0.8585 -0.3758
vn 0.1809 0.8368 -0.5168
vn 0.4910 0.8097 -0.3213
vn 0.3635 0.7300 -0.5787
vn -0.2996 0.8690 0.3938
vn -0.1251 0.9793 0.1590
vn -0.4686 0.7305 0.4968
vn -0.4771 0.6891 0.5454
vn 0.1634 0.9437 -0.2875
vn 0.3054 -0.8609 -0.4069
vn 0.1196 -0.9828 -0.1404
vn 0.4777 -0.6755 -0.5617
vn 0.0222 -0.9995 -0.0220
vn 0.6462 -0.3250 -0.6905
vn 0.8936 0.0606 0.4447
vn 0.7203 0.0533 0.6916
vn 0.2183 0.9553 -0.1993
vn 0.7305 0.0901 0.6769
vn 0.7162 0.0520 0.6959
vn 0.8150 0.0916 0.5722
vn -0.5165 0.1172 -0.8482
vn -0.7886 0.1249 -0.6021
vn -0.7686 0.1176 -0.6288
vn -0.7839 0.0607 -0.6179
vn -0.6259 0.0750 -0.7762
vn 0.3380 -0.4761 -0.8119
vn 0.8585 -0.4571 -0.2323
vn 0.9540 -0.1809 -0.2391
vn 0.1362 -0.1509 -0.9791
vn 0.2606 0.9041 -0.3386
vn 0.3081 0.8736 -0.3766
vn 0.1771 0.7777 -0.6032
vn 0.4160 0.6045 -0.6793
vn 0.2756 0.9225 -0.2703
vn -0.3935 0.5231 0.7560
vn -0.3175 0.5613 0.7643
vn -0.2979 0.7115 0.6365
vn -0.2299 0.8584 0.4586
vn -0.3739 0.7323 0.5691
vn -0.4201 0.6510 0.6322
vn -0.0656 0.7218 0.6890
vn -0.5185 0.7168 0.4661
vn -0.4887 0.6719 0.5565
vn -0.1872 0.7033 0.6858
vn -0.3406 0.6834 0.6457
vn -0.3357 0.6689 0.6633
vn -0.1685 0.6279 0.7598
vn -0.4792 0.5642 0.6724
vn -0.2918 0.5168 0.8048
vn -0.2199 0.9658 -0.1377
vn -0.3232 0.9345 0.1491
vn -0.0738 0.9335 -0.3508
vn -0.0604 0.9221 -0.3821
vn -0.3056 0.7401 0.5991
vn 0.2173 -0.9642 0.1521
vn 0.3185 -0.9329 -0.1683
vn 0.0591 -0.9139 0.4017
vn 0.3614 -0.8825 -0.3009
vn -0.2012 -0.7149 0.6697
vn -0.9663 -0.1580 -0.2032
vn -0.8901 -0.1557 -0.4284
vn -0.3975 0.7106 0.5805
vn -0.9048 -0.1387 -0.4026
vn -0.8879 -0.1553 -0.4331
vn -0.9358 -0.1974 -0.2921
vn 0.6536 0.2424 0.7170
vn 0.8461 0.3606 0.3925
vn 0.8429 0.3389 0.4179
vn 0.8703 0.3035 0.3878
vn 0.7782 0.2014 0.5949
vn 0.1168 -0.4878 0.8651
vn -0.5316 -0.6776 0.5081
vn -0.7273 -0.5363 0.4283
vn 0.2054 -0.2897 0.9348
vn -0.3117 0.6733 0.6705
vn -0.3419 0.6035 0.7204
vn -0.1913 0.5856 0.7877
vn -0.2631 0.3268 0.9077
vn -0.3370 0.7062 0.6226
vn 0.3401 0.7293 -0.5937
vn 0.0955 0.8266 -0.5546
vn 0.2311 0.9005 -0.3683
vn 0.0900 0.9486 -0.3034
vn 0.3192 0.8926 -0.3184
vn 0.2222 0.8490 -0.4794
vn -0.0767 0.8848 -0.4596
vn 0.3253 0.8939 -0.3084
vn 0.2754 0.8822 -0.3819
vn 0.0736 0.8796 -0.4700
vn 0.1457 0.8686 -0.4736
vn 0.2166 0.8591 -0.4637
vn 0.0751 0.8201 -0.5672
vn 0.3276 0.8083 -0.4891
vn 0.2092 0.7494 -0.6282
vn -0.0542 0.8697 0.4907
vn 0.0280 0.9683 0.2483
vn -0.0138 0.7637 0.6454
vn -0.1531 0.7075 0.6899
vn 0.0831 0.9098 -0.4065
vn 0.0458 -0.8658 -0.4982
vn -0.0100 -0.9739 -0.2267
vn 0.1596 -0.6949 -0.7011
vn -0.0514 -0.9913 -0.1210
vn 0.2867 -0.3583 -0.8885
vn 0.9978 0.0374 0.0545
vn 0.9313 -0.0467 0.3614
vn 0.1566 0.9032 -0.3996
vn 0.9391 -0.0205 0.3430
vn 0.9289 -0.0354 0.3687
vn 0.9862 -0.0710 0.1498
vn -0.6960 0.2730 -0.6641
vn -0.9404 0.2145 -0.2640
vn -0.9413 0.1881 -0.2804
vn -0.9457 0.1682 -0.2780
vn -0.8575 0.2209 -0.4647
vn 0.0020 -0.1693 -0.9856
vn 0.6601 -0.2376 -0.7126
vn 0.7798 -0.1337 -0.6116
vn -0.1900 -0.0195 -0.9816
vn 0.2386 0.8479 -0.4735
vn 0.1042 0.8441 -0.5259
vn 0.1112 0.7929 -0.5991
vn 0.1597 0.6288 -0.7610
vn 0.1631 0.8886 -0.4287
vn 0.3744 0.4597 0.8053
vn 0.3758 0.6524 0.6582
vn 0.3458 0.8356 0.4269
vn -0.0694 0.9118 0.4047
vn 0.2487 0.8474 0.4691
vn 0.0499 0.6063 0.7936
vn 0.5215 0.8122 0.2616
vn -0.1829 0.7699 0.6114
vn -0.0318 0.6808 0.7318
vn 0.4782 0.7938 0.3758
vn 0.2321 0.7821 0.5783
vn 0.2742 0.7295 0.6266
vn 0.5063 0.6697 0.5433
vn 0.1981 0.6204 0.7588
vn 0.4408 0.5852 0.6806
vn -0.1674 0.9651 -0.2012
vn -0.0351 0.9967 0.0725
vn -0.6654 0.6550 -0.3581
vn -0.3070 0.8789 -0.3651
vn 0.2029 0.8489 0.4881
vn 0.1667 -0.9640 0.2071
vn 0.0557 -0.9957 -0.0734
vn 0.2294 -0.8868 0.4012
vn 0.0525 -0.9707 -0.2345
vn 0.1411 -0.6372 0.7577
vn -0.9158 -0.2091 0.3430
vn -0.8798 -0.0106 0.4753
vn 0.2109 0.8285 0.5188
vn -0.8126 0.0294 0.5821
vn -0.8286 0.0813 0.5539
vn -0.9356 0.2151 0.2801
vn 0.8942 0.4381 0.0920
vn 0.7890 0.1118 -0.6041
vn 0.8087 0.1856 -0.5582
vn 0.8546 0.0821 -0.5127
vn 0.9174 0.3034 -0.2577
vn 0.5555 -0.4672 0.6878
vn -0.2397 -0.6358 0.7337
vn -0.4039 -0.4709 0.7843
vn 0.6893 -0.2069 0.6943
vn 0.4328 0.7144 0.5498
vn 0.3422 0.6083 0.7161
vn 0.4992 0.6558 0.5663
vn 0.5385 0.4269 0.7265
vn 0.2398 0.7641 0.5989
vn -0.6095 0.6460 -0.4596
vn -0.6525 0.6632 -0.3667
vn -0.4776 0.8433 -0.2464
vn -0.2917 0.9512 -0.1004
vn -0.3889 0.8593 -0.3323
vn -0.4424 0.8045 -0.3962
vn -0.5942 0.8041 -0.0179
vn -0.2274 0.8666 -0.4441
vn -0.3419 0.8178 -0.4630
vn -0.5693 0.8069 -0.1574
vn -0.4901 0.8108 -0.3200
vn -0.5483 0.7502 -0.3695
vn -0.6904 0.6953 -0.1997
vn -0.4941 0.6909 -0.5278
vn -0.7238 0.5859 -0.3645
vn 0.1515 0.9690 0.1952
vn -0.0915 0.9951 0.0368
vn -0.4874 0.8385 -0.2436
vn 0.5301 0.8479 -0.0008
vn -0.1574 -0.9561 -0.2472
vn 0.1133 -0.9928 -0.0385
vn 0.2240 -0.9731 0.0542
vn -0.4301 -0.6119 -0.6638
vn 0.4815 0.1011 -0.8706
vn -0.4360 0.8635 -0.2536
vn 0.6365 0.1904 -0.7474
vn 0.6774 0.1434 -0.7215
vn 0.5998 0.1184 -0.7914
vn -0.9890 -0.1423 -0.0415
vn -0.6962 0.0281 0.7173
vn -0.6427 0.0160 0.7660
vn -0.9353 0.1135 0.3351
vn -0.5325 -0.6128 -0.5838
vn 0.1188 -0.4631 -0.8783
vn -0.1308 -0.2298 -0.9644
vn -0.8896 -0.3207 -0.3253
vn -0.5429 0.7853 -0.2978
vn -0.5751 0.7397 -0.3495
vn -0.7476 0.6328 -0.2017
vn -0.8189 0.4215 -0.3895
vn -0.4755 0.8184 -0.3226
vn 0.1973 0.8762 0.4398
vn -0.1842 0.9150 0.3591
vn 0.6036 0.5958 0.5298
vn -0.4882 0.8414 0.2320
vn 0.3511 0.8631 0.3631
vn -0.2988 0.9305 0.2117
vn 0.0225 0.9699 0.2425
vn 0.0018 0.9145 0.4047
vn -0.0017 0.9035 0.4287
vn 0.1040 0.8995 -0.4243
vn -0.0869 -0.9145 0.3951
vn -0.1001 -0.8915 0.4419
vn -0.9822 0.0781 -0.1707
vn -0.0711 0.9906 0.1167
vn 0.1745 0.9796 0.0993
vn 0.9888 0.0065 0.1490
vn 0.3471 0.9197 -0.1834
vn -0.3238 -0.6869 0.6506
vn -0.9474 0.3158 0.0518
vn -0.9832 0.1597 -0.0878
vn 0.8953 -0.0644 0.4408
vn 0.8693 -0.2728 0.4121
vn 0.3251 -0.6212 0.7130
vn -0.6841 -0.5715 0.4532
vn -0.7909 -0.3307 0.5148
vn 0.2493 -0.5503 0.7969
vn -0.2294 0.9558 -0.1840
vn 0.1409 0.9700 -0.1981
vn -0.6493 0.7247 -0.2307
vn 0.4703 0.8632 -0.1837
vn -0.3501 0.9330 -0.0829
vn 0.2938 0.9511 -0.0956
vn -0.0131 0.9993 -0.0338
vn -0.0422 0.9806 -0.1915
vn -0.0461 0.9757 -0.2142
vn 0.0472 0.7983 0.6005
vn -0.0628 -0.8181 -0.5717
vn -0.0578 -0.7850 -0.6168
vn 0.9972 0.0384 -0.0641
vn 0.0763 0.9957 0.0531
vn -0.1098 0.9871 0.1170
vn -0.9940 0.0456 0.0999
vn -0.2430 0.8692 0.4306
vn 0.1421 -0.5755 -0.8054
vn 0.9259 0.2626 -0.2715
vn 0.9818 0.1522 -0.1132
vn -0.9484 -0.0605 -0.3112
vn -0.9545 -0.1687 -0.2461
vn -0.1659 -0.5127 -0.8424
vn 0.5903 -0.4095 -0.6956
vn 0.6390 -0.2333 -0.7329
vn -0.4342 -0.3838 -0.8149
vn 0.0062 0.9506 0.3105
vn 0.2958 0.9513 0.0869
vn -0.4235 0.7838 0.4543
vn 0.5298 0.8397 -0.1189
vn -0.0514 0.8901 0.4529
vn 0.4659 0.8821 0.0695
vn 0.2671 0.9126 0.3096
vn 0.1590 0.9666 0.2009
vn 0.1423 0.9723 0.1854
vn 0.5895 0.4560 0.6668
vn -0.6071 -0.4419 -0.6605
vn -0.6204 -0.3840 -0.6838
vn 0.7577 0.0574 -0.6500
vn 0.3811 0.8729 0.3048
vn 0.2549 0.8379 0.4826
vn -0.7259 0.0537 0.6858
vn 0.3320 0.5139 0.7910
vn -0.5107 -0.1454 -0.8474
vn 0.7204 0.3506 -0.5984
vn 0.7641 0.1740 -0.6212
vn -0.8652 0.1225 0.4862
vn -0.9000 0.0170 0.4355
vn -0.7967 -0.0877 -0.5980
vn 0.1491 -0.1723 -0.9737
vn 0.1256 0.0428 -0.9912
vn -0.8454 0.0203 -0.5337
vn -0.9188 -0.3921 -0.0445
vn -0.7098 -0.6905 -0.1392
vn -0.9018 -0.4281 -0.0592
vn -0.7267 -0.6428 -0.2423
vn -0.9339 -0.3556 -0.0362
vn -0.8083 -0.5361 -0.2434
vn -0.9281 -0.3679 -0.0563
vn -0.6957 -0.6475 -0.3110
vn -0.9680 -0.2156 -0.1288
vn -0.9832 0.0754 0.1662
vn -0.9711 -0.2368 0.0298
vn -0.9347 0.1201 0.3347
vn -0.9794 -0.0418 0.1974
vn -0.9994 -0.0332 0.0092
vn -0.9975 -0.0091 0.0696
vn -0.9922 -0.1247 -0.0036
vn -0.8810 -0.4390 0.1763
vn -0.8355 -0.4975 0.2335
vn -0.9149 -0.3933 0.0906
vn -0.8263 -0.5182 0.2207
vn -0.8594 0.1516 -0.4883
vn -0.9767 -0.2026 0.0715
vn -0.9420 -0.0124 -0.3354
vn -0.9202 -0.3791 -0.0974
vn -0.9254 -0.1464 0.3497
vn -0.9407 -0.3391 -0.0126
vn -0.9279 -0.1380 0.3462
vn -0.9555 -0.1890 0.2264
vn -0.9737 -0.0016 -0.2279
vn -0.9230 -0.3750 0.0869
vn -0.9465 -0.2885 -0.1444
vn -0.9784 -0.1860 0.0898
vn -0.7903 -0.6128 0.0051
vn -0.8834 -0.4685 -0.0064
vn -0.7909 -0.6119 -0.0029
vn -0.8249 -0.5410 0.1638
vn -0.8835 -0.4617 0.0788
vn -0.9100 -0.4100 0.0621
vn -0.8844 -0.4604 0.0763
vn -0.9331 -0.3577 0.0376
vn -0.9531 -0.2993 0.0444
vn -0.9270 -0.3172 0.2004
vn -0.8772 -0.4593 0.1398
vn -0.9257 -0.3025 0.2272
vn -0.9359 -0.2329 0.2643
vn -0.9450 -0.2757 0.1760
vn -0.9358 -0.2333 0.2643
vn -0.9436 -0.2762 0.1825
vn -0.8400 -0.5161 -0.1677
vn -0.8371 -0.5163 -0.1810
vn -0.9242 -0.3699 -0.0947
vn -0.9072 -0.4032 -0.1199
vn -0.9892 -0.1334 -0.0599
vn -0.9889 -0.1305 0.0714
vn -0.9993 -0.0358 -0.0090
vn -0.9958 -0.0823 -0.0410
vn -0.8526 -0.4643 0.2397
vn -0.8773 -0.4426 0.1855
vn -0.9679 -0.2309 -0.0988
vn -0.9230 -0.3438 -0.1729
vn -0.9549 -0.2160 0.2038
vn -0.9282 -0.1037 0.3572
vn -0.8750 -0.4839 0.0152
vn -0.9101 -0.4122 0.0433
vn -0.8608 -0.5039 -0.0710
vn -0.8369 -0.5461 0.0373
vn -0.8914 -0.4470 0.0751
vn -0.9086 -0.4135 0.0589
vn -0.9643 -0.2580 0.0597
vn -0.9206 -0.3647 0.1396
vn -0.9418 -0.2587 0.2149
vn -0.9404 -0.2570 0.2228
vn -0.9964 0.0526 0.0669
vn -0.9878 0.1458 0.0541
vn -0.9954 0.0626 0.0721
vn -0.9869 0.1492 0.0614
vn -0.9442 0.3190 0.0817
vn -0.9356 0.3416 0.0891
vn -0.9635 0.2528 0.0877
vn -0.9604 0.2658 0.0834
vn -0.9771 -0.1588 0.1416
vn -0.9407 0.1685 0.2945
vn -0.9756 -0.1469 0.1632
vn -0.9449 0.1669 0.2816
vn -0.9802 -0.0109 0.1978
vn -0.9795 -0.0195 0.2007
vn -0.9993 -0.0350 -0.0150
vn -0.9717 0.2358 0.0121
vn -0.9996 -0.0252 -0.0093
vn -0.9749 0.2227 -0.0056
vn -0.9972 0.0724 -0.0184
vn -0.9968 0.0770 -0.0199
vn -0.9972 0.0420 -0.0620
vn -0.9961 0.0034 -0.0883
vn -0.9976 0.0289 -0.0634
vn -0.9959 0.0013 -0.0899
vn -0.9837 0.1286 -0.1253
vn -0.9811 0.1546 -0.1161
vn -0.9818 0.1650 -0.0944
vn -0.9842 0.1456 -0.1005
vn -0.9739 -0.0883 -0.2091
vn -0.9805 -0.0973 -0.1705
vn -0.9738 -0.0931 -0.2073
vn -0.9793 -0.1058 -0.1725
vn -0.9521 0.0392 -0.3033
vn -0.9565 0.0174 -0.2912
vn -0.9536 0.0200 -0.3003
vn -0.9552 0.0189 -0.2953
vn -0.9898 -0.1424 -0.0097
vn -0.9430 0.3024 -0.1392
vn -0.9902 -0.1392 -0.0092
vn -0.9513 0.2649 -0.1576
vn -0.9971 0.0130 -0.0744
vn -0.9953 0.0332 -0.0907
vn -0.9560 -0.2275 -0.1853
vn -0.9445 -0.0130 -0.3284
vn -0.9564 -0.2248 -0.1862
vn -0.9421 -0.0476 -0.3319
vn -0.9539 -0.1682 -0.2486
vn -0.9511 -0.1652 -0.2608
vn -0.9336 -0.2280 -0.2765
vn -0.9483 -0.2488 -0.1971
vn -0.9336 -0.2325 -0.2725
vn -0.9472 -0.2533 -0.1968
vn -0.8964 -0.1463 -0.4184
vn -0.8946 -0.1477 -0.4217
vn -0.8909 -0.1482 -0.4293
vn -0.8912 -0.1448 -0.4299
vn -0.7767 -0.4424 -0.4483
vn -0.8163 -0.4745 -0.3292
vn -0.7660 -0.4040 -0.5001
vn -0.8168 -0.4721 -0.3317
vn -0.7999 -0.4725 -0.3700
vn -0.7949 -0.4499 -0.4070
vn -0.9522 -0.2054 -0.2262
vn -0.9243 -0.2299 -0.3047
vn -0.9415 -0.3131 -0.1247
vn -0.9290 -0.1803 -0.3231
vn -0.9381 -0.1166 -0.3261
vn -0.9472 -0.1732 -0.2700
vn -0.8763 -0.4488 -0.1750
vn -0.7821 -0.4401 -0.4410
vn -0.8769 -0.4727 -0.0867
vn -0.7825 -0.4535 -0.4267
vn -0.8315 -0.4482 -0.3282
vn -0.8442 -0.4686 -0.2602
vn -0.7899 -0.5771 -0.2074
vn -0.8123 -0.5626 -0.1536
vn -0.7879 -0.5778 -0.2131
vn -0.8128 -0.5610 -0.1571
vn -0.7176 -0.6329 -0.2908
vn -0.6990 -0.6417 -0.3158
vn -0.7123 -0.6312 -0.3069
vn -0.7011 -0.6393 -0.3158
vn -0.7788 -0.6149 -0.1237
vn -0.7997 -0.5916 -0.1027
vn -0.7738 -0.6199 -0.1299
vn -0.7991 -0.5917 -0.1065
vn -0.6873 -0.7073 -0.1655
vn -0.6711 -0.7208 -0.1737
vn -0.6879 -0.7059 -0.1687
vn -0.6788 -0.7143 -0.1704
vn -0.8541 -0.5195 -0.0270
vn -0.6466 -0.7201 -0.2517
vn -0.8319 -0.5370 -0.1397
vn -0.6477 -0.7264 -0.2297
vn -0.7800 -0.6219 -0.0688
vn -0.7710 -0.6245 -0.1246
vn -0.8066 -0.5823 -0.1014
vn -0.6272 -0.6543 -0.4225
vn -0.8508 -0.5248 -0.0269
vn -0.6905 -0.6500 -0.3173
vn -0.7539 -0.6294 -0.1885
vn -0.8000 -0.5900 -0.1087
vn -0.8209 -0.5683 0.0564
vn -0.6345 -0.7695 0.0724
vn -0.7300 -0.6833 0.0083
vn -0.6349 -0.7691 0.0734
vn -0.5377 -0.8398 0.0746
vn -0.5294 -0.8451 0.0751
vn -0.6266 -0.7780 0.0458
vn -0.6638 -0.7442 0.0745
vn -0.6361 -0.6590 0.4013
vn -0.7043 -0.5891 0.3961
vn -0.5960 -0.7041 0.3860
vn -0.7054 -0.5871 0.3972
vn -0.6915 -0.5957 0.4086
vn -0.6695 -0.6254 0.4009
vn -0.8361 -0.5427 0.0798
vn -0.5834 -0.8039 0.1157
vn -0.8353 -0.5440 0.0793
vn -0.6008 -0.7875 0.1372
vn -0.7493 -0.6523 0.1139
vn -0.7482 -0.6524 0.1207
vn -0.8547 -0.4617 0.2374
vn -0.6746 -0.6412 0.3657
vn -0.8486 -0.4717 0.2397
vn -0.6955 -0.6125 0.3757
vn -0.8017 -0.5154 0.3028
vn -0.7973 -0.5169 0.3117
vn -0.8097 -0.4749 0.3448
vn -0.7736 -0.6020 0.1980
vn -0.8157 -0.4687 0.3390
vn -0.7745 -0.6007 0.1980
vn -0.6460 -0.6526 0.3960
vn -0.7067 -0.5950 0.3828
vn -0.7694 -0.4944 0.4045
vn -0.7036 -0.5544 0.4446
vn -0.8864 -0.2721 0.3745
vn -0.9032 -0.2845 0.3215
vn -0.8863 -0.2721 0.3748
vn -0.9036 -0.2836 0.3210
vn -0.8420 -0.2488 0.4788
vn -0.8350 -0.2451 0.4926
vn -0.8375 -0.2465 0.4876
vn -0.8322 -0.2438 0.4980
vn -0.8892 -0.4098 0.2034
vn -0.7208 -0.5025 0.4775
vn -0.8857 -0.4153 0.2077
vn -0.7394 -0.4791 0.4730
vn -0.8407 -0.4336 0.3243
vn -0.8417 -0.4301 0.3264
vn -0.9392 -0.2083 0.2731
vn -0.8654 -0.1690 0.4718
vn -0.9341 -0.2128 0.2866
vn -0.8740 -0.1568 0.4599
vn -0.9196 -0.1777 0.3505
vn -0.9189 -0.1781 0.3520
vn -0.9380 -0.1274 0.3224
vn -0.9811 -0.0952 0.1683
vn -0.9346 -0.1253 0.3328
vn -0.9799 -0.0984 0.1733
vn -0.9535 -0.0201 0.3007
vn -0.9243 -0.0083 0.3816
vn -0.8978 -0.0429 0.4384
vn -0.9164 -0.0319 0.3989
vn -0.9730 -0.1044 0.2059
vn -0.9256 0.0294 0.3772
vn -0.9699 -0.1025 0.2210
vn -0.9308 0.0339 0.3641
vn -0.9621 -0.0379 0.2702
vn -0.9619 -0.0405 0.2705
vn -0.9737 -0.0098 0.2276
vn -0.9846 -0.0433 0.1696
vn -0.9711 -0.0018 0.2385
vn -0.9830 -0.0441 0.1780
vn -0.9573 0.0994 0.2715
vn -0.9457 0.1295 0.2980
vn -0.9481 0.1085 0.2988
vn -0.9475 0.1204 0.2962
vn -0.5948 0.7292 0.3382
vn -0.5818 0.6153 0.5319
vn -0.3503 0.8185 0.4554
vn -0.3228 0.8214 0.4703
vn -0.4015 0.7012 0.5892
vn -0.2333 0.8220 0.5196
vn -0.3588 0.7352 0.5751
vn -0.5596 0.8086 0.1816
vn -0.4689 0.8318 0.2971
vn -0.3906 0.7425 0.5442
vn -0.4887 0.8209 0.2954
vn -0.4340 0.8191 0.3751
vn -0.4053 0.7653 0.5001
vn -0.6059 0.7257 0.3260
vn -0.5844 0.6692 0.4589
vn 0.1108 0.9680 0.2254
vn -0.1331 0.8992 0.4168
vn 0.4095 0.9115 0.0394
vn 0.3635 0.9129 -0.1855
vn -0.1092 -0.9641 -0.2422
vn 0.1447 -0.8943 -0.4235
vn -0.4489 -0.8925 0.0441
vn 0.2486 -0.8206 -0.5147
vn -0.6883 -0.6561 0.3096
vn -0.6051 0.4366 -0.6658
vn -0.4257 0.7953 0.4316
vn -0.6354 0.3402 -0.6932
vn -0.6097 0.3456 -0.7133
vn -0.7428 0.1792 -0.6451
vn 0.6288 -0.1509 0.7628
vn 0.6219 -0.1391 0.7707
vn -0.3915 0.7499 0.5333
vn 0.6254 -0.1340 0.7687
vn 0.4328 -0.3069 0.8477
vn -0.4146 0.7825 0.4645
vn -0.4596 0.7931 0.3998
vn -0.7723 0.5588 0.3020
vn -0.5498 0.5394 0.6378
vn -0.6808 0.6679 0.3008
vn -0.6185 0.7095 0.3378
vn -0.5287 0.7990 0.2864
vn -0.2686 0.9521 0.1463
vn -0.5533 0.8199 0.1471
vn -0.5711 0.8013 0.1781
vn -0.3383 0.8142 0.4718
vn -0.5525 0.8335 -0.0101
vn -0.5918 0.8024 0.0774
vn -0.4621 0.8038 0.3746
vn -0.5311 0.8067 0.2591
vn -0.5790 0.7739 0.2567
vn -0.4984 0.7428 0.4470
vn -0.6964 0.6941 0.1824
vn -0.6369 0.6466 0.4198
vn -0.1428 0.9833 0.1128
vn -0.3849 0.8908 0.2414
vn 0.1040 0.9741 -0.2007
vn 0.1370 0.9905 0.0093
vn -0.4761 0.8151 0.3300
vn 0.1305 -0.9861 -0.1028
vn 0.3861 -0.8855 -0.2587
vn -0.1481 -0.9890 0.0034
vn 0.4988 -0.8149 -0.2952
vn -0.4853 -0.8633 0.1386
vn -0.5050 0.0984 -0.8575
vn -0.4319 0.1435 -0.8904
vn -0.4612 0.8514 0.2499
vn -0.4600 0.1487 -0.8754
vn -0.4293 0.1454 -0.8914
vn -0.5066 0.0926 -0.8572
vn 0.1556 0.1277 0.9795
vn 0.4099 0.0636 0.9099
vn 0.4009 0.0360 0.9154
vn 0.4347 0.0133 0.9005
vn 0.2922 -0.0920 0.9519
vn -0.5128 -0.6979 0.5000
vn -0.7064 -0.5895 -0.3918
vn -0.8170 -0.4368 -0.3763
vn -0.4082 -0.5054 0.7602
vn -0.5529 0.7888 0.2684
vn -0.5968 0.7537 0.2753
vn -0.5161 0.7054 0.4859
vn -0.7056 0.4732 0.5275
vn -0.5303 0.8163 0.2290
vn -0.9394 0.2814 0.1957
vn -0.8919 0.3831 0.2402
vn -0.6821 0.7086 0.1808
vn -0.5216 0.8518 0.0486
vn -0.6858 0.7234 0.0798
vn -0.7804 0.6246 0.0302
vn -0.5508 0.7160 0.4289
vn -0.7128 0.6832 -0.1586
vn -0.7825 0.6188 -0.0693
vn -0.6623 0.6699 0.3355
vn -0.7303 0.6641 0.1601
vn -0.8367 0.5221 0.1652
vn -0.7848 0.4964 0.3711
vn -0.9003 0.4326 0.0485
vn -0.8626 0.4131 0.2921
vn -0.0575 0.9616 -0.2682
vn -0.3367 0.9293 -0.1518
vn 0.1507 0.9024 -0.4037
vn 0.2086 0.9329 -0.2936
vn -0.6739 0.7273 0.1301
vn 0.0458 -0.9602 0.2755
vn 0.3477 -0.9277 0.1355
vn -0.2414 -0.9144 0.3249
vn 0.4739 -0.8772 0.0773
vn -0.6387 -0.6949 0.3304
vn -0.5422 -0.2363 -0.8064
vn -0.3130 -0.1739 -0.9337
vn -0.6963 0.7054 0.1324
vn -0.3114 -0.1553 -0.9375
vn -0.2770 -0.1718 -0.9454
vn -0.4250 -0.2561 -0.8682
vn -0.1619 0.2152 0.9631
vn 0.2765 0.3750 0.8848
vn 0.2570 0.3547 0.8989
vn 0.2985 0.3178 0.8999
vn 0.0682 0.2381 0.9689
vn -0.5520 -0.5298 0.6439
vn -0.7430 -0.6657 -0.0691
vn -0.8080 -0.5516 -0.2068
vn -0.5480 -0.3425 0.7632
vn -0.7849 0.5598 0.2657
vn -0.8528 0.5033 0.1394
vn -0.7795 0.5003 0.3769
vn -0.9004 0.2263 0.3716
vn -0.7923 0.5940 0.1392
vn 0.0727 0.8192 0.5688
vn 0.1008 0.8668 0.4883
vn 0.0124 0.9361 0.3516
vn -0.1068 0.9856 0.1311
vn -0.0858 0.9244 0.3717
vn -0.0627 0.8984 0.4347
vn 0.1853 0.9604 0.2081
vn -0.2485 0.8828 0.3987
vn -0.1649 0.8788 0.4478
vn 0.1104 0.9463 0.3038
vn -0.0063 0.9191 0.3939
vn -0.0023 0.9015 0.4328
vn 0.1853 0.9104 0.3698
vn -0.0596 0.8270 0.5591
vn 0.1629 0.8354 0.5250
vn -0.3444 0.8746 -0.3412
vn -0.2274 0.9701 -0.0853
vn -0.4492 0.7119 -0.5397
vn -0.3793 0.7234 -0.5769
vn 0.0487 0.9428 0.3297
vn -0.3797 0.6900 -0.6162
vn 0.3506 -0.8697 0.3475
vn 0.2111 -0.9746 0.0748
vn 0.3976 -0.7021 0.5908
vn 0.1534 -0.9867 -0.0537
vn 0.3822 -0.3283 0.8638
vn -0.7817 -0.1409 0.6075
vn -0.9209 -0.0987 0.3771
vn -0.0566 0.9438 0.3257
vn -0.9220 -0.0786 0.3792
vn -0.9275 -0.1069 0.3582
vn -0.8686 -0.0961 0.4860
vn 0.9275 0.3669 0.0709
vn 0.8528 0.2881 -0.4356
vn 0.8690 0.2753 -0.4111
vn 0.8695 0.2376 -0.4330
vn 0.9150 0.3279 -0.2350
vn 0.6518 -0.2577 0.7133
vn 0.0013 -0.4661 0.8847
vn -0.1761 -0.2421 0.9541
vn 0.7635 -0.0060 0.6458
vn 0.0307 0.9150 0.4023
vn 0.0437 0.8914 0.4511
vn 0.2096 0.8852 0.4153
vn 0.2924 0.7321 0.6153
vn -0.0330 0.9235 0.3821
vn 0.7592 0.6459 0.0800
vn 0.7095 0.7046 0.0121
vn 0.7705 0.6364 -0.0372
vn 0.7135 0.6947 -0.0916
vn 0.8764 0.4002 -0.2679
vn 0.8286 0.4401 -0.3461
vn 0.8228 0.5368 -0.1867
vn 0.8627 0.4868 -0.1367
vn 0.7059 0.7014 0.0990
vn 0.7009 0.7074 0.0905
vn 0.7520 0.6564 0.0604
vn 0.7522 0.6571 0.0492
vn 0.8088 0.5266 -0.2618
vn 0.7171 0.5817 -0.3839
vn 0.8438 0.5339 -0.0548
vn 0.8544 0.5196 -0.0050
vn 0.7859 0.6119 0.0892
vn 0.7286 0.6828 0.0542
vn 0.7689 0.6388 -0.0246
vn 0.7258 0.6869 -0.0363
vn 0.8072 0.5411 -0.2357
vn 0.7375 0.6115 -0.2867
vn 0.8130 0.5639 -0.1454
vn 0.8377 0.5295 -0.1340
vn 0.6268 0.7546 0.1940
vn 0.6679 0.7096 0.2244
vn 0.7693 0.5961 0.2296
vn 0.8040 0.5406 0.2479
vn 0.9586 0.2365 0.1584
vn 0.9678 0.1726 0.1831
vn 0.9216 0.3426 0.1823
vn 0.9007 0.3983 0.1734
vn 0.8235 0.5262 0.2122
vn 0.7317 0.6634 0.1566
vn 0.7542 0.6561 -0.0270
vn 0.6403 0.7672 -0.0385
vn 0.8583 0.3612 -0.3646
vn 0.8234 0.3904 -0.4118
vn 0.8609 0.4610 -0.2153
vn 0.8737 0.4434 -0.2001
vn 0.7338 0.5819 0.3506
vn 0.6501 0.6854 0.3281
vn 0.6354 0.7504 0.1820
vn 0.5879 0.7910 0.1694
vn 0.5716 0.8197 -0.0375
vn 0.4860 0.8718 -0.0612
vn 0.6641 0.7473 0.0220
vn 0.6894 0.7238 0.0276
vn 0.8982 0.3126 0.3090
vn 0.8387 0.4109 0.3575
vn 0.8615 0.4517 0.2319
vn 0.8343 0.4878 0.2571
vn 0.8479 0.5291 -0.0342
vn 0.7709 0.6370 -0.0028
vn 0.9094 0.4159 -0.0011
vn 0.9137 0.4064 0.0039
vn 0.7409 0.5531 0.3810
vn 0.7656 0.5187 0.3804
vn 0.8312 0.4571 0.3165
vn 0.8663 0.4032 0.2950
vn 0.9240 0.3066 0.2285
vn 0.9192 0.3215 0.2273
vn 0.9409 0.2715 0.2024
vn 0.9231 0.3173 0.2173
vn 0.8968 0.3671 0.2471
vn 0.8189 0.4809 0.3134
vn 0.8294 0.5379 0.1508
vn 0.7765 0.5945 0.2087
vn 0.7815 0.5937 -0.1917
vn 0.7231 0.6733 -0.1539
vn 0.8296 0.5502 -0.0951
vn 0.8440 0.5209 -0.1278
vn 0.8553 0.3140 0.4120
vn 0.7849 0.4053 0.4687
vn 0.7717 0.5138 0.3748
vn 0.7424 0.5479 0.3855
vn 0.7280 0.6378 0.2516
vn 0.6518 0.7008 0.2900
vn 0.7981 0.5631 0.2144
vn 0.8088 0.5490 0.2108
vn 0.9383 0.2593 0.2289
vn 0.8796 0.3457 0.3268
vn 0.8621 0.4497 0.2335
vn 0.8227 0.4909 0.2866
vn 0.7700 0.6373 -0.0298
vn 0.7169 0.6969 0.0194
vn 0.8341 0.5510 0.0271
vn 0.8472 0.5312 0.0082
vn 0.8197 0.3828 0.4260
vn 0.7876 0.4261 0.4451
vn 0.7879 0.4870 0.3769
vn 0.7586 0.5198 0.3929
vn 0.6718 0.7317 0.1150
vn 0.5650 0.8127 0.1420
vn 0.7751 0.5938 0.2162
vn 0.8131 0.5475 0.1979
vn 0.8588 0.1946 0.4738
vn 0.8822 0.1670 0.4403
vn 0.9602 0.2005 0.1946
vn 0.9712 0.1772 0.1594
vn 0.9710 0.1166 -0.2089
vn 0.9694 0.0732 -0.2342
vn 0.9700 0.2020 -0.1349
vn 0.9683 0.2242 -0.1098
vn 0.8619 0.1358 0.4886
vn 0.8666 0.1306 0.4816
vn 0.9093 0.1949 0.3677
vn 0.9009 0.2103 0.3796
vn 0.7222 0.6482 0.2415
vn 0.6687 0.6898 0.2776
vn 0.8643 0.4324 0.2568
vn 0.8948 0.3828 0.2296
vn 0.9737 0.0567 0.2207
vn 0.9303 0.1010 0.3526
vn 0.8978 0.2625 0.3537
vn 0.8726 0.3012 0.3845
vn 0.7868 0.5878 0.1884
vn 0.7415 0.6191 0.2585
vn 0.8631 0.4833 0.1465
vn 0.8730 0.4609 0.1597
vn 0.9487 -0.1112 0.2960
vn 0.9656 -0.1217 0.2298
vn 0.9829 -0.1315 0.1286
vn 0.9871 -0.1377 0.0821
vn 0.9679 0.0543 -0.2452
vn 0.9525 0.0377 -0.3021
vn 0.9975 -0.0412 -0.0582
vn 0.9988 -0.0314 -0.0378
vn 0.9742 -0.2048 0.0952
vn 0.9577 -0.2248 0.1794
vn 0.9744 -0.0745 0.2122
vn 0.9632 -0.0458 0.2649
vn 0.8879 0.3345 0.3159
vn 0.8530 0.3249 0.4085
vn 0.9405 0.2279 0.2520
vn 0.9551 0.2153 0.2035
vn 0.9996 0.0121 -0.0240
vn 0.9916 -0.0529 0.1177
vn 0.9843 0.0826 0.1561
vn 0.9719 0.0656 0.2261
vn 0.9215 0.2710 0.2783
vn 0.8908 0.2352 0.3888
vn 0.9430 0.2691 0.1959
vn 0.9472 0.2761 0.1629
vn 0.9799 -0.1861 -0.0716
vn 0.9706 -0.2353 0.0503
vn 0.9692 -0.1470 0.1974
vn 0.9557 -0.1423 0.2578
vn 0.8950 0.2194 0.3882
vn 0.8563 0.1896 0.4805
vn 0.9542 0.1301 0.2692
vn 0.9642 0.1176 0.2379
vn 0.9380 -0.2125 -0.2738
vn 0.9403 -0.2251 -0.2553
vn 0.9614 -0.1271 -0.2441
vn 0.9623 -0.2009 -0.1836
vn 0.8988 0.4105 -0.1540
vn 0.8871 0.4204 -0.1907
vn 0.9923 0.0893 -0.0862
vn 0.9847 0.1102 -0.1349
vn 0.9649 -0.1887 -0.1826
vn 0.9608 -0.2519 -0.1159
vn 0.9927 -0.1209 -0.0021
vn 0.9857 -0.1621 0.0468
vn 0.9514 0.1011 0.2907
vn 0.9290 0.0456 0.3671
vn 0.9840 0.0590 0.1681
vn 0.9866 0.1020 0.1276
vn 0.9982 -0.0412 -0.0444
vn 0.9949 -0.0998 -0.0125
vn 0.9971 -0.0412 0.0633
vn 0.9930 -0.0838 0.0831
vn 0.9413 0.2846 0.1814
vn 0.9354 0.3222 0.1456
vn 0.9806 0.0910 0.1735
vn 0.9766 0.1227 0.1763
vn 0.8837 0.0161 -0.4677
vn 0.9152 -0.1052 -0.3890
vn 0.9660 -0.0083 -0.2585
vn 0.9694 -0.0887 -0.2289
vn 0.9933 0.1147 0.0169
vn 0.9956 0.0149 0.0922
vn 0.9822 0.1480 -0.1160
vn 0.9726 0.1924 -0.1302
vn 0.9779 0.1041 -0.1813
vn 0.9910 -0.0149 -0.1334
vn 0.9983 -0.0546 -0.0226
vn 0.9896 -0.1438 -0.0082
vn 0.9390 0.1573 0.3059
vn 0.9317 0.0985 0.3495
vn 0.9853 0.1117 0.1295
vn 0.9851 0.1264 0.1165
vn 0.9018 0.1986 -0.3837
vn 0.9292 0.0914 -0.3581
vn 0.9842 -0.0217 -0.1759
vn 0.9816 -0.0722 -0.1767
vn 0.9757 0.0394 0.2154
vn 0.9713 -0.0731 0.2263
vn 0.9947 0.0868 0.0552
vn 0.9892 0.1297 0.0686
vn 0.9380 0.2040 -0.2804
vn 0.9547 0.0924 -0.2827
vn 0.9886 0.0670 -0.1348
vn 0.9885 -0.0010 -0.1512
vn 0.9765 0.0833 0.1988
vn 0.9776 0.0080 0.2103
vn 0.9884 0.1296 0.0788
vn 0.9830 0.1629 0.0844
vn 0.9192 0.0992 -0.3810
vn 0.9128 0.1471 -0.3809
vn 0.8953 0.3526 -0.2722
vn 0.8759 0.3744 -0.3044
vn 0.7111 0.6927 0.1205
vn 0.7237 0.6797 0.1194
vn 0.7318 0.6813 -0.0179
vn 0.7603 0.6491 -0.0253
vn 0.9002 0.3002 -0.3154
vn 0.9142 0.2110 -0.3460
vn 0.9538 0.1927 -0.2305
vn 0.9551 0.1432 -0.2593
vn 0.9907 0.1277 0.0477
vn 0.9987 0.0394 0.0320
vn 0.9800 0.1941 -0.0434
vn 0.9737 0.2259 -0.0284
vn 0.8533 0.2791 -0.4405
vn 0.8601 0.1885 -0.4740
vn 0.9591 0.1220 -0.2554
vn 0.9536 0.0843 -0.2891
vn 0.8737 0.1126 0.4733
vn 0.8922 0.0520 0.4486
vn 0.9676 0.1486 0.2042
vn 0.9532 0.1714 0.2492
vn 0.8988 0.3268 -0.2923
vn 0.8980 0.2382 -0.3699
vn 0.9496 0.1461 -0.2772
vn 0.9404 0.0913 -0.3275
vn 0.9989 -0.0473 -0.0010
vn 0.9927 -0.1139 -0.0385
vn 0.9966 0.0543 -0.0623
vn 0.9959 0.0780 -0.0449
vn 0.7872 0.4448 -0.4272
vn 0.7905 0.4020 -0.4621
vn 0.8570 0.3045 -0.4157
vn 0.8695 0.2890 -0.4005
vn 0.9721 0.0993 -0.2125
vn 0.9621 0.0201 -0.2720
vn 0.9515 0.2344 -0.1992
vn 0.9447 0.2535 -0.2080
vn 0.6766 0.7304 -0.0931
vn 0.7177 0.6498 -0.2501
vn 0.8525 0.4493 -0.2671
vn 0.8402 0.3989 -0.3673
vn 0.9686 0.2237 0.1085
vn 0.9813 0.1760 0.0782
vn 0.9281 0.3655 0.0705
vn 0.9300 0.3651 0.0432
vn 0.7183 0.6038 -0.3456
vn 0.7204 0.6207 -0.3096
vn 0.8219 0.5626 -0.0892
vn 0.8084 0.5842 -0.0713
vn 0.8251 0.5245 0.2099
vn 0.8072 0.5375 0.2439
vn 0.8541 0.4869 0.1831
vn 0.8640 0.4835 0.1407
vn 0.6999 0.6641 -0.2629
vn 0.6946 0.6265 -0.3536
vn 0.8334 0.4428 -0.3309
vn 0.8303 0.4235 -0.3623
vn 0.9976 0.0007 -0.0686
vn 0.9863 -0.0310 -0.1617
vn 0.9789 0.1688 -0.1151
vn 0.9807 0.1763 -0.0841
vn 0.7794 0.6052 -0.1621
vn 0.7622 0.6083 -0.2216
vn 0.8203 0.5289 -0.2177
vn 0.8116 0.5291 -0.2479
vn 0.9391 0.2589 -0.2261
vn 0.9179 0.2461 -0.3112
vn 0.9168 0.3599 -0.1732
vn 0.9175 0.3679 -0.1510
vn 0.6436 0.7635 -0.0544
vn 0.6337 0.7670 -0.1009
vn 0.6494 0.7423 -0.1652
vn 0.6703 0.7271 -0.1483
vn 0.7650 0.5589 -0.3199
vn 0.6938 0.5333 -0.4840
vn 0.7857 0.6123 -0.0882
vn 0.7656 0.6390 -0.0740
vn 0.7204 0.6935 -0.0086
vn 0.6717 0.7295 -0.1290
vn 0.7545 0.6365 -0.1599
vn 0.7671 0.6193 -0.1675
vn 0.9211 0.3767 -0.0988
vn 0.8968 0.3993 -0.1907
vn 0.9291 0.3696 -0.0137
vn 0.9063 0.4186 -0.0576
vn 0.6597 0.7502 0.0451
vn 0.6539 0.7560 0.0300
vn 0.6587 0.7523 0.0142
vn 0.6787 0.7323 0.0555
vn 0.8003 0.3990 0.4474
vn 0.7708 0.2981 0.5631
vn 0.7834 0.5458 0.2973
vn 0.7701 0.6053 0.2015
vn -0.7417 0.1016 -0.6630
vn 0.4224 -0.0142 0.9063
vn -0.3796 -0.6360 0.6719
vn -0.8112 -0.5843 -0.0243
vn -0.9335 -0.3384 -0.1183
vn -0.2556 -0.4668 0.8466
vn -0.0931 0.9928 -0.0752
vn 0.0742 0.9796 0.1869
vn -0.1629 0.9163 -0.3659
vn -0.1981 0.9180 -0.3434
vn 0.4198 0.6100 0.6720
vn 0.1036 -0.9910 0.0852
vn -0.0930 -0.9760 -0.1968
vn 0.2153 -0.9110 0.3517
vn -0.1693 -0.9322 -0.3200
vn 0.3698 -0.6633 0.6506
vn -0.6578 -0.0198 0.7530
vn -0.8824 0.0606 0.4666
vn 0.3183 0.6536 0.6866
vn -0.8669 0.0775 0.4925
vn -0.8854 0.0575 0.4612
vn -0.7957 0.0653 0.6022
vn 0.9655 0.0859 -0.2457
vn 0.8588 0.1523 -0.4891
vn 0.8740 0.1330 -0.4674
vn 0.8597 0.0837 -0.5039
vn 0.9372 0.0038 -0.3488
vn 0.7243 -0.5767 0.3780
vn 0.1093 -0.6205 0.7766
vn -0.0854 -0.4272 0.9001
vn 0.8503 -0.3856 0.3582
vn -0.0100 0.9990 0.0445
vn -0.2910 0.9505 -0.1092
vn 0.1399 0.9281 0.3451
vn 0.1884 0.9595 0.2093
vn -0.6647 0.7238 -0.1853
vn -0.0052 -0.9979 -0.0651
vn 0.2733 -0.9525 0.1344
vn -0.2333 -0.9443 -0.2320
vn 0.4399 -0.8750 0.2023
vn -0.4967 -0.7373 -0.4578
vn 0.3902 0.2056 -0.8975
vn 0.5577 0.1437 -0.8175
vn -0.4796 0.7977 -0.3656
vn 0.5321 0.1814 -0.8270
vn 0.5476 0.1526 -0.8227
vn 0.4709 0.1060 -0.8758
vn -0.7031 -0.0910 0.7052
vn -0.5525 0.0622 0.8312
vn -0.5975 0.0470 0.8005
vn -0.5665 0.0108 0.8240
vn -0.6873 -0.0555 0.7243
vn -0.7492 -0.6623 0.0090
vn -0.3311 -0.6057 -0.7236
vn -0.1996 -0.3962 -0.8962
vn -0.8889 -0.4416 0.1221
vn 0.9480 0.1999 -0.2477
vn 0.7896 0.5824 -0.1931
vn 0.9413 0.2487 0.2283
vn 0.8302 0.5371 0.1494
vn 0.9248 0.2856 0.2513
vn 0.8878 0.3741 0.2681
vn 0.8488 0.4758 0.2305
vn 0.8222 0.5651 0.0681
vn 0.8434 0.5312 -0.0809
vn 0.8028 0.5681 -0.1810
vn 0.9625 0.1574 -0.2208
vn 0.9868 0.0994 -0.1279
vn 0.9769 0.1853 0.1065
vn 0.7925 0.5418 -0.2799
vn 0.8593 0.3854 -0.3362
vn 0.9302 0.2526 -0.2665
vn 0.9783 0.1818 0.0996
vn 0.9763 0.1839 -0.1145
vn 0.9577 0.1176 -0.2625
vn 0.9430 0.1895 -0.2737
vn 0.9472 0.1589 0.2785
vn 0.9271 0.2316 -0.2948
vn 0.8717 0.3603 -0.3321
vn 0.7577 0.5828 -0.2937
vn 0.7542 0.6313 -0.1806
vn 0.8210 0.5097 0.2572
vn 0.8694 0.3799 0.3159
vn 0.9181 0.2672 0.2926
vn 0.7890 0.5951 0.1528
vn 0.7766 0.6157 -0.1333
vn 0.8198 0.5677 -0.0754
vn 0.7903 0.6101 0.0560
vn 0.6141 0.7647 -0.1950
vn 0.6589 0.7366 0.1523
vn 0.7998 0.4508 0.3963
vn 0.9295 0.0828 0.3594
vn 0.9034 0.0971 -0.4176
vn 0.7538 0.4998 -0.4265
vn 0.9880 -0.1021 0.1158
vn 0.9799 -0.1143 -0.1634
vn 0.9411 0.1511 -0.3025
vn 0.9519 0.0661 0.2992
vn 0.9123 0.2429 0.3298
vn 0.8574 0.3559 0.3717
vn 0.8218 0.4878 0.2943
vn 0.7418 0.6614 0.1113
vn 0.7155 0.6969 -0.0489
vn 0.7936 0.5752 -0.1983
vn 0.9771 0.0410 -0.2089
vn 0.9922 -0.0875 -0.0885
vn 0.9875 -0.0883 0.1303
vn 0.7818 0.5032 -0.3682
vn 0.8108 0.3713 -0.4525
vn 0.8884 0.2421 -0.3901
vn 0.7839 0.5711 -0.2434
vn 0.7682 0.5983 0.2276
vn -0.6887 -0.0911 0.7193
vn -0.7186 0.0239 -0.6950
vn 0.7184 -0.0201 0.6953
vn 0.7034 0.0945 -0.7045
vn -0.0082 0.0835 -0.9965
vn 0.9986 0.0515 -0.0071
vn -0.9986 -0.0487 0.0198
vn 0.0206 -0.0792 0.9966
vn -0.7063 0.1852 -0.6833
vn 0.7174 -0.1842 0.6718
vn 0.6992 0.0298 -0.7144
vn -0.6868 -0.0350 0.7260
vn 0.0228 -0.1552 0.9876
vn -0.9937 0.1074 0.0311
vn 0.9937 -0.1079 -0.0301
vn -0.0029 0.1518 -0.9884
vn -0.7019 0.2350 -0.6724
vn 0.7054 -0.2351 0.6687
vn 0.6923 -0.0096 -0.7215
vn -0.6858 0.0063 0.7278
vn 0.0150 -0.1620 0.9867
vn -0.9844 0.1716 0.0394
vn 0.9844 -0.1719 -0.0367
vn -0.0064 0.1594 -0.9872
vn -0.6832 -0.1684 0.7106
vn -0.6998 -0.1375 -0.7010
vn 0.6976 0.1488 0.7009
vn 0.6879 0.1815 -0.7028
vn -0.0066 0.0291 -0.9996
vn 0.9733 0.2293 -0.0009
vn -0.9758 -0.2188 0.0066
vn 0.0121 -0.0158 0.9998
vn -0.3827 0.9210 0.0726
vn -0.2426 0.9236 -0.2969
vn -0.5387 0.6747 0.5046
vn -0.0763 0.7985 -0.5972
vn -0.3266 0.9128 0.2451
vn -0.0730 0.9167 -0.3928
vn -0.1511 0.9857 -0.0745
vn -0.3138 0.9419 -0.1201
vn -0.3380 0.9326 -0.1264
vn 0.4874 0.8669 0.1040
vn -0.4647 -0.8803 -0.0956
vn -0.5070 -0.8554 -0.1060
vn 0.3109 -0.0155 -0.9503
vn -0.0157 0.9913 -0.1306
vn -0.0282 0.9976 0.0636
vn -0.2856 0.0986 0.9533
vn 0.2176 0.9265 0.3070
vn -0.7656 -0.4875 -0.4196
vn 0.1580 0.2434 -0.9570
vn 0.2094 0.1738 -0.9622
vn -0.5064 0.0351 0.8616
vn -0.5865 -0.0275 0.8095
vn -0.8020 -0.5298 0.2759
vn -0.4083 -0.5780 -0.7065
vn -0.4305 -0.3802 -0.8186
vn -0.8478 -0.5081 0.1516
vt -0.868594 0.950048
vt -1.073148 0.930097
vt -0.868594 0.930097
vt -1.073148 0.969996
vt -1.152432 0.950048
vt -1.073148 0.950048
vt -1.152432 0.930097
vt -0.868594 0.889938
vt -0.606824 0.869990
vt -0.606824 0.889938
vt -0.868594 0.910017
vt -1.073148 0.889938
vt -1.152432 0.910017
vt -1.073148 0.910017
vt -1.152432 0.889938
vt -0.868594 0.969996
vt -0.868594 0.990075
vt -1.073148 0.850039
vt -1.152432 0.829959
vt -1.073148 0.829959
vt -1.073148 0.990075
vt -1.152432 0.969996
vt -0.868594 0.869990
vt -0.868594 0.850039
vt -1.152432 0.869990
vt -1.073148 0.869990
vt -1.152432 0.850039
vt -0.868594 0.829959
vt 0.272631 0.679666
vt 0.369636 0.703881
vt 0.272631 0.703881
vt 0.369636 0.679666
vt 0.586269 0.703881
vt 0.586269 0.722532
vt 0.369636 0.722532
vt 0.272631 0.722532
vt 0.008472 0.760152
vt 0.111809 0.778855
vt 0.008472 0.778855
vt 0.111809 0.760152
vt 0.272631 0.778855
vt 0.272631 0.797510
vt 0.111809 0.797509
vt 0.008472 0.797509
vt 0.111809 0.816400
vt 0.008472 0.816400
vt 0.272631 0.816400
vt 0.111809 0.660832
vt 0.111809 0.679666
vt 0.008472 0.660832
vt 0.008472 0.679666
vt 0.008472 0.722532
vt 0.111809 0.741375
vt 0.008472 0.741375
vt 0.111809 0.722532
vt 0.272631 0.741375
vt 0.272631 0.760152
vt -0.606824 0.850039
vt -0.606824 0.990075
vt -0.606824 0.969996
vt -0.606824 0.910017
vt -0.606824 0.950048
vt -0.606824 0.930097
vt 0.606226 0.796390
vt 0.660526 0.783975
vt 0.660526 0.796390
vt 0.606226 0.783975
vt 0.660526 0.771527
vt 0.702938 0.771527
vt 0.702938 0.783975
vt 0.702938 0.796390
vt 0.606226 0.746490
vt 0.660526 0.734077
vt 0.660526 0.746490
vt 0.606226 0.734077
vt 0.660526 0.717960
vt 0.702938 0.717960
vt 0.702938 0.734077
vt 0.702938 0.746490
vt 0.606226 0.771527
vt 0.660526 0.759030
vt 0.606226 0.759030
vt 0.702938 0.759030
vt 0.606226 0.717960
vt 0.660526 0.705426
vt 0.606226 0.808963
vt 0.660526 0.808963
vt 0.702938 0.808962
vt 0.702938 0.705425
vt 0.735804 0.759030
vt 0.735804 0.771527
vt 0.735804 0.746490
vt 0.763020 0.746490
vt 0.763020 0.759030
vt 0.763020 0.771527
vt 0.735804 0.734077
vt 0.735804 0.717960
vt 0.763020 0.717960
vt 0.763020 0.734077
vt 0.735804 0.783975
vt 0.735804 0.796390
vt 0.763020 0.783975
vt 0.763020 0.796390
vt 0.735804 0.705425
vt 0.735804 0.808962
vt 0.763020 0.808962
vt 0.763020 0.705425
vt 0.792610 0.783942
vt 0.792753 0.796381
vt 0.792591 0.771495
vt 0.823259 0.771527
vt 0.823259 0.783975
vt 0.823259 0.796390
vt 0.792847 0.705391
vt 0.792846 0.717934
vt 0.792853 0.809020
vt 0.823259 0.808962
vt 0.823259 0.705425
vt 0.823259 0.717960
vt 0.792598 0.759010
vt 0.792682 0.746483
vt 0.823259 0.746490
vt 0.823259 0.759030
vt 0.792781 0.734082
vt 0.823259 0.734077
vt 0.369636 0.778855
vt 0.369636 0.760152
vt 0.586269 0.778855
vt 0.586269 0.797509
vt 0.369636 0.797509
vt 0.369636 0.816400
vt 0.586269 0.816400
vt 0.369636 0.660832
vt 0.586269 0.679666
vt 0.272631 0.660832
vt 0.369636 0.741375
vt 0.586269 0.741375
vt 0.586269 0.760152
vt 0.111809 0.703881
vt 0.008472 0.703881
vt -0.271245 0.950048
vt -0.271245 0.930097
vt -0.271245 0.910017
vt -0.271245 0.889938
vt -0.271245 0.829959
vt -0.271245 0.850039
vt -0.271245 0.990075
vt -0.271245 0.969996
vt -0.271245 0.869990
vt -0.057009 0.869990
vt -0.057009 0.850039
vt 0.333665 0.829959
vt 0.333665 0.850039
vt -0.057009 0.990075
vt -0.057009 0.969996
vt -0.057009 0.930097
vt -0.057009 0.910017
vt -0.057009 0.889938
vt 0.333665 0.950048
vt 0.333665 0.969996
vt -0.057009 0.950048
vt 0.484357 0.950048
vt 0.333665 0.930097
vt 0.484357 0.930097
vt 0.333665 0.910017
vt 0.484357 0.910017
vt 0.333665 0.889938
vt 0.484357 0.889938
vt 0.620848 0.850039
vt 0.923467 0.829959
vt 0.923468 0.850039
vt 0.484357 0.990075
vt 0.484357 0.969996
vt 0.620848 0.889938
vt 0.923468 0.869990
vt 0.923468 0.889938
vt 0.484357 0.869990
vt 0.484357 0.850039
vt 0.333665 0.869990
vt 0.620848 0.969996
vt 0.923468 0.950048
vt 0.923468 0.969996
vt 0.809831 0.387419
vt 0.796699 0.377836
vt 0.821457 0.363050
vt 0.842906 0.347090
vt 0.836595 0.338959
vt 0.859225 0.326407
vt 0.788757 0.364708
vt 0.787387 0.349638
vt 0.815151 0.354707
vt 0.817070 0.343959
vt 0.802045 0.322413
vt 0.825679 0.337920
vt 0.831137 0.313154
vt 0.825360 0.392213
vt 0.868592 0.354153
vt 0.864045 0.369423
vt 0.841276 0.358005
vt 0.840985 0.390528
vt 0.832629 0.364448
vt 0.854287 0.382447
vt 0.867158 0.339055
vt 0.792247 0.334678
vt 0.770925 0.399463
vt 0.846646 0.317328
vt 0.857893 0.294547
vt 0.900731 0.291972
vt 0.879514 0.309875
vt 0.869204 0.269519
vt 0.909518 0.284309
vt 0.830790 0.259889
vt 0.873917 0.258859
vt 0.831062 0.287361
vt 0.803935 0.290001
vt 0.756659 0.282476
vt 0.791267 0.263844
vt 0.830976 0.248018
vt 0.931469 0.320514
vt 0.920468 0.324006
vt 0.763244 0.324509
vt 0.780421 0.303504
vt 0.731943 0.313253
vt 0.747574 0.273407
vt 0.720039 0.351123
vt 0.720080 0.308264
vt 0.754723 0.350305
vt 0.847258 0.421479
vt 0.886783 0.433376
vt 0.853871 0.454537
vt 0.723712 0.389376
vt 0.706911 0.350927
vt 0.786492 0.252709
vt 0.887499 0.384503
vt 0.870193 0.407009
vt 0.912331 0.401569
vt 0.894242 0.443598
vt 0.923295 0.362494
vt 0.923127 0.407362
vt 0.895630 0.358109
vt 0.757103 0.376538
vt 0.743764 0.424018
vt 0.857116 0.467127
vt 0.893144 0.331782
vt 0.793641 0.416329
vt 0.776521 0.448503
vt 0.733852 0.433355
vt 0.815733 0.459397
vt 0.770555 0.460672
vt 0.820591 0.424614
vt 0.739807 0.264466
vt 0.711378 0.394048
vt 0.708126 0.180531
vt 0.720963 0.129740
vt 0.718769 0.183428
vt 0.688638 0.219997
vt 0.701763 0.229494
vt 0.694511 0.086818
vt 0.673469 0.042255
vt 0.703056 0.080682
vt 0.580750 0.025954
vt 0.530164 0.031063
vt 0.579418 0.016032
vt 0.627721 0.029963
vt 0.629968 0.021178
vt 0.666756 0.051719
vt 0.534251 0.038809
vt 0.489506 0.064437
vt 0.610845 0.258714
vt 0.662559 0.260904
vt 0.609977 0.276665
vt 0.561013 0.257098
vt 0.555282 0.271653
vt 0.515844 0.242519
vt 0.506934 0.252116
vt 0.653778 0.246542
vt 0.470116 0.162962
vt 0.473812 0.214355
vt 0.460004 0.164311
vt 0.474022 0.115313
vt 0.465105 0.112043
vt 0.495415 0.070229
vt 0.484353 0.208883
vt 0.570033 0.107840
vt 0.602372 0.104690
vt 0.589716 0.140393
vt 0.580882 0.170886
vt 0.558916 0.158590
vt 0.626225 0.148530
vt 0.607475 0.164234
vt 0.553811 0.130180
vt 0.623313 0.125288
vt 0.566134 0.098569
vt 0.558256 0.081508
vt 0.586019 0.075837
vt 0.709970 0.303115
vt 0.700441 0.397541
vt 0.782698 0.241802
vt 0.917993 0.276551
vt 0.878452 0.248986
vt 0.831537 0.236520
vt 0.941750 0.316892
vt 0.724849 0.441198
vt 0.814427 0.472544
vt 0.765583 0.470787
vt 0.860681 0.477708
vt 0.902148 0.452860
vt 0.934856 0.363282
vt 0.933011 0.412069
vt 0.946560 0.363842
vt 0.815536 0.314623
vt 0.710873 0.132158
vt 0.689668 0.649673
vt 0.650010 0.652796
vt 0.652777 0.645293
vt 0.733184 0.676463
vt 0.778940 0.670060
vt 0.778851 0.677383
vt 0.689636 0.676534
vt 0.733676 0.669558
vt 0.650030 0.673633
vt 0.688645 0.663130
vt 0.689081 0.669710
vt 0.733993 0.663070
vt 0.778771 0.663187
vt 0.652752 0.681173
vt 0.733602 0.656569
vt 0.778946 0.656317
vt 0.838841 0.655491
vt 0.843928 0.670538
vt 0.689055 0.656537
vt 0.407750 0.269861
vt 0.320232 0.363649
vt 0.303313 0.273194
vt 0.012484 0.134596
vt 0.054703 0.024840
vt 0.154831 0.022049
vt 0.126383 0.121596
vt 0.227382 0.024111
vt 0.232104 0.128617
vt 0.444258 0.107610
vt 0.336997 0.113225
vt 0.397224 0.008750
vt 0.168823 0.278609
vt 0.247178 0.275049
vt 0.425025 0.193087
vt 0.246402 0.442769
vt 0.042205 0.215523
vt 0.154632 0.361932
vt 0.733217 0.649667
vt 0.778874 0.649028
vt 0.838656 0.646923
vt 0.838638 0.679601
vt 0.619775 0.651511
vt 0.626446 0.639450
vt 0.624593 0.671055
vt 0.636780 0.663386
vt 0.607510 0.638965
vt 0.628794 0.686332
vt 0.627579 0.680092
vt 0.606041 0.673781
vt 0.605713 0.685232
vt 0.067924 0.285554
vt 0.297443 0.013900
vt 0.839212 0.671212
vt 0.239950 0.204841
vt 0.838042 0.645102
vt 0.838424 0.678967
vt 0.422354 0.204955
vt 0.182164 0.278003
vt 0.148013 0.356101
vt 0.731862 0.677360
vt 0.732222 0.670211
vt 0.732430 0.663026
vt 0.732165 0.656002
vt 0.731887 0.648805
vt 0.651236 0.652663
vt 0.651418 0.644563
vt 0.782243 0.670352
vt 0.782033 0.677823
vt 0.649853 0.663374
vt 0.781967 0.663162
vt 0.651358 0.681261
vt 0.782176 0.656052
vt 0.782023 0.648635
vt 0.648352 0.673475
vt 0.723207 0.670075
vt 0.723556 0.677030
vt 0.723431 0.649004
vt 0.723434 0.663305
vt 0.723138 0.655989
vt 0.734096 0.674090
vt 0.807278 0.666579
vt 0.807569 0.670264
vt 0.731807 0.656821
vt 0.807290 0.658901
vt 0.730790 0.662495
vt 0.080894 0.313059
vt 0.131017 0.425010
vt 0.087866 0.430978
vt 0.732217 0.668151
vt 0.086859 0.512324
vt 0.037311 0.423214
vt 0.676586 0.677125
vt 0.674435 0.671700
vt 0.806513 0.651709
vt 0.732816 0.651072
vt 0.002091 0.524359
vt 0.078261 0.593474
vt 0.021007 0.600994
vt 0.675418 0.651700
vt 0.626026 0.658999
vt 0.636459 0.640099
vt 0.630813 0.663697
vt 0.647194 0.662495
vt 0.617779 0.639581
vt 0.645272 0.682048
vt 0.638677 0.674052
vt 0.618093 0.673366
vt 0.626762 0.683889
vt 0.673367 0.658312
vt 0.470298 0.367777
vt 0.383042 0.317150
vt 0.480914 0.322086
vt 0.480547 0.373871
vt 0.511584 0.476487
vt 0.488942 0.476487
vt 0.560535 0.373770
vt 0.480736 0.321448
vt 0.561764 0.320883
vt 0.388049 0.358584
vt 0.388199 0.359825
vt 0.440292 0.446146
vt 0.417650 0.446146
vt 0.652801 0.315350
vt 0.572996 0.358398
vt 0.572965 0.315350
vt 0.388181 0.359674
vt 0.622336 0.454552
vt 0.599311 0.454552
vt 0.392121 0.371268
vt 0.480916 0.372663
vt 0.471276 0.368445
vt 0.472211 0.371630
vt 0.572995 0.356800
vt 0.562490 0.372600
vt 0.480753 0.326086
vt 0.561829 0.325567
vt 0.479761 0.364273
vt 0.649064 0.376530
vt 0.390092 0.367898
vt 0.389140 0.367711
vt 0.574241 0.376530
vt 0.559797 0.382885
vt 0.489355 0.476348
vt 0.480829 0.382870
vt 0.564458 0.344101
vt 0.480209 0.344100
vt 0.564113 0.316675
vt 0.480514 0.316675
vt 0.650274 0.366742
vt 0.597020 0.455072
vt 0.573428 0.366904
vt 0.653093 0.314436
vt 0.569495 0.314436
vt 0.652697 0.321791
vt 0.564283 0.330213
vt 0.480364 0.330213
vt 0.683790 0.648045
vt 0.652962 0.646532
vt 0.651789 0.645507
vt 0.730862 0.677557
vt 0.780995 0.669539
vt 0.780962 0.676551
vt 0.683684 0.677475
vt 0.730623 0.670252
vt 0.682175 0.655461
vt 0.633581 0.660803
vt 0.730362 0.663691
vt 0.780768 0.663079
vt 0.681150 0.663030
vt 0.653224 0.680084
vt 0.682385 0.670364
vt 0.730555 0.655509
vt 0.781003 0.656596
vt 0.731103 0.649203
vt 0.781025 0.649569
vt 0.837647 0.647334
vt 0.651030 0.673707
vt 0.837571 0.679108
vt 0.379122 0.532159
vt 0.440659 0.489478
vt 0.380858 0.493816
vt 0.474939 0.529755
vt 0.528868 0.509769
vt 0.475126 0.496283
vt 0.440421 0.530629
vt 0.192605 0.584742
vt 0.249815 0.550573
vt 0.194019 0.553508
vt 0.286810 0.585564
vt 0.346579 0.565640
vt 0.286969 0.557144
vt 0.249608 0.586204
vt 0.377818 0.577921
vt 0.435272 0.547413
vt 0.379232 0.546687
vt 0.473488 0.588753
vt 0.534234 0.572246
vt 0.473647 0.560332
vt 0.435065 0.583045
vt 0.307897 0.564895
vt 0.193665 0.529215
vt 0.255446 0.490196
vt 0.195400 0.490871
vt 0.289481 0.528520
vt 0.351467 0.503650
vt 0.289669 0.495048
vt 0.255207 0.531347
vt 0.191653 0.589388
vt 0.253190 0.546707
vt 0.193389 0.551044
vt 0.287470 0.586984
vt 0.346049 0.563897
vt 0.287657 0.553512
vt 0.252951 0.587858
vt 0.536171 0.573796
vt 0.194079 0.582418
vt 0.255485 0.546541
vt 0.195552 0.549870
vt 0.288788 0.587794
vt 0.343693 0.563902
vt 0.288975 0.554323
vt 0.255246 0.587692
vt 0.195901 0.530628
vt 0.250612 0.487145
vt 0.197636 0.492285
vt 0.291702 0.530885
vt 0.354436 0.500425
vt 0.291920 0.492091
vt 0.250353 0.531854
vt 0.432945 0.489199
vt 0.432892 0.530383
vt 0.618317 0.650445
vt 0.627155 0.640125
vt 0.623598 0.670123
vt 0.607905 0.637967
vt 0.629574 0.688097
vt 0.626819 0.680079
vt 0.606243 0.673810
vt 0.605189 0.684723
vt 0.657239 0.137602
vt 0.660474 0.104793
vt 0.670486 0.135063
vt 0.533339 0.179434
vt 0.542576 0.208485
vt 0.520663 0.187063
vt 0.534195 0.100708
vt 0.511256 0.124811
vt 0.524135 0.093120
vt 0.524092 0.128061
vt 0.509381 0.156402
vt 0.522985 0.154097
vt 0.620821 0.191524
vt 0.651550 0.190720
vt 0.629401 0.205952
vt 0.551462 0.196878
vt 0.572239 0.216781
vt 0.576064 0.202408
vt 0.602686 0.215208
vt 0.600734 0.200628
vt 0.551394 0.071011
vt 0.633016 0.093352
vt 0.616873 0.065394
vt 0.641696 0.082678
vt 0.612939 0.077487
vt 0.583924 0.063442
vt 0.649238 0.112302
vt 0.638555 0.180241
vt 0.668152 0.167323
vt 0.654485 0.162635
vt 0.605415 0.095572
vt 0.543722 0.129514
vt 0.632279 0.121738
vt 0.636284 0.152872
vt 0.550298 0.165565
vt 0.579116 0.181258
vt 0.612017 0.172911
vt 0.333665 0.990075
vt -0.057009 0.829959
vt 0.620848 0.869990
vt 0.620848 0.990075
vt 0.484357 0.829959
vt 0.620848 0.910017
vt 0.620848 0.930097
vt 0.620848 0.950048
vt 0.923468 0.930097
vt 0.923468 0.910017
vt 0.923467 0.990075
vt 0.620848 0.829959
vt -0.606824 0.829959
vt 0.718289 0.677304
vt 0.781651 0.668613
vt 0.781066 0.674496
vt 0.781695 0.660084
vt 0.716162 0.663927
vt 0.717035 0.670445
vt 0.669185 0.682564
vt 0.667849 0.676546
vt 0.781298 0.654183
vt 0.717381 0.657455
vt 0.718587 0.650897
vt 0.670617 0.645281
vt 0.666381 0.654469
vt 0.631366 0.657596
vt 0.636982 0.639352
vt 0.632366 0.679128
vt 0.628601 0.669785
vt 0.646128 0.664195
vt 0.619831 0.637069
vt 0.634613 0.687291
vt 0.611398 0.676441
vt 0.617677 0.688253
vt 0.239105 0.024021
vt 0.085468 0.593872
vt 0.160998 0.533166
vt 0.158903 0.608267
vt -1.152432 0.990075
vt 0.606226 0.705426
vt 0.586269 0.660832
vt 0.695038 0.349919
vt 0.813727 0.484636
vt 0.473767 0.360487
vt 0.473606 0.361355
vt 0.651038 0.358398
vt 0.473890 0.359827
vt 0.651104 0.356800
vt 0.561595 0.364087
vt 0.511996 0.476348
vt 0.619661 0.455072
vt 0.528765 0.528242
vt 0.346486 0.582205
vt 0.534141 0.588812
vt 0.351364 0.522124
vt 0.345946 0.582371
vt 0.536854 0.586099
vt 0.343590 0.582375
vt 0.354332 0.518899
s 1
f 1830/1/1830 44/2/44 1823/3/1823
f 59/4/59 45/5/45 105/6/105
f 105/6/105 7/7/7 44/2/44
f 1824/8/1824 96/9/96 29/10/29
f 1829/11/1829 60/12/60 1824/8/1824
f 44/2/44 48/13/48 106/14/106
f 106/14/106 5/15/5 60/12/60
f 1825/16/1825 105/6/105 1830/1/1830
f 1828/17/1828 59/4/59 1825/16/1825
f 58/18/58 46/19/46 107/20/107
f 107/21/107 3/22/3 59/4/59
f 1823/3/1823 106/14/106 1829/11/1829
f 1827/23/1827 58/18/58 1826/24/1826
f 60/12/60 49/25/49 108/26/108
f 108/26/108 1/27/1 58/18/58
f 1826/24/1826 107/20/107 1828/28/1828
f 11/29/11 109/30/109 57/31/57
f 52/32/52 92/33/92 109/30/109
f 109/30/109 25/34/25 43/35/43
f 57/31/57 43/35/43 10/36/10
f 6/37/6 110/38/110 42/39/42
f 87/40/87 54/41/54 110/38/110
f 110/38/110 9/42/9 85/43/85
f 42/39/42 85/43/85 2/44/2
f 2/44/2 111/45/111 50/46/50
f 85/43/85 55/47/55 111/45/111
f 111/48/111 11/29/11 86/49/86
f 50/50/50 86/49/86 4/51/4
f 8/52/8 112/53/112 41/54/41
f 88/55/88 56/56/56 112/53/112
f 112/53/112 12/57/12 87/40/87
f 41/54/41 87/40/87 6/37/6
f 96/9/96 1826/24/1826 31/58/31
f 95/59/95 1825/16/1825 30/60/30
f 94/61/94 1824/8/1824 29/10/29
f 93/62/93 1823/3/1823 32/63/32
f 1/64/1 113/65/113 65/66/65
f 49/67/49 66/68/66 113/65/113
f 113/65/113 15/69/15 64/70/64
f 65/66/65 64/70/64 13/71/13
f 7/72/7 114/73/114 67/74/67
f 45/75/45 68/76/68 114/73/114
f 114/73/114 14/77/14 61/78/61
f 67/74/67 61/78/61 16/79/16
f 5/80/5 115/81/115 66/68/66
f 48/82/48 67/74/67 115/81/115
f 115/81/115 16/79/16 63/83/63
f 66/68/66 63/83/63 15/69/15
f 3/84/3 116/85/116 68/76/68
f 46/86/46 65/66/65 116/87/116
f 116/87/116 13/71/13 62/88/62
f 68/76/68 62/89/62 14/77/14
f 15/69/15 117/90/117 73/91/73
f 63/83/63 74/92/74 117/90/117
f 117/90/117 20/93/20 71/94/71
f 73/91/73 71/94/71 19/95/19
f 16/79/16 118/96/118 74/92/74
f 61/78/61 75/97/75 118/96/118
f 118/96/118 18/98/18 69/99/69
f 74/92/74 69/99/69 20/93/20
f 13/71/13 119/100/119 76/101/76
f 64/70/64 73/91/73 119/100/119
f 119/100/119 19/95/19 72/102/72
f 76/101/76 72/102/72 17/103/17
f 14/77/14 120/104/120 75/97/75
f 62/88/62 76/101/76 120/105/120
f 120/105/120 17/103/17 70/106/70
f 75/97/75 70/107/70 18/98/18
f 17/103/17 121/108/121 81/109/81
f 72/102/72 82/110/82 121/108/121
f 121/108/121 24/111/24 80/112/80
f 81/109/81 80/112/80 23/113/23
f 18/98/18 122/114/122 83/115/83
f 70/106/70 81/109/81 122/116/122
f 122/116/122 23/113/23 78/117/78
f 83/115/83 78/118/78 21/119/21
f 19/95/19 123/120/123 82/110/82
f 71/94/71 84/121/84 123/120/123
f 123/120/123 22/122/22 79/123/79
f 82/110/82 79/123/79 24/111/24
f 20/93/20 124/124/124 84/121/84
f 69/99/69 83/115/83 124/124/124
f 124/124/124 21/119/21 77/125/77
f 84/121/84 77/125/77 22/122/22
f 12/57/12 125/126/125 54/41/54
f 53/127/53 89/128/89 125/126/125
f 125/126/125 28/129/28 51/130/51
f 54/41/54 51/130/51 9/42/9
f 9/42/9 126/131/126 55/47/55
f 51/130/51 90/132/90 126/131/126
f 126/133/126 27/134/27 52/32/52
f 55/135/55 52/32/52 11/29/11
f 10/36/10 127/136/127 56/56/56
f 43/35/43 91/137/91 127/136/127
f 127/136/127 26/138/26 53/127/53
f 56/56/56 53/127/53 12/57/12
f 4/51/4 128/139/128 47/140/47
f 86/49/86 57/31/57 128/139/128
f 128/139/128 10/36/10 88/55/88
f 47/140/47 88/55/88 8/52/8
f 100/141/100 32/63/32 36/142/36
f 36/142/36 94/61/94 99/143/99
f 99/143/99 29/10/29 33/144/33
f 31/58/31 98/145/98 35/146/35
f 98/147/98 30/60/30 34/148/34
f 29/10/29 97/149/97 33/144/33
f 97/149/97 31/58/31 35/146/35
f 1803/150/1803 35/146/35 1802/151/1802
f 1802/151/1802 103/152/103 39/153/39
f 1804/154/1804 34/148/34 1801/155/1801
f 1799/156/1799 99/143/99 1805/157/1805
f 1805/157/1805 33/144/33 1800/158/1800
f 1801/155/1801 101/159/101 38/160/38
f 1806/161/1806 36/142/36 1799/156/1799
f 1811/162/1811 40/163/40 1810/164/1810
f 1810/164/1810 102/165/102 1812/166/1812
f 1812/166/1812 37/167/37 1807/168/1807
f 1817/169/1817 90/170/90 28/171/28
f 1813/172/1813 38/160/38 1808/173/1808
f 1815/174/1815 89/175/89 26/176/26
f 1814/177/1814 39/153/39 1809/178/1809
f 1800/158/1800 104/179/104 37/167/37
f 1816/180/1816 92/181/92 27/182/27
f 30/60/30 100/141/100 34/148/34
f 159/183/159 158/184/158 78/185/78
f 24/186/24 79/187/79 149/188/149
f 131/189/131 154/190/154 21/191/21
f 77/192/77 152/193/152 22/194/22
f 79/187/79 22/194/22 151/195/151
f 160/196/160 159/183/159 78/185/78
f 157/197/157 156/198/156 80/199/80
f 132/200/132 160/196/160 23/201/23
f 155/202/155 132/200/132 23/201/23
f 129/203/129 157/197/157 24/186/24
f 153/204/153 152/193/152 77/192/77
f 159/183/159 206/205/206 158/184/158
f 150/206/150 149/188/149 79/187/79
f 216/207/216 161/208/161 215/209/215
f 162/210/162 188/211/188 161/208/161
f 163/212/163 189/213/189 162/210/162
f 217/214/217 162/210/162 216/207/216
f 146/215/146 164/216/164 134/217/134
f 134/217/134 190/218/190 163/212/163
f 161/208/161 141/219/141 145/220/145
f 213/221/213 164/216/164 212/222/212
f 165/223/165 182/224/182 164/216/164
f 166/225/166 183/226/183 165/223/165
f 214/227/214 165/223/165 213/221/213
f 136/228/136 167/229/167 148/230/148
f 135/231/135 184/232/184 166/225/166
f 164/216/164 143/233/143 134/217/134
f 146/215/146 163/212/163 217/214/217
f 210/234/210 167/229/167 209/235/209
f 168/236/168 200/237/200 167/229/167
f 169/238/169 201/239/201 168/236/168
f 211/240/211 168/236/168 210/234/210
f 147/241/147 170/242/170 135/231/135
f 141/219/141 169/238/169 145/220/145
f 167/229/167 138/243/138 148/230/148
f 133/244/133 161/208/161 145/220/145
f 147/241/147 166/225/166 214/227/214
f 207/245/207 170/242/170 206/205/206
f 171/246/171 194/247/194 170/242/170
f 172/248/172 195/249/195 171/246/171
f 208/250/208 171/246/171 207/245/207
f 183/226/183 185/251/185 182/224/182
f 138/243/138 172/248/172 148/230/148
f 170/242/170 140/252/140 135/231/135
f 169/238/169 133/244/133 145/220/145
f 1794/253/1794 204/254/204 205/255/205
f 1797/256/1797 205/255/205 142/257/142
f 1796/258/1796 137/259/137 203/260/203
f 1792/261/1792 197/262/197 198/263/198
f 1791/264/1791 198/263/198 199/265/199
f 1783/266/1783 199/265/199 137/259/137
f 1793/267/1793 139/268/139 197/262/197
f 1789/269/1789 191/270/191 192/271/192
f 1788/272/1788 192/271/192 193/273/193
f 1798/274/1798 193/273/193 144/275/144
f 1790/276/1790 142/257/142 191/270/191
f 1786/277/1786 185/278/185 186/279/186
f 1785/280/1785 186/279/186 187/281/187
f 1784/282/1784 187/281/187 139/268/139
f 1787/283/1787 144/275/144 185/278/185
f 1775/284/1775 1776/285/1776 173/286/173
f 173/286/173 1782/287/1782 1779/288/1779
f 1778/289/1778 1781/290/1781 173/286/173
f 1779/288/1779 1780/291/1780 173/286/173
f 1776/285/1776 1777/292/1777 173/286/173
f 1777/292/1777 1778/289/1778 173/286/173
f 173/286/173 1780/291/1780 1775/284/1775
f 174/293/174 1759/294/1759 1760/295/1760
f 184/232/184 186/296/186 183/226/183
f 139/297/139 184/232/184 140/252/140
f 143/233/143 185/251/185 144/298/144
f 189/213/189 191/299/191 188/211/188
f 190/218/190 192/300/192 189/213/189
f 143/233/143 193/301/193 190/218/190
f 141/219/141 191/299/191 142/302/142
f 195/249/195 197/303/197 194/247/194
f 196/304/196 198/305/198 195/249/195
f 137/306/137 196/304/196 138/243/138
f 140/252/140 197/303/197 139/297/139
f 201/239/201 203/307/203 200/237/200
f 202/308/202 204/309/204 201/239/201
f 141/219/141 205/310/205 202/308/202
f 138/243/138 203/307/203 137/306/137
f 160/196/160 207/245/207 159/183/159
f 132/200/132 208/250/208 160/196/160
f 158/184/158 147/241/147 131/189/131
f 156/198/156 209/235/209 155/202/155
f 157/197/157 210/234/210 156/198/156
f 129/203/129 211/240/211 157/197/157
f 155/202/155 136/228/136 132/200/132
f 153/204/153 212/222/212 152/193/152
f 154/190/154 213/221/213 153/204/153
f 131/189/131 214/227/214 154/190/154
f 152/193/152 146/215/146 130/311/130
f 150/206/150 215/209/215 149/188/149
f 151/195/151 216/207/216 150/206/150
f 130/311/130 217/214/217 151/195/151
f 149/188/149 133/244/133 129/203/129
f 172/248/172 136/228/136 148/230/148
f 1795/312/1795 203/260/203 204/254/204
f 129/203/129 24/186/24 149/188/149
f 130/311/130 151/195/151 22/194/22
f 156/198/156 155/202/155 80/199/80
f 150/206/150 79/187/79 151/195/151
f 158/184/158 131/189/131 21/191/21
f 21/191/21 153/204/153 77/192/77
f 152/193/152 130/311/130 22/194/22
f 24/186/24 157/197/157 80/199/80
f 80/199/80 155/202/155 23/201/23
f 23/201/23 160/196/160 78/185/78
f 78/185/78 158/184/158 21/191/21
f 240/313/240 248/314/248 242/315/242
f 238/316/238 251/317/251 239/318/239
f 240/319/240 250/320/250 238/316/238
f 253/321/253 236/322/236 252/323/252
f 251/317/251 233/324/233 234/325/234
f 250/320/250 236/322/236 233/324/233
f 242/326/242 252/323/252 240/319/240
f 234/325/234 247/327/247 246/328/246
f 245/329/245 237/330/237 234/325/234
f 247/327/247 236/322/236 244/331/244
f 218/332/218 260/333/260 230/334/230
f 223/335/223 221/336/221 225/337/225
f 226/338/226 237/339/237 228/340/228
f 222/341/222 227/342/227 220/343/220
f 231/344/231 228/340/228 229/345/229
f 230/334/230 227/342/227 258/346/258
f 230/334/230 232/347/232 229/345/229
f 226/338/226 231/344/231 259/348/259
f 232/347/232 231/344/231 229/345/229
f 231/344/231 232/347/232 261/349/261
f 234/325/234 237/330/237 251/317/251
f 246/328/246 238/350/238 239/351/239
f 241/352/241 246/328/246 239/351/239
f 238/350/238 244/331/244 240/313/240
f 239/318/239 237/330/237 241/353/241
f 242/315/242 243/354/243 256/355/256
f 242/326/242 249/356/249 253/321/253
f 253/321/253 249/356/249 235/357/235
f 256/355/256 243/354/243 255/358/255
f 256/359/256 257/360/257 242/326/242
f 254/361/254 256/359/256 255/362/255
f 254/361/254 249/356/249 257/360/257
f 246/328/246 245/329/245 234/325/234
f 218/332/218 230/334/230 258/346/258
f 258/346/258 227/342/227 222/341/222
f 259/348/259 231/344/231 219/363/219
f 259/348/259 223/335/223 226/338/226
f 230/334/230 260/333/260 232/347/232
f 261/349/261 219/363/219 231/344/231
f 229/345/229 227/342/227 230/334/230
f 220/343/220 227/342/227 224/364/224
f 226/338/226 223/335/223 225/337/225
f 284/313/284 292/314/292 286/315/286
f 282/316/282 295/317/295 283/318/283
f 284/319/284 294/320/294 282/316/282
f 297/321/297 280/322/280 296/323/296
f 295/317/295 277/324/277 278/325/278
f 294/320/294 280/322/280 277/324/277
f 286/326/286 296/323/296 284/319/284
f 278/325/278 291/327/291 290/328/290
f 289/329/289 281/365/281 278/325/278
f 291/327/291 280/322/280 288/331/288
f 262/332/262 304/333/304 274/334/274
f 267/335/267 265/336/265 269/337/269
f 270/338/270 281/339/281 272/340/272
f 266/341/266 271/342/271 264/343/264
f 306/366/306 274/334/274 273/345/273
f 275/344/275 306/366/306 273/345/273
f 274/334/274 271/342/271 302/346/302
f 274/334/274 276/347/276 273/345/273
f 270/338/270 275/344/275 303/348/303
f 276/347/276 275/344/275 273/345/273
f 275/344/275 276/347/276 305/349/305
f 278/325/278 281/365/281 295/317/295
f 290/328/290 282/350/282 283/351/283
f 285/352/285 290/328/290 283/351/283
f 282/350/282 288/331/288 284/313/284
f 283/318/283 281/365/281 285/353/285
f 286/315/286 287/354/287 300/355/300
f 286/326/286 293/356/293 297/321/297
f 297/321/297 293/356/293 279/357/279
f 300/355/300 287/354/287 299/358/299
f 300/359/300 301/360/301 286/326/286
f 298/361/298 300/359/300 299/362/299
f 298/361/298 293/356/293 301/360/301
f 290/328/290 289/329/289 278/325/278
f 262/332/262 274/334/274 302/346/302
f 302/346/302 271/342/271 266/341/266
f 303/348/303 275/344/275 263/363/263
f 303/348/303 267/335/267 270/338/270
f 274/334/274 304/333/304 276/347/276
f 305/349/305 263/363/263 275/344/275
f 306/366/306 271/342/271 274/334/274
f 306/366/306 270/338/270 272/340/272
f 271/342/271 306/366/306 272/340/272
f 275/344/275 270/338/270 306/366/306
f 264/343/264 271/342/271 268/364/268
f 270/338/270 267/335/267 269/337/269
f 329/313/329 337/314/337 331/315/331
f 327/316/327 340/317/340 328/318/328
f 329/319/329 339/320/339 327/316/327
f 342/321/342 325/322/325 341/323/341
f 340/317/340 322/324/322 323/325/323
f 339/320/339 325/322/325 322/324/322
f 331/326/331 341/323/341 329/319/329
f 323/325/323 336/327/336 335/328/335
f 334/329/334 326/330/326 323/325/323
f 336/327/336 325/322/325 333/331/333
f 307/332/307 349/333/349 319/334/319
f 312/335/312 310/336/310 314/337/314
f 315/338/315 326/339/326 317/340/317
f 311/341/311 316/342/316 309/343/309
f 351/366/351 319/334/319 318/345/318
f 320/344/320 351/366/351 318/345/318
f 319/334/319 316/342/316 347/346/347
f 319/334/319 321/347/321 318/345/318
f 315/338/315 320/344/320 348/348/348
f 321/347/321 320/344/320 318/345/318
f 320/344/320 321/347/321 350/349/350
f 323/325/323 326/330/326 340/317/340
f 335/328/335 327/350/327 328/351/328
f 330/367/330 335/328/335 328/351/328
f 243/354/243 248/314/248 235/357/235
f 327/350/327 333/331/333 329/313/329
f 328/318/328 326/330/326 330/368/330
f 331/315/331 332/354/332 345/355/345
f 331/326/331 338/356/338 342/321/342
f 236/322/236 248/314/248 244/331/244
f 342/321/342 338/356/338 324/357/324
f 345/355/345 332/354/332 344/358/344
f 345/359/345 346/360/346 331/326/331
f 343/361/343 345/359/345 344/362/344
f 343/361/343 338/356/338 346/360/346
f 335/328/335 334/329/334 323/325/323
f 307/332/307 319/334/319 347/346/347
f 347/346/347 316/342/316 311/341/311
f 348/348/348 320/344/320 308/363/308
f 348/348/348 312/335/312 315/338/315
f 319/334/319 349/333/349 321/347/321
f 350/349/350 308/363/308 320/344/320
f 351/366/351 316/342/316 319/334/319
f 351/366/351 315/338/315 317/340/317
f 316/342/316 351/366/351 317/340/317
f 320/344/320 315/338/315 351/366/351
f 309/343/309 316/342/316 313/364/313
f 315/338/315 312/335/312 314/337/314
f 374/313/374 382/314/382 376/315/376
f 372/316/372 385/317/385 373/318/373
f 374/319/374 384/320/384 372/316/372
f 387/321/387 370/322/370 386/323/386
f 385/317/385 367/324/367 368/325/368
f 384/320/384 370/322/370 367/324/367
f 376/326/376 386/323/386 374/319/374
f 368/325/368 381/327/381 380/328/380
f 379/329/379 371/330/371 368/325/368
f 381/327/381 370/322/370 378/331/378
f 352/332/352 394/333/394 364/334/364
f 357/335/357 355/336/355 359/337/359
f 360/338/360 371/339/371 362/340/362
f 356/341/356 361/342/361 354/343/354
f 396/366/396 364/334/364 363/345/363
f 365/344/365 396/366/396 363/345/363
f 364/334/364 361/342/361 392/346/392
f 364/334/364 366/347/366 363/345/363
f 360/338/360 365/344/365 393/348/393
f 366/347/366 365/344/365 363/345/363
f 365/344/365 366/347/366 395/349/395
f 368/325/368 371/330/371 385/317/385
f 380/328/380 372/350/372 373/351/373
f 375/352/375 380/328/380 373/351/373
f 372/350/372 378/331/378 374/313/374
f 373/318/373 371/330/371 375/353/375
f 376/315/376 377/354/377 390/355/390
f 376/326/376 383/356/383 387/321/387
f 387/321/387 383/356/383 369/357/369
f 390/355/390 377/354/377 389/358/389
f 390/359/390 391/360/391 376/326/376
f 388/361/388 390/359/390 389/362/389
f 388/361/388 383/356/383 391/360/391
f 380/328/380 379/329/379 368/325/368
f 352/332/352 364/334/364 392/346/392
f 392/346/392 361/342/361 356/341/356
f 393/348/393 365/344/365 353/363/353
f 393/348/393 357/335/357 360/338/360
f 364/334/364 394/333/394 366/347/366
f 395/349/395 353/363/353 365/344/365
f 396/366/396 361/342/361 364/334/364
f 396/366/396 360/338/360 362/340/362
f 361/342/361 396/366/396 362/340/362
f 365/344/365 360/338/360 396/366/396
f 354/343/354 361/342/361 358/364/358
f 360/338/360 357/335/357 359/337/359
f 397/332/397 414/333/414 409/334/409
f 405/338/405 400/336/400 404/337/404
f 426/340/426 422/364/422 425/342/425
f 405/338/405 1697/339/1697 407/340/407
f 401/341/401 403/364/403 399/343/399
f 408/345/408 406/342/406 409/334/409
f 408/345/408 405/338/405 407/340/407
f 409/334/409 406/342/406 413/369/413
f 409/334/409 411/347/411 408/345/408
f 405/338/405 410/370/410 412/348/412
f 411/347/411 410/370/410 408/345/408
f 410/370/410 411/347/411 415/371/415
f 412/348/412 410/370/410 398/363/398
f 412/348/412 402/335/402 405/338/405
f 413/369/413 406/342/406 401/341/401
f 413/369/413 397/332/397 409/334/409
f 409/334/409 414/333/414 411/347/411
f 415/371/415 398/363/398 410/370/410
f 438/313/438 446/314/446 440/315/440
f 436/316/436 449/317/449 437/318/437
f 438/319/438 448/320/448 436/316/436
f 451/321/451 434/322/434 450/323/450
f 449/317/449 431/324/431 432/325/432
f 448/320/448 434/322/434 431/324/431
f 440/326/440 450/323/450 438/319/438
f 432/325/432 445/327/445 444/328/444
f 443/329/443 435/365/435 432/325/432
f 445/327/445 434/322/434 442/331/442
f 416/332/416 458/333/458 428/334/428
f 421/335/421 419/336/419 423/337/423
f 471/340/471 467/364/467 470/342/470
f 424/338/424 435/339/435 426/340/426
f 420/341/420 425/342/425 418/343/418
f 460/366/460 428/334/428 427/345/427
f 429/344/429 460/366/460 427/345/427
f 428/334/428 425/342/425 456/346/456
f 428/334/428 430/347/430 427/345/427
f 424/338/424 429/344/429 457/348/457
f 430/347/430 429/344/429 427/345/427
f 429/344/429 430/347/430 459/349/459
f 432/325/432 435/365/435 449/317/449
f 444/328/444 436/350/436 437/351/437
f 439/352/439 444/328/444 437/351/437
f 436/350/436 442/331/442 438/313/438
f 437/318/437 435/365/435 439/353/439
f 440/315/440 441/354/441 454/355/454
f 440/326/440 447/356/447 451/321/451
f 451/321/451 447/356/447 433/357/433
f 454/355/454 441/354/441 453/358/453
f 454/359/454 455/360/455 440/326/440
f 452/361/452 454/359/454 453/362/453
f 452/361/452 447/356/447 455/360/455
f 444/328/444 443/329/443 432/325/432
f 416/332/416 428/334/428 456/346/456
f 456/346/456 425/342/425 420/341/420
f 457/348/457 429/344/429 417/363/417
f 457/348/457 421/335/421 424/338/424
f 428/334/428 458/333/458 430/347/430
f 459/349/459 417/363/417 429/344/429
f 460/366/460 425/342/425 428/334/428
f 460/366/460 424/338/424 426/340/426
f 425/342/425 460/366/460 426/340/426
f 429/344/429 424/338/424 460/366/460
f 418/343/418 425/342/425 422/364/422
f 424/338/424 421/335/421 423/337/423
f 483/313/483 491/314/491 485/315/485
f 481/316/481 494/317/494 482/318/482
f 483/319/483 493/320/493 481/316/481
f 479/322/479 495/323/495 496/321/496
f 494/317/494 476/324/476 477/325/477
f 493/320/493 479/322/479 476/324/476
f 485/326/485 495/323/495 483/319/483
f 477/325/477 490/327/490 489/328/489
f 488/329/488 480/365/480 477/325/477
f 490/327/490 479/322/479 487/331/487
f 461/332/461 503/333/503 473/334/473
f 466/335/466 464/336/464 468/337/468
f 516/340/516 512/364/512 515/342/515
f 469/338/469 480/339/480 471/340/471
f 465/341/465 470/342/470 463/343/463
f 505/366/505 473/334/473 472/345/472
f 474/344/474 505/366/505 472/345/472
f 473/334/473 470/342/470 501/346/501
f 473/334/473 475/347/475 472/345/472
f 469/338/469 474/344/474 502/348/502
f 475/347/475 474/344/474 472/345/472
f 474/344/474 475/347/475 504/349/504
f 477/325/477 480/365/480 494/317/494
f 489/328/489 481/350/481 482/351/482
f 484/352/484 489/328/489 482/351/482
f 496/321/496 492/356/492 478/357/478
f 481/350/481 487/331/487 483/313/483
f 482/318/482 480/365/480 484/353/484
f 485/315/485 486/354/486 499/355/499
f 485/326/485 492/356/492 496/321/496
f 487/331/487 479/322/479 491/314/491
f 478/357/478 479/322/479 496/321/496
f 499/355/499 486/354/486 498/358/498
f 499/359/499 500/360/500 485/326/485
f 497/361/497 499/359/499 498/362/498
f 497/361/497 492/356/492 500/360/500
f 489/328/489 488/329/488 477/325/477
f 461/332/461 473/334/473 501/346/501
f 501/346/501 470/342/470 465/341/465
f 502/348/502 474/344/474 462/363/462
f 502/348/502 466/335/466 469/338/469
f 473/334/473 503/333/503 475/347/475
f 504/349/504 462/363/462 474/344/474
f 505/366/505 470/342/470 473/334/473
f 505/366/505 469/338/469 471/340/471
f 470/342/470 505/366/505 471/340/471
f 474/344/474 469/338/469 505/366/505
f 463/343/463 470/342/470 467/364/467
f 469/338/469 466/335/466 468/337/468
f 528/313/528 536/314/536 530/315/530
f 526/316/526 539/317/539 527/318/527
f 528/319/528 538/320/538 526/316/526
f 541/321/541 524/322/524 540/323/540
f 539/317/539 521/324/521 522/325/522
f 538/320/538 524/322/524 521/324/521
f 530/326/530 540/323/540 528/319/528
f 522/325/522 535/327/535 534/328/534
f 533/329/533 525/365/525 522/325/522
f 535/327/535 524/322/524 532/331/532
f 506/332/506 548/333/548 518/334/518
f 511/335/511 509/336/509 513/337/513
f 561/340/561 557/364/557 560/342/560
f 514/338/514 525/339/525 516/340/516
f 510/341/510 515/342/515 508/343/508
f 550/366/550 518/334/518 517/345/517
f 519/344/519 550/366/550 517/345/517
f 518/334/518 515/342/515 546/346/546
f 518/334/518 520/347/520 517/345/517
f 514/338/514 519/344/519 547/348/547
f 520/347/520 519/344/519 517/345/517
f 519/344/519 520/347/520 549/349/549
f 522/325/522 525/365/525 539/317/539
f 534/328/534 526/350/526 527/351/527
f 529/352/529 534/328/534 527/351/527
f 526/350/526 532/331/532 528/313/528
f 527/318/527 525/365/525 529/353/529
f 530/315/530 531/354/531 544/355/544
f 530/326/530 537/356/537 541/321/541
f 541/321/541 537/356/537 523/357/523
f 544/355/544 531/354/531 543/358/543
f 544/359/544 545/360/545 530/326/530
f 542/361/542 544/359/544 543/362/543
f 542/361/542 537/356/537 545/360/545
f 534/328/534 533/329/533 522/325/522
f 506/332/506 518/334/518 546/346/546
f 546/346/546 515/342/515 510/341/510
f 547/348/547 519/344/519 507/363/507
f 547/348/547 511/335/511 514/338/514
f 518/334/518 548/333/548 520/347/520
f 549/349/549 507/363/507 519/344/519
f 550/366/550 515/342/515 518/334/518
f 550/366/550 514/338/514 516/340/516
f 515/342/515 550/366/550 516/340/516
f 519/344/519 514/338/514 550/366/550
f 508/343/508 515/342/515 512/364/512
f 514/338/514 511/335/511 513/337/513
f 573/313/573 581/314/581 575/315/575
f 571/316/571 584/317/584 572/318/572
f 573/319/573 583/320/583 571/316/571
f 569/322/569 585/323/585 586/321/586
f 584/317/584 566/324/566 567/325/567
f 583/320/583 569/322/569 566/324/566
f 575/326/575 585/323/585 573/319/573
f 567/325/567 580/327/580 579/328/579
f 578/329/578 570/365/570 567/325/567
f 580/327/580 569/322/569 577/331/577
f 551/332/551 593/333/593 563/334/563
f 556/335/556 554/336/554 558/337/558
f 606/340/606 602/364/602 605/342/605
f 559/338/559 570/339/570 561/340/561
f 555/341/555 560/342/560 553/343/553
f 595/366/595 563/334/563 562/345/562
f 564/344/564 595/366/595 562/345/562
f 563/334/563 560/342/560 591/346/591
f 563/334/563 565/347/565 562/345/562
f 559/338/559 564/344/564 592/348/592
f 565/347/565 564/344/564 562/345/562
f 564/344/564 565/347/565 594/349/594
f 567/325/567 570/365/570 584/317/584
f 579/328/579 571/350/571 572/351/572
f 574/352/574 579/328/579 572/351/572
f 586/321/586 582/356/582 568/357/568
f 571/350/571 577/331/577 573/313/573
f 572/318/572 570/365/570 574/353/574
f 581/314/581 576/354/576 589/355/589
f 590/360/590 582/356/582 586/321/586
f 577/331/577 569/322/569 581/314/581
f 568/357/568 569/322/569 586/321/586
f 589/355/589 576/354/576 588/358/588
f 589/359/589 590/360/590 575/326/575
f 587/361/587 589/359/589 588/362/588
f 587/361/587 582/356/582 590/360/590
f 579/328/579 578/329/578 567/325/567
f 551/332/551 563/334/563 591/346/591
f 591/346/591 560/342/560 555/341/555
f 592/348/592 564/344/564 552/363/552
f 592/348/592 556/335/556 559/338/559
f 563/334/563 593/333/593 565/347/565
f 594/349/594 552/363/552 564/344/564
f 595/366/595 560/342/560 563/334/563
f 595/366/595 559/338/559 561/340/561
f 560/342/560 595/366/595 561/340/561
f 564/344/564 559/338/559 595/366/595
f 553/343/553 560/342/560 557/364/557
f 559/338/559 556/335/556 558/337/558
f 618/313/618 626/314/626 620/315/620
f 616/316/616 629/317/629 617/318/617
f 618/319/618 628/320/628 616/316/616
f 631/321/631 614/322/614 630/323/630
f 629/317/629 611/324/611 612/325/612
f 628/320/628 614/322/614 611/324/611
f 620/326/620 630/323/630 618/319/618
f 612/325/612 625/327/625 624/328/624
f 623/329/623 615/365/615 612/325/612
f 625/327/625 614/322/614 622/331/622
f 596/332/596 638/333/638 608/334/608
f 601/335/601 599/336/599 603/337/603
f 651/340/651 647/364/647 650/342/650
f 604/338/604 615/339/615 606/340/606
f 600/341/600 605/342/605 598/343/598
f 640/366/640 608/334/608 607/345/607
f 609/344/609 640/366/640 607/345/607
f 608/334/608 605/342/605 636/346/636
f 608/334/608 610/347/610 607/345/607
f 604/338/604 609/344/609 637/348/637
f 610/347/610 609/344/609 607/345/607
f 609/344/609 610/347/610 639/349/639
f 612/325/612 615/365/615 629/317/629
f 624/328/624 616/350/616 617/351/617
f 619/352/619 624/328/624 617/351/617
f 616/350/616 622/331/622 618/313/618
f 617/318/617 615/365/615 619/353/619
f 620/315/620 621/354/621 634/355/634
f 620/326/620 627/356/627 631/321/631
f 631/321/631 627/356/627 613/357/613
f 634/355/634 621/354/621 633/358/633
f 634/359/634 635/360/635 620/326/620
f 632/361/632 634/359/634 633/362/633
f 632/361/632 627/356/627 635/360/635
f 624/328/624 623/329/623 612/325/612
f 596/332/596 608/334/608 636/346/636
f 636/346/636 605/342/605 600/341/600
f 637/348/637 609/344/609 597/363/597
f 637/348/637 601/335/601 604/338/604
f 608/334/608 638/333/638 610/347/610
f 639/349/639 597/363/597 609/344/609
f 640/366/640 605/342/605 608/334/608
f 640/366/640 604/338/604 606/340/606
f 605/342/605 640/366/640 606/340/606
f 609/344/609 604/338/604 640/366/640
f 598/343/598 605/342/605 602/364/602
f 604/338/604 601/335/601 603/337/603
f 641/332/641 658/333/658 653/334/653
f 649/338/649 644/336/644 648/337/648
f 670/340/670 666/364/666 669/342/669
f 649/338/649 1722/339/1722 651/340/651
f 645/341/645 647/364/647 643/343/643
f 652/345/652 650/342/650 653/334/653
f 652/345/652 649/338/649 651/340/651
f 653/334/653 650/342/650 657/369/657
f 653/334/653 655/347/655 652/345/652
f 649/338/649 654/370/654 656/348/656
f 655/347/655 654/370/654 652/345/652
f 654/370/654 655/347/655 659/371/659
f 656/348/656 654/370/654 642/363/642
f 656/348/656 646/335/646 649/338/649
f 657/369/657 650/342/650 645/341/645
f 657/369/657 641/332/641 653/334/653
f 653/334/653 658/333/658 655/347/655
f 659/371/659 642/363/642 654/370/654
f 682/313/682 690/314/690 684/315/684
f 680/316/680 693/317/693 681/318/681
f 682/319/682 692/320/692 680/316/680
f 695/321/695 678/322/678 694/323/694
f 693/317/693 675/324/675 676/325/676
f 692/320/692 678/322/678 675/324/675
f 684/326/684 694/323/694 682/319/682
f 676/325/676 689/327/689 688/328/688
f 687/329/687 679/365/679 676/325/676
f 689/327/689 678/322/678 686/331/686
f 660/332/660 702/333/702 672/334/672
f 665/335/665 663/336/663 667/337/667
f 715/340/715 711/364/711 714/342/714
f 668/338/668 679/339/679 670/340/670
f 664/341/664 669/342/669 662/343/662
f 704/366/704 672/334/672 671/345/671
f 673/344/673 704/366/704 671/345/671
f 672/334/672 669/342/669 700/346/700
f 672/334/672 674/347/674 671/345/671
f 668/338/668 673/344/673 701/348/701
f 674/347/674 673/344/673 671/345/671
f 673/344/673 674/347/674 703/349/703
f 676/325/676 679/365/679 693/317/693
f 688/328/688 680/350/680 681/351/681
f 683/352/683 688/328/688 681/351/681
f 680/350/680 686/331/686 682/313/682
f 681/318/681 679/365/679 683/353/683
f 684/315/684 685/354/685 698/355/698
f 684/326/684 691/356/691 695/321/695
f 768/322/768 780/314/780 776/331/776
f 695/321/695 691/356/691 677/357/677
f 698/355/698 685/354/685 697/358/697
f 698/359/698 699/360/699 684/326/684
f 696/361/696 698/359/698 697/362/697
f 696/361/696 691/356/691 699/360/699
f 688/328/688 687/329/687 676/325/676
f 660/332/660 672/334/672 700/346/700
f 700/346/700 669/342/669 664/341/664
f 701/348/701 673/344/673 661/363/661
f 701/348/701 665/335/665 668/338/668
f 672/334/672 702/333/702 674/347/674
f 703/349/703 661/363/661 673/344/673
f 704/366/704 669/342/669 672/334/672
f 704/366/704 668/338/668 670/340/670
f 669/342/669 704/366/704 670/340/670
f 673/344/673 668/338/668 704/366/704
f 662/343/662 669/342/669 666/364/666
f 668/338/668 665/335/665 667/337/667
f 727/313/727 735/314/735 729/315/729
f 725/316/725 738/317/738 726/318/726
f 727/319/727 737/320/737 725/316/725
f 740/321/740 723/322/723 739/323/739
f 738/317/738 720/324/720 721/325/721
f 737/320/737 723/322/723 720/324/720
f 729/326/729 739/323/739 727/319/727
f 721/325/721 734/327/734 733/328/733
f 732/329/732 724/365/724 721/325/721
f 734/327/734 723/322/723 731/331/731
f 705/332/705 747/333/747 717/334/717
f 710/335/710 708/336/708 712/337/712
f 760/340/760 756/364/756 759/342/759
f 713/338/713 724/339/724 715/340/715
f 709/341/709 714/342/714 707/343/707
f 749/366/749 717/334/717 716/345/716
f 718/344/718 749/366/749 716/345/716
f 717/334/717 714/342/714 745/346/745
f 717/334/717 719/347/719 716/345/716
f 713/338/713 718/344/718 746/348/746
f 719/347/719 718/344/718 716/345/716
f 718/344/718 719/347/719 748/349/748
f 721/325/721 724/365/724 738/317/738
f 733/328/733 725/350/725 726/351/726
f 728/352/728 733/328/733 726/351/726
f 685/354/685 690/314/690 677/357/677
f 725/350/725 731/331/731 727/313/727
f 726/318/726 724/365/724 728/353/728
f 729/315/729 730/354/730 743/355/743
f 729/326/729 736/356/736 740/321/740
f 678/322/678 690/314/690 686/331/686
f 740/321/740 736/356/736 722/357/722
f 743/355/743 730/354/730 742/358/742
f 743/359/743 744/360/744 729/326/729
f 741/361/741 743/359/743 742/362/742
f 741/361/741 736/356/736 744/360/744
f 733/328/733 732/329/732 721/325/721
f 705/332/705 717/334/717 745/346/745
f 745/346/745 714/342/714 709/341/709
f 746/348/746 718/344/718 706/363/706
f 746/348/746 710/335/710 713/338/713
f 717/334/717 747/333/747 719/347/719
f 748/349/748 706/363/706 718/344/718
f 749/366/749 714/342/714 717/334/717
f 749/366/749 713/338/713 715/340/715
f 714/342/714 749/366/749 715/340/715
f 718/344/718 713/338/713 749/366/749
f 707/343/707 714/342/714 711/364/711
f 713/338/713 710/335/710 712/337/712
f 772/313/772 780/314/780 774/315/774
f 770/372/770 783/317/783 771/318/771
f 772/319/772 782/373/782 770/372/770
f 785/321/785 768/322/768 784/323/784
f 783/317/783 765/374/765 766/325/766
f 782/373/782 768/322/768 765/374/765
f 774/326/774 784/323/784 772/319/772
f 766/325/766 779/375/779 778/328/778
f 777/329/777 769/365/769 766/325/766
f 779/375/779 768/322/768 776/331/776
f 750/332/750 792/333/792 762/334/762
f 755/335/755 753/336/753 757/337/757
f 805/340/805 801/364/801 804/342/804
f 758/338/758 769/339/769 760/340/760
f 754/341/754 759/342/759 752/343/752
f 794/366/794 762/334/762 761/345/761
f 763/344/763 794/366/794 761/345/761
f 762/334/762 759/342/759 790/346/790
f 762/334/762 764/347/764 761/345/761
f 758/338/758 763/344/763 791/348/791
f 764/347/764 763/344/763 761/345/761
f 763/344/763 764/347/764 793/349/793
f 766/325/766 769/365/769 783/317/783
f 778/328/778 770/376/770 771/351/771
f 773/352/773 778/328/778 771/351/771
f 770/376/770 776/331/776 772/313/772
f 771/318/771 769/365/769 773/353/773
f 774/315/774 775/354/775 788/355/788
f 774/326/774 781/356/781 785/321/785
f 785/321/785 781/356/781 767/357/767
f 788/355/788 775/354/775 787/358/787
f 788/359/788 789/360/789 774/326/774
f 786/361/786 788/359/788 787/362/787
f 786/361/786 781/356/781 789/360/789
f 778/328/778 777/329/777 766/325/766
f 750/332/750 762/334/762 790/346/790
f 790/346/790 759/342/759 754/341/754
f 791/348/791 763/344/763 751/363/751
f 791/348/791 755/335/755 758/338/758
f 762/334/762 792/333/792 764/347/764
f 793/349/793 751/363/751 763/344/763
f 794/366/794 759/342/759 762/334/762
f 794/366/794 758/338/758 760/340/760
f 759/342/759 794/366/794 760/340/760
f 763/344/763 758/338/758 794/366/794
f 752/343/752 759/342/759 756/364/756
f 758/338/758 755/335/755 757/337/757
f 817/313/817 825/377/825 819/378/819
f 815/316/815 828/379/828 816/380/816
f 817/319/817 827/320/827 815/316/815
f 821/331/821 812/381/812 825/377/825
f 828/379/828 810/324/810 811/382/811
f 827/320/827 813/322/813 810/324/810
f 819/383/819 829/323/829 817/319/817
f 811/382/811 824/327/824 823/384/823
f 822/329/822 814/365/814 811/382/811
f 824/327/824 813/322/813 821/331/821
f 795/332/795 837/333/837 807/334/807
f 800/335/800 798/336/798 802/337/802
f 850/340/850 846/364/846 849/342/849
f 803/338/803 814/339/814 805/340/805
f 799/341/799 804/342/804 797/343/797
f 839/366/839 807/334/807 806/345/806
f 808/344/808 839/366/839 806/345/806
f 807/334/807 804/342/804 835/346/835
f 807/334/807 809/347/809 806/345/806
f 803/338/803 808/344/808 836/348/836
f 809/347/809 808/344/808 806/345/806
f 808/344/808 809/347/809 838/349/838
f 811/382/811 814/365/814 828/379/828
f 823/384/823 815/350/815 816/385/816
f 818/352/818 823/384/823 816/385/816
f 813/322/813 830/386/830 812/381/812
f 815/350/815 821/331/821 817/313/817
f 816/380/816 814/365/814 818/353/818
f 819/378/819 820/354/820 833/355/833
f 819/383/819 826/356/826 830/386/830
f 825/377/825 812/357/812 820/354/820
f 830/386/830 826/356/826 812/381/812
f 833/355/833 820/354/820 832/358/832
f 833/359/833 834/360/834 819/383/819
f 831/361/831 833/359/833 832/362/832
f 831/361/831 826/356/826 834/360/834
f 823/384/823 822/329/822 811/382/811
f 795/332/795 807/334/807 835/346/835
f 835/346/835 804/342/804 799/341/799
f 836/348/836 808/344/808 796/363/796
f 836/348/836 800/335/800 803/338/803
f 807/334/807 837/333/837 809/347/809
f 838/349/838 796/363/796 808/344/808
f 839/366/839 804/342/804 807/334/807
f 839/366/839 803/338/803 805/340/805
f 804/342/804 839/366/839 805/340/805
f 808/344/808 803/338/803 839/366/839
f 797/343/797 804/342/804 801/364/801
f 803/338/803 800/335/800 802/337/802
f 862/326/862 869/387/869 859/388/859
f 859/388/859 870/317/870 860/318/860
f 859/389/859 867/314/867 862/315/862
f 870/317/870 855/390/855 856/325/856
f 866/391/866 858/381/858 867/314/867
f 856/325/856 866/391/866 865/328/865
f 864/329/864 857/365/857 856/325/856
f 840/332/840 878/333/878 852/334/852
f 845/335/845 843/336/843 847/337/847
f 1219/340/1219 1215/364/1215 1218/342/1218
f 848/338/848 857/339/857 850/340/850
f 844/341/844 849/342/849 842/343/842
f 880/366/880 852/334/852 851/345/851
f 853/344/853 880/366/880 851/345/851
f 852/334/852 849/342/849 876/346/876
f 852/334/852 854/347/854 851/345/851
f 848/338/848 853/344/853 877/348/877
f 854/347/854 853/344/853 851/345/851
f 853/344/853 854/347/854 879/349/879
f 856/325/856 857/365/857 870/317/870
f 865/328/865 859/389/859 860/351/860
f 861/352/861 865/328/865 860/351/860
f 860/318/860 857/365/857 861/353/861
f 862/315/862 863/354/863 874/355/874
f 862/326/862 868/356/868 871/321/871
f 863/354/863 867/314/867 858/381/858
f 874/355/874 863/354/863 873/358/873
f 874/359/874 875/360/875 862/326/862
f 872/361/872 874/359/874 873/362/873
f 872/361/872 868/356/868 875/360/875
f 865/328/865 864/329/864 856/325/856
f 840/332/840 852/334/852 876/346/876
f 876/346/876 849/342/849 844/341/844
f 877/348/877 853/344/853 841/363/841
f 877/348/877 845/335/845 848/338/848
f 852/334/852 878/333/878 854/347/854
f 879/349/879 841/363/841 853/344/853
f 880/366/880 849/342/849 852/334/852
f 880/366/880 848/338/848 850/340/850
f 849/342/849 880/366/880 850/340/850
f 853/344/853 848/338/848 880/366/880
f 842/343/842 849/342/849 846/364/846
f 848/338/848 845/335/845 847/337/847
f 892/392/892 895/393/895 891/394/891
f 893/395/893 894/396/894 890/397/890
f 894/396/894 895/393/895 890/397/890
f 889/398/889 882/399/882 888/400/888
f 921/393/921 922/401/922 916/397/916
f 887/402/887 881/403/881 888/400/888
f 882/399/882 887/402/887 888/400/888
f 889/398/889 888/400/888 881/403/881
f 896/401/896 898/404/898 902/405/902
f 891/406/891 893/395/893 892/407/892
f 885/408/885 894/409/894 883/410/883
f 893/395/893 898/411/898 892/407/892
f 898/411/898 899/412/899 905/413/905
f 898/404/898 901/414/901 902/405/902
f 902/405/902 901/414/901 897/415/897
f 897/415/897 890/397/890 902/405/902
f 905/413/905 899/412/899 904/416/904
f 905/417/905 906/418/906 898/404/898
f 903/419/903 905/417/905 904/420/904
f 903/419/903 901/414/901 906/418/906
f 890/397/890 896/401/896 902/405/902
f 900/421/900 893/395/893 890/397/890
f 918/392/918 921/393/921 917/394/917
f 919/395/919 920/396/920 916/397/916
f 920/396/920 921/393/921 916/397/916
f 915/398/915 908/399/908 914/400/914
f 913/402/913 907/403/907 914/400/914
f 908/399/908 913/402/913 914/400/914
f 915/398/915 914/400/914 907/403/907
f 922/401/922 924/404/924 928/405/928
f 917/406/917 919/395/919 918/407/918
f 911/408/911 920/409/920 909/410/909
f 919/395/919 924/411/924 918/407/918
f 924/411/924 925/412/925 931/413/931
f 924/404/924 927/414/927 928/405/928
f 926/421/926 923/415/923 925/412/925
f 928/405/928 927/414/927 923/415/923
f 931/413/931 925/412/925 930/416/930
f 931/417/931 932/418/932 924/404/924
f 929/419/929 931/417/931 930/420/930
f 929/419/929 927/414/927 932/418/932
f 916/397/916 922/401/922 928/405/928
f 923/415/923 926/421/926 916/397/916
f 944/392/944 947/393/947 943/394/943
f 947/393/947 948/401/948 942/397/942
f 946/396/946 947/393/947 942/397/942
f 941/398/941 934/399/934 940/400/940
f 939/402/939 933/403/933 940/400/940
f 934/399/934 939/402/939 940/400/940
f 941/398/941 940/400/940 933/403/933
f 948/401/948 950/404/950 954/405/954
f 943/406/943 945/395/945 944/407/944
f 937/408/937 946/409/946 935/410/935
f 945/395/945 950/411/950 944/407/944
f 950/411/950 951/412/951 957/413/957
f 950/404/950 953/414/953 954/405/954
f 952/421/952 949/415/949 951/412/951
f 954/405/954 953/414/953 949/415/949
f 957/413/957 951/412/951 956/416/956
f 957/417/957 958/418/958 950/404/950
f 955/419/955 957/417/957 956/420/956
f 955/419/955 953/414/953 958/418/958
f 942/397/942 948/401/948 954/405/954
f 942/397/942 949/415/949 952/421/952
f 1009/422/1009 965/423/965 963/424/963
f 1012/425/1012 968/426/968 970/427/970
f 1011/428/1011 969/429/969 967/430/967
f 974/424/974 1013/431/1013 972/423/972
f 975/424/975 1016/432/1016 977/423/977
f 1013/431/1013 973/433/973 971/434/971
f 982/435/982 1017/436/1017 980/437/980
f 1016/432/1016 976/433/976 978/434/978
f 986/424/986 1019/438/1019 984/423/984
f 1017/436/1017 981/439/981 979/440/979
f 1023/441/1023 993/433/993 991/434/991
f 1019/438/1019 985/433/985 983/434/983
f 1025/442/1025 997/426/997 995/427/995
f 1022/443/1022 988/423/988 990/424/990
f 1024/444/1024 992/423/992 994/424/994
f 1028/445/1028 1000/439/1000 1002/440/1002
f 1026/446/1026 996/447/996 998/448/998
f 999/435/999 1028/445/1028 1001/437/1001
f 1006/430/1006 1029/449/1029 1004/429/1004
f 1029/449/1029 1005/426/1005 1003/427/1003
f 1007/450/1007 961/437/961 959/435/959
f 1021/451/1021 989/433/989 987/434/987
f 1010/452/1010 964/433/964 966/434/966
f 1007/450/1007 962/440/962 1008/453/1008
f 1035/454/1035 1034/455/1034 1036/456/1036
f 1038/457/1038 1036/456/1036 1037/458/1037
f 1031/459/1031 1037/458/1037 1033/460/1033
f 1043/461/1043 1042/462/1042 1044/463/1044
f 1039/464/1039 1044/463/1044 1041/465/1041
f 1049/461/1049 1048/462/1048 1050/463/1050
f 1045/466/1045 1050/463/1050 1047/465/1047
f 1055/454/1055 1054/455/1054 1056/456/1056
f 1058/457/1058 1056/456/1056 1057/458/1057
f 1051/459/1051 1057/458/1057 1053/460/1053
f 1063/454/1063 1062/455/1062 1064/456/1064
f 1066/457/1066 1064/456/1064 1065/458/1065
f 1059/459/1059 1065/458/1065 1061/460/1061
f 1071/461/1071 1070/462/1070 1072/463/1072
f 1067/464/1067 1072/463/1072 1069/465/1069
f 1077/461/1077 1076/462/1076 1078/463/1078
f 1073/466/1073 1078/463/1078 1075/465/1075
f 1083/454/1083 1082/455/1082 1084/456/1084
f 1086/457/1086 1084/456/1084 1085/458/1085
f 1079/459/1079 1085/458/1085 1081/460/1081
f 1091/454/1091 1090/455/1090 1092/456/1092
f 1097/461/1097 1096/462/1096 1098/463/1098
f 1093/464/1093 1098/463/1098 1095/465/1095
f 1103/461/1103 1102/462/1102 1104/463/1104
f 1099/466/1099 1104/463/1104 1101/465/1101
f 1109/454/1109 1108/455/1108 1110/456/1110
f 1112/457/1112 1110/456/1110 1111/458/1111
f 1105/459/1105 1111/458/1111 1107/460/1107
f 1117/454/1117 1116/455/1116 1118/456/1118
f 1120/457/1120 1118/456/1118 1119/458/1119
f 1113/459/1113 1119/458/1119 1115/460/1115
f 1125/461/1125 1124/462/1124 1126/463/1126
f 1121/464/1121 1126/463/1126 1123/465/1123
f 1131/461/1131 1130/462/1130 1132/463/1132
f 1127/466/1127 1132/463/1132 1129/465/1129
f 1137/454/1137 1136/455/1136 1138/456/1138
f 1140/457/1140 1138/456/1138 1139/458/1139
f 1133/459/1133 1139/458/1139 1135/460/1135
f 1145/454/1145 1144/455/1144 1146/456/1146
f 1151/461/1151 1150/462/1150 1152/463/1152
f 1147/464/1147 1152/463/1152 1149/465/1149
f 1157/461/1157 1156/462/1156 1158/463/1158
f 1153/466/1153 1158/463/1158 1155/465/1155
f 1163/454/1163 1162/455/1162 1164/456/1164
f 1166/457/1166 1164/456/1164 1165/458/1165
f 1159/459/1159 1165/458/1165 1161/460/1161
f 1171/454/1171 1170/455/1170 1172/456/1172
f 1174/457/1174 1172/456/1172 1173/458/1173
f 1167/459/1167 1173/458/1173 1169/460/1169
f 1179/461/1179 1178/462/1178 1180/463/1180
f 1175/464/1175 1180/463/1180 1177/465/1177
f 1185/461/1185 1184/462/1184 1186/463/1186
f 1181/466/1181 1186/463/1186 1183/465/1183
f 1191/454/1191 1190/455/1190 1192/456/1192
f 1194/457/1194 1192/456/1192 1193/458/1193
f 1187/459/1187 1193/458/1193 1189/460/1189
f 1199/461/1199 1198/462/1198 1200/463/1200
f 1195/466/1195 1200/463/1200 1197/465/1197
f 1205/454/1205 1204/455/1204 1206/456/1206
f 1208/457/1208 1206/456/1206 1207/458/1207
f 1201/459/1201 1207/458/1207 1203/460/1203
f 1087/467/1087 1092/456/1092 1089/468/1089
f 1141/459/1141 1146/456/1146 1143/460/1143
f 1230/469/1230 1237/470/1237 1232/471/1232
f 1228/472/1228 1239/473/1239 1229/474/1229
f 1230/475/1230 1238/476/1238 1228/472/1228
f 1233/477/1233 1227/478/1227 1237/470/1237
f 1239/473/1239 1224/479/1224 1225/480/1225
f 1238/476/1238 1226/481/1226 1224/479/1224
f 1232/482/1232 1241/483/1241 1230/475/1230
f 1225/480/1225 1236/484/1236 1235/485/1235
f 1236/484/1236 1226/481/1226 1233/477/1233
f 1209/332/1209 1245/333/1245 1221/334/1221
f 1217/338/1217 1212/336/1212 1216/337/1216
f 1257/340/1257 1253/364/1253 1256/342/1256
f 1217/338/1217 1240/339/1240 1219/340/1219
f 1213/341/1213 1215/364/1215 1211/343/1211
f 1220/345/1220 1218/342/1218 1221/334/1221
f 1220/345/1220 1217/338/1217 1219/340/1219
f 1221/334/1221 1218/342/1218 1244/369/1244
f 1221/334/1221 1223/347/1223 1220/345/1220
f 1217/338/1217 1222/370/1222 1243/348/1243
f 1223/347/1223 1222/370/1222 1220/345/1220
f 1222/370/1222 1223/347/1223 1246/371/1246
f 1235/485/1235 1228/486/1228 1229/487/1229
f 1231/488/1231 1235/485/1235 1229/487/1229
f 1226/481/1226 1242/489/1242 1227/478/1227
f 1228/486/1228 1233/477/1233 1230/469/1230
f 1229/474/1229 1240/365/1240 1231/490/1231
f 1243/348/1243 1222/370/1222 1210/363/1210
f 1243/348/1243 1214/335/1214 1217/338/1217
f 1244/369/1244 1218/342/1218 1213/341/1213
f 1244/369/1244 1209/332/1209 1221/334/1221
f 1221/334/1221 1245/333/1245 1223/347/1223
f 1246/371/1246 1210/363/1210 1222/370/1222
f 1269/313/1269 1277/314/1277 1271/315/1271
f 1267/316/1267 1280/317/1280 1268/318/1268
f 1269/319/1269 1279/320/1279 1267/316/1267
f 1282/321/1282 1265/322/1265 1281/323/1281
f 1280/317/1280 1262/324/1262 1263/325/1263
f 1279/320/1279 1265/322/1265 1262/324/1262
f 1271/326/1271 1281/323/1281 1269/319/1269
f 1263/325/1263 1276/327/1276 1275/328/1275
f 1274/329/1274 1266/365/1266 1263/325/1263
f 1276/327/1276 1265/322/1265 1273/331/1273
f 1247/332/1247 1289/333/1289 1259/334/1259
f 1252/335/1252 1250/336/1250 1254/337/1254
f 1302/340/1302 1298/364/1298 1301/342/1301
f 1255/338/1255 1266/339/1266 1257/340/1257
f 1251/341/1251 1256/342/1256 1249/343/1249
f 1291/366/1291 1259/334/1259 1258/345/1258
f 1260/344/1260 1291/366/1291 1258/345/1258
f 1259/334/1259 1256/342/1256 1287/346/1287
f 1259/334/1259 1261/347/1261 1258/345/1258
f 1255/338/1255 1260/344/1260 1288/348/1288
f 1261/347/1261 1260/344/1260 1258/345/1258
f 1260/344/1260 1261/347/1261 1290/349/1290
f 1263/325/1263 1266/365/1266 1280/317/1280
f 1275/328/1275 1267/350/1267 1268/351/1268
f 1270/352/1270 1275/328/1275 1268/351/1268
f 1267/350/1267 1273/331/1273 1269/313/1269
f 1268/318/1268 1266/365/1266 1270/353/1270
f 1271/315/1271 1272/354/1272 1285/355/1285
f 1271/326/1271 1278/356/1278 1282/321/1282
f 1282/321/1282 1278/356/1278 1264/357/1264
f 1285/355/1285 1272/354/1272 1284/358/1284
f 1285/359/1285 1286/360/1286 1271/326/1271
f 1283/361/1283 1285/359/1285 1284/362/1284
f 1283/361/1283 1278/356/1278 1286/360/1286
f 1275/328/1275 1274/329/1274 1263/325/1263
f 1247/332/1247 1259/334/1259 1287/346/1287
f 1287/346/1287 1256/342/1256 1251/341/1251
f 1288/348/1288 1260/344/1260 1248/363/1248
f 1288/348/1288 1252/335/1252 1255/338/1255
f 1259/334/1259 1289/333/1289 1261/347/1261
f 1290/349/1290 1248/363/1248 1260/344/1260
f 1291/366/1291 1256/342/1256 1259/334/1259
f 1291/366/1291 1255/338/1255 1257/340/1257
f 1256/342/1256 1291/366/1291 1257/340/1257
f 1260/344/1260 1255/338/1255 1291/366/1291
f 1249/343/1249 1256/342/1256 1253/364/1253
f 1255/338/1255 1252/335/1252 1254/337/1254
f 1314/313/1314 1322/314/1322 1316/315/1316
f 1312/316/1312 1325/317/1325 1313/318/1313
f 1314/319/1314 1324/320/1324 1312/316/1312
f 1318/331/1318 1309/381/1309 1322/314/1322
f 1325/317/1325 1307/324/1307 1308/325/1308
f 1324/320/1324 1310/322/1310 1307/324/1307
f 1316/326/1316 1326/323/1326 1314/319/1314
f 1308/325/1308 1321/327/1321 1320/328/1320
f 1319/329/1319 1311/365/1311 1308/325/1308
f 1321/327/1321 1310/322/1310 1318/331/1318
f 1292/332/1292 1334/333/1334 1304/334/1304
f 1297/335/1297 1295/336/1295 1299/337/1299
f 1347/340/1347 1343/364/1343 1346/342/1346
f 1300/338/1300 1311/339/1311 1302/340/1302
f 1296/341/1296 1301/342/1301 1294/343/1294
f 1336/366/1336 1304/334/1304 1303/345/1303
f 1305/344/1305 1336/366/1336 1303/345/1303
f 1304/334/1304 1301/342/1301 1332/346/1332
f 1304/334/1304 1306/347/1306 1303/345/1303
f 1300/338/1300 1305/344/1305 1333/348/1333
f 1306/347/1306 1305/344/1305 1303/345/1303
f 1305/344/1305 1306/347/1306 1335/349/1335
f 1308/325/1308 1311/365/1311 1325/317/1325
f 1320/328/1320 1312/350/1312 1313/351/1313
f 1315/352/1315 1320/328/1320 1313/351/1313
f 1310/322/1310 1327/321/1327 1309/381/1309
f 1312/350/1312 1318/331/1318 1314/313/1314
f 1313/318/1313 1311/365/1311 1315/353/1315
f 1316/315/1316 1317/354/1317 1330/355/1330
f 1316/326/1316 1323/356/1323 1327/321/1327
f 1322/314/1322 1309/357/1309 1317/354/1317
f 1327/321/1327 1323/356/1323 1309/381/1309
f 1330/355/1330 1317/354/1317 1329/358/1329
f 1330/359/1330 1331/360/1331 1316/326/1316
f 1328/361/1328 1330/359/1330 1329/362/1329
f 1328/361/1328 1323/356/1323 1331/360/1331
f 1320/328/1320 1319/329/1319 1308/325/1308
f 1292/332/1292 1304/334/1304 1332/346/1332
f 1332/346/1332 1301/342/1301 1296/341/1296
f 1333/348/1333 1305/344/1305 1293/363/1293
f 1333/348/1333 1297/335/1297 1300/338/1300
f 1304/334/1304 1334/333/1334 1306/347/1306
f 1335/349/1335 1293/363/1293 1305/344/1305
f 1336/366/1336 1301/342/1301 1304/334/1304
f 1336/366/1336 1300/338/1300 1302/340/1302
f 1301/342/1301 1336/366/1336 1302/340/1302
f 1305/344/1305 1300/338/1300 1336/366/1336
f 1294/343/1294 1301/342/1301 1298/364/1298
f 1300/338/1300 1297/335/1297 1299/337/1299
f 1360/313/1360 1368/314/1368 1362/315/1362
f 1358/316/1358 1371/317/1371 1359/318/1359
f 1360/319/1360 1370/320/1370 1358/316/1358
f 1364/331/1364 1357/381/1357 1368/314/1368
f 1371/317/1371 1352/324/1352 1353/325/1353
f 1370/320/1370 1355/322/1355 1352/324/1352
f 1362/326/1362 1372/323/1372 1360/319/1360
f 1353/325/1353 1367/327/1367 1366/328/1366
f 1365/329/1365 1356/365/1356 1353/325/1353
f 1367/327/1367 1355/322/1355 1364/331/1364
f 1337/332/1337 1380/333/1380 1349/334/1349
f 1342/335/1342 1340/336/1340 1344/337/1344
f 1345/338/1345 1356/339/1356 1347/340/1347
f 1341/341/1341 1346/342/1346 1339/343/1339
f 1382/366/1382 1349/334/1349 1348/345/1348
f 1350/344/1350 1382/366/1382 1348/345/1348
f 1349/334/1349 1346/342/1346 1378/346/1378
f 1349/334/1349 1351/347/1351 1348/345/1348
f 1345/338/1345 1350/344/1350 1379/348/1379
f 1351/347/1351 1350/344/1350 1348/345/1348
f 1350/344/1350 1351/347/1351 1381/349/1381
f 1353/325/1353 1356/365/1356 1371/317/1371
f 1366/328/1366 1358/350/1358 1359/351/1359
f 1361/352/1361 1366/328/1366 1359/351/1359
f 1355/322/1355 1373/321/1373 1357/381/1357
f 1358/350/1358 1364/331/1364 1360/313/1360
f 1359/318/1359 1356/365/1356 1361/353/1361
f 1362/315/1362 1363/354/1363 1376/355/1376
f 1362/326/1362 1369/356/1369 1373/321/1373
f 1368/314/1368 1354/357/1354 1363/354/1363
f 1373/321/1373 1354/357/1354 1357/381/1357
f 1376/355/1376 1363/354/1363 1375/358/1375
f 1376/359/1376 1377/360/1377 1362/326/1362
f 1374/361/1374 1376/359/1376 1375/362/1375
f 1374/361/1374 1369/356/1369 1377/360/1377
f 1366/328/1366 1365/329/1365 1353/325/1353
f 1337/332/1337 1349/334/1349 1378/346/1378
f 1378/346/1378 1346/342/1346 1341/341/1341
f 1379/348/1379 1350/344/1350 1338/363/1338
f 1379/348/1379 1342/335/1342 1345/338/1345
f 1349/334/1349 1380/333/1380 1351/347/1351
f 1381/349/1381 1338/363/1338 1350/344/1350
f 1382/366/1382 1346/342/1346 1349/334/1349
f 1382/366/1382 1345/338/1345 1347/340/1347
f 1346/342/1346 1382/366/1382 1347/340/1347
f 1350/344/1350 1345/338/1345 1382/366/1382
f 1339/343/1339 1346/342/1346 1343/364/1343
f 1345/338/1345 1342/335/1342 1344/337/1344
f 1384/491/1384 1385/492/1385 1383/493/1383
f 1389/494/1389 1387/495/1387 1390/496/1390
f 1386/497/1386 1390/496/1390 1385/492/1385
f 1392/498/1392 1393/499/1393 1391/500/1391
f 1397/501/1397 1395/502/1395 1398/503/1398
f 1394/504/1394 1398/503/1398 1393/499/1393
f 1400/505/1400 1401/506/1401 1399/507/1399
f 1405/508/1405 1403/509/1403 1406/510/1406
f 1402/511/1402 1406/510/1406 1401/506/1401
f 1408/498/1408 1409/499/1409 1407/500/1407
f 1413/501/1413 1411/502/1411 1414/512/1414
f 1410/504/1410 1414/512/1414 1409/499/1409
f 1416/491/1416 1417/492/1417 1415/493/1415
f 1421/494/1421 1419/495/1419 1422/496/1422
f 1418/497/1418 1422/496/1422 1417/492/1417
f 1424/491/1424 1425/492/1425 1423/493/1423
f 1429/494/1429 1427/495/1427 1430/496/1430
f 1426/497/1426 1430/496/1430 1425/492/1425
f 1432/513/1432 1433/514/1433 1431/515/1431
f 1437/516/1437 1435/517/1435 1438/518/1438
f 1434/519/1434 1438/518/1438 1433/514/1433
f 1440/505/1440 1441/506/1441 1439/507/1439
f 1445/508/1445 1443/509/1443 1446/510/1446
f 1442/511/1442 1446/510/1446 1441/506/1441
f 1448/520/1448 1449/521/1449 1447/522/1447
f 1453/523/1453 1451/524/1451 1454/525/1454
f 1450/526/1450 1454/525/1454 1449/521/1449
f 1456/491/1456 1457/492/1457 1455/493/1455
f 1461/494/1461 1459/495/1459 1462/496/1462
f 1458/497/1458 1462/496/1462 1457/492/1457
f 1464/491/1464 1465/492/1465 1463/493/1463
f 1469/494/1469 1467/495/1467 1470/496/1470
f 1466/497/1466 1470/496/1470 1465/492/1465
f 1472/505/1472 1473/506/1473 1471/507/1471
f 1477/508/1477 1475/509/1475 1478/510/1478
f 1474/511/1474 1478/510/1478 1473/506/1473
f 1480/491/1480 1481/492/1481 1479/493/1479
f 1485/494/1485 1483/495/1483 1486/496/1486
f 1482/497/1482 1486/496/1486 1481/492/1481
f 1488/513/1488 1489/514/1489 1487/515/1487
f 1493/516/1493 1491/517/1491 1494/518/1494
f 1490/519/1490 1494/518/1494 1489/514/1489
f 1496/505/1496 1497/506/1497 1495/507/1495
f 1501/508/1501 1499/509/1499 1502/510/1502
f 1498/511/1498 1502/510/1502 1497/506/1497
f 1504/491/1504 1505/492/1505 1503/493/1503
f 1509/494/1509 1507/495/1507 1510/496/1510
f 1506/497/1506 1510/496/1510 1505/492/1505
f 1512/498/1512 1513/499/1513 1511/500/1511
f 1517/501/1517 1515/502/1515 1518/503/1518
f 1514/504/1514 1518/503/1518 1513/499/1513
f 1520/513/1520 1521/514/1521 1519/515/1519
f 1525/516/1525 1523/517/1523 1526/518/1526
f 1522/519/1522 1526/518/1526 1521/514/1521
f 1528/505/1528 1529/506/1529 1527/507/1527
f 1533/508/1533 1531/509/1531 1534/510/1534
f 1530/511/1530 1534/510/1534 1529/506/1529
f 1536/491/1536 1537/492/1537 1535/493/1535
f 1541/494/1541 1539/495/1539 1542/496/1542
f 1538/497/1538 1542/496/1542 1537/492/1537
f 1544/505/1544 1545/506/1545 1543/507/1543
f 1549/508/1549 1547/509/1547 1550/510/1550
f 1546/511/1546 1550/510/1550 1545/506/1545
f 1552/498/1552 1553/499/1553 1551/500/1551
f 1557/501/1557 1555/502/1555 1558/503/1558
f 1554/504/1554 1558/503/1558 1553/499/1553
f 1560/491/1560 1561/492/1561 1559/493/1559
f 1565/494/1565 1563/495/1563 1566/496/1566
f 1562/497/1562 1566/496/1566 1561/492/1561
f 1568/491/1568 1569/492/1569 1567/493/1567
f 1573/494/1573 1571/495/1571 1574/496/1574
f 1570/497/1570 1574/496/1574 1569/492/1569
f 1576/505/1576 1577/506/1577 1575/507/1575
f 1581/508/1581 1579/527/1579 1582/510/1582
f 1578/511/1578 1582/510/1582 1577/506/1577
f 1584/505/1584 1585/506/1585 1583/507/1583
f 1589/508/1589 1587/509/1587 1590/510/1590
f 1586/511/1586 1590/510/1590 1585/506/1585
f 1592/513/1592 1593/514/1593 1591/515/1591
f 1597/516/1597 1595/517/1595 1598/518/1598
f 1594/519/1594 1598/518/1598 1593/514/1593
f 1600/491/1600 1601/492/1601 1599/493/1599
f 1605/494/1605 1603/495/1603 1606/496/1606
f 1602/497/1602 1606/496/1606 1601/492/1601
f 1608/505/1608 1609/506/1609 1607/507/1607
f 1613/508/1613 1611/509/1611 1614/510/1614
f 1610/511/1610 1614/510/1614 1609/506/1609
f 1616/491/1616 1617/492/1617 1615/493/1615
f 1621/494/1621 1619/495/1619 1622/496/1622
f 1618/497/1618 1622/496/1622 1617/492/1617
f 1624/498/1624 1625/499/1625 1623/500/1623
f 1629/501/1629 1627/502/1627 1630/503/1630
f 1626/504/1626 1630/503/1630 1625/499/1625
f 1632/528/1632 1633/529/1633 1631/530/1631
f 1637/531/1637 1635/532/1635 1638/533/1638
f 1634/534/1634 1638/533/1638 1633/529/1633
f 1640/491/1640 1641/492/1641 1639/493/1639
f 1645/494/1645 1643/495/1643 1646/496/1646
f 1642/497/1642 1646/496/1646 1641/492/1641
f 1648/505/1648 1649/506/1649 1647/507/1647
f 1653/508/1653 1651/509/1651 1654/510/1654
f 1650/511/1650 1654/510/1654 1649/506/1649
f 1656/535/1656 1657/536/1657 1655/537/1655
f 1661/538/1661 1659/539/1659 1662/540/1662
f 1658/541/1658 1662/540/1662 1657/536/1657
f 1664/498/1664 1665/499/1665 1663/500/1663
f 1669/501/1669 1667/502/1667 1670/503/1670
f 1666/504/1666 1670/503/1670 1665/499/1665
f 1672/491/1672 1673/492/1673 1671/493/1671
f 1677/494/1677 1675/495/1675 1678/496/1678
f 1674/497/1674 1678/496/1678 1673/492/1673
f 1680/491/1680 1681/542/1681 1679/493/1679
f 1685/494/1685 1683/495/1683 1686/496/1686
f 1682/543/1682 1686/496/1686 1681/542/1681
f 871/321/871 855/390/855 869/387/869
f 441/354/441 446/314/446 433/357/433
f 434/322/434 446/314/446 442/331/442
f 568/357/568 576/354/576 581/314/581
f 569/322/569 568/357/568 581/314/581
f 575/326/575 590/360/590 586/321/586
f 575/315/575 581/314/581 589/355/589
f 478/357/478 486/354/486 491/314/491
f 479/322/479 478/357/478 491/314/491
f 890/397/890 897/415/897 900/421/900
f 897/415/897 899/412/899 900/421/900
f 1232/471/1232 1687/544/1687 1691/545/1691
f 1232/482/1232 1688/546/1688 1242/489/1242
f 1242/489/1242 1688/546/1688 1227/478/1227
f 1691/545/1691 1687/544/1687 1690/547/1690
f 1691/548/1691 1692/549/1692 1232/482/1232
f 1689/550/1689 1691/548/1691 1690/551/1690
f 1689/550/1689 1688/546/1688 1692/549/1692
f 1687/544/1687 1237/470/1237 1227/478/1227
f 332/354/332 337/314/337 324/357/324
f 325/322/325 337/314/337 333/331/333
f 287/354/287 292/314/292 279/357/279
f 280/322/280 292/314/292 288/331/288
f 377/354/377 382/314/382 369/357/369
f 370/322/370 382/314/382 378/331/378
f 1700/313/1700 1708/314/1708 1702/315/1702
f 1698/316/1698 1711/317/1711 1699/318/1699
f 1700/319/1700 1710/320/1710 1698/316/1698
f 1713/321/1713 1696/322/1696 1712/323/1712
f 1711/317/1711 1693/324/1693 1694/325/1694
f 1710/320/1710 1696/322/1696 1693/324/1693
f 1702/326/1702 1712/323/1712 1700/319/1700
f 1694/325/1694 1707/327/1707 1706/328/1706
f 1705/329/1705 1697/365/1697 1694/325/1694
f 1707/327/1707 1696/322/1696 1704/331/1704
f 1694/325/1694 1697/365/1697 1711/317/1711
f 1706/328/1706 1698/350/1698 1699/351/1699
f 1701/352/1701 1706/328/1706 1699/351/1699
f 1698/350/1698 1704/331/1704 1700/313/1700
f 1699/318/1699 1697/365/1697 1701/353/1701
f 1702/315/1702 1703/354/1703 1716/355/1716
f 1702/326/1702 1709/356/1709 1713/321/1713
f 1713/321/1713 1709/356/1709 1695/357/1695
f 1716/355/1716 1703/354/1703 1715/358/1715
f 1716/359/1716 1717/360/1717 1702/326/1702
f 1714/361/1714 1716/359/1716 1715/362/1715
f 1714/361/1714 1709/356/1709 1717/360/1717
f 1706/328/1706 1705/329/1705 1694/325/1694
f 1703/354/1703 1708/314/1708 1695/357/1695
f 1696/322/1696 1708/314/1708 1704/331/1704
f 531/354/531 536/314/536 523/357/523
f 524/322/524 536/314/536 532/331/532
f 621/354/621 626/314/626 613/357/613
f 614/322/614 626/314/626 622/331/622
f 1272/354/1272 1277/314/1277 1264/357/1264
f 1265/322/1265 1277/314/1277 1273/331/1273
f 1725/313/1725 1733/314/1733 1727/315/1727
f 1723/316/1723 1736/317/1736 1724/318/1724
f 1725/319/1725 1735/320/1735 1723/316/1723
f 1738/321/1738 1721/322/1721 1737/323/1737
f 1736/317/1736 1718/324/1718 1719/325/1719
f 1735/320/1735 1721/322/1721 1718/324/1718
f 1727/326/1727 1737/323/1737 1725/319/1725
f 1719/325/1719 1732/327/1732 1731/328/1731
f 1730/329/1730 1722/365/1722 1719/325/1719
f 1732/327/1732 1721/322/1721 1729/331/1729
f 1719/325/1719 1722/365/1722 1736/317/1736
f 1731/328/1731 1723/350/1723 1724/351/1724
f 1726/352/1726 1731/328/1731 1724/351/1724
f 1723/350/1723 1729/331/1729 1725/313/1725
f 1724/318/1724 1722/365/1722 1726/353/1726
f 1727/315/1727 1728/354/1728 1741/355/1741
f 1727/326/1727 1734/356/1734 1738/321/1738
f 1738/321/1738 1734/356/1734 1720/357/1720
f 1741/355/1741 1728/354/1728 1740/358/1740
f 1741/359/1741 1742/360/1742 1727/326/1727
f 1739/361/1739 1741/359/1741 1740/362/1740
f 1739/361/1739 1734/356/1734 1742/360/1742
f 1731/328/1731 1730/329/1730 1719/325/1719
f 1728/354/1728 1733/314/1733 1720/357/1720
f 1721/322/1721 1733/314/1733 1729/331/1729
f 730/354/730 735/314/735 722/357/722
f 775/354/775 780/314/780 767/357/767
f 723/322/723 735/314/735 731/331/731
f 1765/552/1765 1758/553/1758 1757/554/1757
f 1768/555/1768 1746/556/1746 1749/557/1749
f 1763/558/1763 1747/559/1747 1745/560/1745
f 1770/561/1770 1748/562/1748 1747/559/1747
f 1769/563/1769 1749/557/1749 1748/562/1748
f 1772/564/1772 1744/565/1744 1752/566/1752
f 1771/567/1771 1750/568/1750 1746/556/1746
f 1774/569/1774 1751/570/1751 1750/568/1750
f 1773/571/1773 1752/566/1752 1751/570/1751
f 1759/294/1759 1745/560/1745 1755/572/1755
f 1762/573/1762 1753/574/1753 1743/575/1743
f 1761/576/1761 1754/577/1754 1753/574/1753
f 1760/295/1760 1755/572/1755 1754/577/1754
f 1764/578/1764 1743/575/1743 1758/553/1758
f 1767/579/1767 1756/580/1756 1744/565/1744
f 1766/581/1766 1757/554/1757 1756/580/1756
f 175/582/175 1761/576/1761 1762/573/1762
f 179/583/179 1770/561/1770 1763/558/1763
f 176/584/176 1764/578/1764 1765/552/1765
f 177/585/177 1766/581/1766 1767/579/1767
f 178/586/178 1768/555/1768 1769/563/1769
f 181/587/181 1774/569/1774 1771/567/1771
f 180/588/180 1772/564/1772 1773/571/1773
f 1776/285/1776 174/293/174 175/582/175
f 1777/292/1777 175/582/175 176/584/176
f 1775/284/1775 179/583/179 174/293/174
f 1778/289/1778 176/584/176 177/585/177
f 1781/290/1781 177/585/177 180/588/180
f 1780/291/1780 178/586/178 179/583/179
f 1779/288/1779 181/587/181 178/586/178
f 1782/287/1782 180/588/180 181/587/181
f 173/286/173 1781/290/1781 1782/287/1782
f 1757/554/1757 1796/258/1796 1795/312/1795
f 1749/557/1749 1798/274/1798 1787/283/1787
f 1745/560/1745 1785/280/1785 1784/282/1784
f 1747/559/1747 1786/277/1786 1785/280/1785
f 1748/562/1748 1787/283/1787 1786/277/1786
f 1752/566/1752 1797/256/1797 1790/276/1790
f 1746/556/1746 1788/272/1788 1798/274/1798
f 1750/568/1750 1789/269/1789 1788/272/1788
f 1751/570/1751 1790/276/1790 1789/269/1789
f 1755/572/1755 1784/282/1784 1793/267/1793
f 1743/575/1743 1791/264/1791 1783/266/1783
f 1753/574/1753 1792/261/1792 1791/264/1791
f 1754/577/1754 1793/267/1793 1792/261/1792
f 1758/553/1758 1783/266/1783 1796/258/1796
f 1744/565/1744 1794/253/1794 1797/256/1797
f 1756/580/1756 1795/312/1795 1794/253/1794
f 1761/576/1761 175/582/175 1760/295/1760
f 175/582/175 174/293/174 1760/295/1760
f 1764/578/1764 176/584/176 1762/573/1762
f 176/584/176 175/582/175 1762/573/1762
f 1759/294/1759 174/293/174 1763/558/1763
f 174/293/174 179/583/179 1763/558/1763
f 1766/581/1766 177/585/177 1765/552/1765
f 177/585/177 176/584/176 1765/552/1765
f 1772/564/1772 180/588/180 1767/579/1767
f 180/588/180 177/585/177 1767/579/1767
f 1770/561/1770 179/583/179 1769/563/1769
f 179/583/179 178/586/178 1769/563/1769
f 1768/555/1768 178/586/178 1771/567/1771
f 178/586/178 181/587/181 1771/567/1771
f 1774/569/1774 181/587/181 1773/571/1773
f 181/587/181 180/588/180 1773/571/1773
f 33/144/33 1803/150/1803 1800/158/1800
f 101/159/101 1799/156/1799 40/163/40
f 34/148/34 1806/161/1806 1801/155/1801
f 102/165/102 1800/158/1800 37/167/37
f 40/163/40 1805/157/1805 102/165/102
f 103/589/103 1801/155/1801 38/160/38
f 35/146/35 1804/590/1804 1802/151/1802
f 104/179/104 1802/151/1802 39/153/39
f 38/160/38 1811/162/1811 1808/173/1808
f 1822/591/1822 1809/178/1809 1817/169/1817
f 37/167/37 1814/177/1814 1807/168/1807
f 1821/592/1821 1808/173/1808 1816/180/1816
f 39/153/39 1813/593/1813 1809/178/1809
f 1820/594/1820 1807/168/1807 1815/174/1815
f 1818/595/1818 1812/166/1812 1820/594/1820
f 1819/596/1819 1810/164/1810 1818/595/1818
f 92/181/92 1818/595/1818 25/597/25
f 25/597/25 1820/594/1820 91/598/91
f 91/598/91 1815/174/1815 26/176/26
f 90/599/90 1816/180/1816 27/182/27
f 89/175/89 1817/169/1817 28/171/28
f 1808/173/1808 1819/596/1819 1816/180/1816
f 1807/168/1807 1822/591/1822 1815/174/1815
f 1809/178/1809 1821/600/1821 1817/169/1817
f 1825/16/1825 93/62/93 30/60/30
f 32/63/32 1829/11/1829 94/61/94
f 1826/24/1826 95/601/95 31/58/31
f 1824/8/1824 108/26/108 1827/23/1827
f 1842/602/1842 1845/603/1845 1841/604/1841
f 1844/605/1844 1845/603/1845 1840/606/1840
f 1839/398/1839 1832/399/1832 1838/400/1838
f 895/393/895 896/401/896 890/397/890
f 1837/402/1837 1831/403/1831 1838/400/1838
f 1832/399/1832 1837/402/1837 1838/400/1838
f 1839/398/1839 1838/400/1838 1831/403/1831
f 1846/607/1846 1848/608/1848 1852/609/1852
f 1841/610/1841 1843/611/1843 1842/612/1842
f 1835/408/1835 1844/409/1844 1833/410/1833
f 1843/611/1843 1848/613/1848 1842/612/1842
f 1850/614/1850 1849/615/1849 1855/616/1855
f 1856/617/1856 1851/618/1851 1852/609/1852
f 1852/609/1852 1851/618/1851 1847/619/1847
f 1847/619/1847 1840/606/1840 1852/609/1852
f 1855/616/1855 1849/615/1849 1854/620/1854
f 1855/621/1855 1856/617/1856 1848/608/1848
f 1853/622/1853 1855/621/1855 1854/623/1854
f 1853/622/1853 1851/618/1851 1856/617/1856
f 1840/606/1840 1846/607/1846 1852/609/1852
f 1850/614/1850 1843/611/1843 1840/606/1840
f 1840/606/1840 1847/619/1847 1850/614/1850
f 1847/619/1847 1849/615/1849 1850/614/1850
f 379/624/379 362/340/362 371/339/371
f 362/340/362 358/364/358 361/342/361
f 289/624/289 272/340/272 281/339/281
f 272/340/272 268/364/268 271/342/271
f 334/624/334 317/340/317 326/339/326
f 317/340/317 313/364/313 316/342/316
f 245/624/245 228/340/228 237/339/237
f 228/340/228 224/364/224 227/342/227
f 1705/624/1705 407/340/407 1697/339/1697
f 443/624/443 426/340/426 435/339/435
f 488/624/488 471/340/471 480/339/480
f 533/624/533 516/340/516 525/339/525
f 578/624/578 561/340/561 570/339/570
f 623/624/623 606/340/606 615/339/615
f 1730/624/1730 651/340/651 1722/339/1722
f 687/624/687 670/340/670 679/339/679
f 732/624/732 715/340/715 724/339/724
f 777/624/777 760/340/760 769/339/769
f 822/624/822 805/340/805 814/339/814
f 864/624/864 850/340/850 857/339/857
f 1234/624/1234 1219/340/1219 1240/339/1240
f 1274/624/1274 1257/340/1257 1266/339/1266
f 1319/624/1319 1302/340/1302 1311/339/1311
f 1365/624/1365 1347/340/1347 1356/339/1356
f 407/340/407 403/364/403 406/342/406
f 1240/365/1240 1239/473/1239 1225/480/1225
f 1235/485/1235 1234/329/1234 1225/480/1225
f 1234/329/1234 1240/365/1240 1225/480/1225
f 1845/603/1845 1846/607/1846 1840/606/1840
f 1843/611/1843 1844/605/1844 1840/606/1840
f 1844/409/1844 1837/402/1837 1845/625/1845
f 1845/625/1845 1836/626/1836 1834/627/1834
f 894/409/894 887/402/887 895/625/895
f 895/625/895 886/626/886 884/627/884
f 920/409/920 913/402/913 921/625/921
f 921/625/921 912/626/912 910/627/910
f 945/395/945 946/396/946 942/397/942
f 946/409/946 939/402/939 947/625/947
f 947/625/947 938/626/938 936/627/936
f 1848/608/1848 1856/617/1856 1852/609/1852
f 1848/613/1848 1850/614/1850 1855/616/1855
f 923/415/923 916/397/916 928/405/928
f 949/415/949 942/397/942 954/405/954
f 945/395/945 942/397/942 952/421/952
f 926/421/926 919/395/919 916/397/916
f 1830/1/1830 105/6/105 44/2/44
f 59/4/59 3/22/3 45/5/45
f 105/6/105 45/5/45 7/7/7
f 1824/8/1824 1827/23/1827 96/9/96
f 1829/11/1829 106/14/106 60/12/60
f 44/2/44 7/7/7 48/13/48
f 106/14/106 48/13/48 5/15/5
f 1825/16/1825 59/4/59 105/6/105
f 1828/17/1828 107/21/107 59/4/59
f 58/18/58 1/27/1 46/19/46
f 107/21/107 46/628/46 3/22/3
f 1823/3/1823 44/2/44 106/14/106
f 1827/23/1827 108/26/108 58/18/58
f 60/12/60 5/15/5 49/25/49
f 108/26/108 49/25/49 1/27/1
f 1826/24/1826 58/18/58 107/20/107
f 11/29/11 52/32/52 109/30/109
f 52/32/52 27/134/27 92/33/92
f 109/30/109 92/33/92 25/34/25
f 57/31/57 109/30/109 43/35/43
f 6/37/6 87/40/87 110/38/110
f 87/40/87 12/57/12 54/41/54
f 110/38/110 54/41/54 9/42/9
f 42/39/42 110/38/110 85/43/85
f 2/44/2 85/43/85 111/45/111
f 85/43/85 9/42/9 55/47/55
f 111/48/111 55/135/55 11/29/11
f 50/50/50 111/48/111 86/49/86
f 8/52/8 88/55/88 112/53/112
f 88/55/88 10/36/10 56/56/56
f 112/53/112 56/56/56 12/57/12
f 41/54/41 112/53/112 87/40/87
f 96/9/96 1827/23/1827 1826/24/1826
f 95/59/95 1828/17/1828 1825/16/1825
f 94/61/94 1829/11/1829 1824/8/1824
f 93/62/93 1830/1/1830 1823/3/1823
f 1/64/1 49/67/49 113/65/113
f 49/67/49 5/80/5 66/68/66
f 113/65/113 66/68/66 15/69/15
f 65/66/65 113/65/113 64/70/64
f 7/72/7 45/75/45 114/73/114
f 45/75/45 3/84/3 68/76/68
f 114/73/114 68/76/68 14/77/14
f 67/74/67 114/73/114 61/78/61
f 5/80/5 48/82/48 115/81/115
f 48/82/48 7/72/7 67/74/67
f 115/81/115 67/74/67 16/79/16
f 66/68/66 115/81/115 63/83/63
f 3/84/3 46/629/46 116/85/116
f 46/86/46 1/64/1 65/66/65
f 116/87/116 65/66/65 13/71/13
f 68/76/68 116/85/116 62/89/62
f 15/69/15 63/83/63 117/90/117
f 63/83/63 16/79/16 74/92/74
f 117/90/117 74/92/74 20/93/20
f 73/91/73 117/90/117 71/94/71
f 16/79/16 61/78/61 118/96/118
f 61/78/61 14/77/14 75/97/75
f 118/96/118 75/97/75 18/98/18
f 74/92/74 118/96/118 69/99/69
f 13/71/13 64/70/64 119/100/119
f 64/70/64 15/69/15 73/91/73
f 119/100/119 73/91/73 19/95/19
f 76/101/76 119/100/119 72/102/72
f 14/77/14 62/89/62 120/104/120
f 62/88/62 13/71/13 76/101/76
f 120/105/120 76/101/76 17/103/17
f 75/97/75 120/104/120 70/107/70
f 17/103/17 72/102/72 121/108/121
f 72/102/72 19/95/19 82/110/82
f 121/108/121 82/110/82 24/111/24
f 81/109/81 121/108/121 80/112/80
f 18/98/18 70/107/70 122/114/122
f 70/106/70 17/103/17 81/109/81
f 122/116/122 81/109/81 23/113/23
f 83/115/83 122/114/122 78/118/78
f 19/95/19 71/94/71 123/120/123
f 71/94/71 20/93/20 84/121/84
f 123/120/123 84/121/84 22/122/22
f 82/110/82 123/120/123 79/123/79
f 20/93/20 69/99/69 124/124/124
f 69/99/69 18/98/18 83/115/83
f 124/124/124 83/115/83 21/119/21
f 84/121/84 124/124/124 77/125/77
f 12/57/12 53/127/53 125/126/125
f 53/127/53 26/138/26 89/128/89
f 125/126/125 89/128/89 28/129/28
f 54/41/54 125/126/125 51/130/51
f 9/42/9 51/130/51 126/131/126
f 51/130/51 28/129/28 90/132/90
f 126/133/126 90/630/90 27/134/27
f 55/135/55 126/133/126 52/32/52
f 10/36/10 43/35/43 127/136/127
f 43/35/43 25/34/25 91/137/91
f 127/136/127 91/137/91 26/138/26
f 56/56/56 127/136/127 53/127/53
f 4/51/4 86/49/86 128/139/128
f 86/49/86 11/29/11 57/31/57
f 128/139/128 57/31/57 10/36/10
f 47/140/47 128/139/128 88/55/88
f 100/141/100 93/62/93 32/63/32
f 36/142/36 32/63/32 94/61/94
f 99/143/99 94/61/94 29/10/29
f 31/58/31 95/601/95 98/145/98
f 98/147/98 95/59/95 30/60/30
f 29/10/29 96/9/96 97/149/97
f 97/149/97 96/9/96 31/58/31
f 1803/150/1803 97/149/97 35/146/35
f 1802/151/1802 1804/590/1804 103/152/103
f 1804/154/1804 98/147/98 34/148/34
f 1799/156/1799 36/142/36 99/143/99
f 1805/157/1805 99/143/99 33/144/33
f 1801/155/1801 1806/161/1806 101/159/101
f 1806/161/1806 100/141/100 36/142/36
f 1811/162/1811 101/159/101 40/163/40
f 1810/164/1810 40/163/40 102/165/102
f 1812/166/1812 102/165/102 37/167/37
f 1817/169/1817 1821/600/1821 90/170/90
f 1813/172/1813 103/589/103 38/160/38
f 1815/174/1815 1822/591/1822 89/175/89
f 1814/177/1814 104/179/104 39/153/39
f 1800/158/1800 1803/150/1803 104/179/104
f 1816/180/1816 1819/596/1819 92/181/92
f 30/60/30 93/62/93 100/141/100
f 159/183/159 207/245/207 206/205/206
f 216/207/216 162/210/162 161/208/161
f 162/210/162 189/213/189 188/211/188
f 163/212/163 190/218/190 189/213/189
f 217/214/217 163/212/163 162/210/162
f 146/215/146 212/222/212 164/216/164
f 134/217/134 143/233/143 190/218/190
f 161/208/161 188/211/188 141/219/141
f 213/221/213 165/223/165 164/216/164
f 165/223/165 183/226/183 182/224/182
f 166/225/166 184/232/184 183/226/183
f 214/227/214 166/225/166 165/223/165
f 136/228/136 209/235/209 167/229/167
f 135/231/135 140/252/140 184/232/184
f 164/216/164 182/224/182 143/233/143
f 146/215/146 134/217/134 163/212/163
f 210/234/210 168/236/168 167/229/167
f 168/236/168 201/239/201 200/237/200
f 169/238/169 202/308/202 201/239/201
f 211/240/211 169/238/169 168/236/168
f 147/241/147 206/205/206 170/242/170
f 141/219/141 202/308/202 169/238/169
f 167/229/167 200/237/200 138/243/138
f 133/244/133 215/209/215 161/208/161
f 147/241/147 135/231/135 166/225/166
f 207/245/207 171/246/171 170/242/170
f 171/246/171 195/249/195 194/247/194
f 172/248/172 196/304/196 195/249/195
f 208/250/208 172/248/172 171/246/171
f 183/226/183 186/296/186 185/251/185
f 138/243/138 196/304/196 172/248/172
f 170/242/170 194/247/194 140/252/140
f 169/238/169 211/240/211 133/244/133
f 1794/253/1794 1795/312/1795 204/254/204
f 1797/256/1797 1794/253/1794 205/255/205
f 1796/258/1796 1783/266/1783 137/259/137
f 1792/261/1792 1793/267/1793 197/262/197
f 1791/264/1791 1792/261/1792 198/263/198
f 1783/266/1783 1791/264/1791 199/265/199
f 1793/267/1793 1784/282/1784 139/268/139
f 1789/269/1789 1790/276/1790 191/270/191
f 1788/272/1788 1789/269/1789 192/271/192
f 1798/274/1798 1788/272/1788 193/273/193
f 1790/276/1790 1797/256/1797 142/257/142
f 1786/277/1786 1787/283/1787 185/278/185
f 1785/280/1785 1786/277/1786 186/279/186
f 1784/282/1784 1785/280/1785 187/281/187
f 1787/283/1787 1798/274/1798 144/275/144
f 184/232/184 187/631/187 186/296/186
f 139/297/139 187/631/187 184/232/184
f 143/233/143 182/224/182 185/251/185
f 189/213/189 192/300/192 191/299/191
f 190/218/190 193/301/193 192/300/192
f 143/233/143 144/298/144 193/301/193
f 141/219/141 188/211/188 191/299/191
f 195/249/195 198/305/198 197/303/197
f 196/304/196 199/632/199 198/305/198
f 137/306/137 199/632/199 196/304/196
f 140/252/140 194/247/194 197/303/197
f 201/239/201 204/309/204 203/307/203
f 202/308/202 205/310/205 204/309/204
f 141/219/141 142/302/142 205/310/205
f 138/243/138 200/237/200 203/307/203
f 160/196/160 208/250/208 207/245/207
f 132/200/132 136/228/136 208/250/208
f 158/184/158 206/205/206 147/241/147
f 156/198/156 210/234/210 209/235/209
f 157/197/157 211/240/211 210/234/210
f 129/203/129 133/244/133 211/240/211
f 155/202/155 209/235/209 136/228/136
f 153/204/153 213/221/213 212/222/212
f 154/190/154 214/227/214 213/221/213
f 131/189/131 147/241/147 214/227/214
f 152/193/152 212/222/212 146/215/146
f 150/206/150 216/207/216 215/209/215
f 151/195/151 217/214/217 216/207/216
f 130/311/130 146/215/146 217/214/217
f 149/188/149 215/209/215 133/244/133
f 172/248/172 208/250/208 136/228/136
f 1795/312/1795 1796/258/1796 203/260/203
f 21/191/21 154/190/154 153/204/153
f 240/313/240 244/331/244 248/314/248
f 238/316/238 250/320/250 251/317/251
f 240/319/240 252/323/252 250/320/250
f 253/321/253 235/357/235 236/322/236
f 251/317/251 250/320/250 233/324/233
f 250/320/250 252/323/252 236/322/236
f 242/326/242 253/321/253 252/323/252
f 234/325/234 233/324/233 247/327/247
f 247/327/247 233/324/233 236/322/236
f 226/338/226 225/337/225 237/339/237
f 231/344/231 226/338/226 228/340/228
f 246/328/246 247/327/247 238/350/238
f 241/352/241 245/329/245 246/328/246
f 238/350/238 247/327/247 244/331/244
f 239/318/239 251/317/251 237/330/237
f 242/315/242 248/314/248 243/354/243
f 242/326/242 257/360/257 249/356/249
f 254/361/254 257/360/257 256/359/256
f 229/345/229 228/340/228 227/342/227
f 284/313/284 288/331/288 292/314/292
f 282/316/282 294/320/294 295/317/295
f 284/319/284 296/323/296 294/320/294
f 297/321/297 279/357/279 280/322/280
f 295/317/295 294/320/294 277/324/277
f 294/320/294 296/323/296 280/322/280
f 286/326/286 297/321/297 296/323/296
f 278/325/278 277/324/277 291/327/291
f 291/327/291 277/324/277 280/322/280
f 270/338/270 269/337/269 281/339/281
f 290/328/290 291/327/291 282/350/282
f 285/352/285 289/329/289 290/328/290
f 282/350/282 291/327/291 288/331/288
f 283/318/283 295/317/295 281/365/281
f 286/315/286 292/314/292 287/354/287
f 286/326/286 301/360/301 293/356/293
f 298/361/298 301/360/301 300/359/300
f 329/313/329 333/331/333 337/314/337
f 327/316/327 339/320/339 340/317/340
f 329/319/329 341/323/341 339/320/339
f 342/321/342 324/357/324 325/322/325
f 340/317/340 339/320/339 322/324/322
f 339/320/339 341/323/341 325/322/325
f 331/326/331 342/321/342 341/323/341
f 323/325/323 322/324/322 336/327/336
f 336/327/336 322/324/322 325/322/325
f 315/338/315 314/337/314 326/339/326
f 335/328/335 336/327/336 327/350/327
f 330/367/330 334/329/334 335/328/335
f 327/350/327 336/327/336 333/331/333
f 328/318/328 340/317/340 326/330/326
f 331/315/331 337/314/337 332/354/332
f 331/326/331 346/360/346 338/356/338
f 236/322/236 235/357/235 248/314/248
f 343/361/343 346/360/346 345/359/345
f 374/313/374 378/331/378 382/314/382
f 372/316/372 384/320/384 385/317/385
f 374/319/374 386/323/386 384/320/384
f 387/321/387 369/357/369 370/322/370
f 385/317/385 384/320/384 367/324/367
f 384/320/384 386/323/386 370/322/370
f 376/326/376 387/321/387 386/323/386
f 368/325/368 367/324/367 381/327/381
f 381/327/381 367/324/367 370/322/370
f 360/338/360 359/337/359 371/339/371
f 380/328/380 381/327/381 372/350/372
f 375/352/375 379/329/379 380/328/380
f 372/350/372 381/327/381 378/331/378
f 373/318/373 385/317/385 371/330/371
f 376/315/376 382/314/382 377/354/377
f 376/326/376 391/360/391 383/356/383
f 388/361/388 391/360/391 390/359/390
f 405/338/405 402/335/402 400/336/400
f 426/340/426 443/624/443 422/364/422
f 405/338/405 404/337/404 1697/339/1697
f 401/341/401 406/342/406 403/364/403
f 408/345/408 407/340/407 406/342/406
f 408/345/408 410/370/410 405/338/405
f 438/313/438 442/331/442 446/314/446
f 436/316/436 448/320/448 449/317/449
f 438/319/438 450/323/450 448/320/448
f 451/321/451 433/357/433 434/322/434
f 449/317/449 448/320/448 431/324/431
f 448/320/448 450/323/450 434/322/434
f 440/326/440 451/321/451 450/323/450
f 432/325/432 431/324/431 445/327/445
f 445/327/445 431/324/431 434/322/434
f 471/340/471 488/624/488 467/364/467
f 424/338/424 423/337/423 435/339/435
f 444/328/444 445/327/445 436/350/436
f 439/352/439 443/329/443 444/328/444
f 436/350/436 445/327/445 442/331/442
f 437/318/437 449/317/449 435/365/435
f 440/315/440 446/314/446 441/354/441
f 440/326/440 455/360/455 447/356/447
f 452/361/452 455/360/455 454/359/454
f 483/313/483 487/331/487 491/314/491
f 481/316/481 493/320/493 494/317/494
f 483/319/483 495/323/495 493/320/493
f 494/317/494 493/320/493 476/324/476
f 493/320/493 495/323/495 479/322/479
f 485/326/485 496/321/496 495/323/495
f 477/325/477 476/324/476 490/327/490
f 490/327/490 476/324/476 479/322/479
f 516/340/516 533/624/533 512/364/512
f 469/338/469 468/337/468 480/339/480
f 489/328/489 490/327/490 481/350/481
f 484/352/484 488/329/488 489/328/489
f 481/350/481 490/327/490 487/331/487
f 482/318/482 494/317/494 480/365/480
f 485/315/485 491/314/491 486/354/486
f 485/326/485 500/360/500 492/356/492
f 497/361/497 500/360/500 499/359/499
f 528/313/528 532/331/532 536/314/536
f 526/316/526 538/320/538 539/317/539
f 528/319/528 540/323/540 538/320/538
f 541/321/541 523/357/523 524/322/524
f 539/317/539 538/320/538 521/324/521
f 538/320/538 540/323/540 524/322/524
f 530/326/530 541/321/541 540/323/540
f 522/325/522 521/324/521 535/327/535
f 535/327/535 521/324/521 524/322/524
f 561/340/561 578/624/578 557/364/557
f 514/338/514 513/337/513 525/339/525
f 534/328/534 535/327/535 526/350/526
f 529/352/529 533/329/533 534/328/534
f 526/350/526 535/327/535 532/331/532
f 527/318/527 539/317/539 525/365/525
f 530/315/530 536/314/536 531/354/531
f 530/326/530 545/360/545 537/356/537
f 542/361/542 545/360/545 544/359/544
f 573/313/573 577/331/577 581/314/581
f 571/316/571 583/320/583 584/317/584
f 573/319/573 585/323/585 583/320/583
f 584/317/584 583/320/583 566/324/566
f 583/320/583 585/323/585 569/322/569
f 575/326/575 586/321/586 585/323/585
f 567/325/567 566/324/566 580/327/580
f 580/327/580 566/324/566 569/322/569
f 606/340/606 623/624/623 602/364/602
f 559/338/559 558/337/558 570/339/570
f 579/328/579 580/327/580 571/350/571
f 574/352/574 578/329/578 579/328/579
f 571/350/571 580/327/580 577/331/577
f 572/318/572 584/317/584 570/365/570
f 587/361/587 590/360/590 589/359/589
f 618/313/618 622/331/622 626/314/626
f 616/316/616 628/320/628 629/317/629
f 618/319/618 630/323/630 628/320/628
f 631/321/631 613/357/613 614/322/614
f 629/317/629 628/320/628 611/324/611
f 628/320/628 630/323/630 614/322/614
f 620/326/620 631/321/631 630/323/630
f 612/325/612 611/324/611 625/327/625
f 625/327/625 611/324/611 614/322/614
f 651/340/651 1730/624/1730 647/364/647
f 604/338/604 603/337/603 615/339/615
f 624/328/624 625/327/625 616/350/616
f 619/352/619 623/329/623 624/328/624
f 616/350/616 625/327/625 622/331/622
f 617/318/617 629/317/629 615/365/615
f 620/315/620 626/314/626 621/354/621
f 620/326/620 635/360/635 627/356/627
f 632/361/632 635/360/635 634/359/634
f 649/338/649 646/335/646 644/336/644
f 670/340/670 687/624/687 666/364/666
f 649/338/649 648/337/648 1722/339/1722
f 645/341/645 650/342/650 647/364/647
f 652/345/652 651/340/651 650/342/650
f 652/345/652 654/370/654 649/338/649
f 682/313/682 686/331/686 690/314/690
f 680/316/680 692/320/692 693/317/693
f 682/319/682 694/323/694 692/320/692
f 695/321/695 677/357/677 678/322/678
f 693/317/693 692/320/692 675/324/675
f 692/320/692 694/323/694 678/322/678
f 684/326/684 695/321/695 694/323/694
f 676/325/676 675/324/675 689/327/689
f 689/327/689 675/324/675 678/322/678
f 715/340/715 732/624/732 711/364/711
f 668/338/668 667/337/667 679/339/679
f 688/328/688 689/327/689 680/350/680
f 683/352/683 687/329/687 688/328/688
f 680/350/680 689/327/689 686/331/686
f 681/318/681 693/317/693 679/365/679
f 684/315/684 690/314/690 685/354/685
f 684/326/684 699/360/699 691/356/691
f 768/322/768 767/357/767 780/314/780
f 696/361/696 699/360/699 698/359/698
f 727/313/727 731/331/731 735/314/735
f 725/316/725 737/320/737 738/317/738
f 727/319/727 739/323/739 737/320/737
f 740/321/740 722/357/722 723/322/723
f 738/317/738 737/320/737 720/324/720
f 737/320/737 739/323/739 723/322/723
f 729/326/729 740/321/740 739/323/739
f 721/325/721 720/324/720 734/327/734
f 734/327/734 720/324/720 723/322/723
f 760/340/760 777/624/777 756/364/756
f 713/338/713 712/337/712 724/339/724
f 733/328/733 734/327/734 725/350/725
f 728/352/728 732/329/732 733/328/733
f 725/350/725 734/327/734 731/331/731
f 726/318/726 738/317/738 724/365/724
f 729/315/729 735/314/735 730/354/730
f 729/326/729 744/360/744 736/356/736
f 678/322/678 677/357/677 690/314/690
f 741/361/741 744/360/744 743/359/743
f 772/313/772 776/331/776 780/314/780
f 770/372/770 782/373/782 783/317/783
f 772/319/772 784/323/784 782/373/782
f 785/321/785 767/357/767 768/322/768
f 783/317/783 782/373/782 765/374/765
f 782/373/782 784/323/784 768/322/768
f 774/326/774 785/321/785 784/323/784
f 766/325/766 765/374/765 779/375/779
f 779/375/779 765/374/765 768/322/768
f 805/340/805 822/624/822 801/364/801
f 758/338/758 757/337/757 769/339/769
f 778/328/778 779/375/779 770/376/770
f 773/352/773 777/329/777 778/328/778
f 770/376/770 779/375/779 776/331/776
f 771/318/771 783/317/783 769/365/769
f 774/315/774 780/314/780 775/354/775
f 774/326/774 789/360/789 781/356/781
f 786/361/786 789/360/789 788/359/788
f 817/313/817 821/331/821 825/377/825
f 815/316/815 827/320/827 828/379/828
f 817/319/817 829/323/829 827/320/827
f 821/331/821 813/322/813 812/381/812
f 828/379/828 827/320/827 810/324/810
f 827/320/827 829/323/829 813/322/813
f 819/383/819 830/386/830 829/323/829
f 811/382/811 810/324/810 824/327/824
f 824/327/824 810/324/810 813/322/813
f 850/340/850 864/624/864 846/364/846
f 803/338/803 802/337/802 814/339/814
f 823/384/823 824/327/824 815/350/815
f 818/352/818 822/329/822 823/384/823
f 813/322/813 829/323/829 830/386/830
f 815/350/815 824/327/824 821/331/821
f 816/380/816 828/379/828 814/365/814
f 819/378/819 825/377/825 820/354/820
f 819/383/819 834/360/834 826/356/826
f 831/361/831 834/360/834 833/359/833
f 862/326/862 871/321/871 869/387/869
f 859/388/859 869/387/869 870/317/870
f 859/389/859 866/391/866 867/314/867
f 870/317/870 869/387/869 855/390/855
f 866/391/866 855/390/855 858/381/858
f 856/325/856 855/390/855 866/391/866
f 1219/340/1219 1234/624/1234 1215/364/1215
f 848/338/848 847/337/847 857/339/857
f 865/328/865 866/391/866 859/389/859
f 861/352/861 864/329/864 865/328/865
f 860/318/860 870/317/870 857/365/857
f 862/315/862 867/314/867 863/354/863
f 862/326/862 875/360/875 868/356/868
f 872/361/872 875/360/875 874/359/874
f 892/392/892 896/401/896 895/393/895
f 887/402/887 885/408/885 881/403/881
f 882/399/882 886/626/886 887/402/887
f 896/401/896 892/392/892 898/404/898
f 891/406/891 894/396/894 893/395/893
f 885/408/885 887/402/887 894/409/894
f 893/395/893 900/421/900 898/411/898
f 898/411/898 900/421/900 899/412/899
f 898/404/898 906/418/906 901/414/901
f 903/419/903 906/418/906 905/417/905
f 918/392/918 922/401/922 921/393/921
f 913/402/913 911/408/911 907/403/907
f 908/399/908 912/626/912 913/402/913
f 922/401/922 918/392/918 924/404/924
f 917/406/917 920/396/920 919/395/919
f 911/408/911 913/402/913 920/409/920
f 919/395/919 926/421/926 924/411/924
f 924/411/924 926/421/926 925/412/925
f 924/404/924 932/418/932 927/414/927
f 929/419/929 932/418/932 931/417/931
f 944/392/944 948/401/948 947/393/947
f 939/402/939 937/408/937 933/403/933
f 934/399/934 938/626/938 939/402/939
f 948/401/948 944/392/944 950/404/950
f 943/406/943 946/396/946 945/395/945
f 937/408/937 939/402/939 946/409/946
f 945/395/945 952/421/952 950/411/950
f 950/411/950 952/421/952 951/412/951
f 950/404/950 958/418/958 953/414/953
f 955/419/955 958/418/958 957/417/957
f 1009/422/1009 1010/452/1010 965/423/965
f 1012/425/1012 1011/428/1011 968/426/968
f 1011/428/1011 1012/425/1012 969/429/969
f 974/424/974 1014/633/1014 1013/431/1013
f 975/424/975 1015/634/1015 1016/432/1016
f 1013/431/1013 1014/633/1014 973/433/973
f 982/435/982 1018/635/1018 1017/436/1017
f 1016/432/1016 1015/634/1015 976/433/976
f 986/424/986 1020/636/1020 1019/438/1019
f 1017/436/1017 1018/635/1018 981/439/981
f 1023/441/1023 1024/444/1024 993/433/993
f 1019/438/1019 1020/636/1020 985/433/985
f 1025/442/1025 1026/446/1026 997/426/997
f 1022/443/1022 1021/451/1021 988/423/988
f 1024/444/1024 1023/441/1023 992/423/992
f 1028/445/1028 1027/637/1027 1000/439/1000
f 1026/446/1026 1025/442/1025 996/447/996
f 999/435/999 1027/637/1027 1028/445/1028
f 1006/430/1006 1030/638/1030 1029/449/1029
f 1029/449/1029 1030/638/1030 1005/426/1005
f 1007/450/1007 1008/453/1008 961/437/961
f 1021/451/1021 1022/443/1022 989/433/989
f 1010/452/1010 1009/422/1009 964/433/964
f 1007/450/1007 960/439/960 962/440/962
f 1035/454/1035 1032/639/1032 1034/455/1034
f 1038/457/1038 1035/454/1035 1036/456/1036
f 1031/459/1031 1038/457/1038 1037/458/1037
f 1043/461/1043 1040/640/1040 1042/462/1042
f 1039/464/1039 1043/461/1043 1044/463/1044
f 1049/461/1049 1046/640/1046 1048/462/1048
f 1045/466/1045 1049/461/1049 1050/463/1050
f 1055/454/1055 1052/639/1052 1054/455/1054
f 1058/457/1058 1055/454/1055 1056/456/1056
f 1051/459/1051 1058/457/1058 1057/458/1057
f 1063/454/1063 1060/639/1060 1062/455/1062
f 1066/457/1066 1063/454/1063 1064/456/1064
f 1059/459/1059 1066/457/1066 1065/458/1065
f 1071/461/1071 1068/640/1068 1070/462/1070
f 1067/464/1067 1071/461/1071 1072/463/1072
f 1077/461/1077 1074/640/1074 1076/462/1076
f 1073/466/1073 1077/461/1077 1078/463/1078
f 1083/454/1083 1080/639/1080 1082/455/1082
f 1086/457/1086 1083/454/1083 1084/456/1084
f 1079/459/1079 1086/457/1086 1085/458/1085
f 1091/454/1091 1088/639/1088 1090/455/1090
f 1097/461/1097 1094/640/1094 1096/462/1096
f 1093/464/1093 1097/461/1097 1098/463/1098
f 1103/461/1103 1100/640/1100 1102/462/1102
f 1099/466/1099 1103/461/1103 1104/463/1104
f 1109/454/1109 1106/639/1106 1108/455/1108
f 1112/457/1112 1109/454/1109 1110/456/1110
f 1105/459/1105 1112/457/1112 1111/458/1111
f 1117/454/1117 1114/639/1114 1116/455/1116
f 1120/457/1120 1117/454/1117 1118/456/1118
f 1113/459/1113 1120/457/1120 1119/458/1119
f 1125/461/1125 1122/640/1122 1124/462/1124
f 1121/464/1121 1125/461/1125 1126/463/1126
f 1131/461/1131 1128/640/1128 1130/462/1130
f 1127/466/1127 1131/461/1131 1132/463/1132
f 1137/454/1137 1134/639/1134 1136/455/1136
f 1140/457/1140 1137/454/1137 1138/456/1138
f 1133/459/1133 1140/457/1140 1139/458/1139
f 1145/454/1145 1142/639/1142 1144/455/1144
f 1151/461/1151 1148/640/1148 1150/462/1150
f 1147/464/1147 1151/461/1151 1152/463/1152
f 1157/461/1157 1154/640/1154 1156/462/1156
f 1153/466/1153 1157/461/1157 1158/463/1158
f 1163/454/1163 1160/639/1160 1162/455/1162
f 1166/457/1166 1163/454/1163 1164/456/1164
f 1159/459/1159 1166/457/1166 1165/458/1165
f 1171/454/1171 1168/639/1168 1170/455/1170
f 1174/457/1174 1171/454/1171 1172/456/1172
f 1167/459/1167 1174/457/1174 1173/458/1173
f 1179/461/1179 1176/640/1176 1178/462/1178
f 1175/464/1175 1179/461/1179 1180/463/1180
f 1185/461/1185 1182/640/1182 1184/462/1184
f 1181/466/1181 1185/461/1185 1186/463/1186
f 1191/454/1191 1188/639/1188 1190/455/1190
f 1194/457/1194 1191/454/1191 1192/456/1192
f 1187/459/1187 1194/457/1194 1193/458/1193
f 1199/461/1199 1196/640/1196 1198/462/1198
f 1195/466/1195 1199/461/1199 1200/463/1200
f 1205/454/1205 1202/639/1202 1204/455/1204
f 1208/457/1208 1205/454/1205 1206/456/1206
f 1201/459/1201 1208/457/1208 1207/458/1207
f 1087/467/1087 1091/454/1091 1092/456/1092
f 1141/459/1141 1145/454/1145 1146/456/1146
f 1230/469/1230 1233/477/1233 1237/470/1237
f 1228/472/1228 1238/476/1238 1239/473/1239
f 1230/475/1230 1241/483/1241 1238/476/1238
f 1233/477/1233 1226/481/1226 1227/478/1227
f 1239/473/1239 1238/476/1238 1224/479/1224
f 1238/476/1238 1241/483/1241 1226/481/1226
f 1232/482/1232 1242/489/1242 1241/483/1241
f 1225/480/1225 1224/479/1224 1236/484/1236
f 1236/484/1236 1224/479/1224 1226/481/1226
f 1217/338/1217 1214/335/1214 1212/336/1212
f 1257/340/1257 1274/624/1274 1253/364/1253
f 1217/338/1217 1216/337/1216 1240/339/1240
f 1213/341/1213 1218/342/1218 1215/364/1215
f 1220/345/1220 1219/340/1219 1218/342/1218
f 1220/345/1220 1222/370/1222 1217/338/1217
f 1235/485/1235 1236/484/1236 1228/486/1228
f 1231/488/1231 1234/329/1234 1235/485/1235
f 1226/481/1226 1241/483/1241 1242/489/1242
f 1228/486/1228 1236/484/1236 1233/477/1233
f 1229/474/1229 1239/473/1239 1240/365/1240
f 1269/313/1269 1273/331/1273 1277/314/1277
f 1267/316/1267 1279/320/1279 1280/317/1280
f 1269/319/1269 1281/323/1281 1279/320/1279
f 1282/321/1282 1264/357/1264 1265/322/1265
f 1280/317/1280 1279/320/1279 1262/324/1262
f 1279/320/1279 1281/323/1281 1265/322/1265
f 1271/326/1271 1282/321/1282 1281/323/1281
f 1263/325/1263 1262/324/1262 1276/327/1276
f 1276/327/1276 1262/324/1262 1265/322/1265
f 1302/340/1302 1319/624/1319 1298/364/1298
f 1255/338/1255 1254/337/1254 1266/339/1266
f 1275/328/1275 1276/327/1276 1267/350/1267
f 1270/352/1270 1274/329/1274 1275/328/1275
f 1267/350/1267 1276/327/1276 1273/331/1273
f 1268/318/1268 1280/317/1280 1266/365/1266
f 1271/315/1271 1277/314/1277 1272/354/1272
f 1271/326/1271 1286/360/1286 1278/356/1278
f 1283/361/1283 1286/360/1286 1285/359/1285
f 1314/313/1314 1318/331/1318 1322/314/1322
f 1312/316/1312 1324/320/1324 1325/317/1325
f 1314/319/1314 1326/323/1326 1324/320/1324
f 1318/331/1318 1310/322/1310 1309/381/1309
f 1325/317/1325 1324/320/1324 1307/324/1307
f 1324/320/1324 1326/323/1326 1310/322/1310
f 1316/326/1316 1327/321/1327 1326/323/1326
f 1308/325/1308 1307/324/1307 1321/327/1321
f 1321/327/1321 1307/324/1307 1310/322/1310
f 1347/340/1347 1365/624/1365 1343/364/1343
f 1300/338/1300 1299/337/1299 1311/339/1311
f 1320/328/1320 1321/327/1321 1312/350/1312
f 1315/352/1315 1319/329/1319 1320/328/1320
f 1310/322/1310 1326/323/1326 1327/321/1327
f 1312/350/1312 1321/327/1321 1318/331/1318
f 1313/318/1313 1325/317/1325 1311/365/1311
f 1316/315/1316 1322/314/1322 1317/354/1317
f 1316/326/1316 1331/360/1331 1323/356/1323
f 1328/361/1328 1331/360/1331 1330/359/1330
f 1360/313/1360 1364/331/1364 1368/314/1368
f 1358/316/1358 1370/320/1370 1371/317/1371
f 1360/319/1360 1372/323/1372 1370/320/1370
f 1364/331/1364 1355/322/1355 1357/381/1357
f 1371/317/1371 1370/320/1370 1352/324/1352
f 1370/320/1370 1372/323/1372 1355/322/1355
f 1362/326/1362 1373/321/1373 1372/323/1372
f 1353/325/1353 1352/324/1352 1367/327/1367
f 1367/327/1367 1352/324/1352 1355/322/1355
f 1345/338/1345 1344/337/1344 1356/339/1356
f 1366/328/1366 1367/327/1367 1358/350/1358
f 1361/352/1361 1365/329/1365 1366/328/1366
f 1355/322/1355 1372/323/1372 1373/321/1373
f 1358/350/1358 1367/327/1367 1364/331/1364
f 1359/318/1359 1371/317/1371 1356/365/1356
f 1362/315/1362 1368/314/1368 1363/354/1363
f 1362/326/1362 1377/360/1377 1369/356/1369
f 1368/314/1368 1357/381/1357 1354/357/1354
f 1373/321/1373 1369/356/1369 1354/357/1354
f 1374/361/1374 1377/360/1377 1376/359/1376
f 1384/491/1384 1386/497/1386 1385/492/1385
f 1389/494/1389 1388/641/1388 1387/495/1387
f 1386/497/1386 1389/494/1389 1390/496/1390
f 1392/498/1392 1394/504/1394 1393/499/1393
f 1397/501/1397 1396/642/1396 1395/502/1395
f 1394/504/1394 1397/501/1397 1398/503/1398
f 1400/505/1400 1402/511/1402 1401/506/1401
f 1405/508/1405 1404/643/1404 1403/509/1403
f 1402/511/1402 1405/508/1405 1406/510/1406
f 1408/498/1408 1410/504/1410 1409/499/1409
f 1413/501/1413 1412/642/1412 1411/502/1411
f 1410/504/1410 1413/501/1413 1414/512/1414
f 1416/491/1416 1418/497/1418 1417/492/1417
f 1421/494/1421 1420/641/1420 1419/495/1419
f 1418/497/1418 1421/494/1421 1422/496/1422
f 1424/491/1424 1426/497/1426 1425/492/1425
f 1429/494/1429 1428/641/1428 1427/495/1427
f 1426/497/1426 1429/494/1429 1430/496/1430
f 1432/513/1432 1434/519/1434 1433/514/1433
f 1437/516/1437 1436/644/1436 1435/517/1435
f 1434/519/1434 1437/516/1437 1438/518/1438
f 1440/505/1440 1442/511/1442 1441/506/1441
f 1445/508/1445 1444/643/1444 1443/509/1443
f 1442/511/1442 1445/508/1445 1446/510/1446
f 1448/520/1448 1450/526/1450 1449/521/1449
f 1453/523/1453 1452/645/1452 1451/524/1451
f 1450/526/1450 1453/523/1453 1454/525/1454
f 1456/491/1456 1458/497/1458 1457/492/1457
f 1461/494/1461 1460/641/1460 1459/495/1459
f 1458/497/1458 1461/494/1461 1462/496/1462
f 1464/491/1464 1466/497/1466 1465/492/1465
f 1469/494/1469 1468/641/1468 1467/495/1467
f 1466/497/1466 1469/494/1469 1470/496/1470
f 1472/505/1472 1474/511/1474 1473/506/1473
f 1477/508/1477 1476/643/1476 1475/509/1475
f 1474/511/1474 1477/508/1477 1478/510/1478
f 1480/491/1480 1482/497/1482 1481/492/1481
f 1485/494/1485 1484/641/1484 1483/495/1483
f 1482/497/1482 1485/494/1485 1486/496/1486
f 1488/513/1488 1490/519/1490 1489/514/1489
f 1493/516/1493 1492/644/1492 1491/517/1491
f 1490/519/1490 1493/516/1493 1494/518/1494
f 1496/505/1496 1498/511/1498 1497/506/1497
f 1501/508/1501 1500/643/1500 1499/509/1499
f 1498/511/1498 1501/508/1501 1502/510/1502
f 1504/491/1504 1506/497/1506 1505/492/1505
f 1509/494/1509 1508/641/1508 1507/495/1507
f 1506/497/1506 1509/494/1509 1510/496/1510
f 1512/498/1512 1514/504/1514 1513/499/1513
f 1517/501/1517 1516/642/1516 1515/502/1515
f 1514/504/1514 1517/501/1517 1518/503/1518
f 1520/513/1520 1522/519/1522 1521/514/1521
f 1525/516/1525 1524/644/1524 1523/517/1523
f 1522/519/1522 1525/516/1525 1526/518/1526
f 1528/505/1528 1530/511/1530 1529/506/1529
f 1533/508/1533 1532/643/1532 1531/509/1531
f 1530/511/1530 1533/508/1533 1534/510/1534
f 1536/491/1536 1538/497/1538 1537/492/1537
f 1541/494/1541 1540/641/1540 1539/495/1539
f 1538/497/1538 1541/494/1541 1542/496/1542
f 1544/505/1544 1546/511/1546 1545/506/1545
f 1549/508/1549 1548/643/1548 1547/509/1547
f 1546/511/1546 1549/508/1549 1550/510/1550
f 1552/498/1552 1554/504/1554 1553/499/1553
f 1557/501/1557 1556/642/1556 1555/502/1555
f 1554/504/1554 1557/501/1557 1558/503/1558
f 1560/491/1560 1562/497/1562 1561/492/1561
f 1565/494/1565 1564/641/1564 1563/495/1563
f 1562/497/1562 1565/494/1565 1566/496/1566
f 1568/491/1568 1570/497/1570 1569/492/1569
f 1573/494/1573 1572/641/1572 1571/495/1571
f 1570/497/1570 1573/494/1573 1574/496/1574
f 1576/505/1576 1578/511/1578 1577/506/1577
f 1581/508/1581 1580/646/1580 1579/527/1579
f 1578/511/1578 1581/508/1581 1582/510/1582
f 1584/505/1584 1586/511/1586 1585/506/1585
f 1589/508/1589 1588/643/1588 1587/509/1587
f 1586/511/1586 1589/508/1589 1590/510/1590
f 1592/513/1592 1594/519/1594 1593/514/1593
f 1597/516/1597 1596/644/1596 1595/517/1595
f 1594/519/1594 1597/516/1597 1598/518/1598
f 1600/491/1600 1602/497/1602 1601/492/1601
f 1605/494/1605 1604/641/1604 1603/495/1603
f 1602/497/1602 1605/494/1605 1606/496/1606
f 1608/505/1608 1610/511/1610 1609/506/1609
f 1613/508/1613 1612/643/1612 1611/509/1611
f 1610/511/1610 1613/508/1613 1614/510/1614
f 1616/491/1616 1618/497/1618 1617/492/1617
f 1621/494/1621 1620/641/1620 1619/495/1619
f 1618/497/1618 1621/494/1621 1622/496/1622
f 1624/498/1624 1626/504/1626 1625/499/1625
f 1629/501/1629 1628/642/1628 1627/502/1627
f 1626/504/1626 1629/501/1629 1630/503/1630
f 1632/528/1632 1634/534/1634 1633/529/1633
f 1637/531/1637 1636/647/1636 1635/532/1635
f 1634/534/1634 1637/531/1637 1638/533/1638
f 1640/491/1640 1642/497/1642 1641/492/1641
f 1645/494/1645 1644/641/1644 1643/495/1643
f 1642/497/1642 1645/494/1645 1646/496/1646
f 1648/505/1648 1650/511/1650 1649/506/1649
f 1653/508/1653 1652/643/1652 1651/509/1651
f 1650/511/1650 1653/508/1653 1654/510/1654
f 1656/535/1656 1658/541/1658 1657/536/1657
f 1661/538/1661 1660/648/1660 1659/539/1659
f 1658/541/1658 1661/538/1661 1662/540/1662
f 1664/498/1664 1666/504/1666 1665/499/1665
f 1669/501/1669 1668/642/1668 1667/502/1667
f 1666/504/1666 1669/501/1669 1670/503/1670
f 1672/491/1672 1674/497/1674 1673/492/1673
f 1677/494/1677 1676/641/1676 1675/495/1675
f 1674/497/1674 1677/494/1677 1678/496/1678
f 1680/491/1680 1682/543/1682 1681/542/1681
f 1685/494/1685 1684/641/1684 1683/495/1683
f 1682/543/1682 1685/494/1685 1686/496/1686
f 871/321/871 858/381/858 855/390/855
f 434/322/434 433/357/433 446/314/446
f 1232/471/1232 1237/470/1237 1687/544/1687
f 1232/482/1232 1692/549/1692 1688/546/1688
f 1689/550/1689 1692/549/1692 1691/548/1691
f 325/322/325 324/357/324 337/314/337
f 280/322/280 279/357/279 292/314/292
f 370/322/370 369/357/369 382/314/382
f 1700/313/1700 1704/331/1704 1708/314/1708
f 1698/316/1698 1710/320/1710 1711/317/1711
f 1700/319/1700 1712/323/1712 1710/320/1710
f 1713/321/1713 1695/357/1695 1696/322/1696
f 1711/317/1711 1710/320/1710 1693/324/1693
f 1710/320/1710 1712/323/1712 1696/322/1696
f 1702/326/1702 1713/321/1713 1712/323/1712
f 1694/325/1694 1693/324/1693 1707/327/1707
f 1707/327/1707 1693/324/1693 1696/322/1696
f 1706/328/1706 1707/327/1707 1698/350/1698
f 1701/352/1701 1705/329/1705 1706/328/1706
f 1698/350/1698 1707/327/1707 1704/331/1704
f 1699/318/1699 1711/317/1711 1697/365/1697
f 1702/315/1702 1708/314/1708 1703/354/1703
f 1702/326/1702 1717/360/1717 1709/356/1709
f 1714/361/1714 1717/360/1717 1716/359/1716
f 1696/322/1696 1695/357/1695 1708/314/1708
f 524/322/524 523/357/523 536/314/536
f 614/322/614 613/357/613 626/314/626
f 1265/322/1265 1264/357/1264 1277/314/1277
f 1725/313/1725 1729/331/1729 1733/314/1733
f 1723/316/1723 1735/320/1735 1736/317/1736
f 1725/319/1725 1737/323/1737 1735/320/1735
f 1738/321/1738 1720/357/1720 1721/322/1721
f 1736/317/1736 1735/320/1735 1718/324/1718
f 1735/320/1735 1737/323/1737 1721/322/1721
f 1727/326/1727 1738/321/1738 1737/323/1737
f 1719/325/1719 1718/324/1718 1732/327/1732
f 1732/327/1732 1718/324/1718 1721/322/1721
f 1731/328/1731 1732/327/1732 1723/350/1723
f 1726/352/1726 1730/329/1730 1731/328/1731
f 1723/350/1723 1732/327/1732 1729/331/1729
f 1724/318/1724 1736/317/1736 1722/365/1722
f 1727/315/1727 1733/314/1733 1728/354/1728
f 1727/326/1727 1742/360/1742 1734/356/1734
f 1739/361/1739 1742/360/1742 1741/359/1741
f 1721/322/1721 1720/357/1720 1733/314/1733
f 723/322/723 722/357/722 735/314/735
f 1765/552/1765 1764/578/1764 1758/553/1758
f 1768/555/1768 1771/567/1771 1746/556/1746
f 1763/558/1763 1770/561/1770 1747/559/1747
f 1770/561/1770 1769/563/1769 1748/562/1748
f 1769/563/1769 1768/555/1768 1749/557/1749
f 1772/564/1772 1767/579/1767 1744/565/1744
f 1771/567/1771 1774/569/1774 1750/568/1750
f 1774/569/1774 1773/571/1773 1751/570/1751
f 1773/571/1773 1772/564/1772 1752/566/1752
f 1759/294/1759 1763/558/1763 1745/560/1745
f 1762/573/1762 1761/576/1761 1753/574/1753
f 1761/576/1761 1760/295/1760 1754/577/1754
f 1760/295/1760 1759/294/1759 1755/572/1755
f 1764/578/1764 1762/573/1762 1743/575/1743
f 1767/579/1767 1766/581/1766 1756/580/1756
f 1766/581/1766 1765/552/1765 1757/554/1757
f 1776/285/1776 1775/284/1775 174/293/174
f 1777/292/1777 1776/285/1776 175/582/175
f 1775/284/1775 1780/291/1780 179/583/179
f 1778/289/1778 1777/292/1777 176/584/176
f 1781/290/1781 1778/289/1778 177/585/177
f 1780/291/1780 1779/288/1779 178/586/178
f 1779/288/1779 1782/287/1782 181/587/181
f 1782/287/1782 1781/290/1781 180/588/180
f 1757/554/1757 1758/553/1758 1796/258/1796
f 1749/557/1749 1746/556/1746 1798/274/1798
f 1745/560/1745 1747/559/1747 1785/280/1785
f 1747/559/1747 1748/562/1748 1786/277/1786
f 1748/562/1748 1749/557/1749 1787/283/1787
f 1752/566/1752 1744/565/1744 1797/256/1797
f 1746/556/1746 1750/568/1750 1788/272/1788
f 1750/568/1750 1751/570/1751 1789/269/1789
f 1751/570/1751 1752/566/1752 1790/276/1790
f 1755/572/1755 1745/560/1745 1784/282/1784
f 1743/575/1743 1753/574/1753 1791/264/1791
f 1753/574/1753 1754/577/1754 1792/261/1792
f 1754/577/1754 1755/572/1755 1793/267/1793
f 1758/553/1758 1743/575/1743 1783/266/1783
f 1744/565/1744 1756/580/1756 1794/253/1794
f 1756/580/1756 1757/554/1757 1795/312/1795
f 33/144/33 97/149/97 1803/150/1803
f 101/159/101 1806/161/1806 1799/156/1799
f 34/148/34 100/141/100 1806/161/1806
f 102/165/102 1805/157/1805 1800/158/1800
f 40/163/40 1799/156/1799 1805/157/1805
f 103/589/103 1804/154/1804 1801/155/1801
f 35/146/35 98/145/98 1804/590/1804
f 104/179/104 1803/150/1803 1802/151/1802
f 38/160/38 101/159/101 1811/162/1811
f 1822/591/1822 1814/177/1814 1809/178/1809
f 37/167/37 104/179/104 1814/177/1814
f 1821/592/1821 1813/172/1813 1808/173/1808
f 39/153/39 103/152/103 1813/593/1813
f 1820/594/1820 1812/166/1812 1807/168/1807
f 1818/595/1818 1810/164/1810 1812/166/1812
f 1819/596/1819 1811/162/1811 1810/164/1810
f 92/181/92 1819/596/1819 1818/595/1818
f 25/597/25 1818/595/1818 1820/594/1820
f 91/598/91 1820/594/1820 1815/174/1815
f 90/599/90 1821/592/1821 1816/180/1816
f 89/175/89 1822/591/1822 1817/169/1817
f 1808/173/1808 1811/162/1811 1819/596/1819
f 1807/168/1807 1814/177/1814 1822/591/1822
f 1809/178/1809 1813/593/1813 1821/600/1821
f 1825/16/1825 1830/1/1830 93/62/93
f 32/63/32 1823/3/1823 1829/11/1829
f 1826/24/1826 1828/28/1828 95/601/95
f 1824/8/1824 60/12/60 108/26/108
f 1842/602/1842 1846/607/1846 1845/603/1845
f 1837/402/1837 1835/408/1835 1831/403/1831
f 1832/399/1832 1836/626/1836 1837/402/1837
f 1846/607/1846 1842/602/1842 1848/608/1848
f 1841/610/1841 1844/605/1844 1843/611/1843
f 1835/408/1835 1837/402/1837 1844/409/1844
f 1843/611/1843 1850/614/1850 1848/613/1848
f 1853/622/1853 1856/617/1856 1855/621/1855
f 362/340/362 379/624/379 358/364/358
f 272/340/272 289/624/289 268/364/268
f 317/340/317 334/624/334 313/364/313
f 228/340/228 245/624/245 224/364/224
f 407/340/407 1705/624/1705 403/364/403
f 1845/625/1845 1837/402/1837 1836/626/1836
f 895/625/895 887/402/887 886/626/886
f 921/625/921 913/402/913 912/626/912
f 947/625/947 939/402/939 938/626/938
