# Blender 4.2.0
# www.blender.org
o Sunflower_05
v -0.114341 1.123943 -3.993586
v 0.004819 -0.009210 -4.008973
v -0.116590 1.123056 -3.983716
v 0.004812 -0.009210 -3.990347
v -0.119866 1.122534 -3.994972
v -0.005935 -0.009178 -4.008977
v -0.122115 1.121646 -3.985101
v -0.005941 -0.009177 -3.990352
v -0.102526 1.027480 -3.981143
v -0.095469 1.028923 -3.990525
v -0.096782 1.028651 -3.980367
v -0.101213 1.027752 -3.991300
v -0.117115 1.161297 -3.993708
v -0.118382 1.160877 -3.984269
v -0.122314 1.162971 -3.994331
v -0.123582 1.162551 -3.984892
v -0.111652 1.172313 -3.992165
v -0.113776 1.172074 -3.981697
v -0.116530 1.175960 -3.993069
v -0.118653 1.175723 -3.982600
v -0.101704 1.185145 -3.980029
v -0.109126 1.192181 -3.979996
v -0.100986 1.185933 -3.990263
v -0.108408 1.192969 -3.990230
v -0.015259 0.219008 -4.022589
v -0.015246 0.217710 -4.036802
v -0.007020 0.219034 -4.022584
v -0.007007 0.217737 -4.036797
v -0.071181 0.852838 -3.979026
v -0.064820 0.854355 -3.966610
v -0.064328 0.854327 -3.978751
v -0.071673 0.852865 -3.966885
v -0.053967 0.748093 -3.975558
v -0.046962 0.749312 -3.962108
v -0.046533 0.749689 -3.975270
v -0.054396 0.747715 -3.962397
v -0.027309 0.487724 -3.994505
v -0.018902 0.484654 -3.980503
v -0.019053 0.488629 -3.994330
v -0.027159 0.483756 -3.980677
v -0.011315 -0.009161 -3.999667
v -0.013854 0.125918 -4.013011
v -0.115264 1.092852 -3.984054
v -0.112703 1.124203 -3.987958
v -0.123753 1.121385 -3.990729
v 0.010192 -0.009227 -3.999657
v -0.005012 0.122696 -4.027919
v -0.005041 0.126073 -4.013030
v -0.013825 0.122540 -4.027899
v -0.107567 1.093835 -3.992839
v -0.109565 1.093576 -3.982890
v -0.113265 1.093112 -3.994003
v -0.093253 1.029372 -3.985059
v -0.104741 1.027030 -3.986609
v -0.115149 1.160252 -3.988677
v -0.125548 1.163600 -3.989923
v -0.117610 1.146607 -3.993678
v -0.123101 1.146693 -3.995017
v -0.125430 1.145906 -3.985531
v -0.119938 1.145820 -3.984192
v -0.110276 1.170373 -3.986479
v -0.120031 1.177670 -3.988286
v -0.105563 1.188497 -3.977893
v -0.099806 1.184086 -3.985153
v -0.110305 1.194035 -3.985106
v -0.104548 1.189612 -3.992366
v -0.000505 0.043041 -4.011747
v -0.000527 0.045938 -3.996124
v -0.009679 0.042965 -4.011745
v -0.009701 0.045863 -3.996122
v -0.002893 0.218399 -4.029688
v -0.019372 0.218346 -4.029698
v -0.074854 0.852107 -3.973093
v -0.061148 0.855086 -3.972543
v -0.043030 0.750299 -3.968544
v -0.057899 0.747107 -3.969122
v -0.031363 0.485289 -3.987679
v -0.014849 0.487092 -3.987329
v -0.117114 1.092621 -3.989610
v -0.105716 1.094068 -3.987283
v 0.004071 0.044527 -4.003936
v -0.014276 0.044376 -4.003933
v -0.127011 1.146344 -3.990944
v -0.116029 1.146171 -3.988266
v -0.000620 0.124463 -4.020484
v -0.018246 0.124151 -4.020446
v -0.110156 1.213090 -3.964586
v -0.080724 1.185211 -3.959712
v -0.069233 1.187618 -4.005266
v -0.070156 1.185533 -4.006151
v -0.075442 1.186878 -3.955995
v -0.076530 1.184782 -3.955380
v -0.106105 1.218999 -4.010607
v -0.104158 1.220062 -4.009574
v -0.111064 1.217501 -3.961038
v -0.108919 1.218686 -3.961460
v -0.105916 1.214410 -4.006926
v -0.075308 1.185845 -4.003033
v -0.105861 1.204633 -3.990844
v -0.106958 1.204310 -3.980035
v -0.102772 1.199380 -3.971930
v -0.095322 1.192291 -3.970675
v -0.092249 1.192793 -3.996421
v -0.099964 1.200014 -3.997425
v -0.089313 1.187622 -3.977342
v -0.087945 1.187803 -3.988413
v -0.111244 1.218186 -3.997789
v -0.113670 1.219093 -3.986509
v -0.113230 1.217283 -3.974975
v -0.104444 1.206759 -3.957108
v -0.096805 1.199160 -3.953622
v -0.088403 1.191521 -3.954462
v -0.081666 1.192422 -4.009666
v -0.089602 1.200185 -4.013090
v -0.098163 1.207920 -4.011824
v -0.074858 1.181138 -3.969254
v -0.071870 1.179974 -3.981032
v -0.072032 1.181690 -3.992990
v -0.085337 1.209450 -3.982830
v -0.071423 1.194417 -3.971902
v -0.070847 1.193245 -3.989542
v -0.078077 1.201389 -4.002269
v -0.089873 1.214321 -4.005010
v -0.094475 1.211834 -3.963309
v -0.082210 1.201443 -3.960513
v -0.100257 1.220733 -3.993441
v -0.101651 1.220480 -3.976186
v -0.104446 1.210151 -3.952164
v -0.095490 1.201161 -3.948151
v -0.085536 1.192246 -3.949174
v -0.102419 1.211646 -3.952825
v -0.093884 1.202765 -3.948956
v -0.084042 1.194278 -3.949932
v -0.112316 1.223514 -3.999877
v -0.115270 1.224556 -3.986617
v -0.114634 1.222433 -3.973210
v -0.110051 1.224609 -3.999122
v -0.113074 1.225460 -3.986275
v -0.112293 1.223556 -3.973257
v -0.069510 1.179963 -3.966614
v -0.066096 1.178515 -3.980422
v -0.066306 1.180715 -3.994351
v -0.068465 1.182341 -3.966884
v -0.065342 1.180748 -3.980306
v -0.065373 1.183081 -3.993781
v -0.077580 1.193266 -4.013896
v -0.087058 1.202392 -4.017996
v -0.097040 1.211485 -4.016184
v -0.076300 1.195256 -4.012772
v -0.085706 1.203971 -4.016792
v -0.095236 1.212947 -4.014939
v -0.081424 1.186555 -3.973465
v -0.079287 1.186784 -3.990205
v -0.085937 1.194323 -4.002036
v -0.097568 1.205250 -4.003718
v -0.101695 1.204241 -3.965307
v -0.090592 1.193633 -3.963309
v -0.106511 1.212266 -3.993767
v -0.108003 1.211694 -3.977616
v -0.116357 1.100704 -3.929011
v -0.096257 1.107630 -3.933672
v -0.122283 1.097358 -3.963459
v -0.100840 1.102908 -3.967818
v -0.124674 1.099295 -3.944767
v -0.095803 1.107344 -3.954359
v -0.108568 1.100045 -3.946695
v -0.105955 1.102207 -3.930798
v -0.102829 1.103562 -3.909364
v -0.108872 1.093261 -3.961881
v -0.109716 1.087009 -3.972575
v -0.109424 1.092272 -3.961065
v -0.109065 1.085368 -3.971447
v -0.110514 1.085878 -3.971838
v -0.110723 1.092611 -3.961423
v -0.108292 1.086552 -3.972213
v -0.107849 1.076190 -3.982458
v -0.107762 1.077747 -3.978101
v -0.109338 1.072623 -3.982747
v -0.108777 1.078699 -3.978751
v -0.104607 1.072933 -3.983223
v -0.106323 1.078855 -3.978886
v -0.104416 1.068455 -3.982522
v -0.108444 1.067481 -3.982540
v -0.108683 1.071431 -3.979465
v -0.105830 1.071608 -3.979587
v -0.142209 1.140845 -4.020062
v -0.151870 1.139814 -4.010393
v -0.126790 1.144503 -4.004910
v -0.136461 1.142727 -3.994639
v -0.132756 1.143678 -4.015275
v -0.144592 1.142538 -3.999446
v -0.139548 1.140520 -4.008358
v -0.146805 1.139063 -4.015511
v -0.156392 1.139450 -4.025949
v -0.132230 1.138620 -4.001114
v -0.131994 1.138098 -4.001780
v -0.131380 1.138663 -4.002049
v -0.121828 1.129532 -3.992383
v -0.124590 1.130086 -3.995447
v -0.120298 1.127785 -3.994673
v -0.123465 1.131113 -3.995439
v -0.123479 1.126945 -3.991825
v -0.125117 1.130567 -3.994088
v -0.122365 1.123652 -3.992514
v -0.120328 1.124843 -3.994819
v -0.122242 1.126341 -3.995460
v -0.123557 1.125921 -3.994781
v -0.096726 1.198403 -3.960299
v -0.116848 1.205954 -3.941966
v -0.107592 1.210534 -3.971935
v -0.120283 1.208004 -3.945729
v -0.086790 1.187228 -3.966938
v -0.092743 1.186612 -3.936296
v -0.098406 1.200569 -3.963661
v -0.097946 1.188736 -3.937201
v -0.079450 1.184501 -3.970833
v -0.077211 1.169348 -3.945343
v -0.090567 1.194092 -3.960400
v -0.077425 1.172483 -3.942018
v -0.074562 1.165999 -3.963958
v -0.086301 1.189781 -3.967004
v -0.074103 1.163785 -3.970870
v -0.080555 1.184483 -3.984401
v -0.098560 1.205102 -4.003266
v -0.095242 1.198206 -4.030761
v -0.085993 1.193556 -4.001946
v -0.088665 1.193592 -4.030289
v -0.064158 1.161718 -3.983938
v -0.079898 1.184485 -3.975234
v -0.060671 1.162795 -3.987749
v -0.079933 1.187278 -3.995087
v -0.074337 1.168785 -3.999727
v -0.083928 1.188054 -3.987012
v -0.074558 1.171468 -4.006794
v -0.084500 1.192496 -4.003065
v -0.125853 1.223545 -3.965832
v -0.109392 1.212924 -3.984936
v -0.125587 1.219794 -3.961707
v -0.105104 1.205626 -3.967920
v -0.118472 1.220262 -4.015011
v -0.100344 1.206329 -4.003358
v -0.123191 1.222050 -4.008160
v -0.108655 1.212943 -3.988653
v -0.131281 1.228487 -3.991348
v -0.108958 1.215277 -3.996170
v -0.131558 1.228346 -3.986246
v -0.110309 1.214157 -3.978358
v -0.106110 1.212758 -4.000315
v -0.108080 1.216290 -4.027431
v -0.091816 1.201335 -4.010117
v -0.104672 1.212405 -4.030150
v -0.079372 1.180724 -4.033238
v -0.080293 1.188704 -4.003535
v -0.086450 1.191487 -4.035516
v -0.089921 1.201198 -4.011775
v -0.074742 1.176703 -3.978156
v -0.069007 1.179067 -3.994575
v -0.116869 1.220255 -3.994787
v -0.117697 1.219839 -3.979598
v -0.106914 1.215836 -4.009145
v -0.096071 1.204632 -4.017968
v -0.113735 1.217110 -3.972662
v -0.129547 1.248646 -3.972479
v -0.112915 1.219251 -3.991163
v -0.129213 1.249511 -3.979929
v -0.119891 1.232524 -3.971052
v -0.119161 1.234406 -3.987275
v -0.116923 1.224973 -3.989709
v -0.117724 1.222903 -3.971877
v -0.109074 1.212102 -3.966449
v -0.130686 1.237565 -3.960474
v -0.113657 1.218431 -3.984769
v -0.133647 1.237747 -3.966865
v -0.118285 1.223312 -3.962928
v -0.124007 1.224317 -3.976309
v -0.113810 1.217940 -3.979807
v -0.131519 1.243182 -3.988213
v -0.109716 1.216753 -3.997992
v -0.130582 1.242967 -3.995529
v -0.121443 1.226171 -3.982660
v -0.119029 1.226315 -3.996920
v -0.114543 1.219715 -3.986057
v -0.128449 1.248791 -4.000442
v -0.108603 1.216426 -4.003396
v -0.126062 1.247450 -4.007424
v -0.108931 1.217133 -4.002492
v -0.111623 1.238973 -4.031315
v -0.098072 1.207442 -4.013574
v -0.107276 1.235038 -4.035778
v -0.117985 1.231729 -3.989499
v -0.112531 1.228685 -4.005457
v -0.111206 1.217533 -3.991590
v -0.124098 1.239919 -4.014073
v -0.103224 1.211195 -4.008765
v -0.121008 1.237002 -4.021091
v -0.118708 1.225278 -3.999781
v -0.111702 1.219854 -4.014273
v -0.104518 1.213508 -4.008403
v -0.105181 1.222176 -4.040116
v -0.091716 1.201806 -4.013494
v -0.099908 1.216931 -4.043102
v -0.106538 1.216307 -4.019758
v -0.095589 1.206640 -4.025566
v -0.100020 1.210565 -4.011207
v -0.095119 1.217843 -4.044757
v -0.087606 1.197814 -4.013711
v -0.089173 1.213767 -4.045655
v -0.089304 1.200305 -4.013930
v -0.071198 1.196617 -4.039240
v -0.077420 1.188795 -4.007870
v -0.067593 1.190839 -4.036906
v -0.081673 1.201819 -4.025020
v -0.073820 1.189211 -4.019937
v -0.084683 1.195951 -4.013421
v -0.070413 1.181955 -4.039122
v -0.074706 1.185386 -4.002640
v -0.065998 1.176790 -4.034968
v -0.081202 1.190518 -4.023315
v -0.071963 1.180846 -4.015233
v -0.080862 1.192237 -4.009513
v -0.056713 1.178874 -4.032367
v -0.072897 1.182502 -3.996373
v -0.052491 1.175997 -4.027109
v -0.069675 1.186855 -4.020494
v -0.060476 1.180554 -4.009044
v -0.068770 1.180426 -4.002015
v -0.076468 1.189784 -4.014681
v -0.072248 1.184623 -4.000700
v -0.043465 1.164863 -4.006306
v -0.071787 1.178463 -3.983227
v -0.043283 1.162401 -3.999271
v -0.057729 1.177103 -4.004041
v -0.057329 1.171723 -3.988720
v -0.066250 1.174759 -3.985814
v -0.066693 1.180687 -4.002656
v -0.078327 1.189364 -4.007061
v -0.055918 1.166712 -4.018147
v -0.073347 1.181613 -3.989503
v -0.054181 1.163448 -4.010895
v -0.071580 1.179207 -4.012732
v -0.067277 1.172895 -3.997686
v -0.071342 1.181483 -3.990316
v -0.047843 1.160597 -3.987198
v -0.073931 1.179650 -3.971916
v -0.048738 1.159046 -3.979154
v -0.063696 1.173001 -3.990531
v -0.064854 1.170471 -3.974604
v -0.070993 1.179920 -3.981669
v -0.045203 1.160822 -3.969991
v -0.076592 1.181600 -3.963969
v -0.047105 1.161757 -3.962793
v -0.058697 1.171319 -3.977570
v -0.062842 1.173373 -3.961895
v -0.071785 1.177299 -3.963397
v -0.067228 1.175031 -3.980628
v -0.076327 1.182202 -3.968144
v -0.060846 1.167124 -3.944413
v -0.084680 1.189451 -3.955712
v -0.064214 1.170011 -3.939407
v -0.066746 1.175848 -3.957302
v -0.074084 1.182165 -3.946401
v -0.080891 1.184579 -3.959419
v -0.079204 1.177126 -3.930258
v -0.093024 1.196155 -3.952722
v -0.080537 1.179911 -3.926083
v -0.092086 1.193995 -3.953177
v -0.094735 1.200442 -3.927924
v -0.104113 1.206934 -3.956264
v -0.101301 1.207351 -3.918920
v -0.085572 1.188928 -3.958472
v -0.086338 1.189128 -3.923108
v -0.099570 1.201775 -3.954764
v -0.092421 1.194161 -3.922297
v -0.086104 1.185549 -3.944381
v -0.098149 1.196599 -3.942574
v -0.095628 1.198230 -3.952876
v -0.110724 1.209435 -3.926446
v -0.106420 1.208592 -3.963110
v -0.114201 1.215810 -3.929787
v -0.103571 1.199788 -3.943786
v -0.109743 1.212709 -3.950126
v -0.100680 1.202997 -3.954992
v -0.112548 1.220670 -3.924969
v -0.111377 1.214084 -3.964479
v -0.118117 1.223012 -3.929062
v -0.112034 1.219960 -3.954758
v -0.117226 1.227733 -3.968854
v -0.104863 1.206595 -3.959244
v -0.122929 1.224459 -3.939149
v -0.111956 1.216028 -3.973250
v -0.126701 1.228731 -3.944872
v -0.112031 1.211475 -3.951309
v -0.118934 1.220397 -3.962414
v -0.108635 1.210716 -3.961639
v -0.122355 1.236999 -3.945723
v -0.114335 1.219128 -3.976956
v -0.123798 1.241489 -3.949657
v -0.065730 1.181948 -3.990811
v -0.068889 1.180186 -3.970726
v -0.048698 1.170880 -3.991435
v -0.049830 1.171816 -3.970311
v -0.030201 1.147537 -3.982552
v -0.030197 1.149109 -3.974549
v -0.041654 1.163531 -3.971810
v -0.040835 1.162700 -3.988690
v -0.065727 1.183390 -3.994816
v -0.067584 1.180982 -3.980171
v -0.044374 1.171239 -3.996849
v -0.043030 1.171563 -3.981215
v -0.019227 1.147868 -3.993057
v -0.017995 1.149237 -3.987021
v -0.032442 1.163448 -3.983318
v -0.033641 1.163099 -3.995817
v -0.066836 1.186520 -3.998808
v -0.065114 1.179937 -3.983998
v -0.052183 1.177094 -4.007864
v -0.048942 1.173351 -3.994043
v -0.033599 1.156553 -4.016150
v -0.031838 1.155902 -4.009170
v -0.040866 1.166122 -4.000546
v -0.043527 1.169056 -4.012981
v -0.069178 1.186327 -4.002861
v -0.066511 1.181388 -3.990413
v -0.052118 1.181470 -4.015641
v -0.046741 1.178485 -4.000162
v -0.034025 1.164261 -4.026135
v -0.031638 1.164346 -4.020138
v -0.040628 1.172608 -4.008465
v -0.045004 1.174878 -4.020818
v -0.069682 1.191679 -4.009440
v -0.066847 1.183540 -3.995142
v -0.053369 1.181096 -4.022043
v -0.051147 1.178705 -4.007706
v -0.035940 1.157819 -4.034681
v -0.033557 1.156469 -4.029418
v -0.042924 1.170553 -4.017442
v -0.046318 1.174854 -4.025275
v -0.073128 1.192787 -4.011362
v -0.069616 1.185178 -4.001480
v -0.059424 1.189004 -4.025077
v -0.053442 1.183448 -4.014730
v -0.040853 1.178345 -4.039711
v -0.038078 1.177173 -4.035536
v -0.046956 1.180590 -4.023057
v -0.051828 1.184936 -4.031312
v -0.076094 1.197400 -4.010801
v -0.069527 1.183599 -4.005354
v -0.066360 1.197638 -4.031503
v -0.057100 1.185519 -4.024631
v -0.052690 1.187534 -4.061092
v -0.048064 1.183144 -4.057440
v -0.053115 1.185284 -4.037258
v -0.060606 1.194872 -4.042773
v -0.103824 1.220660 -4.007768
v -0.097590 1.211019 -4.014011
v -0.104889 1.234862 -4.025351
v -0.095941 1.227450 -4.031488
v -0.106719 1.245118 -4.052046
v -0.102452 1.242988 -4.053862
v -0.097472 1.233238 -4.038469
v -0.104704 1.239063 -4.033566
v -0.084122 1.203010 -4.016679
v -0.074843 1.188454 -4.010512
v -0.074326 1.205398 -4.037912
v -0.062445 1.192880 -4.030669
v -0.066709 1.192038 -4.067691
v -0.061645 1.188272 -4.064252
v -0.059872 1.192321 -4.043385
v -0.069442 1.202222 -4.049182
v -0.086955 1.207375 -4.017465
v -0.079067 1.194972 -4.014424
v -0.079639 1.211338 -4.034731
v -0.069304 1.200534 -4.031399
v -0.067876 1.209342 -4.057467
v -0.063400 1.205961 -4.055811
v -0.066610 1.202391 -4.041440
v -0.074941 1.210941 -4.044094
v -0.093064 1.212190 -4.015090
v -0.080160 1.199057 -4.015536
v -0.089264 1.218798 -4.039407
v -0.074128 1.208168 -4.039133
v -0.079884 1.216972 -4.076524
v -0.073687 1.213936 -4.075667
v -0.073478 1.211083 -4.053278
v -0.085628 1.219467 -4.053504
v -0.093196 1.229341 -4.048502
v -0.081122 1.224019 -4.048598
v -0.081606 1.231849 -4.066634
v -0.087600 1.233455 -4.067021
v -0.081472 1.219021 -4.035794
v -0.096560 1.225809 -4.035698
v -0.085090 1.204113 -4.014980
v -0.098432 1.213647 -4.012947
v -0.099154 1.216102 -4.010571
v -0.093576 1.208215 -4.016043
v -0.097653 1.228765 -4.027227
v -0.091203 1.223057 -4.030483
v -0.099109 1.238558 -4.054636
v -0.095647 1.236479 -4.056033
v -0.092875 1.229823 -4.040528
v -0.097471 1.233994 -4.037180
v -0.108345 1.225281 -4.001128
v -0.100828 1.213081 -4.010882
v -0.112754 1.238787 -4.020191
v -0.102606 1.228887 -4.031058
v -0.119228 1.247911 -4.051972
v -0.114499 1.244922 -4.055911
v -0.106661 1.235775 -4.041022
v -0.114845 1.243587 -4.032304
v -0.110276 1.224867 -3.998470
v -0.103032 1.216217 -4.009545
v -0.110768 1.241118 -4.008896
v -0.106929 1.232134 -4.020767
v -0.116891 1.255130 -4.035426
v -0.117299 1.251907 -4.039705
v -0.112757 1.240836 -4.029003
v -0.113228 1.247989 -4.020624
v -0.112646 1.224564 -3.991094
v -0.107683 1.219173 -4.005864
v -0.117812 1.244380 -3.998987
v -0.110246 1.241479 -4.013936
v -0.126671 1.266451 -4.018722
v -0.122884 1.265917 -4.024011
v -0.114620 1.251657 -4.017864
v -0.120740 1.253878 -4.005933
v -0.113713 1.225761 -3.984867
v -0.109495 1.221785 -4.000835
v -0.121233 1.243023 -3.990451
v -0.114405 1.240792 -4.006401
v -0.131947 1.263492 -4.006001
v -0.128376 1.262976 -4.011625
v -0.120098 1.249853 -4.009078
v -0.125629 1.251565 -3.996357
v -0.113799 1.223464 -3.980472
v -0.111731 1.221277 -3.993850
v -0.120261 1.244575 -3.983300
v -0.115615 1.245024 -3.996716
v -0.132621 1.270183 -3.995030
v -0.129864 1.270887 -3.999818
v -0.120614 1.255781 -3.997883
v -0.124406 1.255318 -3.987183
v -0.113967 1.221915 -3.970777
v -0.113176 1.222442 -3.988231
v -0.121604 1.243358 -3.967475
v -0.118238 1.246715 -3.985054
v -0.136415 1.270716 -3.972392
v -0.134092 1.272535 -3.978834
v -0.123856 1.257491 -3.982571
v -0.126637 1.254695 -3.968553
v -0.112311 1.218357 -3.963164
v -0.110502 1.224931 -3.982070
v -0.123365 1.235124 -3.954705
v -0.119003 1.243829 -3.972622
v -0.142620 1.260210 -3.954664
v -0.139869 1.263793 -3.960921
v -0.126598 1.252112 -3.967718
v -0.130157 1.245084 -3.953473
v -0.107842 1.219998 -3.963349
v -0.115323 1.220559 -3.971665
v -0.114062 1.236225 -3.953224
v -0.120749 1.240278 -3.964191
v -0.127263 1.256242 -3.941632
v -0.129185 1.258507 -3.946127
v -0.124499 1.247769 -3.956447
v -0.119201 1.244521 -3.948334
v -0.107353 1.214749 -3.957015
v -0.112321 1.221784 -3.971009
v -0.116596 1.230884 -3.942345
v -0.117999 1.238828 -3.954629
v -0.137502 1.250537 -3.927498
v -0.137407 1.255262 -3.932665
v -0.124087 1.245674 -3.945774
v -0.122181 1.238254 -3.937600
v -0.104870 1.213415 -3.956571
v -0.109108 1.218428 -3.962902
v -0.107906 1.225166 -3.936337
v -0.112200 1.235858 -3.945823
v -0.121952 1.238314 -3.914907
v -0.123171 1.242432 -3.919072
v -0.115846 1.240722 -3.934743
v -0.111356 1.233101 -3.926707
v -0.100714 1.206796 -3.950168
v -0.109066 1.218636 -3.962129
v -0.106348 1.217022 -3.930348
v -0.112183 1.231401 -3.942604
v -0.123213 1.234912 -3.907598
v -0.124286 1.240819 -3.912520
v -0.116303 1.235632 -3.930831
v -0.111753 1.224052 -3.921064
v -0.093384 1.201016 -3.949382
v -0.104702 1.213438 -3.956852
v -0.095846 1.208308 -3.927222
v -0.104980 1.223614 -3.935285
v -0.109374 1.221580 -3.897995
v -0.111781 1.228028 -3.901565
v -0.107076 1.225971 -3.922178
v -0.099887 1.213639 -3.915745
v -0.091863 1.199434 -3.949003
v -0.097951 1.207206 -3.951516
v -0.088946 1.203999 -3.922265
v -0.096023 1.218815 -3.925271
v -0.099204 1.211212 -3.885668
v -0.100921 1.217461 -3.886954
v -0.097784 1.219029 -3.909310
v -0.092222 1.207105 -3.906963
v -0.085993 1.193175 -3.950742
v -0.096514 1.207368 -3.950395
v -0.084140 1.192895 -3.928410
v -0.092293 1.209480 -3.928136
v -0.091205 1.196718 -3.895298
v -0.093306 1.203587 -3.895678
v -0.092080 1.207682 -3.915433
v -0.085663 1.194374 -3.915666
v -0.084257 1.192514 -3.951504
v -0.092305 1.200391 -3.949321
v -0.077964 1.191335 -3.930858
v -0.085712 1.203550 -3.927410
v -0.078892 1.192107 -3.899929
v -0.081034 1.197481 -3.898819
v -0.083346 1.201757 -3.916028
v -0.077244 1.191929 -3.918820
v -0.078750 1.190205 -3.954805
v -0.090576 1.197580 -3.948426
v -0.073701 1.185937 -3.929968
v -0.082576 1.195768 -3.928088
v -0.079476 1.184143 -3.894519
v -0.082882 1.189710 -3.894385
v -0.080943 1.193116 -3.915421
v -0.074193 1.185516 -3.916875
v -0.076762 1.186251 -3.957104
v -0.085653 1.195794 -3.951262
v -0.064290 1.183791 -3.935830
v -0.076351 1.189020 -3.931616
v -0.067539 1.174762 -3.904918
v -0.072215 1.176213 -3.903492
v -0.074036 1.184432 -3.918997
v -0.065028 1.180087 -3.921539
v -0.071605 1.183129 -3.963686
v -0.077900 1.188265 -3.956332
v -0.056788 1.174610 -3.948136
v -0.063987 1.185263 -3.935831
v -0.051783 1.159496 -3.923308
v -0.053708 1.164485 -3.918882
v -0.058855 1.177544 -3.927160
v -0.053216 1.168975 -3.937019
v -0.068176 1.182142 -3.969459
v -0.077137 1.188499 -3.953105
v -0.054892 1.170173 -3.958246
v -0.061872 1.179352 -3.941255
v -0.044591 1.152810 -3.931770
v -0.046631 1.157380 -3.925667
v -0.055385 1.171380 -3.935064
v -0.049901 1.163986 -3.948644
v -0.067546 1.183479 -3.973954
v -0.072525 1.182723 -3.961457
v -0.050156 1.174172 -3.969032
v -0.054069 1.175692 -3.952133
v -0.030489 1.158388 -3.951973
v -0.032151 1.160471 -3.945648
v -0.045790 1.169458 -3.949735
v -0.041341 1.167237 -3.962723
v -0.067014 1.181845 -3.981137
v -0.072096 1.183153 -3.966579
v -0.043093 1.170094 -3.977805
v -0.048165 1.170945 -3.964119
v -0.023257 1.145399 -3.963914
v -0.025623 1.144423 -3.959148
v -0.036985 1.159107 -3.960845
v -0.032451 1.159634 -3.970976
v -0.073877 1.186410 -3.959469
v -0.081965 1.190720 -3.951775
v -0.063050 1.178244 -3.943443
v -0.071138 1.185786 -3.932011
v -0.056976 1.166203 -3.916616
v -0.059424 1.169924 -3.912081
v -0.066074 1.180095 -3.923749
v -0.059697 1.174019 -3.932949
v -0.085347 1.204118 -4.024031
v -0.097803 1.214695 -4.021846
v -0.099387 1.216720 -4.021297
v -0.109336 1.225675 -4.011097
v -0.111887 1.219693 -3.952512
v -0.103699 1.208408 -3.944527
v -0.103385 1.208400 -3.944040
v -0.092316 1.196490 -3.941199
v -0.088457 1.192957 -3.941842
v -0.077266 1.182335 -3.948006
v 0.040327 0.242715 -3.920387
v 0.091202 0.238225 -3.969430
v 0.006123 0.287002 -3.955156
v 0.058547 0.283150 -4.010201
v 0.012279 0.271766 -3.937443
v 0.078534 0.273619 -3.999536
v 0.019546 0.284757 -3.972250
v 0.042009 0.284081 -3.993839
v 0.062291 0.269959 -3.984036
v 0.029537 0.271606 -3.951645
v 0.043722 0.261655 -3.969129
v 0.062727 0.237014 -3.946441
v 0.056456 0.241582 -3.935991
v 0.077102 0.241558 -3.954844
v 0.083563 0.206344 -3.927229
v 0.011147 0.283865 -4.002292
v 0.019469 0.283311 -3.993721
v -0.008423 0.274514 -4.020983
v 0.002873 0.280588 -4.010826
v 0.030076 0.277480 -3.985520
v 0.011186 0.281661 -4.002335
v 0.019118 0.281127 -3.994077
v 0.003553 0.278590 -4.010120
v 0.028543 0.276659 -3.984508
v -0.002499 0.273605 -4.015954
v -0.009619 0.269036 -4.018840
v 0.002280 0.279637 -4.009524
v 0.027559 0.277560 -3.982949
v 0.018384 0.282299 -3.992936
v 0.010230 0.282797 -4.001372
v -0.004116 0.274666 -4.015559
v -0.006131 0.268848 -4.024822
v 0.012108 0.282849 -4.003245
v 0.020241 0.282283 -3.994825
v 0.004128 0.279605 -4.011434
v -0.002047 0.274617 -4.017614
v -0.006769 0.261483 -4.023640
v -0.009084 0.261537 -4.019652
v -0.006147 0.266403 -4.017208
v -0.003712 0.266329 -4.019561
v 0.029269 0.260202 -3.926585
v 0.085755 0.252151 -3.986781
v 0.066248 0.224868 -3.922306
v 0.088193 0.219501 -3.951364
v 0.047318 0.230179 -3.975527
v -0.114180 0.309129 -3.859599
v 0.000146 0.309114 -3.831947
v -0.102309 0.381009 -3.919904
v 0.016137 0.381711 -3.896650
v -0.122274 0.346587 -3.903551
v 0.021401 0.353834 -3.863509
v -0.067711 0.380318 -3.917165
v -0.019816 0.381330 -3.905016
v -0.013391 0.350395 -3.875420
v -0.084517 0.349118 -3.892142
v -0.047273 0.339886 -3.891149
v -0.056820 0.307001 -3.852440
v -0.077905 0.309367 -3.850829
v -0.033252 0.310595 -3.838318
v -0.059901 0.275318 -3.812272
v -0.034921 0.394557 -3.954205
v -0.039195 0.387279 -3.936034
v -0.023302 0.392902 -3.999969
v -0.029850 0.395653 -3.974291
v -0.039892 0.371353 -3.917535
v -0.034362 0.391027 -3.955342
v -0.038555 0.384040 -3.937953
v -0.029871 0.392015 -3.973710
v -0.042570 0.370238 -3.919139
v -0.026402 0.388595 -3.989125
v -0.026382 0.384136 -4.007146
v -0.032032 0.393790 -3.974489
v -0.045779 0.371181 -3.918827
v -0.041061 0.385670 -3.937404
v -0.036812 0.392747 -3.955265
v -0.028598 0.390593 -3.990531
v -0.017497 0.385161 -4.001621
v -0.032504 0.393023 -3.954207
v -0.036736 0.385852 -3.936424
v -0.027682 0.393964 -3.973546
v -0.023844 0.390753 -3.989408
v -0.017948 0.372605 -4.004285
v -0.024569 0.372806 -4.007169
v -0.026491 0.378928 -3.998662
v -0.020987 0.379090 -3.997289
v -0.116010 0.327055 -3.874759
v 0.013442 0.325225 -3.851376
v -0.084610 0.293553 -3.830292
v -0.026334 0.292655 -3.826526
v -0.051011 0.321246 -3.874104
v 0.175710 0.382179 -4.092987
v 0.063264 0.404165 -4.205930
v 0.107368 0.462636 -4.004930
v -0.011076 0.479908 -4.118707
v 0.150657 0.431791 -4.023223
v 0.008405 0.475782 -4.163163
v 0.071522 0.463658 -4.035865
v 0.024435 0.473383 -4.083394
v 0.042573 0.461498 -4.128777
v 0.113335 0.445274 -4.060040
v 0.076859 0.431962 -4.097848
v 0.116741 0.381270 -4.145946
v 0.139947 0.389862 -4.128611
v 0.096384 0.404068 -4.172812
v 0.144963 0.296895 -4.191383
v 0.014746 0.451349 -4.027911
v 0.029868 0.457238 -4.041767
v -0.014510 0.419933 -4.005395
v 0.000570 0.438773 -4.016654
v 0.045552 0.454688 -4.063132
v 0.015183 0.447448 -4.029448
v 0.029763 0.453002 -4.042679
v 0.002264 0.435835 -4.019068
v 0.047568 0.452264 -4.061144
v -0.006956 0.422313 -4.012466
v -0.012345 0.408231 -4.003593
v 0.003110 0.436988 -4.016226
v 0.050156 0.453715 -4.058767
v 0.031522 0.454902 -4.040597
v 0.016643 0.449078 -4.027039
v -0.006426 0.423227 -4.009054
v -0.019737 0.411509 -4.010360
v 0.013273 0.449934 -4.030247
v 0.028139 0.455629 -4.043814
v -0.000312 0.437719 -4.019425
v -0.010114 0.424100 -4.012616
v -0.015833 0.398154 -4.013165
v -0.012747 0.396975 -4.008667
v -0.008031 0.407423 -4.011098
v -0.012264 0.408515 -4.015267
v 0.164238 0.418820 -4.064367
v 0.033883 0.436215 -4.187334
v 0.161350 0.347030 -4.151354
v 0.099146 0.346456 -4.200980
v 0.095458 0.406460 -4.122057
v -0.095387 0.419768 -4.193274
v -0.207339 0.410246 -4.082771
v -0.038770 0.500115 -4.123389
v -0.149951 0.475292 -4.008750
v -0.043962 0.475813 -4.165156
v -0.188535 0.457851 -4.028198
v -0.067715 0.490667 -4.088551
v -0.115042 0.482180 -4.043069
v -0.151798 0.459742 -4.061104
v -0.082665 0.472490 -4.129200
v -0.113141 0.450241 -4.094415
v -0.145741 0.407273 -4.135853
v -0.130857 0.417730 -4.158029
v -0.175985 0.417658 -4.115066
v -0.184401 0.332801 -4.163048
v -0.060220 0.481078 -4.029432
v -0.073556 0.482068 -4.045479
v -0.027275 0.459634 -3.998583
v -0.046045 0.473681 -4.015052
v -0.089653 0.473880 -4.063342
v -0.059765 0.477366 -4.030281
v -0.072471 0.478375 -4.045712
v -0.046660 0.470459 -4.017197
v -0.086710 0.473291 -4.065133
v -0.035600 0.460721 -4.008512
v -0.020652 0.450722 -4.002272
v -0.044654 0.472747 -4.017560
v -0.085062 0.475649 -4.067246
v -0.071364 0.480964 -4.047043
v -0.058286 0.479881 -4.031282
v -0.033026 0.463021 -4.008472
v -0.028820 0.448198 -3.997482
v -0.061734 0.478765 -4.028397
v -0.074760 0.479728 -4.044158
v -0.048037 0.471498 -4.014639
v -0.036804 0.461659 -4.005342
v -0.027405 0.437735 -4.001484
v -0.020344 0.439556 -4.004612
v -0.027833 0.448549 -4.008885
v -0.032273 0.447005 -4.005295
v -0.077720 0.456119 -4.179512
v -0.197751 0.428785 -4.053567
v -0.146869 0.379337 -4.180741
v -0.194271 0.375263 -4.119143
v -0.128369 0.428471 -4.113812
v 0.049473 0.513947 -3.819568
v 0.145946 0.553425 -3.917647
v -0.019233 0.611639 -3.855029
v 0.079236 0.632242 -3.961960
v -0.006927 0.570929 -3.825210
v 0.117882 0.617041 -3.948893
v 0.006800 0.614739 -3.887944
v 0.048434 0.625099 -3.930069
v 0.086522 0.603343 -3.919878
v 0.026176 0.585074 -3.857199
v 0.055753 0.576371 -3.894110
v 0.093068 0.525361 -3.872370
v 0.079282 0.528839 -3.850209
v 0.119287 0.542768 -3.887766
v 0.130796 0.457076 -3.864840
v -0.004028 0.617100 -3.938898
v 0.009541 0.616757 -3.925620
v -0.031297 0.599732 -3.970623
v -0.016459 0.610927 -3.952776
v 0.028258 0.607304 -3.913948
v -0.003346 0.613291 -3.939352
v 0.009611 0.612828 -3.926569
v -0.014812 0.607591 -3.952016
v 0.026159 0.605168 -3.912486
v -0.023221 0.598960 -3.962035
v -0.034345 0.588991 -3.971601
v -0.017063 0.608910 -3.950879
v 0.024429 0.606234 -3.909851
v 0.008174 0.614523 -3.924548
v -0.005120 0.614843 -3.937621
v -0.026023 0.600207 -3.961108
v -0.027448 0.591644 -3.975869
v -0.002280 0.615753 -3.940594
v 0.010998 0.615321 -3.927557
v -0.014254 0.609716 -3.953921
v -0.022883 0.601140 -3.964378
v -0.025605 0.580249 -3.977880
v -0.031619 0.578635 -3.972465
v -0.027007 0.586510 -3.966144
v -0.023329 0.587715 -3.969869
v 0.027746 0.550059 -3.819207
v 0.132782 0.580669 -3.935894
v 0.096020 0.490851 -3.839917
v 0.140120 0.508093 -3.897845
v 0.074061 0.550437 -3.884761
v 0.028727 0.628782 -4.140697
v -0.098942 0.599274 -4.141820
v 0.015446 0.680123 -4.059277
v -0.113542 0.642051 -4.056839
v 0.039231 0.662647 -4.090437
v -0.123948 0.629643 -4.092634
v -0.020544 0.666759 -4.056036
v -0.073858 0.652900 -4.056715
v -0.083234 0.635433 -4.091214
v -0.004195 0.655076 -4.091322
v -0.039977 0.632103 -4.090363
v -0.032169 0.608788 -4.137410
v -0.011886 0.619789 -4.140911
v -0.062862 0.610659 -4.141943
v -0.029936 0.581208 -4.184241
v -0.044235 0.651856 -4.017307
v -0.044700 0.654330 -4.034527
v -0.037748 0.630866 -3.981644
v -0.042440 0.643812 -4.001281
v -0.046028 0.648760 -4.055263
v -0.043545 0.648655 -4.017948
v -0.043897 0.651027 -4.034463
v -0.041795 0.641223 -4.003257
v -0.043161 0.648059 -4.055010
v -0.039233 0.631859 -3.992982
v -0.033237 0.623217 -3.982270
v -0.040252 0.643034 -4.002287
v -0.040965 0.650064 -4.055343
v -0.042459 0.653256 -4.034540
v -0.042027 0.650759 -4.017636
v -0.037513 0.633582 -3.991410
v -0.041425 0.621866 -3.981887
v -0.045792 0.649926 -4.017597
v -0.046194 0.652324 -4.034483
v -0.043997 0.642088 -4.002202
v -0.041631 0.632574 -3.991406
v -0.039971 0.611479 -3.983440
v -0.032236 0.613096 -3.983178
v -0.034307 0.621158 -3.990348
v -0.039100 0.620032 -3.990399
v 0.028913 0.648612 -4.120024
v -0.111873 0.608831 -4.116848
v -0.005026 0.604990 -4.166269
v -0.066560 0.587042 -4.159658
v -0.036145 0.618618 -4.112788
v -0.184919 0.580946 -4.007500
v -0.162652 0.576248 -3.891408
v -0.135544 0.654744 -4.016419
v -0.108949 0.651502 -3.898011
v -0.157706 0.625944 -4.029228
v -0.133224 0.630808 -3.881142
v -0.125076 0.652413 -3.983343
v -0.116132 0.652126 -3.934439
v -0.137718 0.627531 -3.917837
v -0.151850 0.628064 -3.989979
v -0.139290 0.615348 -3.955213
v -0.168646 0.573981 -3.952025
v -0.177875 0.579840 -3.970644
v -0.170613 0.580580 -3.924503
v -0.191030 0.520849 -3.946162
v -0.085672 0.657091 -3.966475
v -0.100772 0.653854 -3.963696
v -0.047870 0.649846 -3.972980
v -0.069835 0.655071 -3.969312
v -0.115950 0.642818 -3.958278
v -0.085182 0.654043 -3.966449
v -0.099662 0.650890 -3.963866
v -0.070661 0.652136 -3.969132
v -0.115755 0.641675 -3.960705
v -0.058993 0.647195 -3.971564
v -0.045181 0.641945 -3.977329
v -0.070608 0.653635 -3.970931
v -0.116922 0.642826 -3.962896
v -0.100617 0.652448 -3.965473
v -0.085773 0.655586 -3.968169
v -0.058476 0.648777 -3.973589
v -0.045040 0.641561 -3.970079
v -0.085119 0.655711 -3.964754
v -0.099916 0.652487 -3.962071
v -0.069876 0.653665 -3.967523
v -0.057745 0.648798 -3.969834
v -0.043301 0.632726 -3.969324
v -0.045122 0.632578 -3.976701
v -0.053351 0.638276 -3.974629
v -0.052559 0.638290 -3.970259
v -0.176232 0.606665 -4.013282
v -0.145499 0.598973 -3.884863
v -0.191968 0.553092 -3.971506
v -0.172834 0.547284 -3.916575
v -0.152443 0.593754 -3.953445
v 0.085329 0.786357 -4.000914
v 0.036493 0.784046 -4.083068
v 0.029697 0.853312 -3.974021
v -0.022319 0.840588 -4.056065
v 0.058339 0.827769 -3.972319
v -0.001192 0.825878 -4.078086
v 0.012746 0.847793 -3.995846
v -0.007142 0.843977 -4.030464
v 0.012489 0.824550 -4.051328
v 0.042890 0.828640 -4.000568
v 0.025454 0.813737 -4.023196
v 0.057719 0.780161 -4.038467
v 0.069746 0.786192 -4.026982
v 0.051337 0.787803 -4.060029
v 0.083928 0.736551 -4.056875
v -0.027240 0.847281 -3.993501
v -0.013747 0.845206 -4.001624
v -0.058775 0.832051 -3.974753
v -0.040642 0.843224 -3.985389
v 0.000193 0.835947 -4.012274
v -0.027183 0.844355 -3.993394
v -0.014169 0.842232 -4.001163
v -0.039531 0.840477 -3.985791
v 0.001036 0.834933 -4.009988
v -0.048647 0.834311 -3.979582
v -0.056344 0.827012 -3.970880
v -0.039201 0.842034 -3.984141
v 0.002594 0.836360 -4.008351
v -0.013034 0.843982 -3.999991
v -0.026340 0.845989 -3.991994
v -0.048676 0.835891 -3.977567
v -0.059632 0.827371 -3.977703
v -0.028070 0.845800 -3.994918
v -0.014807 0.843694 -4.002877
v -0.040993 0.841755 -3.987029
v -0.050581 0.835605 -3.980776
v -0.058228 0.819088 -3.977075
v -0.055496 0.819201 -3.971211
v -0.051499 0.825088 -3.974751
v -0.053667 0.824805 -3.978510
v 0.074525 0.811065 -3.991791
v 0.016061 0.800419 -4.080579
v 0.086804 0.762979 -4.033577
v 0.056334 0.759700 -4.069773
v 0.040429 0.795772 -4.030301
v -0.161475 0.814059 -4.066561
v -0.200732 0.809590 -3.969865
v -0.112720 0.872068 -4.046526
v -0.149789 0.865235 -3.947657
v -0.125716 0.849219 -4.068285
v -0.177525 0.851053 -3.948066
v -0.121021 0.868478 -4.017582
v -0.137700 0.866855 -3.977632
v -0.163768 0.848772 -3.977260
v -0.139813 0.850603 -4.036646
v -0.148543 0.838469 -4.006248
v -0.176427 0.808325 -4.019756
v -0.173915 0.813490 -4.036301
v -0.190299 0.812984 -3.997622
v -0.203729 0.770681 -4.027432
v -0.099959 0.867348 -3.986466
v -0.112552 0.866494 -3.991726
v -0.072619 0.856767 -3.975926
v -0.087357 0.863596 -3.981277
v -0.127262 0.858933 -3.995618
v -0.099934 0.864664 -3.986424
v -0.111976 0.863801 -3.991530
v -0.088350 0.861186 -3.981742
v -0.126091 0.857922 -3.997380
v -0.079268 0.855453 -3.978427
v -0.069261 0.849352 -3.978055
v -0.087303 0.862467 -3.982926
v -0.125781 0.859062 -3.999452
v -0.111745 0.865270 -3.993048
v -0.099388 0.866073 -3.987855
v -0.077769 0.856744 -3.979555
v -0.073262 0.850340 -3.972009
v -0.100516 0.866084 -3.985041
v -0.112843 0.865202 -3.990228
v -0.088381 0.862392 -3.980087
v -0.079012 0.856668 -3.976463
v -0.072893 0.841853 -3.972443
v -0.070097 0.841554 -3.977448
v -0.074669 0.847067 -3.978676
v -0.076158 0.846996 -3.975103
v -0.149217 0.834833 -4.065468
v -0.188578 0.825251 -3.955990
v -0.187052 0.793765 -4.045820
v -0.199974 0.789615 -3.996697
v -0.161507 0.822263 -4.012179
v -0.132628 0.858151 -3.859194
v -0.038442 0.867942 -3.844207
v -0.134507 0.904816 -3.918036
v -0.032986 0.912807 -3.905808
v -0.149412 0.883833 -3.897084
v -0.027758 0.902160 -3.877039
v -0.105152 0.905123 -3.916551
v -0.063892 0.909754 -3.910226
v -0.057837 0.895152 -3.882540
v -0.116869 0.890290 -3.891686
v -0.084950 0.882502 -3.888723
v -0.087595 0.856691 -3.854849
v -0.101504 0.862412 -3.854678
v -0.067206 0.867208 -3.847889
v -0.083186 0.820911 -3.822303
v -0.080434 0.902432 -3.943172
v -0.082530 0.903609 -3.930136
v -0.074804 0.888525 -3.969512
v -0.077851 0.896873 -3.955432
v -0.082109 0.898949 -3.914337
v -0.080092 0.899893 -3.942756
v -0.082166 0.900977 -3.930267
v -0.077778 0.894734 -3.954002
v -0.083896 0.897634 -3.914836
v -0.075931 0.887827 -3.962235
v -0.077002 0.880185 -3.970571
v -0.079271 0.895663 -3.954907
v -0.086041 0.898502 -3.914830
v -0.083807 0.902204 -3.930369
v -0.081716 0.901016 -3.943163
v -0.077470 0.888680 -3.963573
v -0.070586 0.882193 -3.968844
v -0.078834 0.901454 -3.942781
v -0.080917 0.902562 -3.930005
v -0.076367 0.896014 -3.954563
v -0.074294 0.889088 -3.963135
v -0.069529 0.873452 -3.968184
v -0.075200 0.872819 -3.968517
v -0.076135 0.878978 -3.965037
v -0.072456 0.879485 -3.964484
v -0.136980 0.876688 -3.874187
v -0.032225 0.879979 -3.860663
v -0.107629 0.841347 -3.836634
v -0.058200 0.843496 -3.835602
v -0.085649 0.868614 -3.872653
v -0.034409 1.005117 -3.909301
v -0.001502 1.007546 -3.960982
v -0.078286 1.031114 -3.935490
v -0.046583 1.030721 -3.988352
v -0.067246 1.019913 -3.915442
v -0.025335 1.027447 -3.982268
v -0.070262 1.029330 -3.950863
v -0.056627 1.030567 -3.972739
v -0.035467 1.023903 -3.965855
v -0.056545 1.022317 -3.932049
v -0.044550 1.015538 -3.950029
v -0.020133 1.002677 -3.934545
v -0.024397 1.006116 -3.925147
v -0.010759 1.008674 -3.946585
v 0.006272 0.984233 -3.921782
v -0.079725 1.022332 -3.971220
v -0.072403 1.024808 -3.966439
v -0.093105 1.009246 -3.979990
v -0.086091 1.016994 -3.975568
v -0.062198 1.023582 -3.961751
v -0.079172 1.020671 -3.971017
v -0.072172 1.023021 -3.966391
v -0.085027 1.015741 -3.974961
v -0.062931 1.022791 -3.960635
v -0.089026 1.010020 -3.977571
v -0.094041 1.003250 -3.978549
v -0.086091 1.016359 -3.974403
v -0.063618 1.023514 -3.959414
v -0.072810 1.023942 -3.965553
v -0.079984 1.021485 -3.970262
v -0.090365 1.010540 -3.977097
v -0.090866 1.005221 -3.981940
v -0.078938 1.021609 -3.971983
v -0.071767 1.024010 -3.967273
v -0.085056 1.016418 -3.976138
v -0.089196 1.010626 -3.978979
v -0.089360 0.999892 -3.980984
v -0.091923 0.999295 -3.978079
v -0.090134 1.003804 -3.977176
v -0.088755 1.003930 -3.979347
v -0.048793 1.015402 -3.911329
v -0.012230 1.014313 -3.972690
v -0.011314 0.996510 -3.915939
v 0.001078 0.994690 -3.942433
v -0.032651 1.008207 -3.942793
v -0.178429 1.025847 -4.011635
v -0.180020 1.027936 -3.966136
v -0.144327 1.058903 -4.011590
v -0.144030 1.057939 -3.964797
v -0.157347 1.045687 -4.018121
v -0.160246 1.051186 -3.960519
v -0.142902 1.057500 -3.998223
v -0.143669 1.057902 -3.979096
v -0.158981 1.048684 -3.974628
v -0.158329 1.047743 -4.002922
v -0.157813 1.041783 -3.988597
v -0.176004 1.022891 -3.989306
v -0.178900 1.026740 -3.997203
v -0.180022 1.028995 -3.979330
v -0.191896 0.998415 -3.987332
v -0.124571 1.055796 -3.988513
v -0.132737 1.056007 -3.988825
v -0.107655 1.047999 -3.987896
v -0.116647 1.052854 -3.988086
v -0.142142 1.052366 -3.987720
v -0.124686 1.054198 -3.988409
v -0.132513 1.054368 -3.988749
v -0.117418 1.051473 -3.988058
v -0.141908 1.051666 -3.988915
v -0.111948 1.047570 -3.987878
v -0.105981 1.043565 -3.989267
v -0.117018 1.052155 -3.988981
v -0.142110 1.052303 -3.990175
v -0.132626 1.055210 -3.989692
v -0.124608 1.054984 -3.989367
v -0.111283 1.048229 -3.988863
v -0.106973 1.044190 -3.984996
v -0.124649 1.055097 -3.987560
v -0.132653 1.055274 -3.987885
v -0.117030 1.052217 -3.987167
v -0.111335 1.048308 -3.986874
v -0.105942 1.039228 -3.984541
v -0.105847 1.039311 -3.988262
v -0.109857 1.042315 -3.988677
v -0.109947 1.042426 -3.986368
v -0.170480 1.038225 -4.013605
v -0.169588 1.037033 -3.962610
v -0.021151 0.326823 -4.028245
v -0.012848 0.326298 -4.014118
v -0.012905 0.327218 -4.028168
v -0.021095 0.325906 -4.014194
v -0.025247 0.326167 -4.021257
v -0.008753 0.326955 -4.021105
v -0.044322 0.650089 -3.966428
v -0.044107 0.651794 -3.979836
v -0.036584 0.651427 -3.966182
v -0.036369 0.653135 -3.979589
v -0.032608 0.652951 -3.972762
v -0.048084 0.650273 -3.973255
v -0.083711 1.197144 -3.954972
v -0.098773 1.211590 -3.957853
v -0.107379 1.222210 -3.974707
v -0.105544 1.222644 -3.996534
v -0.068056 1.187725 -3.991867
v -0.070382 1.187530 -3.969308
v -0.092920 1.213086 -4.010213
v -0.077242 1.198003 -4.007911
v -0.127184 1.132856 -3.996211
v -0.125922 1.133213 -3.997303
v -0.126791 1.132420 -3.997240
v -0.126388 1.133718 -3.996243
vn 0.6728 0.1133 -0.7311
vn 0.5314 0.0076 -0.8471
vn 0.2611 0.0743 0.9625
vn 0.5038 0.1381 0.8527
vn -0.2874 -0.0672 -0.9555
vn -0.4872 -0.0811 -0.8695
vn -0.6914 -0.1105 0.7140
vn -0.4683 0.0598 0.8816
vn -0.6105 -0.0632 0.7895
vn 0.6066 0.0701 -0.7919
vn 0.3691 0.1255 0.9209
vn -0.3640 -0.1153 -0.9243
vn 0.5424 -0.1007 -0.8341
vn 0.3214 -0.1928 0.9271
vn -0.4104 0.1500 -0.8995
vn -0.6498 0.0669 0.7572
vn 0.5627 -0.2618 -0.7841
vn 0.1830 -0.3361 0.9239
vn -0.3186 0.2243 -0.9210
vn -0.6610 0.1700 0.7309
vn 0.2234 -0.6946 0.6838
vn -0.7899 0.1445 0.5959
vn 0.3334 -0.6257 -0.7052
vn -0.7041 0.2356 -0.6698
vn -0.5069 -0.0096 0.8619
vn -0.4834 -0.0229 -0.8751
vn 0.5163 0.0298 0.8559
vn 0.4913 0.0098 -0.8709
vn -0.4512 -0.1223 -0.8840
vn 0.4470 0.1319 0.8848
vn 0.5380 0.0512 -0.8414
vn -0.5327 -0.0386 0.8454
vn -0.4622 -0.0562 -0.8850
vn 0.4655 0.0647 0.8827
vn 0.5393 0.0783 -0.8385
vn -0.5150 -0.0696 0.8544
vn -0.4950 0.0920 -0.8640
vn 0.4950 -0.0945 0.8638
vn 0.5156 0.1619 -0.8414
vn -0.4836 -0.1631 0.8600
vn -0.9982 -0.0536 0.0258
vn -0.5113 0.1157 0.8516
vn -0.6513 -0.1108 0.7507
vn 0.9542 0.1834 0.2361
vn -0.9549 -0.1813 -0.2352
vn 0.9932 0.1138 0.0234
vn 0.4879 -0.1097 -0.8660
vn 0.5024 0.1519 0.8512
vn -0.4962 -0.1439 -0.8562
vn 0.6565 0.1125 -0.7459
vn 0.3143 0.1004 0.9440
vn -0.3027 -0.0968 -0.9481
vn 0.9736 0.1913 0.1249
vn -0.9738 -0.1820 -0.1361
vn 0.9578 -0.2673 0.1060
vn -0.9630 0.2359 -0.1303
vn 0.6712 0.0428 -0.7400
vn -0.3090 0.0164 -0.9509
vn -0.7108 -0.0106 0.7034
vn 0.2480 0.0278 0.9684
vn 0.8174 -0.5522 0.1645
vn -0.8873 0.4333 -0.1577
vn -0.1965 -0.2747 0.9412
vn 0.5121 -0.8583 -0.0328
vn -0.9324 0.3606 -0.0243
vn -0.1828 -0.1651 -0.9692
vn 0.5028 -0.0677 -0.8618
vn 0.4864 0.1717 0.8567
vn -0.5119 -0.1399 -0.8476
vn -0.4949 0.1070 0.8623
vn 0.9987 0.0408 -0.0300
vn -0.9991 -0.0314 -0.0269
vn -0.9856 -0.1654 -0.0340
vn 0.9829 0.1783 0.0450
vn 0.9890 0.1392 0.0490
vn -0.9913 -0.1293 -0.0238
vn -0.9976 -0.0687 0.0097
vn 0.9970 0.0711 0.0306
vn -0.9572 -0.2091 -0.2002
vn 0.9584 0.2086 0.1948
vn 0.9961 0.0877 0.0068
vn -0.9984 -0.0489 0.0271
vn -0.9718 -0.0076 -0.2358
vn 0.9674 0.0585 0.2464
vn 0.9990 0.0389 -0.0239
vn -0.9994 -0.0312 -0.0122
vn -0.8476 -0.5194 0.1083
vn -0.5005 -0.8536 0.1446
vn 0.9010 0.2078 -0.3807
vn 0.3804 -0.6622 -0.6456
vn 0.7801 0.1901 0.5961
vn 0.2171 -0.6819 0.6985
vn -0.5912 0.2744 -0.7584
vn 0.1955 0.8695 -0.4537
vn -0.7900 0.2716 0.5497
vn 0.0521 0.8701 0.4901
vn -0.7777 -0.5334 -0.3325
vn -0.4429 -0.8480 -0.2912
vn -0.9249 -0.0239 -0.3795
vn -0.9852 0.0033 0.1714
vn -0.7636 -0.3257 0.5575
vn -0.4225 -0.7138 0.5586
vn -0.2075 -0.7037 -0.6795
vn -0.5976 -0.3248 -0.7331
vn -0.0573 -0.9698 0.2372
vn 0.0102 -0.9622 -0.2723
vn -0.8557 -0.4712 -0.2138
vn -0.8797 -0.4657 -0.0962
vn -0.8815 -0.4719 0.0137
vn -0.7801 -0.5980 0.1838
vn -0.6927 -0.6886 0.2145
vn -0.5922 -0.7775 0.2119
vn -0.5135 -0.7727 -0.3733
vn -0.5964 -0.6954 -0.4008
vn -0.6843 -0.6071 -0.4039
vn -0.4312 -0.9013 0.0422
vn -0.4118 -0.9087 -0.0680
vn -0.3985 -0.8992 -0.1809
vn 0.6601 0.7469 0.0806
vn 0.8536 0.4698 0.2249
vn 0.8314 0.5530 -0.0539
vn 0.7833 0.6071 -0.1333
vn 0.5680 0.7822 -0.2561
vn 0.5238 0.7822 0.3373
vn 0.6390 0.6289 0.4430
vn 0.4459 0.8951 -0.0034
vn 0.4371 0.8812 0.1797
vn -0.6032 0.0473 0.7962
vn -0.3378 -0.2062 0.9184
vn -0.0605 -0.4636 0.8840
vn 0.1874 0.7114 0.6773
vn 0.3895 0.5365 0.7487
vn 0.5796 0.3412 0.7400
vn -0.8096 0.4159 -0.4142
vn -0.8910 0.4496 -0.0630
vn -0.8832 0.3949 0.2529
vn 0.0278 0.9761 -0.2158
vn -0.0303 0.9989 0.0367
vn -0.0701 0.9590 0.2746
vn 0.4004 -0.8342 0.3792
vn 0.4943 -0.8686 0.0335
vn 0.4904 -0.8156 -0.3070
vn 0.9261 0.0366 0.3754
vn 0.9933 0.0451 0.1062
vn 0.9876 0.0794 -0.1356
vn 0.1624 -0.4544 -0.8759
vn -0.0741 -0.2008 -0.9768
vn -0.3323 0.0452 -0.9421
vn 0.7492 0.3509 -0.5617
vn 0.5726 0.5303 -0.6252
vn 0.3627 0.6966 -0.6190
vn -0.4768 -0.8786 0.0272
vn -0.4513 -0.8761 -0.1695
vn -0.5367 -0.7766 -0.3299
vn -0.6921 -0.6313 -0.3501
vn -0.7675 -0.6213 0.1578
vn -0.6110 -0.7766 0.1537
vn -0.8304 -0.5155 -0.2115
vn -0.8678 -0.4968 0.0085
vn -0.1248 0.9898 -0.0687
vn -0.4952 0.8687 -0.0141
vn 0.3864 0.9212 -0.0460
vn -0.7479 0.6609 0.0621
vn 0.0344 0.9826 -0.1823
vn -0.6181 0.7799 -0.0986
vn -0.3376 0.9169 -0.2128
vn -0.3301 0.9430 -0.0420
vn -0.3232 0.9462 -0.0127
vn -0.2119 0.9250 -0.3153
vn -0.3194 0.7118 -0.6255
vn 0.3771 -0.7681 0.5176
vn 0.3109 -0.6897 0.6539
vn -0.9692 -0.2304 0.0868
vn -0.4615 0.8537 -0.2413
vn 0.9177 0.3483 -0.1912
vn -0.2461 0.6433 -0.7250
vn -0.0349 -0.4708 0.8816
vn -0.9948 0.0209 0.0992
vn -0.9866 -0.1534 0.0557
vn 0.9482 0.2381 0.2105
vn 0.9593 0.2823 0.0013
vn 0.5338 -0.4145 0.7370
vn -0.2985 -0.5974 0.7443
vn -0.5894 -0.3297 0.7375
vn 0.5700 -0.2408 0.7856
vn -0.2581 0.9567 0.1347
vn 0.0212 0.9893 -0.1446
vn -0.6593 0.6777 0.3256
vn 0.2240 0.8825 -0.4135
vn -0.3349 0.9105 0.2427
vn 0.1548 0.9621 -0.2244
vn -0.0377 0.9984 0.0426
vn -0.0963 0.9952 0.0147
vn -0.0394 0.9965 0.0732
vn -0.0038 0.9767 0.2144
vn -0.4528 -0.7608 -0.4650
vn 0.0934 0.9942 0.0535
vn 0.2740 0.7660 0.5815
vn -0.4365 -0.5248 -0.7308
vn 0.4835 0.3014 -0.8218
vn 0.6728 0.4079 -0.6173
vn -0.9185 -0.1319 0.3729
vn -0.8034 -0.0716 0.5911
vn -0.6809 -0.6481 -0.3412
vn -0.0722 -0.4691 -0.8802
vn -0.0237 -0.2693 -0.9628
vn -0.7075 -0.5189 -0.4798
vn -0.5570 -0.7779 -0.2909
vn -0.4044 -0.8771 -0.2590
vn -0.5257 -0.8015 -0.2849
vn -0.2970 -0.9260 -0.2333
vn -0.7636 -0.6253 -0.1609
vn -0.4751 -0.8198 -0.3198
vn -0.7198 -0.6673 -0.1914
vn -0.2902 -0.8755 -0.3865
vn -0.7840 -0.5906 -0.1912
vn -0.9947 -0.0983 0.0289
vn -0.7447 -0.6330 -0.2116
vn -0.9551 -0.2914 -0.0544
vn -0.9347 -0.3526 -0.0448
vn -0.8784 -0.4531 -0.1522
vn -0.9592 -0.2816 0.0265
vn -0.8976 -0.4241 -0.1204
vn -0.6608 -0.7467 0.0761
vn -0.5756 -0.8068 0.1329
vn -0.6788 -0.7316 0.0631
vn -0.6119 -0.7833 0.1096
vn -0.6882 -0.2192 -0.6917
vn -0.8439 -0.5315 -0.0733
vn -0.7487 -0.3855 -0.5393
vn -0.6684 -0.7055 -0.2357
vn -0.9081 -0.4045 -0.1080
vn -0.9122 -0.4021 -0.0788
vn -0.9053 -0.4057 -0.1257
vn -0.9110 -0.4029 -0.0880
vn -0.6242 -0.6775 -0.3890
vn -0.6547 -0.7403 -0.1525
vn -0.5863 -0.6178 -0.5240
vn -0.6513 -0.7301 -0.2069
vn -0.5379 -0.8288 -0.1542
vn -0.5672 -0.8236 0.0021
vn -0.5536 -0.8289 -0.0798
vn -0.5726 -0.8186 0.0445
vn -0.5045 -0.8619 -0.0512
vn -0.5600 -0.8257 -0.0680
vn -0.5045 -0.8619 -0.0511
vn -0.5968 -0.7967 -0.0954
vn -0.7248 -0.6819 -0.0983
vn -0.7159 -0.6964 0.0505
vn -0.6211 -0.7837 0.0075
vn -0.7238 -0.6861 0.0733
vn -0.8344 -0.5409 0.1058
vn -0.8237 -0.5535 0.1232
vn -0.8409 -0.5328 0.0950
vn -0.8281 -0.5484 0.1161
vn -0.7699 -0.5824 -0.2609
vn -0.6673 -0.6680 -0.3293
vn -0.5238 -0.8503 -0.0518
vn -0.5487 -0.8331 -0.0694
vn -0.7472 -0.6597 -0.0807
vn -0.6855 -0.7281 -0.0016
vn -0.8260 -0.5545 -0.1013
vn -0.8499 -0.5178 -0.0983
vn -0.8268 -0.5535 -0.1007
vn -0.8499 -0.5177 -0.0983
vn -0.9284 -0.3620 -0.0837
vn -0.9342 -0.3470 -0.0823
vn -0.9097 -0.4058 -0.0877
vn -0.9168 -0.3899 -0.0864
vn -0.6564 -0.7518 0.0627
vn -0.6927 -0.6548 0.3023
vn -0.5717 -0.8090 -0.1365
vn -0.6945 -0.6627 0.2800
vn -0.7020 -0.6645 0.2562
vn -0.6704 -0.7323 0.1197
vn -0.7112 -0.6924 -0.1220
vn -0.8432 -0.5296 -0.0925
vn -0.7180 -0.6862 -0.1169
vn -0.8341 -0.5400 -0.1124
vn -0.7618 -0.6347 -0.1296
vn -0.7632 -0.6327 -0.1314
vn -0.9100 -0.3323 -0.2481
vn -0.7932 -0.5880 -0.1583
vn -0.9096 -0.3332 -0.2484
vn -0.7931 -0.5881 -0.1585
vn -0.8039 -0.4418 -0.3983
vn -0.7851 -0.5545 -0.2759
vn -0.8026 -0.4447 -0.3976
vn -0.7846 -0.5551 -0.2761
vn -0.8644 -0.4578 -0.2080
vn -0.8679 -0.4496 -0.2112
vn -0.6891 -0.7223 -0.0588
vn -0.8563 -0.4860 -0.1750
vn -0.6946 -0.7171 -0.0582
vn -0.8432 -0.5042 -0.1864
vn -0.7581 -0.6410 -0.1202
vn -0.7589 -0.6391 -0.1245
vn -0.6826 -0.7280 -0.0638
vn -0.7486 -0.6221 -0.2293
vn -0.6878 -0.7226 -0.0687
vn -0.7327 -0.6421 -0.2253
vn -0.6992 -0.7025 -0.1327
vn -0.6979 -0.7029 -0.1371
vn -0.6514 -0.6241 -0.4315
vn -0.5746 -0.7990 -0.1771
vn -0.6714 -0.5578 -0.4878
vn -0.6051 -0.7733 -0.1892
vn -0.6315 -0.6715 -0.3877
vn -0.7371 -0.5917 -0.3265
vn -0.6221 -0.7538 -0.2115
vn -0.7371 -0.5915 -0.3268
vn -0.6801 -0.5959 -0.4271
vn -0.6793 -0.6530 -0.3350
vn -0.7577 -0.6477 0.0800
vn -0.7108 -0.6949 -0.1088
vn -0.7591 -0.6474 0.0680
vn -0.7047 -0.7037 -0.0905
vn -0.7327 -0.6804 0.0132
vn -0.7327 -0.6804 0.0146
vn -0.6293 -0.7567 -0.1773
vn -0.5410 -0.8406 -0.0256
vn -0.6278 -0.7572 -0.1804
vn -0.5412 -0.8405 -0.0263
vn -0.5035 -0.8612 -0.0692
vn -0.4596 -0.8660 -0.1971
vn -0.5069 -0.8110 -0.2922
vn -0.5303 -0.8230 -0.2033
vn -0.6164 -0.7476 -0.2471
vn -0.6542 -0.7190 -0.2346
vn -0.6160 -0.7479 -0.2474
vn -0.6541 -0.7190 -0.2349
vn -0.5245 -0.8076 -0.2698
vn -0.5079 -0.8168 -0.2738
vn -0.5196 -0.8101 -0.2717
vn -0.5076 -0.8169 -0.2740
vn -0.8296 -0.5584 -0.0031
vn -0.6505 -0.7387 -0.1767
vn -0.8267 -0.5625 -0.0138
vn -0.6543 -0.7403 -0.1540
vn -0.7589 -0.6483 -0.0612
vn -0.7625 -0.6444 -0.0574
vn -0.7310 -0.6627 -0.1625
vn -0.5730 -0.7905 -0.2162
vn -0.7251 -0.6677 -0.1685
vn -0.5851 -0.7869 -0.1959
vn -0.6738 -0.7194 -0.1690
vn -0.6743 -0.7193 -0.1668
vn -0.7498 -0.6497 -0.1257
vn -0.5945 -0.8024 -0.0529
vn -0.6517 -0.7464 -0.1353
vn -0.5947 -0.8022 -0.0526
vn -0.4970 -0.8676 -0.0178
vn -0.4875 -0.8730 -0.0143
vn -0.5636 -0.8232 -0.0683
vn -0.6031 -0.7958 -0.0549
vn -0.5998 -0.7979 0.0605
vn -0.7379 -0.6655 -0.1126
vn -0.6012 -0.7968 0.0607
vn -0.7383 -0.6650 -0.1125
vn -0.6692 -0.7428 -0.0202
vn -0.6655 -0.7463 -0.0144
vn -0.6686 -0.7408 0.0653
vn -0.9632 -0.2107 -0.1670
vn -0.6702 -0.7394 0.0640
vn -0.8677 -0.4632 -0.1807
vn -0.7414 -0.6597 0.1232
vn -0.6477 -0.7544 0.1065
vn -0.7414 -0.6597 0.1233
vn -0.7126 -0.6995 0.0536
vn -0.6839 -0.7007 -0.2030
vn -0.6228 -0.7726 0.1232
vn -0.6907 -0.6911 -0.2129
vn -0.6403 -0.7598 0.1131
vn -0.6754 -0.7352 -0.0568
vn -0.6847 -0.7251 -0.0740
vn -0.7160 -0.6492 -0.2566
vn -0.8591 -0.5066 -0.0726
vn -0.7116 -0.7014 0.0403
vn -0.8646 -0.4941 -0.0910
vn -0.7800 -0.5371 -0.3211
vn -0.7971 -0.5861 -0.1452
vn -0.8142 -0.5658 0.1302
vn -0.5321 -0.8046 0.2636
vn -0.7915 -0.5657 0.2314
vn -0.6256 -0.7672 0.1412
vn -0.8926 -0.4464 0.0628
vn -0.8921 -0.4437 0.0855
vn -0.6739 -0.7225 -0.1545
vn -0.7591 -0.6508 0.0145
vn -0.6762 -0.7225 -0.1442
vn -0.7630 -0.6464 -0.0060
vn -0.7190 -0.6880 -0.0982
vn -0.7185 -0.6882 -0.1006
vn -0.9052 -0.4110 0.1085
vn -0.8806 -0.4391 -0.1780
vn -0.9054 -0.4096 0.1120
vn -0.8825 -0.4635 -0.0794
vn 0.5422 0.8253 0.1577
vn 0.4738 0.8781 0.0673
vn 0.6014 0.7980 0.0394
vn 0.5559 0.8312 -0.0091
vn 0.7918 0.6077 -0.0606
vn 0.7653 0.6315 -0.1244
vn 0.7542 0.6566 -0.0106
vn 0.7623 0.6472 0.0079
vn 0.4988 0.8429 0.2018
vn 0.4514 0.8854 0.1109
vn 0.5071 0.8617 -0.0160
vn 0.4810 0.8745 -0.0622
vn 0.6699 0.7080 -0.2237
vn 0.6316 0.7182 -0.2919
vn 0.6538 0.7497 -0.1026
vn 0.6629 0.7443 -0.0808
vn 0.6293 0.7347 0.2534
vn 0.5581 0.8036 0.2066
vn 0.6208 0.7767 0.1068
vn 0.5557 0.8264 0.0910
vn 0.7365 0.6729 -0.0696
vn 0.6971 0.7085 -0.1098
vn 0.7147 0.6994 -0.0025
vn 0.7349 0.6782 0.0058
vn 0.4340 0.8654 0.2504
vn 0.3369 0.9211 0.1952
vn 0.5022 0.8642 0.0294
vn 0.3939 0.9184 0.0377
vn 0.5797 0.7988 -0.1607
vn 0.4990 0.8406 -0.2106
vn 0.6303 0.7700 -0.0987
vn 0.6539 0.7512 -0.0902
vn 0.6613 0.7007 0.2677
vn 0.5701 0.7933 0.2136
vn 0.6075 0.7894 0.0887
vn 0.4915 0.8674 0.0780
vn 0.7733 0.6177 -0.1431
vn 0.7460 0.6431 -0.1728
vn 0.7811 0.6243 -0.0122
vn 0.7657 0.6431 -0.0063
vn 0.5689 0.7368 0.3652
vn 0.4824 0.8076 0.3393
vn 0.4898 0.8434 0.2209
vn 0.4291 0.8763 0.2191
vn 0.4510 0.8914 0.0451
vn 0.3738 0.9274 0.0120
vn 0.5301 0.8412 0.1069
vn 0.5530 0.8255 0.1127
vn 0.7739 0.5142 0.3698
vn 0.6996 0.5908 0.4019
vn 0.6945 0.6501 0.3083
vn 0.6431 0.6867 0.3389
vn 0.6951 0.7145 0.0798
vn 0.6508 0.7547 0.0828
vn 0.7243 0.6724 0.1524
vn 0.7402 0.6568 0.1439
vn 0.8789 0.3957 0.2664
vn 0.8355 0.4227 0.3510
vn 0.7599 0.5243 0.3843
vn 0.7303 0.5345 0.4254
vn 0.5808 0.7662 0.2749
vn 0.5296 0.7836 0.3250
vn 0.6949 0.6658 0.2718
vn 0.7091 0.6562 0.2579
vn 0.6937 0.6067 0.3882
vn 0.6111 0.6681 0.4246
vn 0.6485 0.7128 0.2669
vn 0.5912 0.7442 0.3109
vn 0.7095 0.6735 -0.2074
vn 0.6674 0.7184 -0.1961
vn 0.7186 0.6949 -0.0270
vn 0.7357 0.6752 -0.0541
vn 0.7109 0.5572 0.4291
vn 0.6361 0.6094 0.4733
vn 0.6286 0.6700 0.3949
vn 0.5850 0.6927 0.4218
vn 0.5653 0.7721 0.2902
vn 0.4964 0.8100 0.3121
vn 0.6260 0.7243 0.2890
vn 0.6451 0.7112 0.2796
vn 0.6879 0.6660 0.2885
vn 0.6230 0.7028 0.3436
vn 0.5788 0.7649 0.2826
vn 0.5408 0.7816 0.3108
vn 0.4771 0.8742 0.0900
vn 0.4249 0.8985 0.1105
vn 0.5496 0.8249 0.1319
vn 0.5638 0.8158 0.1290
vn 0.3852 0.8629 0.3271
vn 0.3678 0.8669 0.3365
vn 0.2157 0.8978 0.3840
vn 0.2794 0.8909 0.3581
vn 0.3617 0.8008 0.4774
vn 0.4092 0.8003 0.4383
vn 0.4877 0.7239 0.4880
vn 0.5685 0.7052 0.4237
vn 0.8616 0.3637 0.3542
vn 0.8215 0.3896 0.4163
vn 0.7371 0.5247 0.4260
vn 0.7130 0.5283 0.4610
vn 0.6044 0.7688 0.2090
vn 0.5686 0.7879 0.2366
vn 0.7237 0.6588 0.2056
vn 0.7289 0.6474 0.2224
vn 0.8843 0.4523 0.1159
vn 0.8600 0.4705 0.1975
vn 0.8108 0.5538 0.1895
vn 0.7900 0.5723 0.2201
vn 0.6465 0.7568 0.0969
vn 0.6152 0.7737 0.1515
vn 0.7192 0.6894 0.0864
vn 0.7336 0.6749 0.0791
vn 0.8887 0.2664 0.3732
vn 0.9260 0.2811 0.2520
vn 0.9374 0.3249 0.1256
vn 0.9434 0.3315 -0.0061
vn 0.9622 0.1909 -0.1944
vn 0.9584 0.1764 -0.2243
vn 0.9368 0.2845 -0.2037
vn 0.9426 0.3121 -0.1187
vn 0.9273 0.3194 0.1950
vn 0.9143 0.2904 0.2824
vn 0.8707 0.3708 0.3231
vn 0.8552 0.3689 0.3639
vn 0.7100 0.5997 0.3692
vn 0.6866 0.5844 0.4325
vn 0.7757 0.5454 0.3175
vn 0.7877 0.5378 0.3005
vn 0.8932 0.4308 0.1287
vn 0.8952 0.3848 0.2249
vn 0.8465 0.4701 0.2499
vn 0.8409 0.4509 0.2993
vn 0.7464 0.5715 0.3411
vn 0.7312 0.5417 0.4146
vn 0.7681 0.5776 0.2765
vn 0.7704 0.5851 0.2531
vn 0.9480 0.3032 0.0970
vn 0.9471 0.2644 0.1819
vn 0.9030 0.3256 0.2802
vn 0.8919 0.3173 0.3223
vn 0.7352 0.5288 0.4241
vn 0.7162 0.5008 0.4860
vn 0.8042 0.4965 0.3266
vn 0.8134 0.4946 0.3061
vn 0.9433 0.3279 0.0526
vn 0.9569 0.2623 0.1242
vn 0.9261 0.3205 0.1993
vn 0.9285 0.2874 0.2352
vn 0.7989 0.4861 0.3541
vn 0.7977 0.4403 0.4121
vn 0.8444 0.4584 0.2772
vn 0.8445 0.4695 0.2577
vn 0.8617 0.4480 0.2382
vn 0.8912 0.3502 0.2885
vn 0.8393 0.4087 0.3585
vn 0.8577 0.3468 0.3796
vn 0.6825 0.5161 0.5175
vn 0.6893 0.4552 0.5636
vn 0.7357 0.5050 0.4513
vn 0.7311 0.5233 0.4377
vn 0.6293 0.5705 -0.5277
vn 0.7203 0.5036 -0.4771
vn 0.7805 0.5261 -0.3377
vn 0.8092 0.4973 -0.3128
vn 0.8215 0.5473 -0.1598
vn 0.8621 0.4922 -0.1207
vn 0.7563 0.6149 -0.2234
vn 0.7457 0.6243 -0.2327
vn 0.8513 0.5232 -0.0392
vn 0.9008 0.4341 -0.0035
vn 0.8917 0.4348 0.1256
vn 0.9231 0.3609 0.1327
vn 0.7541 0.5057 0.4190
vn 0.7680 0.4655 0.4399
vn 0.7989 0.5191 0.3038
vn 0.7947 0.5333 0.2899
vn 0.8467 0.5054 -0.1665
vn 0.8925 0.4259 -0.1484
vn 0.9310 0.3610 -0.0538
vn 0.9282 0.3692 -0.0465
vn 0.7344 0.6089 0.2999
vn 0.7826 0.5418 0.3066
vn 0.7914 0.5946 0.1416
vn 0.7923 0.5882 0.1624
vn 0.8367 0.5459 -0.0438
vn 0.8916 0.4497 -0.0534
vn 0.8902 0.4531 0.0470
vn 0.9186 0.3941 0.0287
vn 0.8513 0.4515 0.2672
vn 0.8801 0.3880 0.2738
vn 0.8564 0.4795 0.1917
vn 0.8429 0.5010 0.1963
vn 0.7689 0.6277 -0.1212
vn 0.8261 0.5424 -0.1530
vn 0.8485 0.5262 -0.0563
vn 0.8754 0.4764 -0.0815
vn 0.8595 0.4822 0.1693
vn 0.8919 0.4224 0.1615
vn 0.8441 0.5267 0.1006
vn 0.8313 0.5452 0.1083
vn 0.8018 0.5684 -0.1845
vn 0.8386 0.5056 -0.2027
vn 0.8957 0.4401 -0.0635
vn 0.9065 0.4170 -0.0668
vn 0.9231 0.3451 0.1696
vn 0.9444 0.2910 0.1530
vn 0.8931 0.4284 0.1377
vn 0.8843 0.4439 0.1449
vn 0.8013 0.5954 -0.0590
vn 0.8399 0.5282 -0.1250
vn 0.8775 0.4770 -0.0500
vn 0.8946 0.4389 -0.0835
vn 0.9256 0.3479 0.1492
vn 0.9474 0.2965 0.1203
vn 0.9024 0.4175 0.1064
vn 0.8946 0.4323 0.1134
vn 0.6675 0.7268 -0.1619
vn 0.7070 0.6724 -0.2193
vn 0.7852 0.5917 -0.1827
vn 0.8050 0.5616 -0.1912
vn 0.9053 0.4248 0.0042
vn 0.9263 0.3756 -0.0311
vn 0.8561 0.5164 -0.0201
vn 0.8453 0.5340 -0.0191
vn 0.5420 0.8397 0.0341
vn 0.5978 0.8006 -0.0415
vn 0.7012 0.7120 -0.0364
vn 0.7306 0.6759 -0.0971
vn 0.8203 0.5442 0.1760
vn 0.8437 0.5123 0.1607
vn 0.7623 0.6353 0.1239
vn 0.7520 0.6481 0.1200
vn 0.6140 0.7401 -0.2744
vn 0.5668 0.8091 -0.1554
vn 0.4878 0.8667 0.1045
vn 0.4451 0.8795 0.1685
vn 0.4131 0.8284 0.3783
vn 0.3805 0.8348 0.3979
vn 0.4707 0.8360 0.2820
vn 0.4742 0.8357 0.2771
vn 0.5651 0.8202 -0.0891
vn 0.5814 0.7950 -0.1730
vn 0.7195 0.6828 -0.1267
vn 0.7421 0.6561 -0.1376
vn 0.9221 0.3785 0.0803
vn 0.9314 0.3639 -0.0052
vn 0.8751 0.4806 0.0572
vn 0.8705 0.4855 0.0804
vn 0.6424 0.7644 0.0549
vn 0.6268 0.7771 -0.0579
vn 0.7033 0.7097 -0.0411
vn 0.6998 0.7077 -0.0973
vn 0.8656 0.5005 -0.0146
vn 0.8679 0.4907 -0.0774
vn 0.8233 0.5677 0.0044
vn 0.8163 0.5774 0.0185
vn 0.4120 0.8848 0.2176
vn 0.3900 0.9128 0.1214
vn 0.4766 0.8762 0.0716
vn 0.4846 0.8741 0.0336
vn 0.5817 0.8123 -0.0411
vn 0.5708 0.8126 -0.1176
vn 0.5883 0.8074 0.0433
vn 0.5896 0.8051 0.0643
vn 0.4320 0.8992 0.0700
vn 0.4356 0.8963 0.0827
vn 0.5398 0.8296 0.1427
vn 0.5336 0.8288 0.1686
vn 0.6865 0.5933 0.4205
vn 0.6782 0.5773 0.4548
vn 0.6686 0.6590 0.3445
vn 0.6669 0.6822 0.2998
vn 0.5250 0.8476 0.0771
vn 0.5506 0.8348 0.0001
vn 0.6354 0.7720 -0.0123
vn 0.6628 0.7483 -0.0280
vn 0.8211 0.5678 0.0584
vn 0.8362 0.5484 0.0015
vn 0.7631 0.6412 0.0803
vn 0.7476 0.6584 0.0874
vn -0.6635 -0.6619 -0.3487
vn -0.6399 -0.7060 -0.3036
vn -0.7974 -0.4952 -0.3448
vn -0.7979 -0.4959 -0.3427
vn -0.7969 -0.6025 0.0441
vn -0.7840 -0.6207 0.0086
vn -0.7398 -0.6676 0.0839
vn -0.7330 -0.6748 0.0862
vn -0.6999 -0.7132 -0.0393
vn -0.7223 -0.6900 -0.0469
vn 0.5689 0.6175 0.5432
vn 0.6294 0.6216 0.4664
vn 0.4666 0.7970 0.3834
vn 0.3027 0.9187 0.2537
vn 0.3780 0.8090 0.4502
vn 0.4143 0.7327 0.5399
vn 0.6108 0.7739 0.1675
vn 0.2079 0.7788 0.5918
vn 0.3253 0.7415 0.5869
vn 0.5668 0.7712 0.2898
vn 0.4527 0.7871 0.4189
vn 0.5120 0.7257 0.4596
vn 0.6636 0.6836 0.3039
vn 0.4579 0.6568 0.5991
vn 0.6707 0.6060 0.4276
vn -0.0878 0.9943 -0.0599
vn 0.1316 0.9829 0.1287
vn -0.2979 0.9365 -0.1848
vn -0.2574 0.9267 -0.2738
vn 0.4782 0.7809 0.4019
vn 0.1028 -0.9923 0.0696
vn -0.1450 -0.9814 -0.1261
vn 0.2750 -0.9208 0.2765
vn -0.2561 -0.9433 -0.2109
vn 0.4900 -0.7049 0.5129
vn -0.5315 0.0597 0.8449
vn -0.7189 0.0792 0.6906
vn 0.4431 0.8081 0.3881
vn -0.7045 0.1044 0.7020
vn -0.7265 0.0793 0.6826
vn -0.5484 -0.0423 0.8352
vn 0.8313 0.1072 -0.5454
vn 0.6970 0.1248 -0.7061
vn 0.7126 0.1022 -0.6941
vn 0.6937 0.0663 -0.7173
vn 0.7967 0.0059 -0.6044
vn 0.8472 -0.5258 0.0756
vn 0.4375 -0.6003 0.6695
vn 0.0860 -0.3912 0.9163
vn 0.9039 -0.4123 0.1136
vn 0.5341 0.7393 0.4100
vn 0.5651 0.6750 0.4745
vn 0.6916 0.6548 0.3048
vn 0.7658 0.4565 0.4529
vn -0.1773 0.6761 0.7152
vn -0.0976 0.7263 0.6804
vn -0.1529 0.5990 0.7860
vn -0.1592 0.7429 0.6502
vn -0.2555 0.6703 0.6967
vn -0.2901 0.5642 0.7730
vn 0.1104 0.6257 0.7722
vn -0.4681 0.5786 0.6679
vn -0.3625 0.6270 0.6895
vn -0.0344 0.6655 0.7456
vn -0.1713 0.6684 0.7238
vn -0.1284 0.8182 0.5604
vn 0.0270 0.7687 0.6390
vn -0.2461 0.7004 0.6700
vn -0.0629 0.7368 0.6732
vn -0.1142 0.9738 0.1964
vn -0.1498 0.8752 0.4599
vn -0.0546 0.9869 -0.1520
vn -0.0162 0.9974 -0.0706
vn -0.1649 0.6111 0.7742
vn 0.1149 -0.9771 -0.1790
vn 0.1396 -0.8735 -0.4664
vn 0.0237 -0.9963 0.0827
vn 0.1387 -0.8016 -0.5815
vn -0.1063 -0.9009 0.4208
vn -0.9928 0.0288 -0.1166
vn -0.9744 0.0364 -0.2219
vn -0.1338 0.6654 0.7344
vn -0.9781 0.0477 -0.2028
vn -0.9707 0.0390 -0.2370
vn -0.9914 -0.0230 -0.1287
vn 0.8749 0.0614 0.4804
vn 0.9513 0.1673 0.2588
vn 0.9531 0.1368 0.2699
vn 0.9660 0.1087 0.2347
vn 0.9257 -0.0254 0.3774
vn 0.1403 -0.7294 0.6695
vn -0.6578 -0.6739 0.3364
vn -0.7596 -0.5186 0.3925
vn 0.4315 -0.5024 0.7493
vn -0.1690 0.7135 0.6799
vn -0.1337 0.6469 0.7508
vn 0.0288 0.7874 0.6157
vn -0.0245 0.5425 0.8397
vn -0.1579 0.7649 0.6245
vn 0.6302 0.5892 -0.5056
vn 0.5695 0.5945 -0.5677
vn 0.3839 0.8918 -0.2394
vn 0.1888 0.9820 -0.0084
vn 0.4773 0.8626 -0.1679
vn 0.5133 0.8287 -0.2232
vn 0.1695 0.9130 -0.3710
vn 0.5134 0.8580 0.0159
vn 0.5863 0.7978 -0.1404
vn 0.3209 0.8704 -0.3735
vn 0.4854 0.8183 -0.3078
vn 0.6027 0.6361 -0.4818
vn 0.4120 0.6766 -0.6103
vn 0.7059 0.6014 -0.3741
vn 0.5570 0.4883 -0.6718
vn -0.1792 0.8872 0.4251
vn 0.0237 0.9782 0.2061
vn -0.3877 0.6624 0.6410
vn -0.3836 0.7308 0.5645
vn 0.3441 0.8979 -0.2746
vn 0.1880 -0.8787 -0.4387
vn -0.0271 -0.9821 -0.1866
vn 0.3862 -0.7195 -0.5771
vn -0.1341 -0.9886 -0.0690
vn 0.5864 -0.4291 -0.6870
vn 0.8059 -0.0984 0.5839
vn 0.6840 -0.1030 0.7222
vn 0.4121 0.8929 -0.1812
vn 0.6965 -0.0589 0.7152
vn 0.6760 -0.0962 0.7306
vn 0.7674 -0.0909 0.6347
vn -0.5669 0.2760 -0.7762
vn -0.7257 0.2766 -0.6299
vn -0.7065 0.2666 -0.6556
vn -0.7300 0.2225 -0.6462
vn -0.6271 0.2281 -0.7448
vn 0.3818 -0.3603 -0.8511
vn 0.8584 -0.4464 -0.2529
vn 0.9593 -0.2452 -0.1399
vn 0.0872 -0.0380 -0.9955
vn 0.4639 0.7959 -0.3890
vn 0.5398 0.7304 -0.4184
vn 0.3583 0.5712 -0.7385
vn 0.5912 0.3770 -0.7130
vn 0.5232 0.7839 -0.3342
vn -0.6083 0.5409 -0.5809
vn -0.6069 0.6640 -0.4368
vn -0.4774 0.8232 -0.3073
vn -0.3391 0.9272 -0.1588
vn -0.4090 0.8373 -0.3629
vn -0.4533 0.7868 -0.4189
vn -0.6017 0.7910 -0.1106
vn -0.2650 0.8493 -0.4566
vn -0.3629 0.8109 -0.4590
vn -0.5791 0.7806 -0.2352
vn -0.5032 0.7882 -0.3544
vn -0.5696 0.6629 -0.4859
vn -0.6972 0.6253 -0.3507
vn -0.4739 0.6464 -0.5979
vn -0.6944 0.4914 -0.5257
vn -0.0557 0.9521 0.3006
vn -0.2563 0.9614 0.0999
vn 0.2123 0.8004 0.5606
vn 0.1147 0.8522 0.5105
vn -0.5581 0.7876 -0.2611
vn 0.0408 -0.9493 -0.3116
vn 0.2686 -0.9578 -0.1024
vn -0.1311 -0.8489 -0.5120
vn 0.3650 -0.9310 -0.0042
vn -0.3371 -0.6118 -0.7156
vn 0.6559 0.3361 -0.6759
vn 0.7405 0.3333 -0.5836
vn -0.4405 0.8586 -0.2623
vn 0.7243 0.3569 -0.5899
vn 0.7470 0.3325 -0.5756
vn 0.6623 0.3067 -0.6836
vn -0.8449 -0.1526 0.5127
vn -0.7489 -0.1380 0.6481
vn -0.7589 -0.1612 0.6309
vn -0.7366 -0.1942 0.6479
vn -0.8209 -0.2413 0.5175
vn -0.6065 -0.6047 -0.5162
vn 0.1451 -0.3235 -0.9350
vn 0.0843 -0.1026 -0.9911
vn -0.8823 -0.4058 -0.2385
vn -0.5521 0.7402 -0.3838
vn -0.5452 0.7308 -0.4107
vn -0.7468 0.5406 -0.3873
vn -0.7423 0.3737 -0.5562
vn -0.4866 0.7822 -0.3890
vn 0.5670 0.3745 0.7336
vn 0.5424 0.5117 0.6664
vn 0.4369 0.7007 0.5641
vn 0.2129 0.8893 0.4048
vn 0.3525 0.6647 0.6587
vn 0.3764 0.6548 0.6554
vn 0.5549 0.7572 0.3446
vn 0.1722 0.6959 0.6972
vn 0.2895 0.6186 0.7305
vn 0.5290 0.6924 0.4906
vn 0.4535 0.6447 0.6153
vn 0.5390 0.5209 0.6619
vn 0.6614 0.5405 0.5200
vn 0.4478 0.4307 0.7836
vn 0.6717 0.3744 0.6393
vn -0.2492 0.9673 0.0469
vn -0.0008 0.9668 0.2556
vn -0.5123 0.8420 -0.1691
vn -0.4231 0.8887 -0.1765
vn 0.4588 0.7219 0.5181
vn 0.2647 -0.9636 -0.0386
vn -0.0227 -0.9652 -0.2606
vn 0.4420 -0.8784 0.1818
vn -0.1477 -0.9227 -0.3561
vn 0.5837 -0.6966 0.4172
vn -0.6729 -0.1170 0.7304
vn -0.7025 -0.1175 0.7020
vn 0.3714 0.7310 0.5724
vn -0.6871 -0.0799 0.7221
vn -0.7120 -0.1085 0.6937
vn -0.6136 -0.1986 0.7642
vn 0.8044 0.3214 -0.4996
vn 0.6456 0.3130 -0.6966
vn 0.6744 0.2945 -0.6771
vn 0.6490 0.2542 -0.7171
vn 0.7996 0.1493 -0.5816
vn 0.8732 -0.4612 0.1577
vn 0.1657 -0.6745 0.7195
vn 0.0583 -0.4820 0.8742
vn 0.9760 -0.2083 0.0639
vn 0.5041 0.5904 0.6303
vn 0.4896 0.5688 0.6609
vn 0.7105 0.4578 0.5344
vn 0.7253 0.2493 0.6417
vn 0.4517 0.6277 0.6339
vn -0.1622 0.7480 -0.6435
vn -0.2506 0.7880 -0.5624
vn -0.2389 0.8307 -0.5029
vn -0.2546 0.9342 -0.2498
vn -0.1424 0.8718 -0.4687
vn -0.1342 0.8421 -0.5223
vn -0.4618 0.7735 -0.4341
vn 0.0174 0.9024 -0.4306
vn -0.0479 0.8740 -0.4836
vn -0.3447 0.8050 -0.4829
vn -0.2174 0.8419 -0.4939
vn -0.2075 0.8694 -0.4485
vn -0.3636 0.7825 -0.5054
vn -0.0892 0.8218 -0.5627
vn -0.2572 0.7739 -0.5787
vn -0.2043 0.9326 0.2977
vn -0.2377 0.9713 -0.0018
vn 0.0381 0.8338 0.5508
vn -0.1995 0.8029 0.5618
vn -0.2963 0.8296 -0.4733
vn 0.1989 -0.9278 -0.3155
vn 0.2491 -0.9684 0.0127
vn 0.1871 -0.7950 -0.5770
vn 0.2594 -0.9519 0.1633
vn 0.1509 -0.5467 -0.8236
vn 0.9540 0.2701 -0.1303
vn 0.9519 0.3048 0.0312
vn -0.2076 0.8749 -0.4376
vn 0.9414 0.3370 0.0120
vn 0.9509 0.3070 0.0404
vn 0.9598 0.1878 -0.2085
vn -0.9944 -0.0011 -0.1059
vn -0.9926 -0.1148 0.0395
vn -0.9912 -0.1322 0.0109
vn -0.9844 -0.1713 0.0413
vn -0.9748 -0.2030 -0.0925
vn -0.3675 -0.5644 -0.7392
vn 0.5573 -0.4672 -0.6864
vn 0.6755 -0.1397 -0.7240
vn -0.5077 -0.3798 -0.7733
vn -0.2126 0.8268 -0.5207
vn -0.2161 0.7994 -0.5606
vn -0.2916 0.7897 -0.5398
vn -0.3133 0.6008 -0.7355
vn -0.2033 0.8675 -0.4541
vn -0.9056 0.3818 0.1845
vn -0.8777 0.4003 0.2635
vn -0.7526 0.6345 0.1761
vn -0.5894 0.7973 0.1299
vn -0.7514 0.6554 0.0767
vn -0.8294 0.5523 0.0844
vn -0.6535 0.6438 0.3982
vn -0.7614 0.6405 -0.0999
vn -0.8158 0.5782 -0.0140
vn -0.7288 0.6123 0.3067
vn -0.7961 0.5833 0.1610
vn -0.8376 0.5138 0.1858
vn -0.7881 0.4801 0.3852
vn -0.9029 0.4248 0.0652
vn -0.8905 0.3285 0.3147
vn -0.0547 0.9982 -0.0247
vn -0.3473 0.9361 0.0555
vn 0.2547 0.9666 -0.0272
vn 0.2316 0.9715 -0.0504
vn -0.7437 0.6275 0.2307
vn 0.0379 -0.9988 0.0324
vn 0.3582 -0.9310 -0.0698
vn -0.2478 -0.9667 0.0644
vn 0.4911 -0.8637 -0.1133
vn -0.5444 -0.8351 0.0792
vn -0.2532 0.0966 -0.9626
vn -0.1826 0.0642 -0.9811
vn -0.7396 0.6610 0.1270
vn -0.2113 0.0910 -0.9732
vn -0.1733 0.0704 -0.9824
vn -0.2910 -0.0471 -0.9556
vn 0.0019 0.1289 0.9917
vn 0.1791 0.1419 0.9735
vn 0.1572 0.1164 0.9807
vn 0.2014 0.0834 0.9760
vn 0.0220 -0.1114 0.9935
vn -0.4571 -0.6327 0.6251
vn -0.5896 -0.7146 -0.3765
vn -0.6926 -0.4892 -0.5301
vn -0.5109 -0.4748 0.7166
vn -0.7978 0.5688 0.2000
vn -0.8543 0.4759 0.2088
vn -0.8061 0.4110 0.4258
vn -0.9211 0.1472 0.3603
vn -0.7891 0.5941 0.1558
vn 0.7246 0.5333 -0.4365
vn 0.6262 0.5974 -0.5009
vn 0.5135 0.7407 -0.4332
vn 0.3108 0.9007 -0.3035
vn 0.5805 0.7594 -0.2940
vn 0.6178 0.7165 -0.3239
vn 0.3158 0.7120 -0.6271
vn 0.6036 0.7897 -0.1098
vn 0.6535 0.7303 -0.1991
vn 0.4580 0.7108 -0.5338
vn 0.5657 0.7179 -0.4058
vn 0.6119 0.6822 -0.4002
vn 0.5077 0.6176 -0.6007
vn 0.7365 0.6084 -0.2958
vn 0.6437 0.5210 -0.5606
vn -0.0725 0.9973 -0.0117
vn 0.1820 0.9644 -0.1919
vn -0.5001 0.8520 0.1552
vn -0.3516 0.9284 0.1205
vn 0.5044 0.7526 -0.4231
vn 0.0872 -0.9961 0.0101
vn -0.1957 -0.9573 0.2129
vn 0.3569 -0.9244 -0.1345
vn -0.2957 -0.9137 0.2788
vn 0.6346 -0.7217 -0.2765
vn 0.5061 0.2452 0.8269
vn 0.4924 0.1474 0.8578
vn 0.4901 0.7735 -0.4020
vn 0.5376 0.1709 0.8257
vn 0.4974 0.1660 0.8515
vn 0.4857 0.2516 0.8371
vn -0.3269 0.0893 -0.9408
vn -0.5229 0.0691 -0.8496
vn -0.5106 0.0362 -0.8591
vn -0.5285 -0.0089 -0.8489
vn -0.4008 -0.0394 -0.9153
vn 0.4619 -0.5559 -0.6912
vn 0.8547 -0.5029 0.1286
vn 0.9231 -0.3007 0.2395
vn 0.3712 -0.3982 -0.8388
vn 0.5837 0.6795 -0.4444
vn 0.6019 0.6582 -0.4522
vn 0.5411 0.5726 -0.6160
vn 0.6678 0.3470 -0.6585
vn 0.5628 0.7371 -0.3740
vn -0.7863 0.5326 -0.3132
vn -0.7680 0.6033 -0.2149
vn -0.6529 0.7280 -0.2089
vn -0.4496 0.8832 -0.1336
vn -0.5931 0.7483 -0.2970
vn -0.6759 0.6569 -0.3341
vn -0.6834 0.7293 0.0341
vn -0.4936 0.7509 -0.4387
vn -0.5981 0.6939 -0.4010
vn -0.6923 0.7155 -0.0936
vn -0.6668 0.7051 -0.2413
vn -0.7011 0.6842 -0.2008
vn -0.7703 0.6341 -0.0683
vn -0.7237 0.5892 -0.3593
vn -0.8182 0.5409 -0.1950
vn 0.0895 0.9955 0.0314
vn -0.2040 0.9769 -0.0638
vn 0.4276 0.9031 0.0383
vn 0.3393 0.9266 0.1625
vn -0.6619 0.7338 -0.1530
vn -0.1081 -0.9936 -0.0335
vn 0.2209 -0.9736 0.0578
vn -0.3576 -0.9204 -0.1577
vn 0.3632 -0.9263 0.1000
vn -0.6448 -0.6999 -0.3071
vn 0.1858 0.0520 -0.9812
vn 0.3880 0.0935 -0.9169
vn -0.5991 0.7658 -0.2337
vn 0.3637 0.1229 -0.9233
vn 0.3981 0.0971 -0.9122
vn 0.2315 0.0177 -0.9727
vn -0.6229 0.0780 0.7784
vn -0.3619 0.1114 0.9255
vn -0.3868 0.0905 0.9177
vn -0.3521 0.0501 0.9346
vn -0.4962 0.0088 0.8681
vn -0.8352 -0.5500 -0.0036
vn -0.4592 -0.5381 -0.7068
vn -0.4189 -0.3494 -0.8381
vn -0.9075 -0.3634 0.2109
vn -0.6907 0.6861 -0.2287
vn -0.7562 0.6066 -0.2452
vn -0.8000 0.5887 -0.1157
vn -0.9119 0.3705 -0.1765
vn -0.6599 0.7167 -0.2257
vn -0.1951 0.6159 0.7633
vn -0.1080 0.7030 0.7030
vn -0.1450 0.8222 0.5504
vn -0.1432 0.9194 0.3663
vn -0.2478 0.8267 0.5052
vn -0.2519 0.7562 0.6040
vn 0.0983 0.8476 0.5215
vn -0.3948 0.7897 0.4696
vn -0.3438 0.7613 0.5497
vn -0.0167 0.8314 0.5554
vn -0.1642 0.7934 0.5861
vn -0.1011 0.7456 0.6586
vn 0.0892 0.7370 0.6700
vn -0.2979 0.6617 0.6880
vn -0.0658 0.5963 0.8000
vn -0.1097 0.9583 -0.2640
vn -0.1336 0.9901 0.0427
vn -0.0757 0.8439 -0.5311
vn -0.0341 0.8527 -0.5213
vn -0.0870 0.8297 0.5514
vn 0.1118 -0.9527 0.2826
vn 0.1238 -0.9906 -0.0577
vn 0.0412 -0.8415 0.5387
vn 0.1287 -0.9688 -0.2120
vn -0.0597 -0.5869 0.8074
vn -0.9974 -0.0595 0.0396
vn -0.9845 -0.0590 -0.1650
vn -0.1866 0.8438 0.5032
vn -0.9893 -0.0207 -0.1444
vn -0.9830 -0.0516 -0.1762
vn -0.9943 -0.1066 0.0083
vn 0.8896 0.2473 0.3839
vn 0.9621 0.2528 0.1025
vn 0.9631 0.2350 0.1315
vn 0.9759 0.1930 0.1016
vn 0.9429 0.1158 0.3122
vn 0.3423 -0.3472 0.8731
vn -0.3980 -0.4963 0.7716
vn -0.6665 -0.3382 0.6644
vn 0.4684 -0.1756 0.8659
vn -0.1403 0.7961 0.5887
vn -0.1403 0.7458 0.6513
vn -0.0054 0.6514 0.7587
vn -0.0126 0.4563 0.8897
vn -0.1531 0.8147 0.5593
vn 0.4774 0.8049 0.3524
vn 0.4854 0.8389 0.2463
vn 0.3438 0.9212 0.1824
vn 0.1262 0.9878 0.0909
vn 0.2384 0.9275 0.2879
vn 0.3170 0.8840 0.3436
vn 0.4301 0.9021 -0.0355
vn 0.1158 0.9079 0.4029
vn 0.2213 0.8805 0.4192
vn 0.3860 0.9143 0.1223
vn 0.3300 0.9060 0.2652
vn 0.3763 0.8951 0.2393
vn 0.4899 0.8671 0.0901
vn 0.3826 0.8310 0.4039
vn 0.5502 0.8037 0.2265
vn -0.3892 0.9051 -0.1711
vn -0.1305 0.9909 -0.0323
vn -0.6995 0.6892 -0.1888
vn -0.5766 0.7485 -0.3275
vn 0.3280 0.9263 0.1856
vn 0.4045 -0.8975 0.1759
vn 0.1130 -0.9930 0.0353
vn 0.5920 -0.7376 0.3249
vn -0.0235 -0.9992 -0.0326
vn 0.7611 -0.4274 0.4880
vn -0.3950 0.0408 0.9178
vn -0.5615 0.0226 0.8271
vn 0.2859 0.9409 0.1818
vn -0.5494 0.0596 0.8335
vn -0.5707 0.0244 0.8208
vn -0.4055 0.0019 0.9141
vn 0.6988 0.2298 -0.6774
vn 0.4758 0.1598 -0.8649
vn 0.5032 0.1473 -0.8515
vn 0.4866 0.1007 -0.8678
vn 0.6209 0.1156 -0.7754
vn 0.9354 -0.2702 0.2283
vn 0.3650 -0.3200 0.8743
vn 0.3216 -0.1300 0.9379
vn 0.9984 -0.0530 -0.0216
vn 0.3691 0.9016 0.2255
vn 0.4230 0.8707 0.2508
vn 0.5405 0.8350 0.1031
vn 0.7143 0.6673 0.2110
vn 0.3094 0.9183 0.2471
vn -0.8719 0.4862 -0.0586
vn -0.7881 0.6136 0.0493
vn -0.6125 0.7900 0.0276
vn -0.3871 0.9219 -0.0122
vn -0.5971 0.7889 -0.1453
vn -0.6658 0.7311 -0.1491
vn -0.5353 0.7861 0.3089
vn -0.5244 0.7812 -0.3388
vn -0.6196 0.7404 -0.2608
vn -0.6293 0.7654 0.1347
vn -0.6351 0.7701 -0.0598
vn -0.7737 0.6326 -0.0349
vn -0.7768 0.5794 0.2470
vn -0.7813 0.5755 -0.2417
vn -0.8916 0.4492 -0.0576
vn 0.1834 0.9814 -0.0564
vn -0.1252 0.9912 -0.0427
vn 0.4640 0.8635 -0.1979
vn 0.4536 0.8910 -0.0185
vn -0.5914 0.8064 -0.0088
vn -0.2018 -0.9776 0.0602
vn 0.1390 -0.9898 0.0311
vn -0.4688 -0.8828 0.0287
vn 0.2916 -0.9563 0.0196
vn -0.7510 -0.6592 -0.0366
vn -0.0754 -0.0443 -0.9962
vn 0.0496 0.0310 -0.9983
vn -0.5407 0.8407 0.0289
vn 0.0278 0.0665 -0.9974
vn 0.0614 0.0365 -0.9974
vn -0.1124 -0.0616 -0.9918
vn -0.3347 0.1386 0.9321
vn -0.0041 0.1667 0.9860
vn -0.0315 0.1486 0.9884
vn 0.0022 0.1069 0.9943
vn -0.1671 0.0794 0.9827
vn -0.6679 -0.6272 0.4007
vn -0.5065 -0.7377 -0.4464
vn -0.6315 -0.4434 -0.6361
vn -0.7692 -0.3901 0.5062
vn -0.6915 0.7221 0.0203
vn -0.7244 0.6892 0.0132
vn -0.4906 0.1005 -0.8656
vn 0.5044 -0.1021 0.8574
vn 0.4845 0.1458 -0.8625
vn -0.5058 -0.1471 0.8500
vn -0.9989 -0.0419 -0.0220
vn 0.9986 0.0501 -0.0190
vn -0.5114 -0.1074 0.8526
vn -0.4814 0.0096 -0.8765
vn 0.4748 -0.0055 0.8801
vn 0.5171 0.1109 -0.8487
vn 0.9939 0.1043 0.0359
vn -0.9948 -0.0992 -0.0209
vn 0.6689 0.5930 0.4482
vn 0.5086 0.7750 0.3751
vn 0.3493 0.9163 0.1958
vn 0.4048 0.9127 -0.0560
vn 0.8719 0.4890 -0.0251
vn 0.8792 0.3903 0.2732
vn 0.5404 0.7736 -0.3309
vn 0.7708 0.6025 -0.2070
vn -0.7910 -0.1981 0.5788
vn 0.7246 0.2234 -0.6520
vn -0.3035 -0.7478 -0.5905
vn 0.2151 0.7896 0.5746
vt 0.923467 0.931852
vt 0.864977 0.970519
vt 0.864977 0.931852
vt 0.864977 0.849446
vt 0.726161 0.892884
vt 0.726161 0.849446
vt 0.864977 0.912402
vt 0.726161 0.912402
vt 0.864977 0.892884
vt 0.923467 0.912402
vt 0.726161 0.931852
vt 0.726161 0.970519
vt 0.864977 0.990075
vt 0.726161 0.990075
vt 0.923467 0.990075
vt 0.864977 0.829958
vt 0.923467 0.849446
vt 0.726161 0.829958
vt 0.586269 0.679691
vt 0.408473 0.721726
vt 0.408473 0.679691
vt 0.408473 0.796853
vt 0.256110 0.815777
vt 0.256110 0.796853
vt 0.256110 0.759435
vt 0.155074 0.796853
vt 0.155073 0.759435
vt 0.155073 0.815777
vt 0.256110 0.660832
vt 0.256110 0.679690
vt 0.256110 0.740613
vt 0.256110 0.721726
vt 0.155073 0.660832
vt 0.155073 0.679691
vt 0.155073 0.721726
vt 0.155073 0.740613
vt 0.408473 0.759435
vt 0.385392 0.970519
vt 0.385392 0.990075
vt 0.385392 0.849446
vt 0.385392 0.829958
vt 0.385392 0.892884
vt 0.385392 0.912402
vt 0.385392 0.931852
vt 0.606330 0.771267
vt 0.671392 0.796661
vt 0.606330 0.796302
vt 0.715693 0.773172
vt 0.714804 0.796976
vt 0.606330 0.717914
vt 0.672139 0.744679
vt 0.606330 0.746038
vt 0.714668 0.717636
vt 0.715690 0.744024
vt 0.765856 0.717866
vt 0.672119 0.758521
vt 0.671948 0.772507
vt 0.606330 0.758674
vt 0.715498 0.757819
vt 0.671013 0.704814
vt 0.671408 0.717587
vt 0.606330 0.808962
vt 0.671233 0.809445
vt 0.715858 0.808976
vt 0.713672 0.704745
vt 0.765662 0.771326
vt 0.765844 0.796331
vt 0.823259 0.783807
vt 0.823259 0.796302
vt 0.765917 0.809026
vt 0.823259 0.733538
vt 0.765718 0.745962
vt 0.823259 0.758674
vt 0.765596 0.758682
vt 0.765914 0.705177
vt 0.823259 0.717914
vt 0.586269 0.759435
vt 0.823259 0.771267
vt 0.586269 0.815777
vt 0.408473 0.815777
vt 0.408473 0.660832
vt 0.586269 0.740613
vt 0.408473 0.740613
vt 0.195054 0.892884
vt 0.195054 0.849446
vt 0.195054 0.970519
vt 0.195054 0.931852
vt 0.195054 0.912402
vt 0.195054 0.990075
vt 0.195054 0.829958
vt 0.017605 0.931852
vt -0.284729 0.970519
vt -0.284729 0.931852
vt 0.017605 0.849446
vt -0.284729 0.892884
vt -0.284729 0.849446
vt 0.017605 0.970519
vt -0.284729 0.990075
vt 0.017605 0.829958
vt 0.017605 0.892884
vt 0.017605 0.912401
vt -0.567950 0.849446
vt -0.773493 0.892884
vt -0.773493 0.849446
vt -0.567950 0.931852
vt -0.773493 0.970519
vt -0.773493 0.931852
vt -0.567950 0.892884
vt -0.284729 0.912402
vt -0.567950 0.912401
vt -0.567950 0.970519
vt -0.773493 0.990075
vt -0.567950 0.829958
vt 0.870193 0.407009
vt 0.886783 0.433376
vt 0.853871 0.454537
vt 0.842737 0.347208
vt 0.836007 0.339370
vt 0.858443 0.326954
vt 0.825360 0.392213
vt 0.770925 0.399463
vt 0.796699 0.377836
vt 0.817070 0.343959
vt 0.802045 0.322413
vt 0.825526 0.338027
vt 0.830437 0.313644
vt 0.868516 0.354206
vt 0.854287 0.382447
vt 0.878579 0.310529
vt 0.787387 0.349638
vt 0.780421 0.303504
vt 0.776521 0.448503
vt 0.743764 0.424018
vt 0.790867 0.264124
vt 0.830197 0.287966
vt 0.868286 0.270161
vt 0.909979 0.283791
vt 0.900185 0.292354
vt 0.830207 0.260297
vt 0.873886 0.258319
vt 0.830716 0.247316
vt 0.932083 0.320361
vt 0.920061 0.324291
vt 0.723712 0.389376
vt 0.754723 0.350306
vt 0.731943 0.313253
vt 0.746961 0.272684
vt 0.756659 0.282476
vt 0.720039 0.351123
vt 0.719302 0.307864
vt 0.820591 0.424614
vt 0.705986 0.350859
vt 0.785982 0.251973
vt 0.841276 0.358005
vt 0.912331 0.401569
vt 0.894840 0.444328
vt 0.923226 0.362542
vt 0.923885 0.407734
vt 0.857374 0.467960
vt 0.895529 0.358179
vt 0.821457 0.363050
vt 0.733156 0.433997
vt 0.815733 0.459397
vt 0.770174 0.461460
vt 0.741365 0.266247
vt 0.710540 0.394341
vt 0.834946 0.048745
vt 0.878509 0.044933
vt 0.864056 0.099806
vt 0.789738 0.079668
vt 0.825817 0.033795
vt 0.922817 0.115653
vt 0.901878 0.165051
vt 0.893669 0.151085
vt 0.950843 0.087345
vt 0.949456 0.123307
vt 0.936319 0.119243
vt 0.811864 0.128116
vt 0.841701 0.170994
vt 0.796656 0.136993
vt 0.818015 0.020042
vt 0.852159 0.011186
vt 0.806028 0.083820
vt 0.909378 0.177860
vt 0.874186 0.188426
vt 0.782697 0.145129
vt 0.773458 0.111658
vt 0.846236 0.156170
vt 0.911678 0.070389
vt 0.883027 0.029788
vt 0.925118 0.062438
vt 0.712127 0.304206
vt 0.702777 0.396858
vt 0.783434 0.244103
vt 0.916217 0.278049
vt 0.877284 0.251135
vt 0.831309 0.238873
vt 0.939537 0.317701
vt 0.726690 0.439684
vt 0.814347 0.473502
vt 0.766676 0.468602
vt 0.859888 0.475480
vt 0.900545 0.451053
vt 0.935722 0.363365
vt 0.930887 0.411080
vt 0.944248 0.363772
vt 0.832629 0.364448
vt 0.815151 0.354707
vt 0.734096 0.674090
vt 0.807278 0.666579
vt 0.807569 0.670264
vt 0.732217 0.668151
vt 0.730790 0.662495
vt 0.807290 0.658901
vt 0.080894 0.313059
vt 0.131017 0.425010
vt 0.087866 0.430978
vt 0.085784 0.592020
vt 0.160998 0.533166
vt 0.158903 0.608267
vt 0.086859 0.512324
vt 0.037311 0.423214
vt 0.676586 0.677125
vt 0.674435 0.671700
vt 0.806513 0.651709
vt 0.731807 0.656821
vt 0.732816 0.651072
vt 0.002774 0.524359
vt 0.078126 0.592857
vt 0.018546 0.599764
vt 0.675418 0.651700
vt 0.626026 0.658999
vt 0.636459 0.640099
vt 0.630813 0.663697
vt 0.647194 0.662495
vt 0.617779 0.639581
vt 0.645272 0.682048
vt 0.638677 0.674052
vt 0.618093 0.673366
vt 0.626762 0.683889
vt 0.673367 0.658312
vt 0.488942 0.476487
vt 0.561764 0.320883
vt 0.511584 0.476487
vt 0.622336 0.454552
vt 0.572965 0.315350
vt 0.652801 0.315350
vt 0.480914 0.322086
vt 0.407711 0.443600
vt 0.383042 0.317150
vt 0.450096 0.446412
vt 0.407849 0.445881
vt 0.572996 0.358398
vt 0.440292 0.446146
vt 0.599311 0.454552
vt 0.411594 0.445311
vt 0.480916 0.372663
vt 0.480736 0.321448
vt 0.572995 0.356800
vt 0.562490 0.372600
vt 0.480753 0.326086
vt 0.561829 0.325567
vt 0.417650 0.446146
vt 0.559797 0.382885
vt 0.489355 0.476348
vt 0.480829 0.382870
vt 0.564458 0.344101
vt 0.480209 0.344100
vt 0.564113 0.316675
vt 0.480514 0.316675
vt 0.650274 0.366742
vt 0.597020 0.455072
vt 0.573428 0.366904
vt 0.653093 0.314436
vt 0.569495 0.314436
vt 0.652697 0.321791
vt 0.652492 0.322046
vt 0.574435 0.369625
vt 0.569870 0.314233
vt 0.480519 0.363485
vt 0.648968 0.369018
vt 0.593113 0.463263
vt 0.562127 0.363493
vt 0.564283 0.330213
vt 0.480364 0.330213
vt 0.379122 0.532159
vt 0.440659 0.489478
vt 0.380858 0.493816
vt 0.474939 0.529755
vt 0.528868 0.509769
vt 0.475126 0.496283
vt 0.440421 0.530629
vt 0.192605 0.584742
vt 0.249815 0.550573
vt 0.194019 0.553508
vt 0.286810 0.585564
vt 0.346579 0.565640
vt 0.286969 0.557144
vt 0.249608 0.586204
vt 0.377818 0.577921
vt 0.435272 0.547413
vt 0.379232 0.546687
vt 0.473488 0.588753
vt 0.534234 0.572246
vt 0.473647 0.560332
vt 0.435065 0.583045
vt 0.193665 0.529215
vt 0.255446 0.490196
vt 0.195400 0.490871
vt 0.289481 0.528520
vt 0.351467 0.503650
vt 0.289669 0.495048
vt 0.255207 0.531347
vt 0.191653 0.589388
vt 0.253190 0.546707
vt 0.193389 0.551044
vt 0.287470 0.586984
vt 0.346049 0.563897
vt 0.287657 0.553512
vt 0.252951 0.587858
vt 0.194079 0.582418
vt 0.255485 0.546541
vt 0.195552 0.549870
vt 0.288788 0.587794
vt 0.343693 0.563902
vt 0.288975 0.554323
vt 0.255246 0.587692
vt 0.195901 0.530628
vt 0.250612 0.487145
vt 0.197636 0.492285
vt 0.291702 0.530885
vt 0.354436 0.500425
vt 0.291920 0.492091
vt 0.250353 0.531854
vt 0.409261 0.445932
vt 0.823259 0.746038
vt 0.689668 0.649673
vt 0.650010 0.652796
vt 0.652777 0.645293
vt 0.733184 0.676463
vt 0.778940 0.670060
vt 0.778851 0.677383
vt 0.689636 0.676534
vt 0.733676 0.669558
vt 0.650030 0.673633
vt 0.688645 0.663130
vt 0.689081 0.669710
vt 0.733993 0.663070
vt 0.778771 0.663187
vt 0.652752 0.681173
vt 0.733602 0.656569
vt 0.778946 0.656317
vt 0.839000 0.655366
vt 0.839077 0.671212
vt 0.689055 0.656537
vt 0.407750 0.269861
vt 0.320058 0.363836
vt 0.302879 0.273209
vt 0.012484 0.134597
vt 0.054703 0.024840
vt 0.154831 0.022049
vt 0.232104 0.128617
vt 0.297443 0.013900
vt 0.336998 0.113225
vt 0.126383 0.121596
vt 0.227676 0.023753
vt 0.444258 0.107610
vt 0.397224 0.008750
vt 0.168823 0.278609
vt 0.247178 0.275049
vt 0.425025 0.193087
vt 0.246402 0.442768
vt 0.042093 0.215219
vt 0.154632 0.361932
vt 0.733217 0.649667
vt 0.778874 0.649028
vt 0.838656 0.646923
vt 0.838638 0.679601
vt 0.619775 0.651511
vt 0.626446 0.639450
vt 0.624593 0.671055
vt 0.636780 0.663386
vt 0.607510 0.638965
vt 0.628794 0.686332
vt 0.627579 0.680092
vt 0.606041 0.673781
vt 0.605713 0.685232
vt 0.067924 0.285554
vt 0.239951 0.204841
vt -0.773493 0.829957
vt -0.567950 0.990075
vt -0.773493 0.912401
vt -0.284729 0.829958
vt 0.017605 0.990075
vt 0.837395 0.184232
vt 0.804869 0.170412
vt 0.790833 0.042462
vt 0.936922 0.155430
vt 0.916284 0.030017
vt 0.937452 0.055136
vt 0.887153 0.015890
vt 0.775758 0.075579
vt 0.239044 0.023510
vt 0.923467 0.970519
vt 0.923467 0.892884
vt 0.923467 0.829958
vt 0.586269 0.721726
vt 0.606330 0.705297
vt 0.823259 0.808962
vt 0.823259 0.705297
vt 0.586269 0.796853
vt 0.586269 0.660832
vt 0.697390 0.350136
vt 0.813811 0.482220
vt 0.448055 0.445567
vt 0.651038 0.358398
vt 0.446493 0.445711
vt 0.548989 0.455290
vt 0.651104 0.356800
vt 0.511996 0.476348
vt 0.619661 0.455072
vt 0.615755 0.463263
vt 0.536799 0.465496
vt 0.528765 0.528242
vt 0.346486 0.582205
vt 0.534141 0.588812
vt 0.351364 0.522124
vt 0.345946 0.582371
vt 0.343590 0.582375
vt 0.354332 0.518899
vt 0.448685 0.446361
vt 0.544535 0.421864
vt 0.554627 0.473247
s 1
f 5/1/5 50/2/50 52/3/52
f 51/4/51 9/5/9 11/6/11
f 9/5/9 79/7/79 54/8/54
f 43/9/43 45/10/45 79/7/79
f 79/7/79 5/1/5 52/3/52
f 54/8/54 52/3/52 12/11/12
f 10/12/10 80/13/80 53/14/53
f 50/2/50 44/15/44 80/13/80
f 80/16/80 3/17/3 51/4/51
f 53/18/53 51/4/51 11/6/11
f 27/19/27 42/20/42 48/21/48
f 52/3/52 10/12/10 12/11/12
f 47/22/47 81/23/81 67/24/67
f 69/25/69 2/26/2 6/27/6
f 2/26/2 81/23/81 46/28/46
f 81/29/81 48/21/48 68/30/68
f 42/20/42 82/31/82 70/32/70
f 46/33/46 68/30/68 4/34/4
f 8/35/8 82/31/82 41/36/41
f 82/31/82 49/37/49 69/25/69
f 42/20/42 68/30/68 48/21/48
f 41/36/41 69/25/69 6/27/6
f 31/38/31 53/14/53 74/39/74
f 53/18/53 30/40/30 74/41/74
f 32/42/32 54/8/54 73/43/73
f 54/8/54 29/44/29 73/43/73
f 11/6/11 32/42/32 30/40/30
f 5/45/5 57/46/57 1/47/1
f 57/46/57 15/48/15 13/49/13
f 3/50/3 59/51/59 7/52/7
f 59/51/59 14/53/14 16/54/16
f 18/55/18 16/54/16 14/53/14
f 5/45/5 83/56/83 58/57/58
f 45/58/45 59/51/59 83/56/83
f 83/56/83 16/54/16 56/59/56
f 58/57/58 56/59/56 15/48/15
f 3/50/3 84/60/84 60/61/60
f 44/62/44 57/46/57 84/63/84
f 84/63/84 13/49/13 55/64/55
f 60/61/60 55/65/55 14/53/14
f 19/66/19 13/49/13 15/48/15
f 56/59/56 19/66/19 15/48/15
f 17/67/17 66/68/66 23/69/23
f 17/67/17 55/64/55 13/49/13
f 55/65/55 18/55/18 14/53/14
f 23/69/23 61/70/61 17/67/17
f 18/55/18 63/71/63 20/72/20
f 20/72/20 65/73/65 62/74/62
f 61/75/61 21/76/21 18/55/18
f 26/77/26 47/22/47 49/37/49
f 62/74/62 24/78/24 19/66/19
f 47/22/47 71/79/71 85/80/85
f 85/81/85 27/19/27 48/21/48
f 42/20/42 72/82/72 86/83/86
f 86/83/86 26/77/26 49/37/49
f 30/40/30 36/84/36 34/85/34
f 68/30/68 8/35/8 4/34/4
f 29/44/29 35/86/35 33/87/33
f 36/84/36 73/43/73 76/88/76
f 76/88/76 29/44/29 33/87/33
f 31/38/31 75/89/75 35/86/35
f 75/90/75 30/40/30 34/85/34
f 1232/91/1231 39/92/39 37/93/37
f 1233/94/1232 40/95/40 38/96/38
f 1234/97/1233 78/98/78 39/92/39
f 1235/99/1234 34/85/34 1233/94/1232
f 1231/100/1230 76/88/76 1236/101/1235
f 1236/101/1235 33/87/33 1232/91/1231
f 1226/102/1225 25/103/25 27/104/27
f 1225/105/1224 28/106/28 26/107/26
f 1228/108/1227 77/109/77 1229/110/1228
f 1229/110/1228 37/93/37 1225/105/1224
f 1227/111/1226 71/112/71 28/106/28
f 1230/113/1229 38/96/38 1226/102/1225
f 154/114/154 113/115/113 98/116/98
f 24/117/24 65/118/65 99/119/99
f 106/120/106 152/121/152 105/122/105
f 63/123/63 101/124/101 22/125/22
f 65/118/65 22/125/22 100/126/100
f 104/127/104 154/114/154 103/128/103
f 100/126/100 158/129/158 99/119/99
f 102/130/102 156/131/156 101/124/101
f 117/132/117 116/133/116 152/121/152
f 156/131/156 87/134/87 159/135/159
f 65/118/65 100/126/100 99/119/99
f 108/136/108 134/137/134 107/138/107
f 109/139/109 135/140/135 108/136/108
f 156/131/156 100/126/100 101/124/101
f 87/134/87 136/141/136 109/139/109
f 107/138/107 93/142/93 97/143/97
f 152/121/152 88/144/88 157/145/157
f 111/146/111 128/147/128 110/148/110
f 112/149/112 129/150/129 111/146/111
f 103/128/103 153/151/153 106/120/106
f 88/144/88 130/152/130 112/149/112
f 110/148/110 95/153/95 87/134/87
f 103/128/103 66/154/66 104/127/104
f 114/155/114 146/156/146 113/115/113
f 115/157/115 147/158/147 114/155/114
f 152/121/152 102/130/102 105/122/105
f 93/142/93 115/157/115 97/143/97
f 113/115/113 90/159/90 98/116/98
f 99/119/99 155/160/155 104/127/104
f 106/120/106 105/122/105 64/161/64
f 117/132/117 140/162/140 116/133/116
f 118/163/118 141/164/141 117/132/117
f 129/150/129 131/165/131 128/147/128
f 90/159/90 118/163/118 98/116/98
f 116/133/116 92/166/92 88/144/88
f 120/167/120 121/168/121 119/169/119
f 120/167/120 1237/170/1236 1242/171/1241
f 123/172/123 1240/173/1239 126/174/126
f 150/175/150 151/176/151 1243/177/1242
f 124/178/124 1239/179/1238 1238/180/1237
f 1242/171/1241 143/181/143 144/182/144
f 124/178/124 1237/170/1236 125/183/125
f 1240/173/1239 137/184/137 138/185/138
f 1238/180/1237 131/186/131 132/187/132
f 119/169/119 127/188/127 124/178/124
f 123/172/123 126/174/126 119/169/119
f 124/178/124 125/183/125 119/169/119
f 121/168/121 122/189/122 119/169/119
f 122/189/122 123/172/123 119/169/119
f 119/169/119 125/183/125 120/167/120
f 122/189/122 1241/190/1240 1244/191/1243
f 130/152/130 132/192/132 129/150/129
f 91/193/91 130/152/130 92/166/92
f 95/153/95 131/165/131 96/194/96
f 135/140/135 137/195/137 134/137/134
f 136/141/136 138/196/138 135/140/135
f 95/153/95 139/197/139 136/141/136
f 93/142/93 137/195/137 94/198/94
f 141/164/141 143/199/143 140/162/140
f 142/200/142 144/201/144 141/164/141
f 89/202/89 142/200/142 90/159/90
f 92/166/92 143/199/143 91/193/91
f 147/158/147 149/203/149 146/156/146
f 148/204/148 150/205/150 147/158/147
f 93/142/93 151/206/151 148/204/148
f 90/159/90 149/203/149 89/202/89
f 103/128/103 106/120/106 23/207/23
f 105/122/105 102/130/102 21/208/21
f 114/155/114 113/115/113 154/114/154
f 24/117/24 99/119/99 104/127/104
f 111/146/111 110/148/110 156/131/156
f 101/124/101 100/126/100 22/125/22
f 108/136/108 107/138/107 158/129/158
f 21/208/21 101/124/101 63/123/63
f 24/117/24 104/127/104 66/154/66
f 66/154/66 103/128/103 23/207/23
f 23/207/23 106/120/106 64/161/64
f 64/161/64 105/122/105 21/208/21
f 172/209/172 169/210/169 171/211/171
f 169/210/169 175/212/175 170/213/170
f 174/214/174 169/210/169 170/213/170
f 168/215/168 161/216/161 167/217/167
f 195/218/195 191/219/191 189/220/189
f 166/221/166 160/222/160 167/217/167
f 161/216/161 166/221/166 167/217/167
f 168/215/168 167/217/167 160/222/160
f 175/212/175 177/223/177 181/224/181
f 171/225/171 173/226/173 172/227/172
f 164/228/164 174/229/174 162/230/162
f 173/226/173 177/231/177 172/227/172
f 177/231/177 178/232/178 184/233/184
f 177/223/177 180/234/180 181/224/181
f 181/224/181 180/234/180 176/235/176
f 176/235/176 170/213/170 181/224/181
f 184/233/184 178/232/178 183/236/183
f 184/237/184 185/238/185 177/223/177
f 182/239/182 184/237/184 183/240/183
f 182/239/182 180/234/180 185/238/185
f 170/213/170 175/212/175 181/224/181
f 176/235/176 178/232/178 179/241/179
f 1248/213/1247 201/241/201 1246/226/1245
f 1246/226/1245 199/231/199 1247/227/1246
f 194/215/194 187/216/187 193/217/193
f 192/221/192 186/222/186 193/217/193
f 187/216/187 192/221/192 193/217/193
f 194/215/194 193/217/193 186/222/186
f 1247/209/1246 203/224/203 1245/212/1244
f 190/228/190 197/229/197 188/230/188
f 199/231/199 200/232/200 206/233/206
f 199/223/199 202/234/202 203/224/203
f 201/241/201 198/235/198 200/232/200
f 203/224/203 202/234/202 198/235/198
f 206/233/206 200/232/200 205/236/205
f 206/237/206 207/238/207 199/223/199
f 204/239/204 206/237/206 205/240/205
f 204/239/204 202/234/202 207/238/207
f 219/242/219 216/243/216 217/244/217
f 209/245/209 210/246/210 208/247/208
f 235/248/235 232/249/232 233/250/233
f 241/250/241 242/251/242 240/252/240
f 231/247/231 256/253/256 229/246/229
f 213/254/213 214/250/214 212/248/212
f 256/253/256 230/245/230 228/255/228
f 223/248/223 220/256/220 221/250/221
f 258/257/258 246/244/246 244/242/244
f 255/243/255 252/242/252 253/258/253
f 261/259/261 249/245/249 251/255/251
f 259/260/259 245/261/245 247/262/247
f 248/247/248 261/259/261 250/246/250
f 239/248/239 236/263/236 237/250/237
f 266/264/266 265/265/265 267/266/267
f 269/267/269 267/266/267 268/268/268
f 262/269/262 268/268/268 264/270/264
f 274/271/274 273/272/273 275/273/275
f 270/274/270 275/273/275 272/275/272
f 280/271/280 279/272/279 281/273/281
f 276/276/276 281/273/281 278/275/278
f 282/277/282 291/278/291 284/279/284
f 286/269/286 680/280/680 288/270/288
f 290/281/290 285/282/285 291/278/291
f 296/271/296 295/272/295 297/273/297
f 292/274/292 297/273/297 294/275/294
f 302/271/302 301/272/301 303/273/303
f 298/276/298 303/273/303 300/275/300
f 304/269/304 678/280/678 306/270/306
f 312/264/312 311/265/311 313/266/313
f 318/271/318 317/272/317 319/273/319
f 314/276/314 319/273/319 316/275/316
f 324/264/324 323/265/323 325/266/325
f 327/267/327 325/266/325 326/268/326
f 320/269/320 326/268/326 322/270/322
f 332/264/332 331/265/331 333/266/333
f 335/267/335 333/266/333 334/268/334
f 328/269/328 334/268/334 330/270/330
f 340/271/340 339/272/339 341/273/341
f 336/274/336 341/273/341 338/275/338
f 346/271/346 345/272/345 347/273/347
f 342/276/342 347/273/347 344/275/344
f 352/264/352 351/265/351 353/266/353
f 355/267/355 353/266/353 354/268/354
f 348/269/348 354/268/354 350/270/350
f 360/264/360 359/265/359 361/266/361
f 362/269/362 686/280/686 364/270/364
f 366/269/366 684/280/684 368/270/368
f 374/271/374 373/272/373 375/273/375
f 370/274/370 375/273/375 372/275/372
f 380/271/380 379/272/379 381/273/381
f 376/276/376 381/273/381 378/275/378
f 382/277/382 682/278/682 384/279/384
f 386/283/386 397/265/397 387/280/387
f 392/271/392 391/272/391 393/273/393
f 388/276/388 393/273/393 390/275/390
f 394/269/394 387/280/387 396/270/396
f 308/284/308 313/266/313 310/285/310
f 356/269/356 361/266/361 358/270/358
f 399/286/399 400/287/400 398/288/398
f 404/289/404 402/290/402 405/291/405
f 401/292/401 405/291/405 400/287/400
f 407/293/407 408/294/408 406/295/406
f 412/296/412 410/297/410 413/298/413
f 409/299/409 413/298/413 408/294/408
f 415/300/415 416/301/416 414/302/414
f 420/303/420 418/304/418 421/305/421
f 417/306/417 421/305/421 416/301/416
f 423/293/423 424/294/424 422/295/422
f 428/296/428 426/297/426 429/298/429
f 425/299/425 429/298/429 424/294/424
f 431/286/431 432/287/432 430/288/430
f 436/289/436 434/290/434 437/291/437
f 433/292/433 437/291/437 432/287/432
f 439/286/439 440/287/440 438/288/438
f 444/289/444 442/290/442 445/291/445
f 441/292/441 445/291/445 440/287/440
f 447/307/447 448/308/448 446/309/446
f 452/310/452 450/311/450 453/312/453
f 449/313/449 453/312/453 448/308/448
f 455/300/455 456/301/456 454/302/454
f 460/303/460 458/304/458 461/305/461
f 457/306/457 461/305/461 456/301/456
f 463/314/463 464/315/464 462/316/462
f 468/317/468 466/318/466 469/319/469
f 465/320/465 469/319/469 464/315/464
f 471/286/471 472/287/472 470/288/470
f 476/289/476 474/290/474 477/291/477
f 473/292/473 477/291/477 472/287/472
f 479/286/479 480/287/480 478/288/478
f 484/289/484 482/290/482 485/291/485
f 481/292/481 485/291/485 480/287/480
f 490/292/490 486/291/486 491/287/491
f 492/286/492 491/287/491 493/288/493
f 487/289/487 489/290/489 486/291/486
f 495/307/495 496/308/496 494/309/494
f 500/310/500 498/311/498 501/312/501
f 497/313/497 501/312/501 496/308/496
f 503/300/503 504/301/504 502/302/502
f 508/303/508 506/304/506 509/305/509
f 505/306/505 509/305/509 504/301/504
f 511/286/511 512/287/512 510/288/510
f 516/289/516 514/290/514 517/291/517
f 513/292/513 517/291/517 512/287/512
f 519/293/519 520/294/520 518/295/518
f 524/296/524 522/297/522 525/298/525
f 521/299/521 525/298/525 520/294/520
f 527/307/527 528/308/528 526/309/526
f 532/310/532 530/311/530 533/312/533
f 529/313/529 533/312/533 528/308/528
f 535/300/535 536/301/536 534/302/534
f 540/303/540 538/304/538 541/305/541
f 537/306/537 541/305/541 536/301/536
f 543/300/543 544/301/544 542/302/542
f 548/303/548 546/304/546 549/305/549
f 545/306/545 549/305/549 544/301/544
f 551/293/551 552/294/552 550/295/550
f 556/296/556 554/297/554 557/298/557
f 553/299/553 557/298/557 552/294/552
f 559/286/559 560/287/560 558/288/558
f 564/289/564 562/290/562 565/291/565
f 561/292/561 565/291/565 560/287/560
f 567/286/567 568/287/568 566/288/566
f 572/289/572 570/290/570 573/291/573
f 569/292/569 573/291/573 568/287/568
f 575/300/575 576/301/576 574/302/574
f 580/303/580 578/304/578 581/305/581
f 577/306/577 581/305/581 576/301/576
f 583/300/583 584/301/584 582/302/582
f 588/303/588 586/304/586 589/305/589
f 585/306/585 589/305/589 584/301/584
f 591/286/591 592/287/592 590/288/590
f 596/289/596 594/290/594 597/291/597
f 593/292/593 597/291/597 592/287/592
f 599/300/599 600/301/600 598/302/598
f 604/303/604 602/304/602 605/305/605
f 601/306/601 605/305/605 600/301/600
f 607/286/607 608/287/608 606/288/606
f 612/289/612 610/290/610 613/291/613
f 609/292/609 613/291/613 608/287/608
f 615/293/615 616/294/616 614/295/614
f 620/296/620 618/297/618 621/298/621
f 617/299/617 621/298/621 616/294/616
f 623/321/623 624/322/624 622/323/622
f 628/324/628 626/325/626 629/326/629
f 625/327/625 629/326/629 624/322/624
f 631/286/631 632/287/632 630/288/630
f 636/289/636 634/290/634 637/291/637
f 633/292/633 637/291/637 632/287/632
f 639/300/639 640/301/640 638/302/638
f 644/303/644 642/304/642 645/305/645
f 641/306/641 645/305/645 640/301/640
f 647/328/647 648/329/648 646/330/646
f 652/331/652 650/332/650 653/333/653
f 649/334/649 653/333/653 648/329/648
f 655/293/655 656/294/656 654/295/654
f 660/296/660 658/297/658 661/298/661
f 657/299/657 661/298/661 656/294/656
f 663/286/663 664/287/664 662/288/662
f 668/289/668 666/290/666 669/291/669
f 665/292/665 669/291/669 664/287/664
f 671/293/671 672/294/672 670/295/670
f 676/296/676 674/297/674 677/298/677
f 673/299/673 677/298/677 672/294/672
f 16/54/16 62/74/62 56/59/56
f 3/17/3 43/9/43 51/4/51
f 12/11/12 31/38/31 29/44/29
f 49/37/49 67/24/67 69/25/69
f 224/248/224 227/335/227 226/250/226
f 679/283/679 307/265/307 678/280/678
f 681/283/681 289/265/289 680/280/680
f 683/281/683 385/282/385 682/278/682
f 685/283/685 369/265/369 684/280/684
f 687/283/687 365/265/365 686/280/686
f 21/76/21 63/71/63 18/55/18
f 63/71/63 22/336/22 20/72/20
f 19/66/19 24/78/24 66/68/66
f 17/67/17 19/66/19 66/68/66
f 710/337/710 718/338/718 712/339/712
f 708/340/708 721/341/721 709/342/709
f 710/343/710 720/344/720 708/340/708
f 723/345/723 706/346/706 722/347/722
f 721/341/721 703/348/703 704/349/704
f 720/344/720 706/346/706 703/348/703
f 712/350/712 722/347/722 710/343/710
f 704/349/704 717/351/717 716/352/716
f 715/353/715 707/354/707 704/349/704
f 717/351/717 706/346/706 714/355/714
f 688/356/688 730/357/730 700/358/700
f 693/359/693 691/360/691 695/361/695
f 743/362/742 739/363/738 742/364/741
f 696/365/696 707/366/707 698/362/698
f 692/367/692 697/364/697 690/368/690
f 701/369/701 698/362/698 699/370/699
f 700/358/700 697/364/697 728/371/728
f 700/358/700 702/372/702 699/370/699
f 696/365/696 701/369/701 729/373/729
f 702/372/702 701/369/701 699/370/699
f 701/369/701 702/372/702 731/374/731
f 704/349/704 707/354/707 721/341/721
f 716/352/716 708/375/708 709/376/709
f 711/377/711 716/352/716 709/376/709
f 708/375/708 714/355/714 710/337/710
f 709/342/709 707/354/707 711/378/711
f 712/339/712 713/379/713 726/380/726
f 712/350/712 719/381/719 723/345/723
f 723/345/723 719/381/719 705/382/705
f 726/380/726 713/379/713 725/383/725
f 726/384/726 727/385/727 712/350/712
f 724/386/724 726/384/726 725/387/725
f 724/386/724 719/381/719 727/385/727
f 716/352/716 715/353/715 704/349/704
f 688/356/688 700/358/700 728/371/728
f 728/371/728 697/364/697 692/367/692
f 729/373/729 701/369/701 689/388/689
f 729/373/729 693/359/693 696/365/696
f 700/358/700 730/357/730 702/372/702
f 731/374/731 689/388/689 701/369/701
f 699/370/699 697/364/697 700/358/700
f 690/368/690 697/364/697 694/363/694
f 696/365/696 693/359/693 695/361/695
f 713/379/713 718/338/718 705/382/705
f 706/346/706 718/338/718 714/355/714
f 755/337/754 763/338/762 757/339/756
f 753/340/752 766/341/765 754/342/753
f 755/343/754 765/344/764 753/340/752
f 768/345/767 751/346/750 767/347/766
f 766/341/765 748/348/747 749/349/748
f 765/344/764 751/346/750 748/348/747
f 757/350/756 767/347/766 755/343/754
f 749/349/748 762/351/761 761/352/760
f 760/353/759 752/354/751 749/349/748
f 762/351/761 751/346/750 759/355/758
f 733/356/732 775/357/774 745/358/744
f 738/359/737 736/360/735 740/361/739
f 788/362/787 784/363/783 787/364/786
f 741/365/740 752/366/751 743/362/742
f 737/367/736 742/364/741 735/368/734
f 777/389/776 745/358/744 744/370/743
f 746/369/745 777/389/776 744/370/743
f 745/358/744 742/364/741 773/371/772
f 745/358/744 747/372/746 744/370/743
f 741/365/740 746/369/745 774/373/773
f 747/372/746 746/369/745 744/370/743
f 746/369/745 747/372/746 776/374/775
f 749/349/748 752/354/751 766/341/765
f 761/352/760 753/375/752 754/376/753
f 756/377/755 761/352/760 754/376/753
f 753/375/752 759/355/758 755/337/754
f 754/342/753 752/354/751 756/378/755
f 757/339/756 758/379/757 771/380/770
f 757/350/756 764/381/763 768/345/767
f 768/345/767 764/381/763 750/382/749
f 771/380/770 758/379/757 770/383/769
f 771/384/770 772/385/771 757/350/756
f 769/386/768 771/384/770 770/387/769
f 769/386/768 764/381/763 772/385/771
f 761/352/760 760/353/759 749/349/748
f 733/356/732 745/358/744 773/371/772
f 773/371/772 742/364/741 737/367/736
f 774/373/773 746/369/745 734/388/733
f 774/373/773 738/359/737 741/365/740
f 745/358/744 775/357/774 747/372/746
f 776/374/775 734/388/733 746/369/745
f 777/389/776 742/364/741 745/358/744
f 777/389/776 741/365/740 743/362/742
f 742/364/741 777/389/776 743/362/742
f 746/369/745 741/365/740 777/389/776
f 735/368/734 742/364/741 739/363/738
f 741/365/740 738/359/737 740/361/739
f 758/379/757 763/338/762 750/382/749
f 751/346/750 763/338/762 759/355/758
f 800/337/799 808/338/807 802/339/801
f 798/340/797 811/341/810 799/342/798
f 800/343/799 810/344/809 798/340/797
f 813/345/812 796/346/795 812/347/811
f 811/341/810 793/348/792 794/349/793
f 810/344/809 796/346/795 793/348/792
f 802/350/801 812/347/811 800/343/799
f 794/349/793 807/351/806 806/352/805
f 805/353/804 797/354/796 794/349/793
f 807/351/806 796/346/795 804/355/803
f 778/356/777 820/357/819 790/358/789
f 783/359/782 781/360/780 785/361/784
f 833/362/832 829/363/828 832/364/831
f 786/365/785 797/366/796 788/362/787
f 782/367/781 787/364/786 780/368/779
f 822/389/821 790/358/789 789/370/788
f 791/369/790 822/389/821 789/370/788
f 790/358/789 787/364/786 818/371/817
f 790/358/789 792/372/791 789/370/788
f 786/365/785 791/369/790 819/373/818
f 792/372/791 791/369/790 789/370/788
f 791/369/790 792/372/791 821/374/820
f 794/349/793 797/354/796 811/341/810
f 806/352/805 798/375/797 799/376/798
f 801/377/800 806/352/805 799/376/798
f 798/375/797 804/355/803 800/337/799
f 799/342/798 797/354/796 801/378/800
f 802/339/801 803/379/802 816/380/815
f 802/350/801 809/381/808 813/345/812
f 813/345/812 809/381/808 795/382/794
f 816/380/815 803/379/802 815/383/814
f 816/384/815 817/385/816 802/350/801
f 814/386/813 816/384/815 815/387/814
f 814/386/813 809/381/808 817/385/816
f 806/352/805 805/353/804 794/349/793
f 778/356/777 790/358/789 818/371/817
f 818/371/817 787/364/786 782/367/781
f 819/373/818 791/369/790 779/388/778
f 819/373/818 783/359/782 786/365/785
f 790/358/789 820/357/819 792/372/791
f 821/374/820 779/388/778 791/369/790
f 822/389/821 787/364/786 790/358/789
f 822/389/821 786/365/785 788/362/787
f 787/364/786 822/389/821 788/362/787
f 791/369/790 786/365/785 822/389/821
f 780/368/779 787/364/786 784/363/783
f 786/365/785 783/359/782 785/361/784
f 803/379/802 808/338/807 795/382/794
f 796/346/795 808/338/807 804/355/803
f 845/337/844 853/338/852 847/339/846
f 843/340/842 856/341/855 844/342/843
f 845/343/844 855/344/854 843/340/842
f 858/345/857 841/346/840 857/347/856
f 856/341/855 838/348/837 839/349/838
f 855/344/854 841/346/840 838/348/837
f 847/350/846 857/347/856 845/343/844
f 839/349/838 852/351/851 851/352/850
f 850/353/849 842/354/841 839/349/838
f 852/351/851 841/346/840 849/355/848
f 823/356/822 865/357/864 835/358/834
f 828/359/827 826/360/825 830/361/829
f 878/362/877 874/363/873 877/364/876
f 831/365/830 842/366/841 833/362/832
f 827/367/826 832/364/831 825/368/824
f 867/389/866 835/358/834 834/370/833
f 836/369/835 867/389/866 834/370/833
f 835/358/834 832/364/831 863/371/862
f 835/358/834 837/372/836 834/370/833
f 831/365/830 836/369/835 864/373/863
f 837/372/836 836/369/835 834/370/833
f 836/369/835 837/372/836 866/374/865
f 839/349/838 842/354/841 856/341/855
f 851/352/850 843/375/842 844/376/843
f 846/377/845 851/352/850 844/376/843
f 843/375/842 849/355/848 845/337/844
f 844/342/843 842/354/841 846/378/845
f 847/339/846 848/379/847 861/380/860
f 847/350/846 854/381/853 858/345/857
f 858/345/857 854/381/853 840/382/839
f 861/380/860 848/379/847 860/383/859
f 861/384/860 862/385/861 847/350/846
f 859/386/858 861/384/860 860/387/859
f 859/386/858 854/381/853 862/385/861
f 851/352/850 850/353/849 839/349/838
f 823/356/822 835/358/834 863/371/862
f 863/371/862 832/364/831 827/367/826
f 864/373/863 836/369/835 824/388/823
f 864/373/863 828/359/827 831/365/830
f 835/358/834 865/357/864 837/372/836
f 866/374/865 824/388/823 836/369/835
f 867/389/866 832/364/831 835/358/834
f 867/389/866 831/365/830 833/362/832
f 832/364/831 867/389/866 833/362/832
f 836/369/835 831/365/830 867/389/866
f 825/368/824 832/364/831 829/363/828
f 831/365/830 828/359/827 830/361/829
f 848/379/847 853/338/852 840/382/839
f 841/346/840 853/338/852 849/355/848
f 890/337/889 898/338/897 892/339/891
f 888/340/887 901/341/900 889/342/888
f 890/343/889 900/344/899 888/340/887
f 903/345/902 886/346/885 902/347/901
f 901/341/900 883/348/882 884/349/883
f 900/344/899 886/346/885 883/348/882
f 892/350/891 902/347/901 890/343/889
f 884/349/883 897/351/896 896/352/895
f 895/353/894 887/354/886 884/349/883
f 897/351/896 886/346/885 894/355/893
f 868/356/867 910/357/909 880/358/879
f 873/359/872 871/360/870 875/361/874
f 923/362/922 919/363/918 922/364/921
f 876/365/875 887/366/886 878/362/877
f 872/367/871 877/364/876 870/368/869
f 912/389/911 880/358/879 879/370/878
f 881/369/880 912/389/911 879/370/878
f 880/358/879 877/364/876 908/371/907
f 880/358/879 882/372/881 879/370/878
f 876/365/875 881/369/880 909/373/908
f 882/372/881 881/369/880 879/370/878
f 881/369/880 882/372/881 911/374/910
f 884/349/883 887/354/886 901/341/900
f 896/352/895 888/375/887 889/376/888
f 891/377/890 896/352/895 889/376/888
f 888/375/887 894/355/893 890/337/889
f 889/342/888 887/354/886 891/378/890
f 892/339/891 893/379/892 906/380/905
f 892/350/891 899/381/898 903/345/902
f 903/345/902 899/381/898 885/382/884
f 906/380/905 893/379/892 905/383/904
f 906/384/905 907/385/906 892/350/891
f 904/386/903 906/384/905 905/387/904
f 904/386/903 899/381/898 907/385/906
f 896/352/895 895/353/894 884/349/883
f 868/356/867 880/358/879 908/371/907
f 908/371/907 877/364/876 872/367/871
f 909/373/908 881/369/880 869/388/868
f 909/373/908 873/359/872 876/365/875
f 880/358/879 910/357/909 882/372/881
f 911/374/910 869/388/868 881/369/880
f 912/389/911 877/364/876 880/358/879
f 912/389/911 876/365/875 878/362/877
f 877/364/876 912/389/911 878/362/877
f 881/369/880 876/365/875 912/389/911
f 870/368/869 877/364/876 874/363/873
f 876/365/875 873/359/872 875/361/874
f 893/379/892 898/338/897 885/382/884
f 886/346/885 898/338/897 894/355/893
f 935/337/934 943/338/942 937/339/936
f 933/340/932 946/341/945 934/342/933
f 935/343/934 945/344/944 933/340/932
f 948/345/947 931/346/930 947/347/946
f 946/341/945 928/348/927 929/349/928
f 945/344/944 931/346/930 928/348/927
f 937/350/936 947/347/946 935/343/934
f 929/349/928 942/351/941 941/352/940
f 940/353/939 932/354/931 929/349/928
f 942/351/941 931/346/930 939/355/938
f 913/356/912 955/357/954 925/358/924
f 918/359/917 916/360/915 920/361/919
f 968/362/967 964/363/963 967/364/966
f 921/365/920 932/366/931 923/362/922
f 917/367/916 922/364/921 915/368/914
f 957/389/956 925/358/924 924/370/923
f 926/369/925 957/389/956 924/370/923
f 925/358/924 922/364/921 953/371/952
f 925/358/924 927/372/926 924/370/923
f 921/365/920 926/369/925 954/373/953
f 927/372/926 926/369/925 924/370/923
f 926/369/925 927/372/926 956/374/955
f 929/349/928 932/354/931 946/341/945
f 941/352/940 933/375/932 934/376/933
f 936/377/935 941/352/940 934/376/933
f 933/375/932 939/355/938 935/337/934
f 934/342/933 932/354/931 936/378/935
f 937/339/936 938/379/937 951/380/950
f 937/350/936 944/381/943 948/345/947
f 948/345/947 944/381/943 930/382/929
f 951/380/950 938/379/937 950/383/949
f 951/384/950 952/385/951 937/350/936
f 949/386/948 951/384/950 950/387/949
f 949/386/948 944/381/943 952/385/951
f 941/352/940 940/353/939 929/349/928
f 913/356/912 925/358/924 953/371/952
f 953/371/952 922/364/921 917/367/916
f 954/373/953 926/369/925 914/388/913
f 954/373/953 918/359/917 921/365/920
f 925/358/924 955/357/954 927/372/926
f 956/374/955 914/388/913 926/369/925
f 957/389/956 922/364/921 925/358/924
f 957/389/956 921/365/920 923/362/922
f 922/364/921 957/389/956 923/362/922
f 926/369/925 921/365/920 957/389/956
f 915/368/914 922/364/921 919/363/918
f 921/365/920 918/359/917 920/361/919
f 938/379/937 943/338/942 930/382/929
f 931/346/930 943/338/942 939/355/938
f 980/337/979 988/338/987 982/339/981
f 978/340/977 991/341/990 979/342/978
f 980/343/979 990/344/989 978/340/977
f 993/345/992 976/346/975 992/347/991
f 991/341/990 973/348/972 974/349/973
f 990/344/989 976/346/975 973/348/972
f 982/350/981 992/347/991 980/343/979
f 974/349/973 987/351/986 986/352/985
f 985/353/984 977/354/976 974/349/973
f 987/351/986 976/346/975 984/355/983
f 958/356/957 1000/357/999 970/358/969
f 963/359/962 961/360/960 965/361/964
f 1013/362/1012 1009/363/1008 1012/364/1011
f 966/365/965 977/366/976 968/362/967
f 962/367/961 967/364/966 960/368/959
f 1002/389/1001 970/358/969 969/370/968
f 971/369/970 1002/389/1001 969/370/968
f 970/358/969 967/364/966 998/371/997
f 970/358/969 972/372/971 969/370/968
f 966/365/965 971/369/970 999/373/998
f 972/372/971 971/369/970 969/370/968
f 971/369/970 972/372/971 1001/374/1000
f 974/349/973 977/354/976 991/341/990
f 986/352/985 978/375/977 979/376/978
f 981/377/980 986/352/985 979/376/978
f 978/375/977 984/355/983 980/337/979
f 979/342/978 977/354/976 981/378/980
f 982/339/981 983/379/982 996/380/995
f 982/350/981 989/381/988 993/345/992
f 993/345/992 989/381/988 975/382/974
f 996/380/995 983/379/982 995/383/994
f 996/384/995 997/385/996 982/350/981
f 994/386/993 996/384/995 995/387/994
f 994/386/993 989/381/988 997/385/996
f 986/352/985 985/353/984 974/349/973
f 958/356/957 970/358/969 998/371/997
f 998/371/997 967/364/966 962/367/961
f 999/373/998 971/369/970 959/388/958
f 999/373/998 963/359/962 966/365/965
f 970/358/969 1000/357/999 972/372/971
f 1001/374/1000 959/388/958 971/369/970
f 1002/389/1001 967/364/966 970/358/969
f 1002/389/1001 966/365/965 968/362/967
f 967/364/966 1002/389/1001 968/362/967
f 971/369/970 966/365/965 1002/389/1001
f 960/368/959 967/364/966 964/363/963
f 966/365/965 963/359/962 965/361/964
f 983/379/982 988/338/987 975/382/974
f 976/346/975 988/338/987 984/355/983
f 1025/337/1024 1033/338/1032 1027/339/1026
f 1023/340/1022 1036/341/1035 1024/342/1023
f 1025/343/1024 1035/344/1034 1023/340/1022
f 1038/345/1037 1021/346/1020 1037/347/1036
f 1036/341/1035 1018/348/1017 1019/349/1018
f 1035/344/1034 1021/346/1020 1018/348/1017
f 1027/350/1026 1037/347/1036 1025/343/1024
f 1019/349/1018 1032/351/1031 1031/352/1030
f 1030/353/1029 1022/354/1021 1019/349/1018
f 1032/351/1031 1021/346/1020 1029/355/1028
f 1003/356/1002 1045/357/1044 1015/358/1014
f 1008/359/1007 1006/360/1005 1010/361/1009
f 1058/362/1057 1054/363/1053 1057/364/1056
f 1011/365/1010 1022/366/1021 1013/362/1012
f 1007/367/1006 1012/364/1011 1005/368/1004
f 1047/389/1046 1015/358/1014 1014/370/1013
f 1016/369/1015 1047/389/1046 1014/370/1013
f 1015/358/1014 1012/364/1011 1043/371/1042
f 1015/358/1014 1017/372/1016 1014/370/1013
f 1011/365/1010 1016/369/1015 1044/373/1043
f 1017/372/1016 1016/369/1015 1014/370/1013
f 1016/369/1015 1017/372/1016 1046/374/1045
f 1019/349/1018 1022/354/1021 1036/341/1035
f 1031/352/1030 1023/375/1022 1024/376/1023
f 1026/377/1025 1031/352/1030 1024/376/1023
f 1023/375/1022 1029/355/1028 1025/337/1024
f 1024/342/1023 1022/354/1021 1026/378/1025
f 1027/339/1026 1028/379/1027 1041/380/1040
f 1027/350/1026 1034/381/1033 1038/345/1037
f 1038/345/1037 1034/381/1033 1020/382/1019
f 1041/380/1040 1028/379/1027 1040/383/1039
f 1041/384/1040 1042/385/1041 1027/350/1026
f 1039/386/1038 1041/384/1040 1040/387/1039
f 1039/386/1038 1034/381/1033 1042/385/1041
f 1031/352/1030 1030/353/1029 1019/349/1018
f 1003/356/1002 1015/358/1014 1043/371/1042
f 1043/371/1042 1012/364/1011 1007/367/1006
f 1044/373/1043 1016/369/1015 1004/388/1003
f 1044/373/1043 1008/359/1007 1011/365/1010
f 1015/358/1014 1045/357/1044 1017/372/1016
f 1046/374/1045 1004/388/1003 1016/369/1015
f 1047/389/1046 1012/364/1011 1015/358/1014
f 1047/389/1046 1011/365/1010 1013/362/1012
f 1012/364/1011 1047/389/1046 1013/362/1012
f 1016/369/1015 1011/365/1010 1047/389/1046
f 1005/368/1004 1012/364/1011 1009/363/1008
f 1011/365/1010 1008/359/1007 1010/361/1009
f 1028/379/1027 1033/338/1032 1020/382/1019
f 1021/346/1020 1033/338/1032 1029/355/1028
f 1070/337/1069 1078/338/1077 1072/339/1071
f 1068/340/1067 1081/341/1080 1069/342/1068
f 1070/343/1069 1080/344/1079 1068/340/1067
f 1083/345/1082 1066/346/1065 1082/347/1081
f 1081/341/1080 1063/348/1062 1064/349/1063
f 1080/344/1079 1066/346/1065 1063/348/1062
f 1072/350/1071 1082/347/1081 1070/343/1069
f 1064/349/1063 1077/351/1076 1076/352/1075
f 1075/353/1074 1067/354/1066 1064/349/1063
f 1077/351/1076 1066/346/1065 1074/355/1073
f 1048/356/1047 1090/357/1089 1060/358/1059
f 1053/359/1052 1051/360/1050 1055/361/1054
f 1103/362/1102 1099/363/1098 1102/364/1101
f 1056/365/1055 1067/366/1066 1058/362/1057
f 1052/367/1051 1057/364/1056 1050/368/1049
f 1092/389/1091 1060/358/1059 1059/370/1058
f 1061/369/1060 1092/389/1091 1059/370/1058
f 1060/358/1059 1057/364/1056 1088/371/1087
f 1060/358/1059 1062/372/1061 1059/370/1058
f 1056/365/1055 1061/369/1060 1089/373/1088
f 1062/372/1061 1061/369/1060 1059/370/1058
f 1061/369/1060 1062/372/1061 1091/374/1090
f 1064/349/1063 1067/354/1066 1081/341/1080
f 1076/352/1075 1068/375/1067 1069/376/1068
f 1071/377/1070 1076/352/1075 1069/376/1068
f 1068/375/1067 1074/355/1073 1070/337/1069
f 1069/342/1068 1067/354/1066 1071/378/1070
f 1072/339/1071 1073/379/1072 1086/380/1085
f 1072/350/1071 1079/381/1078 1083/345/1082
f 1083/345/1082 1079/381/1078 1065/382/1064
f 1086/380/1085 1073/379/1072 1085/383/1084
f 1086/384/1085 1087/385/1086 1072/350/1071
f 1084/386/1083 1086/384/1085 1085/387/1084
f 1084/386/1083 1079/381/1078 1087/385/1086
f 1076/352/1075 1075/353/1074 1064/349/1063
f 1048/356/1047 1060/358/1059 1088/371/1087
f 1088/371/1087 1057/364/1056 1052/367/1051
f 1089/373/1088 1061/369/1060 1049/388/1048
f 1089/373/1088 1053/359/1052 1056/365/1055
f 1060/358/1059 1090/357/1089 1062/372/1061
f 1091/374/1090 1049/388/1048 1061/369/1060
f 1092/389/1091 1057/364/1056 1060/358/1059
f 1092/389/1091 1056/365/1055 1058/362/1057
f 1057/364/1056 1092/389/1091 1058/362/1057
f 1061/369/1060 1056/365/1055 1092/389/1091
f 1050/368/1049 1057/364/1056 1054/363/1053
f 1056/365/1055 1053/359/1052 1055/361/1054
f 1073/379/1072 1078/338/1077 1065/382/1064
f 1066/346/1065 1078/338/1077 1074/355/1073
f 1115/337/1114 1123/338/1122 1117/339/1116
f 1113/340/1112 1126/341/1125 1114/342/1113
f 1115/343/1114 1125/344/1124 1113/340/1112
f 1128/345/1127 1111/346/1110 1127/347/1126
f 1126/341/1125 1108/348/1107 1109/349/1108
f 1125/344/1124 1111/346/1110 1108/348/1107
f 1117/350/1116 1127/347/1126 1115/343/1114
f 1109/349/1108 1122/351/1121 1121/352/1120
f 1120/353/1119 1112/354/1111 1109/349/1108
f 1122/351/1121 1111/346/1110 1119/355/1118
f 1093/356/1092 1135/357/1134 1105/358/1104
f 1098/359/1097 1096/360/1095 1100/361/1099
f 1148/362/1147 1144/363/1143 1147/364/1146
f 1101/365/1100 1112/366/1111 1103/362/1102
f 1097/367/1096 1102/364/1101 1095/368/1094
f 1137/389/1136 1105/358/1104 1104/370/1103
f 1106/369/1105 1137/389/1136 1104/370/1103
f 1105/358/1104 1102/364/1101 1133/371/1132
f 1105/358/1104 1107/372/1106 1104/370/1103
f 1101/365/1100 1106/369/1105 1134/373/1133
f 1107/372/1106 1106/369/1105 1104/370/1103
f 1106/369/1105 1107/372/1106 1136/374/1135
f 1109/349/1108 1112/354/1111 1126/341/1125
f 1121/352/1120 1113/375/1112 1114/376/1113
f 1116/377/1115 1121/352/1120 1114/376/1113
f 1113/375/1112 1119/355/1118 1115/337/1114
f 1114/342/1113 1112/354/1111 1116/378/1115
f 1117/339/1116 1118/379/1117 1131/380/1130
f 1117/350/1116 1124/381/1123 1128/345/1127
f 1128/345/1127 1124/381/1123 1110/382/1109
f 1131/380/1130 1118/379/1117 1130/383/1129
f 1131/384/1130 1132/385/1131 1117/350/1116
f 1129/386/1128 1131/384/1130 1130/387/1129
f 1129/386/1128 1124/381/1123 1132/385/1131
f 1121/352/1120 1120/353/1119 1109/349/1108
f 1093/356/1092 1105/358/1104 1133/371/1132
f 1133/371/1132 1102/364/1101 1097/367/1096
f 1134/373/1133 1106/369/1105 1094/388/1093
f 1134/373/1133 1098/359/1097 1101/365/1100
f 1105/358/1104 1135/357/1134 1107/372/1106
f 1136/374/1135 1094/388/1093 1106/369/1105
f 1137/389/1136 1102/364/1101 1105/358/1104
f 1137/389/1136 1101/365/1100 1103/362/1102
f 1102/364/1101 1137/389/1136 1103/362/1102
f 1106/369/1105 1101/365/1100 1137/389/1136
f 1095/368/1094 1102/364/1101 1099/363/1098
f 1101/365/1100 1098/359/1097 1100/361/1099
f 1118/379/1117 1123/338/1122 1110/382/1109
f 1111/346/1110 1123/338/1122 1119/355/1118
f 1160/337/1159 1168/338/1167 1162/339/1161
f 1158/340/1157 1171/341/1170 1159/342/1158
f 1160/343/1159 1170/344/1169 1158/340/1157
f 1173/345/1172 1156/346/1155 1172/347/1171
f 1171/341/1170 1153/348/1152 1154/349/1153
f 1170/344/1169 1156/346/1155 1153/348/1152
f 1162/350/1161 1172/347/1171 1160/343/1159
f 1154/349/1153 1167/351/1166 1166/352/1165
f 1165/353/1164 1157/354/1156 1154/349/1153
f 1167/351/1166 1156/346/1155 1164/355/1163
f 1138/356/1137 1180/357/1179 1150/358/1149
f 1143/359/1142 1141/360/1140 1145/361/1144
f 1193/362/1192 1189/363/1188 1192/364/1191
f 1146/365/1145 1157/366/1156 1148/362/1147
f 1142/367/1141 1147/364/1146 1140/368/1139
f 1182/389/1181 1150/358/1149 1149/370/1148
f 1151/369/1150 1182/389/1181 1149/370/1148
f 1150/358/1149 1147/364/1146 1178/371/1177
f 1150/358/1149 1152/372/1151 1149/370/1148
f 1146/365/1145 1151/369/1150 1179/373/1178
f 1152/372/1151 1151/369/1150 1149/370/1148
f 1151/369/1150 1152/372/1151 1181/374/1180
f 1154/349/1153 1157/354/1156 1171/341/1170
f 1166/352/1165 1158/375/1157 1159/376/1158
f 1161/377/1160 1166/352/1165 1159/376/1158
f 1158/375/1157 1164/355/1163 1160/337/1159
f 1159/342/1158 1157/354/1156 1161/378/1160
f 1162/339/1161 1163/379/1162 1176/380/1175
f 1162/350/1161 1169/381/1168 1173/345/1172
f 1173/345/1172 1169/381/1168 1155/382/1154
f 1176/380/1175 1163/379/1162 1175/383/1174
f 1176/384/1175 1177/385/1176 1162/350/1161
f 1174/386/1173 1176/384/1175 1175/387/1174
f 1174/386/1173 1169/381/1168 1177/385/1176
f 1166/352/1165 1165/353/1164 1154/349/1153
f 1138/356/1137 1150/358/1149 1178/371/1177
f 1178/371/1177 1147/364/1146 1142/367/1141
f 1179/373/1178 1151/369/1150 1139/388/1138
f 1179/373/1178 1143/359/1142 1146/365/1145
f 1150/358/1149 1180/357/1179 1152/372/1151
f 1181/374/1180 1139/388/1138 1151/369/1150
f 1182/389/1181 1147/364/1146 1150/358/1149
f 1182/389/1181 1146/365/1145 1148/362/1147
f 1147/364/1146 1182/389/1181 1148/362/1147
f 1151/369/1150 1146/365/1145 1182/389/1181
f 1140/368/1139 1147/364/1146 1144/363/1143
f 1146/365/1145 1143/359/1142 1145/361/1144
f 1163/379/1162 1168/338/1167 1155/382/1154
f 1156/346/1155 1168/338/1167 1164/355/1163
f 1205/337/1204 1213/338/1212 1207/339/1206
f 1203/340/1202 1216/341/1215 1204/342/1203
f 1205/343/1204 1215/344/1214 1203/340/1202
f 1218/345/1217 1201/346/1200 1217/347/1216
f 1216/341/1215 1198/348/1197 1199/349/1198
f 1215/344/1214 1201/346/1200 1198/348/1197
f 1207/350/1206 1217/347/1216 1205/343/1204
f 1199/349/1198 1212/351/1211 1211/352/1210
f 1210/353/1209 1202/354/1201 1199/349/1198
f 1212/351/1211 1201/346/1200 1209/355/1208
f 1184/388/1183 1196/369/1195 1197/372/1196
f 1188/359/1187 1186/360/1185 1190/361/1189
f 1191/365/1190 1202/366/1201 1193/362/1192
f 1187/367/1186 1192/364/1191 1185/368/1184
f 1196/369/1195 1193/362/1192 1194/370/1193
f 1195/358/1194 1192/364/1191 1223/371/1222
f 1195/358/1194 1197/372/1196 1194/370/1193
f 1191/365/1190 1196/369/1195 1224/373/1223
f 1197/372/1196 1196/369/1195 1194/370/1193
f 1199/349/1198 1202/354/1201 1216/341/1215
f 1211/352/1210 1203/375/1202 1204/376/1203
f 1206/377/1205 1211/352/1210 1204/376/1203
f 1203/375/1202 1209/355/1208 1205/337/1204
f 1204/342/1203 1202/354/1201 1206/378/1205
f 1207/339/1206 1208/379/1207 1221/380/1220
f 1207/350/1206 1214/381/1213 1218/345/1217
f 1218/345/1217 1214/381/1213 1200/382/1199
f 1221/380/1220 1208/379/1207 1220/383/1219
f 1221/384/1220 1222/385/1221 1207/350/1206
f 1219/386/1218 1221/384/1220 1220/387/1219
f 1219/386/1218 1214/381/1213 1222/385/1221
f 1211/352/1210 1210/353/1209 1199/349/1198
f 1183/356/1182 1195/358/1194 1223/371/1222
f 1223/371/1222 1192/364/1191 1187/367/1186
f 1224/373/1223 1196/369/1195 1184/388/1183
f 1224/373/1223 1188/359/1187 1191/365/1190
f 1194/370/1193 1192/364/1191 1195/358/1194
f 1185/368/1184 1192/364/1191 1189/363/1188
f 1191/365/1190 1188/359/1187 1190/361/1189
f 1208/379/1207 1213/338/1212 1200/382/1199
f 1201/346/1200 1213/338/1212 1209/355/1208
f 1197/372/1196 1195/358/1194 1183/356/1182
f 71/390/71 1226/102/1225 27/104/27
f 39/92/39 1230/391/1229 1227/111/1226
f 72/392/72 1225/105/1224 26/107/26
f 25/103/25 1229/110/1228 72/392/72
f 37/93/37 1227/111/1226 1225/105/1224
f 38/96/38 1228/108/1227 1226/102/1225
f 77/109/77 1232/91/1231 37/93/37
f 40/95/40 1236/101/1235 77/109/77
f 78/393/78 1233/94/1232 38/96/38
f 35/86/35 1235/394/1234 1234/97/1233
f 34/85/34 1231/100/1230 1233/94/1232
f 33/87/33 1234/97/1233 1232/91/1231
f 158/129/158 107/138/107 97/143/97
f 98/116/98 118/163/118 153/151/153
f 153/151/153 154/114/154 98/116/98
f 152/121/152 153/151/153 117/132/117
f 153/151/153 118/163/118 117/132/117
f 110/148/110 87/134/87 156/131/156
f 87/134/87 109/139/109 159/135/159
f 116/133/116 88/144/88 152/121/152
f 88/144/88 112/149/112 157/145/157
f 154/114/154 155/160/155 114/155/114
f 155/160/155 115/157/115 114/155/114
f 156/131/156 157/145/157 111/146/111
f 157/145/157 112/149/112 111/146/111
f 158/129/158 159/135/159 108/136/108
f 159/135/159 109/139/109 108/136/108
f 97/143/97 115/157/115 155/160/155
f 155/160/155 158/129/158 97/143/97
f 203/224/203 1248/213/1247 1245/212/1244
f 170/213/170 179/241/179 173/226/173
f 119/169/119 126/174/126 127/188/127
f 1239/179/1238 139/395/139 96/396/96
f 126/174/126 1239/179/1238 127/188/127
f 91/397/91 143/181/143 1242/171/1241
f 120/167/120 1241/190/1240 121/168/121
f 1243/177/1242 151/176/151 94/398/94
f 123/172/123 1244/191/1243 1243/177/1242
f 89/399/89 149/400/149 1244/191/1243
f 1243/177/1242 1244/191/1243 150/175/150
f 1244/191/1243 149/400/149 150/175/150
f 145/401/145 1241/190/1240 144/182/144
f 1241/190/1240 1242/171/1241 144/182/144
f 139/395/139 1239/179/1238 138/185/138
f 1239/179/1238 1240/173/1239 138/185/138
f 133/402/133 1237/170/1236 132/187/132
f 1237/170/1236 1238/180/1237 132/187/132
f 131/186/131 1238/180/1237 96/396/96
f 1238/180/1237 1239/179/1238 96/396/96
f 1242/171/1241 1237/170/1236 91/397/91
f 1237/170/1236 133/402/133 91/397/91
f 137/184/137 1240/173/1239 94/398/94
f 1240/173/1239 1243/177/1242 94/398/94
f 1244/191/1243 1241/190/1240 89/399/89
f 1241/190/1240 145/401/145 89/399/89
f 715/403/715 698/362/698 707/366/707
f 760/403/759 743/362/742 752/366/751
f 805/403/804 788/362/787 797/366/796
f 850/403/849 833/362/832 842/366/841
f 895/403/894 878/362/877 887/366/886
f 940/403/939 923/362/922 932/366/931
f 985/403/984 968/362/967 977/366/976
f 1030/403/1029 1013/362/1012 1022/366/1021
f 1075/403/1074 1058/362/1057 1067/366/1066
f 1120/403/1119 1103/362/1102 1112/366/1111
f 1165/403/1164 1148/362/1147 1157/366/1156
f 1210/403/1209 1193/362/1192 1202/366/1201
f 698/362/698 694/363/694 697/364/697
f 170/213/170 176/235/176 179/241/179
f 173/226/173 174/214/174 170/213/170
f 195/210/195 1245/212/1244 1248/213/1247
f 196/211/196 1245/212/1244 195/210/195
f 197/214/197 1247/227/1246 196/225/196
f 1248/213/1247 1246/226/1245 197/214/197
f 195/210/195 1248/213/1247 197/214/197
f 1248/213/1247 198/235/198 201/241/201
f 203/224/203 198/235/198 1248/213/1247
f 174/229/174 166/221/166 169/218/169
f 197/229/197 192/221/192 195/218/195
f 169/218/169 165/219/165 163/220/163
f 5/1/5 1/404/1 50/2/50
f 51/4/51 43/9/43 9/5/9
f 9/5/9 43/9/43 79/7/79
f 43/9/43 7/405/7 45/10/45
f 79/7/79 45/10/45 5/1/5
f 54/8/54 79/7/79 52/3/52
f 10/12/10 50/2/50 80/13/80
f 50/2/50 1/404/1 44/15/44
f 80/16/80 44/406/44 3/17/3
f 53/18/53 80/16/80 51/4/51
f 27/19/27 25/407/25 42/20/42
f 52/3/52 50/2/50 10/12/10
f 47/22/47 85/80/85 81/23/81
f 69/25/69 67/24/67 2/26/2
f 2/26/2 67/24/67 81/23/81
f 81/29/81 85/81/85 48/21/48
f 42/20/42 86/83/86 82/31/82
f 46/33/46 81/29/81 68/30/68
f 8/35/8 70/32/70 82/31/82
f 82/31/82 86/83/86 49/37/49
f 42/20/42 70/32/70 68/30/68
f 41/36/41 82/31/82 69/25/69
f 31/38/31 10/12/10 53/14/53
f 53/18/53 11/6/11 30/40/30
f 32/42/32 9/5/9 54/8/54
f 54/8/54 12/11/12 29/44/29
f 11/6/11 9/5/9 32/42/32
f 5/45/5 58/57/58 57/46/57
f 57/46/57 58/57/58 15/48/15
f 3/50/3 60/61/60 59/51/59
f 59/51/59 60/61/60 14/53/14
f 18/55/18 20/72/20 16/54/16
f 5/45/5 45/58/45 83/56/83
f 45/58/45 7/52/7 59/51/59
f 83/56/83 59/51/59 16/54/16
f 58/57/58 83/56/83 56/59/56
f 3/50/3 44/408/44 84/60/84
f 44/62/44 1/47/1 57/46/57
f 84/63/84 57/46/57 13/49/13
f 60/61/60 84/60/84 55/65/55
f 19/66/19 17/67/17 13/49/13
f 56/59/56 62/74/62 19/66/19
f 17/67/17 61/70/61 55/64/55
f 55/65/55 61/75/61 18/55/18
f 23/69/23 64/409/64 61/70/61
f 20/72/20 22/336/22 65/73/65
f 61/75/61 64/410/64 21/76/21
f 26/77/26 28/411/28 47/22/47
f 62/74/62 65/73/65 24/78/24
f 47/22/47 28/411/28 71/79/71
f 85/81/85 71/412/71 27/19/27
f 42/20/42 25/407/25 72/82/72
f 86/83/86 72/82/72 26/77/26
f 30/40/30 32/42/32 36/84/36
f 68/30/68 70/32/70 8/35/8
f 29/44/29 31/38/31 35/86/35
f 36/84/36 32/42/32 73/43/73
f 76/88/76 73/43/73 29/44/29
f 31/38/31 74/39/74 75/89/75
f 75/90/75 74/41/74 30/40/30
f 1232/91/1231 1234/97/1233 39/92/39
f 1233/94/1232 1231/100/1230 40/95/40
f 1234/97/1233 1235/394/1234 78/98/78
f 1235/99/1234 75/90/75 34/85/34
f 1231/100/1230 36/84/36 76/88/76
f 1236/101/1235 76/88/76 33/87/33
f 1226/102/1225 1228/108/1227 25/103/25
f 1225/105/1224 1227/111/1226 28/106/28
f 1228/108/1227 40/95/40 77/109/77
f 1229/110/1228 77/109/77 37/93/37
f 1227/111/1226 1230/391/1229 71/112/71
f 1230/113/1229 78/393/78 38/96/38
f 106/120/106 153/151/153 152/121/152
f 104/127/104 155/160/155 154/114/154
f 100/126/100 159/135/159 158/129/158
f 102/130/102 157/145/157 156/131/156
f 108/136/108 135/140/135 134/137/134
f 109/139/109 136/141/136 135/140/135
f 156/131/156 159/135/159 100/126/100
f 87/134/87 95/153/95 136/141/136
f 107/138/107 134/137/134 93/142/93
f 111/146/111 129/150/129 128/147/128
f 112/149/112 130/152/130 129/150/129
f 103/128/103 154/114/154 153/151/153
f 88/144/88 92/166/92 130/152/130
f 110/148/110 128/147/128 95/153/95
f 114/155/114 147/158/147 146/156/146
f 115/157/115 148/204/148 147/158/147
f 152/121/152 157/145/157 102/130/102
f 93/142/93 148/204/148 115/157/115
f 113/115/113 146/156/146 90/159/90
f 99/119/99 158/129/158 155/160/155
f 117/132/117 141/164/141 140/162/140
f 118/163/118 142/200/142 141/164/141
f 129/150/129 132/192/132 131/165/131
f 90/159/90 142/200/142 118/163/118
f 116/133/116 140/162/140 92/166/92
f 120/167/120 125/183/125 1237/170/1236
f 123/172/123 1243/177/1242 1240/173/1239
f 124/178/124 127/188/127 1239/179/1238
f 124/178/124 1238/180/1237 1237/170/1236
f 122/189/122 121/168/121 1241/190/1240
f 130/152/130 133/413/133 132/192/132
f 91/193/91 133/413/133 130/152/130
f 95/153/95 128/147/128 131/165/131
f 135/140/135 138/196/138 137/195/137
f 136/141/136 139/197/139 138/196/138
f 95/153/95 96/194/96 139/197/139
f 93/142/93 134/137/134 137/195/137
f 141/164/141 144/201/144 143/199/143
f 142/200/142 145/414/145 144/201/144
f 89/202/89 145/414/145 142/200/142
f 92/166/92 140/162/140 143/199/143
f 147/158/147 150/205/150 149/203/149
f 148/204/148 151/206/151 150/205/150
f 93/142/93 94/198/94 151/206/151
f 90/159/90 146/156/146 149/203/149
f 21/208/21 102/130/102 101/124/101
f 172/209/172 175/212/175 169/210/169
f 195/218/195 192/221/192 191/219/191
f 166/221/166 164/228/164 160/222/160
f 161/216/161 165/219/165 166/221/166
f 175/212/175 172/209/172 177/223/177
f 171/225/171 174/214/174 173/226/173
f 164/228/164 166/221/166 174/229/174
f 173/226/173 179/241/179 177/231/177
f 177/231/177 179/241/179 178/232/178
f 177/223/177 185/238/185 180/234/180
f 182/239/182 185/238/185 184/237/184
f 1246/226/1245 201/241/201 199/231/199
f 192/221/192 190/228/190 186/222/186
f 187/216/187 191/219/191 192/221/192
f 1247/209/1246 199/223/199 203/224/203
f 190/228/190 192/221/192 197/229/197
f 199/231/199 201/241/201 200/232/200
f 199/223/199 207/238/207 202/234/202
f 204/239/204 207/238/207 206/237/206
f 219/242/219 218/258/218 216/243/216
f 209/245/209 211/255/211 210/246/210
f 235/248/235 234/415/234 232/249/232
f 241/250/241 243/248/243 242/251/242
f 231/247/231 257/416/257 256/253/256
f 213/254/213 215/263/215 214/250/214
f 256/253/256 257/416/257 230/245/230
f 223/248/223 222/417/222 220/256/220
f 258/257/258 259/260/259 246/244/246
f 255/243/255 254/418/254 252/242/252
f 261/259/261 260/419/260 249/245/249
f 259/260/259 258/257/258 245/261/245
f 248/247/248 260/419/260 261/259/261
f 239/248/239 238/254/238 236/263/236
f 266/264/266 263/420/263 265/265/265
f 269/267/269 266/264/266 267/266/267
f 262/269/262 269/267/269 268/268/268
f 274/271/274 271/421/271 273/272/273
f 270/274/270 274/271/274 275/273/275
f 280/271/280 277/421/277 279/272/279
f 276/276/276 280/271/280 281/273/281
f 282/277/282 290/281/290 291/278/291
f 286/269/286 681/283/681 680/280/680
f 290/281/290 283/422/283 285/282/285
f 296/271/296 293/421/293 295/272/295
f 292/274/292 296/271/296 297/273/297
f 302/271/302 299/421/299 301/272/301
f 298/276/298 302/271/302 303/273/303
f 304/269/304 679/283/679 678/280/678
f 312/264/312 309/420/309 311/265/311
f 318/271/318 315/421/315 317/272/317
f 314/276/314 318/271/318 319/273/319
f 324/264/324 321/420/321 323/265/323
f 327/267/327 324/264/324 325/266/325
f 320/269/320 327/267/327 326/268/326
f 332/264/332 329/420/329 331/265/331
f 335/267/335 332/264/332 333/266/333
f 328/269/328 335/267/335 334/268/334
f 340/271/340 337/421/337 339/272/339
f 336/274/336 340/271/340 341/273/341
f 346/271/346 343/421/343 345/272/345
f 342/276/342 346/271/346 347/273/347
f 352/264/352 349/420/349 351/265/351
f 355/267/355 352/264/352 353/266/353
f 348/269/348 355/267/355 354/268/354
f 360/264/360 357/420/357 359/265/359
f 362/269/362 687/283/687 686/280/686
f 366/269/366 685/283/685 684/280/684
f 374/271/374 371/421/371 373/272/373
f 370/274/370 374/271/374 375/273/375
f 380/271/380 377/421/377 379/272/379
f 376/276/376 380/271/380 381/273/381
f 382/277/382 683/281/683 682/278/682
f 386/283/386 395/423/395 397/265/397
f 392/271/392 389/421/389 391/272/391
f 388/276/388 392/271/392 393/273/393
f 394/269/394 386/283/386 387/280/387
f 308/284/308 312/264/312 313/266/313
f 356/269/356 360/264/360 361/266/361
f 399/286/399 401/292/401 400/287/400
f 404/289/404 403/424/403 402/290/402
f 401/292/401 404/289/404 405/291/405
f 407/293/407 409/299/409 408/294/408
f 412/296/412 411/425/411 410/297/410
f 409/299/409 412/296/412 413/298/413
f 415/300/415 417/306/417 416/301/416
f 420/303/420 419/426/419 418/304/418
f 417/306/417 420/303/420 421/305/421
f 423/293/423 425/299/425 424/294/424
f 428/296/428 427/425/427 426/297/426
f 425/299/425 428/296/428 429/298/429
f 431/286/431 433/292/433 432/287/432
f 436/289/436 435/424/435 434/290/434
f 433/292/433 436/289/436 437/291/437
f 439/286/439 441/292/441 440/287/440
f 444/289/444 443/424/443 442/290/442
f 441/292/441 444/289/444 445/291/445
f 447/307/447 449/313/449 448/308/448
f 452/310/452 451/427/451 450/311/450
f 449/313/449 452/310/452 453/312/453
f 455/300/455 457/306/457 456/301/456
f 460/303/460 459/426/459 458/304/458
f 457/306/457 460/303/460 461/305/461
f 463/314/463 465/320/465 464/315/464
f 468/317/468 467/428/467 466/318/466
f 465/320/465 468/317/468 469/319/469
f 471/286/471 473/292/473 472/287/472
f 476/289/476 475/424/475 474/290/474
f 473/292/473 476/289/476 477/291/477
f 479/286/479 481/292/481 480/287/480
f 484/289/484 483/424/483 482/290/482
f 481/292/481 484/289/484 485/291/485
f 490/292/490 487/289/487 486/291/486
f 492/286/492 490/292/490 491/287/491
f 487/289/487 488/424/488 489/290/489
f 495/307/495 497/313/497 496/308/496
f 500/310/500 499/427/499 498/311/498
f 497/313/497 500/310/500 501/312/501
f 503/300/503 505/306/505 504/301/504
f 508/303/508 507/426/507 506/304/506
f 505/306/505 508/303/508 509/305/509
f 511/286/511 513/292/513 512/287/512
f 516/289/516 515/424/515 514/290/514
f 513/292/513 516/289/516 517/291/517
f 519/293/519 521/299/521 520/294/520
f 524/296/524 523/425/523 522/297/522
f 521/299/521 524/296/524 525/298/525
f 527/307/527 529/313/529 528/308/528
f 532/310/532 531/427/531 530/311/530
f 529/313/529 532/310/532 533/312/533
f 535/300/535 537/306/537 536/301/536
f 540/303/540 539/426/539 538/304/538
f 537/306/537 540/303/540 541/305/541
f 543/300/543 545/306/545 544/301/544
f 548/303/548 547/426/547 546/304/546
f 545/306/545 548/303/548 549/305/549
f 551/293/551 553/299/553 552/294/552
f 556/296/556 555/425/555 554/297/554
f 553/299/553 556/296/556 557/298/557
f 559/286/559 561/292/561 560/287/560
f 564/289/564 563/424/563 562/290/562
f 561/292/561 564/289/564 565/291/565
f 567/286/567 569/292/569 568/287/568
f 572/289/572 571/424/571 570/290/570
f 569/292/569 572/289/572 573/291/573
f 575/300/575 577/306/577 576/301/576
f 580/303/580 579/426/579 578/304/578
f 577/306/577 580/303/580 581/305/581
f 583/300/583 585/306/585 584/301/584
f 588/303/588 587/426/587 586/304/586
f 585/306/585 588/303/588 589/305/589
f 591/286/591 593/292/593 592/287/592
f 596/289/596 595/424/595 594/290/594
f 593/292/593 596/289/596 597/291/597
f 599/300/599 601/306/601 600/301/600
f 604/303/604 603/426/603 602/304/602
f 601/306/601 604/303/604 605/305/605
f 607/286/607 609/292/609 608/287/608
f 612/289/612 611/424/611 610/290/610
f 609/292/609 612/289/612 613/291/613
f 615/293/615 617/299/617 616/294/616
f 620/296/620 619/425/619 618/297/618
f 617/299/617 620/296/620 621/298/621
f 623/321/623 625/327/625 624/322/624
f 628/324/628 627/429/627 626/325/626
f 625/327/625 628/324/628 629/326/629
f 631/286/631 633/292/633 632/287/632
f 636/289/636 635/424/635 634/290/634
f 633/292/633 636/289/636 637/291/637
f 639/300/639 641/306/641 640/301/640
f 644/303/644 643/426/643 642/304/642
f 641/306/641 644/303/644 645/305/645
f 647/328/647 649/334/649 648/329/648
f 652/331/652 651/430/651 650/332/650
f 649/334/649 652/331/652 653/333/653
f 655/293/655 657/299/657 656/294/656
f 660/296/660 659/425/659 658/297/658
f 657/299/657 660/296/660 661/298/661
f 663/286/663 665/292/665 664/287/664
f 668/289/668 667/424/667 666/290/666
f 665/292/665 668/289/668 669/291/669
f 671/293/671 673/299/673 672/294/672
f 676/296/676 675/425/675 674/297/674
f 673/299/673 676/296/676 677/298/677
f 16/54/16 20/72/20 62/74/62
f 3/17/3 7/405/7 43/9/43
f 12/11/12 10/12/10 31/38/31
f 49/37/49 47/22/47 67/24/67
f 224/248/224 225/431/225 227/335/227
f 679/283/679 305/420/305 307/265/307
f 681/283/681 287/420/287 289/265/289
f 683/281/683 383/422/383 385/282/385
f 685/283/685 367/432/367 369/265/369
f 687/283/687 363/433/363 365/265/365
f 710/337/710 714/355/714 718/338/718
f 708/340/708 720/344/720 721/341/721
f 710/343/710 722/347/722 720/344/720
f 723/345/723 705/382/705 706/346/706
f 721/341/721 720/344/720 703/348/703
f 720/344/720 722/347/722 706/346/706
f 712/350/712 723/345/723 722/347/722
f 704/349/704 703/348/703 717/351/717
f 717/351/717 703/348/703 706/346/706
f 743/362/742 760/403/759 739/363/738
f 696/365/696 695/361/695 707/366/707
f 701/369/701 696/365/696 698/362/698
f 716/352/716 717/351/717 708/375/708
f 711/377/711 715/353/715 716/352/716
f 708/375/708 717/351/717 714/355/714
f 709/342/709 721/341/721 707/354/707
f 712/339/712 718/338/718 713/379/713
f 712/350/712 727/385/727 719/381/719
f 724/386/724 727/385/727 726/384/726
f 699/370/699 698/362/698 697/364/697
f 706/346/706 705/382/705 718/338/718
f 755/337/754 759/355/758 763/338/762
f 753/340/752 765/344/764 766/341/765
f 755/343/754 767/347/766 765/344/764
f 768/345/767 750/382/749 751/346/750
f 766/341/765 765/344/764 748/348/747
f 765/344/764 767/347/766 751/346/750
f 757/350/756 768/345/767 767/347/766
f 749/349/748 748/348/747 762/351/761
f 762/351/761 748/348/747 751/346/750
f 788/362/787 805/403/804 784/363/783
f 741/365/740 740/361/739 752/366/751
f 761/352/760 762/351/761 753/375/752
f 756/377/755 760/353/759 761/352/760
f 753/375/752 762/351/761 759/355/758
f 754/342/753 766/341/765 752/354/751
f 757/339/756 763/338/762 758/379/757
f 757/350/756 772/385/771 764/381/763
f 769/386/768 772/385/771 771/384/770
f 751/346/750 750/382/749 763/338/762
f 800/337/799 804/355/803 808/338/807
f 798/340/797 810/344/809 811/341/810
f 800/343/799 812/347/811 810/344/809
f 813/345/812 795/382/794 796/346/795
f 811/341/810 810/344/809 793/348/792
f 810/344/809 812/347/811 796/346/795
f 802/350/801 813/345/812 812/347/811
f 794/349/793 793/348/792 807/351/806
f 807/351/806 793/348/792 796/346/795
f 833/362/832 850/403/849 829/363/828
f 786/365/785 785/361/784 797/366/796
f 806/352/805 807/351/806 798/375/797
f 801/377/800 805/353/804 806/352/805
f 798/375/797 807/351/806 804/355/803
f 799/342/798 811/341/810 797/354/796
f 802/339/801 808/338/807 803/379/802
f 802/350/801 817/385/816 809/381/808
f 814/386/813 817/385/816 816/384/815
f 796/346/795 795/382/794 808/338/807
f 845/337/844 849/355/848 853/338/852
f 843/340/842 855/344/854 856/341/855
f 845/343/844 857/347/856 855/344/854
f 858/345/857 840/382/839 841/346/840
f 856/341/855 855/344/854 838/348/837
f 855/344/854 857/347/856 841/346/840
f 847/350/846 858/345/857 857/347/856
f 839/349/838 838/348/837 852/351/851
f 852/351/851 838/348/837 841/346/840
f 878/362/877 895/403/894 874/363/873
f 831/365/830 830/361/829 842/366/841
f 851/352/850 852/351/851 843/375/842
f 846/377/845 850/353/849 851/352/850
f 843/375/842 852/351/851 849/355/848
f 844/342/843 856/341/855 842/354/841
f 847/339/846 853/338/852 848/379/847
f 847/350/846 862/385/861 854/381/853
f 859/386/858 862/385/861 861/384/860
f 841/346/840 840/382/839 853/338/852
f 890/337/889 894/355/893 898/338/897
f 888/340/887 900/344/899 901/341/900
f 890/343/889 902/347/901 900/344/899
f 903/345/902 885/382/884 886/346/885
f 901/341/900 900/344/899 883/348/882
f 900/344/899 902/347/901 886/346/885
f 892/350/891 903/345/902 902/347/901
f 884/349/883 883/348/882 897/351/896
f 897/351/896 883/348/882 886/346/885
f 923/362/922 940/403/939 919/363/918
f 876/365/875 875/361/874 887/366/886
f 896/352/895 897/351/896 888/375/887
f 891/377/890 895/353/894 896/352/895
f 888/375/887 897/351/896 894/355/893
f 889/342/888 901/341/900 887/354/886
f 892/339/891 898/338/897 893/379/892
f 892/350/891 907/385/906 899/381/898
f 904/386/903 907/385/906 906/384/905
f 886/346/885 885/382/884 898/338/897
f 935/337/934 939/355/938 943/338/942
f 933/340/932 945/344/944 946/341/945
f 935/343/934 947/347/946 945/344/944
f 948/345/947 930/382/929 931/346/930
f 946/341/945 945/344/944 928/348/927
f 945/344/944 947/347/946 931/346/930
f 937/350/936 948/345/947 947/347/946
f 929/349/928 928/348/927 942/351/941
f 942/351/941 928/348/927 931/346/930
f 968/362/967 985/403/984 964/363/963
f 921/365/920 920/361/919 932/366/931
f 941/352/940 942/351/941 933/375/932
f 936/377/935 940/353/939 941/352/940
f 933/375/932 942/351/941 939/355/938
f 934/342/933 946/341/945 932/354/931
f 937/339/936 943/338/942 938/379/937
f 937/350/936 952/385/951 944/381/943
f 949/386/948 952/385/951 951/384/950
f 931/346/930 930/382/929 943/338/942
f 980/337/979 984/355/983 988/338/987
f 978/340/977 990/344/989 991/341/990
f 980/343/979 992/347/991 990/344/989
f 993/345/992 975/382/974 976/346/975
f 991/341/990 990/344/989 973/348/972
f 990/344/989 992/347/991 976/346/975
f 982/350/981 993/345/992 992/347/991
f 974/349/973 973/348/972 987/351/986
f 987/351/986 973/348/972 976/346/975
f 1013/362/1012 1030/403/1029 1009/363/1008
f 966/365/965 965/361/964 977/366/976
f 986/352/985 987/351/986 978/375/977
f 981/377/980 985/353/984 986/352/985
f 978/375/977 987/351/986 984/355/983
f 979/342/978 991/341/990 977/354/976
f 982/339/981 988/338/987 983/379/982
f 982/350/981 997/385/996 989/381/988
f 994/386/993 997/385/996 996/384/995
f 976/346/975 975/382/974 988/338/987
f 1025/337/1024 1029/355/1028 1033/338/1032
f 1023/340/1022 1035/344/1034 1036/341/1035
f 1025/343/1024 1037/347/1036 1035/344/1034
f 1038/345/1037 1020/382/1019 1021/346/1020
f 1036/341/1035 1035/344/1034 1018/348/1017
f 1035/344/1034 1037/347/1036 1021/346/1020
f 1027/350/1026 1038/345/1037 1037/347/1036
f 1019/349/1018 1018/348/1017 1032/351/1031
f 1032/351/1031 1018/348/1017 1021/346/1020
f 1058/362/1057 1075/403/1074 1054/363/1053
f 1011/365/1010 1010/361/1009 1022/366/1021
f 1031/352/1030 1032/351/1031 1023/375/1022
f 1026/377/1025 1030/353/1029 1031/352/1030
f 1023/375/1022 1032/351/1031 1029/355/1028
f 1024/342/1023 1036/341/1035 1022/354/1021
f 1027/339/1026 1033/338/1032 1028/379/1027
f 1027/350/1026 1042/385/1041 1034/381/1033
f 1039/386/1038 1042/385/1041 1041/384/1040
f 1021/346/1020 1020/382/1019 1033/338/1032
f 1070/337/1069 1074/355/1073 1078/338/1077
f 1068/340/1067 1080/344/1079 1081/341/1080
f 1070/343/1069 1082/347/1081 1080/344/1079
f 1083/345/1082 1065/382/1064 1066/346/1065
f 1081/341/1080 1080/344/1079 1063/348/1062
f 1080/344/1079 1082/347/1081 1066/346/1065
f 1072/350/1071 1083/345/1082 1082/347/1081
f 1064/349/1063 1063/348/1062 1077/351/1076
f 1077/351/1076 1063/348/1062 1066/346/1065
f 1103/362/1102 1120/403/1119 1099/363/1098
f 1056/365/1055 1055/361/1054 1067/366/1066
f 1076/352/1075 1077/351/1076 1068/375/1067
f 1071/377/1070 1075/353/1074 1076/352/1075
f 1068/375/1067 1077/351/1076 1074/355/1073
f 1069/342/1068 1081/341/1080 1067/354/1066
f 1072/339/1071 1078/338/1077 1073/379/1072
f 1072/350/1071 1087/385/1086 1079/381/1078
f 1084/386/1083 1087/385/1086 1086/384/1085
f 1066/346/1065 1065/382/1064 1078/338/1077
f 1115/337/1114 1119/355/1118 1123/338/1122
f 1113/340/1112 1125/344/1124 1126/341/1125
f 1115/343/1114 1127/347/1126 1125/344/1124
f 1128/345/1127 1110/382/1109 1111/346/1110
f 1126/341/1125 1125/344/1124 1108/348/1107
f 1125/344/1124 1127/347/1126 1111/346/1110
f 1117/350/1116 1128/345/1127 1127/347/1126
f 1109/349/1108 1108/348/1107 1122/351/1121
f 1122/351/1121 1108/348/1107 1111/346/1110
f 1148/362/1147 1165/403/1164 1144/363/1143
f 1101/365/1100 1100/361/1099 1112/366/1111
f 1121/352/1120 1122/351/1121 1113/375/1112
f 1116/377/1115 1120/353/1119 1121/352/1120
f 1113/375/1112 1122/351/1121 1119/355/1118
f 1114/342/1113 1126/341/1125 1112/354/1111
f 1117/339/1116 1123/338/1122 1118/379/1117
f 1117/350/1116 1132/385/1131 1124/381/1123
f 1129/386/1128 1132/385/1131 1131/384/1130
f 1111/346/1110 1110/382/1109 1123/338/1122
f 1160/337/1159 1164/355/1163 1168/338/1167
f 1158/340/1157 1170/344/1169 1171/341/1170
f 1160/343/1159 1172/347/1171 1170/344/1169
f 1173/345/1172 1155/382/1154 1156/346/1155
f 1171/341/1170 1170/344/1169 1153/348/1152
f 1170/344/1169 1172/347/1171 1156/346/1155
f 1162/350/1161 1173/345/1172 1172/347/1171
f 1154/349/1153 1153/348/1152 1167/351/1166
f 1167/351/1166 1153/348/1152 1156/346/1155
f 1193/362/1192 1210/403/1209 1189/363/1188
f 1146/365/1145 1145/361/1144 1157/366/1156
f 1166/352/1165 1167/351/1166 1158/375/1157
f 1161/377/1160 1165/353/1164 1166/352/1165
f 1158/375/1157 1167/351/1166 1164/355/1163
f 1159/342/1158 1171/341/1170 1157/354/1156
f 1162/339/1161 1168/338/1167 1163/379/1162
f 1162/350/1161 1177/385/1176 1169/381/1168
f 1174/386/1173 1177/385/1176 1176/384/1175
f 1156/346/1155 1155/382/1154 1168/338/1167
f 1205/337/1204 1209/355/1208 1213/338/1212
f 1203/340/1202 1215/344/1214 1216/341/1215
f 1205/343/1204 1217/347/1216 1215/344/1214
f 1218/345/1217 1200/382/1199 1201/346/1200
f 1216/341/1215 1215/344/1214 1198/348/1197
f 1215/344/1214 1217/347/1216 1201/346/1200
f 1207/350/1206 1218/345/1217 1217/347/1216
f 1199/349/1198 1198/348/1197 1212/351/1211
f 1212/351/1211 1198/348/1197 1201/346/1200
f 1191/365/1190 1190/361/1189 1202/366/1201
f 1196/369/1195 1191/365/1190 1193/362/1192
f 1211/352/1210 1212/351/1211 1203/375/1202
f 1206/377/1205 1210/353/1209 1211/352/1210
f 1203/375/1202 1212/351/1211 1209/355/1208
f 1204/342/1203 1216/341/1215 1202/354/1201
f 1207/339/1206 1213/338/1212 1208/379/1207
f 1207/350/1206 1222/385/1221 1214/381/1213
f 1219/386/1218 1222/385/1221 1221/384/1220
f 1194/370/1193 1193/362/1192 1192/364/1191
f 1201/346/1200 1200/382/1199 1213/338/1212
f 71/390/71 1230/113/1229 1226/102/1225
f 39/92/39 78/98/78 1230/391/1229
f 72/392/72 1229/110/1228 1225/105/1224
f 25/103/25 1228/108/1227 1229/110/1228
f 37/93/37 39/92/39 1227/111/1226
f 38/96/38 40/95/40 1228/108/1227
f 77/109/77 1236/101/1235 1232/91/1231
f 40/95/40 1231/100/1230 1236/101/1235
f 78/393/78 1235/99/1234 1233/94/1232
f 35/86/35 75/89/75 1235/394/1234
f 34/85/34 36/84/36 1231/100/1230
f 33/87/33 35/86/35 1234/97/1233
f 126/174/126 1240/173/1239 1239/179/1238
f 120/167/120 1242/171/1241 1241/190/1240
f 123/172/123 122/189/122 1244/191/1243
f 698/362/698 715/403/715 694/363/694
f 196/211/196 1247/209/1246 1245/212/1244
f 197/214/197 1246/226/1245 1247/227/1246
f 169/218/169 166/221/166 165/219/165
