# Blender 4.2.0
# www.blender.org
o Sunflower_04
v -0.082683 1.470962 -3.078910
v 0.009851 -0.011588 -3.008718
v -0.083730 1.470863 -3.069012
v 0.009848 -0.011587 -2.989275
v -0.093114 1.471322 -3.079754
v -0.009576 -0.011529 -3.008711
v -0.094132 1.471228 -3.069827
v -0.009578 -0.011529 -2.989295
v -0.018159 0.092383 -3.027657
v -0.034503 0.092963 -3.011396
v -0.018506 0.096021 -3.011745
v -0.034157 0.089323 -3.027312
v -0.074155 1.359027 -3.061241
v -0.063722 1.360926 -3.071277
v -0.064059 1.361237 -3.060962
v -0.073816 1.358723 -3.071544
v -0.077376 1.509999 -3.080777
v -0.078720 1.510515 -3.070399
v -0.084454 1.516247 -3.082091
v -0.085727 1.516805 -3.071577
v -0.061202 1.524427 -3.079109
v -0.062886 1.524788 -3.067449
v -0.065602 1.534204 -3.079901
v -0.067225 1.534592 -3.068512
v -0.043034 1.534530 -3.064548
v -0.047916 1.546346 -3.064997
v -0.041914 1.534808 -3.077662
v -0.046863 1.546623 -3.078056
v -0.055189 0.273375 -3.027592
v -0.055176 0.273002 -3.042503
v -0.040317 0.273539 -3.027578
v -0.040313 0.273166 -3.042493
v -0.040239 1.170074 -3.065969
v -0.028371 1.170900 -3.053726
v -0.028329 1.171834 -3.065805
v -0.040291 1.169140 -3.053895
v -0.028414 0.957851 -3.069024
v -0.014793 0.957861 -3.055209
v -0.014751 0.959085 -3.068915
v -0.028483 0.956629 -3.055306
v -0.039743 0.625537 -3.061977
v -0.024743 0.625674 -3.047055
v -0.024748 0.624543 -3.062041
v -0.039738 0.626655 -3.047128
v -0.013193 -0.011517 -2.999008
v 0.000132 -0.011558 -3.012338
v -0.047647 0.163689 -3.022690
v -0.089754 1.429749 -3.066925
v -0.089123 1.470961 -3.067588
v -0.081279 1.470877 -3.073805
v 0.000127 -0.011558 -2.985659
v -0.095584 1.471552 -3.074905
v -0.087692 1.471095 -3.081186
v 0.013481 -0.011598 -2.998995
v -0.031795 0.163403 -3.038551
v -0.031941 0.165732 -3.022837
v -0.047497 0.161358 -3.038401
v -0.026092 0.090175 -3.030452
v -0.015352 0.094772 -3.019766
v -0.037316 0.090572 -3.019290
v -0.026566 0.095171 -3.008604
v -0.053586 1.273468 -3.056181
v -0.078633 1.428859 -3.076779
v -0.079087 1.429269 -3.066439
v -0.089285 1.429351 -3.077261
v -0.068708 1.359770 -3.073328
v -0.062008 1.361490 -3.066069
v -0.075862 1.358463 -3.066443
v -0.069173 1.360191 -3.059183
v -0.082582 1.513588 -3.069068
v -0.076714 1.509149 -3.075351
v -0.086075 1.518191 -3.077050
v -0.080764 1.512867 -3.083369
v -0.081166 1.494492 -3.080209
v -0.090966 1.497370 -3.081367
v -0.092464 1.497246 -3.070859
v -0.082680 1.494368 -3.069758
v -0.065492 1.529728 -3.065840
v -0.061124 1.522763 -3.073076
v -0.066932 1.536444 -3.074344
v -0.063230 1.529195 -3.081687
v -0.075502 1.527421 -3.081006
v -0.076991 1.527887 -3.070022
v -0.071495 1.519567 -3.068928
v -0.069960 1.519141 -3.079903
v -0.045783 1.540562 -3.062074
v -0.041455 1.532246 -3.070805
v -0.048338 1.548948 -3.071818
v -0.044083 1.540558 -3.080553
v -0.002923 0.037729 -3.015241
v -0.003338 0.041759 -2.999052
v -0.019266 0.034463 -3.014849
v -0.019678 0.038495 -2.998657
v -0.047742 0.273014 -3.045277
v -0.037546 0.273384 -3.035032
v -0.057953 0.273158 -3.035050
v -0.047755 0.273527 -3.024806
v -0.053428 1.273522 -3.067598
v -0.042419 1.274733 -3.055989
v -0.042284 1.274780 -3.067416
v -0.034343 1.169845 -3.051563
v -0.042486 1.169280 -3.059963
v -0.026133 1.171694 -3.059735
v -0.034274 1.171128 -3.068134
v -0.021568 0.958699 -3.071527
v -0.012227 0.958701 -3.062042
v -0.031000 0.957008 -3.062186
v -0.021644 0.957018 -3.052701
v -0.032241 0.626372 -3.044323
v -0.042534 0.626280 -3.054564
v -0.021947 0.624928 -3.054506
v -0.032250 0.624834 -3.064776
v -0.084486 1.429555 -3.064759
v -0.091547 1.429697 -3.072169
v -0.076859 1.428980 -3.071519
v -0.083851 1.429001 -3.078948
v -0.039819 0.165145 -3.019835
v -0.011018 0.035345 -3.018063
v -0.000084 0.040352 -3.007220
v -0.022519 0.035869 -3.006683
v -0.047860 1.274149 -3.069630
v -0.040273 1.274989 -3.061667
v -0.055530 1.273283 -3.061924
v -0.048055 1.274082 -3.053962
v -0.085818 1.495845 -3.082741
v -0.087896 1.495678 -3.068385
v -0.093389 1.498185 -3.076272
v -0.080105 1.493918 -3.074771
v -0.076974 1.529457 -3.075696
v -0.074595 1.523712 -3.067468
v -0.072526 1.523109 -3.082472
v -0.069656 1.517821 -3.074207
v -0.039617 0.161947 -3.041405
v -0.028943 0.164948 -3.030721
v -0.050502 0.162141 -3.030518
v -0.011586 0.040880 -2.995834
v -0.036035 1.555545 -3.084327
v -0.038488 1.556598 -3.059222
v -0.029309 1.534585 -3.056042
v -0.026552 1.533127 -3.081577
v -0.031935 1.562967 -3.090935
v -0.038111 1.571713 -3.046142
v -0.018445 1.524624 -3.039054
v -0.017548 1.529014 -3.086731
v -0.005447 1.519146 -3.097307
v -0.007831 1.519314 -3.096607
v -0.012478 1.523014 -3.033859
v -0.014609 1.523063 -3.035138
v -0.016972 1.565041 -3.085640
v -0.005668 1.538405 -3.081908
v -0.019446 1.565709 -3.055715
v -0.009251 1.540354 -3.050908
v -0.031097 1.573940 -3.103070
v -0.029558 1.575600 -3.103955
v -0.036704 1.576015 -3.043030
v -0.035219 1.577796 -3.041970
v -0.033091 1.569857 -3.099726
v -0.035457 1.564314 -3.053271
v -0.021739 1.531316 -3.048303
v -0.012429 1.521282 -3.093852
v -0.037881 1.558897 -3.079062
v -0.038932 1.560152 -3.072390
v -0.039172 1.559406 -3.065383
v -0.036789 1.551761 -3.054969
v -0.034468 1.545830 -3.052844
v -0.031825 1.539769 -3.053145
v -0.028361 1.537988 -3.085716
v -0.030852 1.544052 -3.087650
v -0.033555 1.550289 -3.087228
v -0.027354 1.531163 -3.061422
v -0.026146 1.529718 -3.068295
v -0.025828 1.530336 -3.075426
v -0.037197 1.577394 -3.088301
v -0.039393 1.580041 -3.074066
v -0.039654 1.577983 -3.059421
v -0.034696 1.561650 -3.036475
v -0.029773 1.548987 -3.031812
v -0.023996 1.535889 -3.032621
v -0.016488 1.531805 -3.102454
v -0.021714 1.544684 -3.107040
v -0.027563 1.558154 -3.105702
v -0.013935 1.516711 -3.050988
v -0.011251 1.513513 -3.065844
v -0.010694 1.515189 -3.081019
v -0.016073 1.551612 -3.068638
v -0.004130 1.534630 -3.066496
v -0.010358 1.552047 -3.090001
v -0.014351 1.552194 -3.047985
v -0.020111 1.570317 -3.071843
v -0.032927 1.564762 -3.032058
v -0.027408 1.550478 -3.026909
v -0.020838 1.535754 -3.027867
v -0.031151 1.566200 -3.030613
v -0.025760 1.551337 -3.025329
v -0.018650 1.536228 -3.026300
v -0.035689 1.582452 -3.090237
v -0.038253 1.585455 -3.074218
v -0.038435 1.583062 -3.057923
v -0.034028 1.584544 -3.090658
v -0.036981 1.587510 -3.074148
v -0.036856 1.585149 -3.057323
v -0.009451 1.514064 -3.048588
v -0.006503 1.510487 -3.065253
v -0.005880 1.512526 -3.082183
v -0.006849 1.513824 -3.047728
v -0.004193 1.509973 -3.064954
v -0.003179 1.512262 -3.082375
v -0.012369 1.531110 -3.106222
v -0.018364 1.545688 -3.111466
v -0.024887 1.560800 -3.109583
v -0.009884 1.531404 -3.107219
v -0.016424 1.546419 -3.112689
v -0.022854 1.562132 -3.110614
v -0.018729 1.526087 -3.056487
v -0.016853 1.523843 -3.066902
v -0.016362 1.524754 -3.077662
v -0.020353 1.536374 -3.092868
v -0.024092 1.545543 -3.095899
v -0.028155 1.554974 -3.095362
v -0.032936 1.557065 -3.046757
v -0.029523 1.548235 -3.043432
v -0.025568 1.539142 -3.043877
v -0.034713 1.568029 -3.083014
v -0.036210 1.569813 -3.073084
v -0.036519 1.568604 -3.062573
v -0.131513 1.484001 -3.016464
v -0.106229 1.492767 -3.009470
v -0.116272 1.476126 -3.057470
v -0.089899 1.483178 -3.049159
v -0.130673 1.480449 -3.038781
v -0.092661 1.490281 -3.031710
v -0.111810 1.481486 -3.030751
v -0.118953 1.485926 -3.011964
v -0.129019 1.489896 -2.986741
v -0.102709 1.471241 -3.046869
v -0.097030 1.462205 -3.058487
v -0.103856 1.470034 -3.046236
v -0.097076 1.460220 -3.056691
v -0.098400 1.460804 -3.058083
v -0.105042 1.470411 -3.047482
v -0.095713 1.461686 -3.057147
v -0.088596 1.450298 -3.066973
v -0.091441 1.449211 -3.062652
v -0.091616 1.444270 -3.069115
v -0.092230 1.451461 -3.064636
v -0.085409 1.444793 -3.066195
v -0.089560 1.451255 -3.062880
v -0.084808 1.437137 -3.065444
v -0.089696 1.436838 -3.067090
v -0.091420 1.441519 -3.064574
v -0.087875 1.441926 -3.063279
v -0.105754 1.497077 -3.119722
v -0.123318 1.493809 -3.110485
v -0.089892 1.489399 -3.093662
v -0.107030 1.484979 -3.083812
v -0.094210 1.496634 -3.109250
v -0.117241 1.489239 -3.093283
v -0.107018 1.490328 -3.104587
v -0.114270 1.493669 -3.116034
v -0.122834 1.496797 -3.134054
v -0.099983 1.480838 -3.094884
v -0.094775 1.473118 -3.087444
v -0.099266 1.480191 -3.095753
v -0.095265 1.471914 -3.088913
v -0.094027 1.472657 -3.088589
v -0.098285 1.481032 -3.095617
v -0.095994 1.472417 -3.087728
v -0.092144 1.466606 -3.079749
v -0.092292 1.465470 -3.083626
v -0.087244 1.462969 -3.079051
v -0.091380 1.466647 -3.083082
v -0.093004 1.461525 -3.077454
v -0.093499 1.465900 -3.082685
v -0.090784 1.455878 -3.079083
v -0.086746 1.457111 -3.080339
v -0.088817 1.460347 -3.081713
v -0.091304 1.459490 -3.081275
v -0.118178 1.544914 -3.085254
v -0.117996 1.545859 -3.067938
v -0.091440 1.537510 -3.085708
v -0.091144 1.537456 -3.067723
v -0.105300 1.542243 -3.089674
v -0.101632 1.542475 -3.064898
v -0.106347 1.540092 -3.077002
v -0.118810 1.543897 -3.076850
v -0.134879 1.551832 -3.077910
v -0.095547 1.532430 -3.076560
v -0.090179 1.523815 -3.077107
v -0.096209 1.531896 -3.077277
v -0.092042 1.523111 -3.076924
v -0.091163 1.523402 -3.078120
v -0.095661 1.532313 -3.078151
v -0.091004 1.523550 -3.075922
v -0.084924 1.514722 -3.076268
v -0.090016 1.517001 -3.076707
v -0.086592 1.512573 -3.079368
v -0.088593 1.517626 -3.077858
v -0.087556 1.513025 -3.074520
v -0.089012 1.517454 -3.075108
v -0.089296 1.508714 -3.075140
v -0.088370 1.508780 -3.078737
v -0.089522 1.512065 -3.078131
v -0.090181 1.512048 -3.076300
v -0.028971 1.547147 -3.043167
v -0.047362 1.565090 -3.018354
v -0.036058 1.567372 -3.056763
v -0.050520 1.569387 -3.022801
v -0.024180 1.530466 -3.052794
v -0.030002 1.530740 -3.008963
v -0.031509 1.553953 -3.046558
v -0.035636 1.536411 -3.009665
v -0.017493 1.522821 -3.053093
v -0.025133 1.506348 -3.021158
v -0.025265 1.539745 -3.040214
v -0.023746 1.510130 -3.017055
v -0.021860 1.498140 -3.044232
v -0.023278 1.535656 -3.047834
v -0.022124 1.496084 -3.050612
v -0.019183 1.525041 -3.072187
v -0.029318 1.557432 -3.093266
v -0.030227 1.542267 -3.132165
v -0.019462 1.534668 -3.090902
v -0.026625 1.536256 -3.131646
v -0.011679 1.491096 -3.068816
v -0.018138 1.525030 -3.058529
v -0.007141 1.490525 -3.073676
v -0.016984 1.527633 -3.083724
v -0.015726 1.500035 -3.097640
v -0.019366 1.527770 -3.073969
v -0.017197 1.502895 -3.103083
v -0.019303 1.535932 -3.096248
v -0.052170 1.594523 -3.047390
v -0.036601 1.569515 -3.075031
v -0.053939 1.589360 -3.041190
v -0.034979 1.557683 -3.049770
v -0.046859 1.585815 -3.106643
v -0.029713 1.556289 -3.094176
v -0.049503 1.588282 -3.101247
v -0.036093 1.568512 -3.073174
v -0.055222 1.600057 -3.080485
v -0.036022 1.572783 -3.086154
v -0.055539 1.600157 -3.074027
v -0.037923 1.572655 -3.063593
v -0.034081 1.568204 -3.091311
v -0.034905 1.572661 -3.125721
v -0.023632 1.547257 -3.103319
v -0.032998 1.566178 -3.129025
v -0.020239 1.517311 -3.130427
v -0.016758 1.527861 -3.093133
v -0.021605 1.522629 -3.133473
v -0.021575 1.546888 -3.103966
v -0.035892 1.557497 -3.029253
v -0.042036 1.571740 -3.039759
v -0.023307 1.528057 -3.034817
v -0.033688 1.547325 -3.032968
v -0.020222 1.516616 -3.040847
v -0.022914 1.529923 -3.029383
v -0.022823 1.523135 -3.045255
v -0.018203 1.513807 -3.066136
v -0.028992 1.553330 -3.106277
v -0.019178 1.534801 -3.104322
v -0.016277 1.513445 -3.061972
v -0.009893 1.512553 -3.082764
v -0.014222 1.516223 -3.080151
v -0.018919 1.525903 -3.098185
v -0.043625 1.581340 -3.065999
v -0.038317 1.571438 -3.048833
v -0.034278 1.569216 -3.101706
v -0.042598 1.577101 -3.084853
v -0.042629 1.582836 -3.084572
v -0.043590 1.583186 -3.065351
v -0.033543 1.572022 -3.102581
v -0.026936 1.553060 -3.113359
v -0.016890 1.523181 -3.105566
v -0.021162 1.539815 -3.115094
v -0.040296 1.578103 -3.056490
v -0.043422 1.624779 -3.057307
v -0.038502 1.579712 -3.079958
v -0.042782 1.625645 -3.066762
v -0.039663 1.599718 -3.054973
v -0.038140 1.601286 -3.075555
v -0.040242 1.588624 -3.078311
v -0.041971 1.587057 -3.055690
v -0.037397 1.569956 -3.048465
v -0.049717 1.611609 -3.041742
v -0.039690 1.579294 -3.071843
v -0.053190 1.613116 -3.049822
v -0.042293 1.588075 -3.044388
v -0.048605 1.591795 -3.061338
v -0.040052 1.578928 -3.065553
v -0.048461 1.618322 -3.076591
v -0.036165 1.574887 -3.088509
v -0.047462 1.617359 -3.086679
v -0.044893 1.592612 -3.068611
v -0.041996 1.591014 -3.088296
v -0.040085 1.581244 -3.073516
v -0.042520 1.623941 -3.092686
v -0.035118 1.573767 -3.095332
v -0.040359 1.620798 -3.101478
v -0.039304 1.602153 -3.080575
v -0.034845 1.595463 -3.099707
v -0.036804 1.582568 -3.097580
v -0.041592 1.589737 -3.076550
v -0.035122 1.574808 -3.094212
v -0.027763 1.602143 -3.131426
v -0.027730 1.557497 -3.107898
v -0.024640 1.594731 -3.136930
v -0.029980 1.588986 -3.109982
v -0.023459 1.573551 -3.121977
v -0.027147 1.563977 -3.114361
v -0.034298 1.580833 -3.101173
v -0.037405 1.576770 -3.080440
v -0.041775 1.606922 -3.108139
v -0.031669 1.564657 -3.101943
v -0.039863 1.602070 -3.116086
v -0.042353 1.588452 -3.091332
v -0.037657 1.578992 -3.107753
v -0.031960 1.568026 -3.101564
v -0.028728 1.577879 -3.141965
v -0.023317 1.547655 -3.107606
v -0.025325 1.568728 -3.145558
v -0.033009 1.572093 -3.116017
v -0.025437 1.554929 -3.123034
v -0.028327 1.562210 -3.105011
v -0.015348 1.569145 -3.147115
v -0.020651 1.540865 -3.107745
v -0.010596 1.561179 -3.148109
v -0.021919 1.566733 -3.123634
v -0.011597 1.549680 -3.125808
v -0.018207 1.543849 -3.116207
v -0.025605 1.564427 -3.113571
v -0.021318 1.544645 -3.108107
v -0.002627 1.530419 -3.139989
v -0.013410 1.525572 -3.100065
v -0.001389 1.522082 -3.136851
v -0.011870 1.542152 -3.122179
v -0.009197 1.523865 -3.115338
v -0.018221 1.537251 -3.107316
v -0.009291 1.513239 -3.139358
v -0.011969 1.520466 -3.093341
v -0.006801 1.505296 -3.133943
v -0.017111 1.528963 -3.119649
v -0.011349 1.513489 -3.109115
v -0.015650 1.531193 -3.102255
v 0.005073 1.503217 -3.130734
v -0.011310 1.516448 -3.085323
v 0.008584 1.498117 -3.124003
v -0.005623 1.519076 -3.115968
v 0.001878 1.507685 -3.101293
v -0.007712 1.511828 -3.092392
v -0.011895 1.526013 -3.108710
v -0.009506 1.518422 -3.090865
v 0.013669 1.481954 -3.097369
v -0.011962 1.511683 -3.068571
v 0.012741 1.479330 -3.088398
v 0.003382 1.502631 -3.094862
v 0.001323 1.496863 -3.075322
v -0.007449 1.504704 -3.071731
v -0.005186 1.511073 -3.093212
v -0.014158 1.526703 -3.099060
v 0.000008 1.489575 -3.112371
v -0.012207 1.515868 -3.076607
v 0.000461 1.485283 -3.103102
v -0.011734 1.511493 -3.105899
v -0.009750 1.502714 -3.086679
v -0.009972 1.514692 -3.077633
v 0.006711 1.479831 -3.073065
v -0.013680 1.514455 -3.054306
v 0.005033 1.478780 -3.062845
v -0.005442 1.501323 -3.077642
v -0.007850 1.499531 -3.057422
v -0.010277 1.512994 -3.066648
v 0.010159 1.479426 -3.051327
v -0.015624 1.518274 -3.044320
v 0.008492 1.481582 -3.042248
v -0.000318 1.497424 -3.061210
v -0.003868 1.502250 -3.041449
v -0.012276 1.511000 -3.043461
v -0.008374 1.505654 -3.065180
v -0.014483 1.516395 -3.048915
v -0.002757 1.490024 -3.015239
v -0.020795 1.530647 -3.031797
v -0.005377 1.495601 -3.008336
v -0.007588 1.503444 -3.033969
v -0.013297 1.515694 -3.018944
v -0.018966 1.523991 -3.038663
v -0.013761 1.514129 -2.993933
v -0.026948 1.543592 -3.030573
v -0.017024 1.521932 -2.990670
v -0.013666 1.518892 -3.018257
v -0.020666 1.536023 -3.011159
v -0.025641 1.539893 -3.022264
v -0.017948 1.521021 -3.030064
v -0.026974 1.540627 -3.031077
v -0.027351 1.553362 -2.986461
v -0.034212 1.561709 -3.035414
v -0.030253 1.561870 -2.988208
v -0.024500 1.545809 -3.010087
v -0.030823 1.564342 -3.013891
v -0.034075 1.562470 -3.026122
v -0.027104 1.542140 -3.021941
v -0.022104 1.531363 -3.037607
v -0.022411 1.533082 -2.992899
v -0.031623 1.553420 -3.033344
v -0.026860 1.541947 -2.992037
v -0.024279 1.528192 -3.019677
v -0.032507 1.547031 -3.017756
v -0.028888 1.547321 -3.030837
v -0.040155 1.568888 -2.997793
v -0.036106 1.564615 -3.044126
v -0.040925 1.578018 -3.002230
v -0.037126 1.553494 -3.019396
v -0.037638 1.571486 -3.027845
v -0.032273 1.555406 -3.033674
v -0.037748 1.582114 -2.996438
v -0.039009 1.573518 -3.046041
v -0.040491 1.589524 -3.001416
v -0.032189 1.567300 -3.015575
v -0.038131 1.583358 -3.026419
v -0.039943 1.577344 -3.037589
v -0.033437 1.559822 -3.025669
v -0.035396 1.562020 -3.039644
v -0.044431 1.591363 -3.016333
v -0.038679 1.575402 -3.056645
v -0.046568 1.597578 -3.023111
v -0.041196 1.572137 -3.030338
v -0.044267 1.584076 -3.042680
v -0.037544 1.568263 -3.042338
v -0.038501 1.608115 -3.020304
v -0.040015 1.580691 -3.061988
v -0.039612 1.613334 -3.028215
v -0.035341 1.586519 -3.030854
v -0.037525 1.597497 -3.048084
v -0.040305 1.587782 -3.055980
v -0.037906 1.575722 -3.037040
v -0.000978 1.513444 -3.077372
v -0.004969 1.513611 -3.053800
v 0.010351 1.493295 -3.077764
v 0.009845 1.495403 -3.053058
v 0.019662 1.461482 -3.066753
v 0.020500 1.463347 -3.057429
v 0.014697 1.483119 -3.054587
v 0.014971 1.481389 -3.074327
v -0.001792 1.513740 -3.082364
v -0.004706 1.512493 -3.065489
v 0.011828 1.496202 -3.084578
v 0.012669 1.496127 -3.066831
v 0.024545 1.468657 -3.079646
v 0.025938 1.469415 -3.072888
v 0.018665 1.485795 -3.069058
v 0.017854 1.485821 -3.083238
v -0.001757 1.517813 -3.088066
v -0.002911 1.510493 -3.070529
v 0.009349 1.501016 -3.098407
v 0.011244 1.496094 -3.082122
v 0.019688 1.471354 -3.107559
v 0.021397 1.470161 -3.099376
v 0.016427 1.484813 -3.089541
v 0.014796 1.488664 -3.104179
v -0.004303 1.518811 -3.093215
v -0.003704 1.512698 -3.078492
v 0.011478 1.505537 -3.108049
v 0.016049 1.500511 -3.089850
v 0.022666 1.479365 -3.119872
v 0.025345 1.478603 -3.112859
v 0.019741 1.491460 -3.099413
v 0.015954 1.495372 -3.113931
v -0.002488 1.524513 -3.101452
v -0.003193 1.514987 -3.084466
v 0.009757 1.505500 -3.115904
v 0.011202 1.502454 -3.099052
v 0.019020 1.469228 -3.119554
v 0.020660 1.469197 -3.111543
v 0.016045 1.491364 -3.105861
v 0.014835 1.493641 -3.118769
v -0.005691 1.527752 -3.104026
v -0.005443 1.518345 -3.092227
v 0.007017 1.517019 -3.119978
v 0.010861 1.508708 -3.107702
v 0.021675 1.497065 -3.136821
v 0.024157 1.494756 -3.131906
v 0.016383 1.502597 -3.117377
v 0.013093 1.509039 -3.127161
v -0.006862 1.534426 -3.104098
v -0.006349 1.516911 -3.097304
v 0.003422 1.529560 -3.128348
v 0.007636 1.512665 -3.119940
v 0.012890 1.511711 -3.162694
v 0.015765 1.505083 -3.158292
v 0.011629 1.510219 -3.134721
v 0.008131 1.523649 -3.141462
v -0.026441 1.575926 -3.101240
v -0.024441 1.562181 -3.108244
v -0.021158 1.591869 -3.122287
v -0.015098 1.579136 -3.129237
v -0.018894 1.604405 -3.153902
v -0.015246 1.599736 -3.155959
v -0.014118 1.586212 -3.137600
v -0.019166 1.596538 -3.132050
v -0.010894 1.546085 -3.111306
v -0.007825 1.526379 -3.103640
v -0.001745 1.541866 -3.136429
v 0.005102 1.523226 -3.127569
v -0.000326 1.523228 -3.170887
v 0.003351 1.517001 -3.166750
v 0.007434 1.521078 -3.142442
v 0.001813 1.535802 -3.149524
v -0.014077 1.551156 -3.112417
v -0.011546 1.534173 -3.108471
v -0.004556 1.551498 -3.132758
v 0.001343 1.535024 -3.128519
v 0.006781 1.543107 -3.159316
v 0.009953 1.537338 -3.157269
v 0.004987 1.535442 -3.140332
v 0.000162 1.548576 -3.143708
v -0.018485 1.559860 -3.110265
v -0.011018 1.539489 -3.110375
v -0.012396 1.564204 -3.136401
v -0.001345 1.545487 -3.135692
v -0.004929 1.556267 -3.176152
v 0.000250 1.550050 -3.175066
v 0.000104 1.547761 -3.150928
v -0.008838 1.562629 -3.151503
v -0.014504 1.577540 -3.141992
v -0.004005 1.565719 -3.142559
v -0.002779 1.573843 -3.160260
v -0.008479 1.578554 -3.160516
v -0.005418 1.561137 -3.129951
v -0.018428 1.575858 -3.129247
v -0.013947 1.548072 -3.110084
v -0.023643 1.564623 -3.107141
v -0.023706 1.568837 -3.104547
v -0.021086 1.556135 -3.110553
v -0.015179 1.581982 -3.126767
v -0.010367 1.571319 -3.130062
v -0.009962 1.588504 -3.165197
v -0.006718 1.583987 -3.165894
v -0.008313 1.578343 -3.144687
v -0.012100 1.586455 -3.142161
v -0.029390 1.583737 -3.093543
v -0.027215 1.566360 -3.104576
v -0.028179 1.600755 -3.116303
v -0.021918 1.584285 -3.128709
v -0.031564 1.613929 -3.153819
v -0.027817 1.608116 -3.158341
v -0.023206 1.593775 -3.140601
v -0.028468 1.607169 -3.130647
v -0.031608 1.584503 -3.089855
v -0.028042 1.571135 -3.102548
v -0.024823 1.603052 -3.102595
v -0.024896 1.590464 -3.116200
v -0.025844 1.622687 -3.134146
v -0.027615 1.618546 -3.139037
v -0.027375 1.603247 -3.126131
v -0.024587 1.612138 -3.116559
v -0.034294 1.585965 -3.080645
v -0.031674 1.577246 -3.097770
v -0.030972 1.610934 -3.090526
v -0.024265 1.603639 -3.107948
v -0.032564 1.643501 -3.114398
v -0.028447 1.640772 -3.120594
v -0.024538 1.617739 -3.112887
v -0.030244 1.623839 -3.098980
v -0.035024 1.587991 -3.072920
v -0.032557 1.581179 -3.091494
v -0.035393 1.611133 -3.080006
v -0.029200 1.604996 -3.098625
v -0.039358 1.641553 -3.098874
v -0.035540 1.639094 -3.105466
v -0.031385 1.618270 -3.102050
v -0.036624 1.623334 -3.087195
v -0.036068 1.585798 -3.067222
v -0.035039 1.582055 -3.082819
v -0.033489 1.612853 -3.071207
v -0.028433 1.610958 -3.086943
v -0.038179 1.652151 -3.085784
v -0.034942 1.652078 -3.091446
v -0.029413 1.626626 -3.088671
v -0.033615 1.627936 -3.076107
v -0.036948 1.584502 -3.055012
v -0.036074 1.584264 -3.075468
v -0.035372 1.612469 -3.051821
v -0.030466 1.614484 -3.072527
v -0.042022 1.654528 -3.058428
v -0.039062 1.656347 -3.066067
v -0.032203 1.630641 -3.069974
v -0.036130 1.628511 -3.053444
v -0.036964 1.579741 -3.045266
v -0.032185 1.585666 -3.067614
v -0.040992 1.603812 -3.035880
v -0.032630 1.611448 -3.057149
v -0.051686 1.642031 -3.036538
v -0.047683 1.645701 -3.044002
v -0.037285 1.624937 -3.051658
v -0.043907 1.618362 -3.034735
v -0.031170 1.579189 -3.045130
v -0.039043 1.583158 -3.054882
v -0.030169 1.600451 -3.033786
v -0.035755 1.608081 -3.046750
v -0.035756 1.630624 -3.020835
v -0.037082 1.634276 -3.026168
v -0.036383 1.618649 -3.037914
v -0.031973 1.612632 -3.028321
v -0.033214 1.573184 -3.037016
v -0.035391 1.582968 -3.053622
v -0.035366 1.595762 -3.020341
v -0.033439 1.605175 -3.034979
v -0.049215 1.628217 -3.003517
v -0.047343 1.633808 -3.009715
v -0.036871 1.616112 -3.024817
v -0.037997 1.606861 -3.015012
v -0.030890 1.570127 -3.035965
v -0.033115 1.577478 -3.043535
v -0.028326 1.585042 -3.012642
v -0.028057 1.598679 -3.024087
v -0.043589 1.604353 -2.990371
v -0.042269 1.609876 -2.994828
v -0.031218 1.605778 -3.011456
v -0.031453 1.594588 -3.002353
v -0.029649 1.560935 -3.027994
v -0.033063 1.577434 -3.042368
v -0.030522 1.575177 -3.005105
v -0.030182 1.593534 -3.019907
v -0.039979 1.603470 -2.979014
v -0.038576 1.610595 -2.984961
v -0.032488 1.600450 -3.006252
v -0.032883 1.585757 -2.994453
v -0.024160 1.550306 -3.025764
v -0.030685 1.569427 -3.036459
v -0.023688 1.561751 -2.999007
v -0.026352 1.583255 -3.010537
v -0.032992 1.586174 -2.964487
v -0.032546 1.594578 -2.969486
v -0.027823 1.588155 -2.994601
v -0.025812 1.570797 -2.985397
v -0.022987 1.546908 -3.025346
v -0.026185 1.559708 -3.028982
v -0.017997 1.549107 -2.997831
v -0.019166 1.570809 -3.002811
v -0.026282 1.561389 -2.960548
v -0.025396 1.569801 -2.962642
v -0.021113 1.571146 -2.986163
v -0.020316 1.553776 -2.982235
v -0.019863 1.537606 -3.027699
v -0.024325 1.557807 -3.027731
v -0.017732 1.537089 -3.001544
v -0.018523 1.558701 -3.001734
v -0.023075 1.545399 -2.962890
v -0.022045 1.553730 -2.963546
v -0.019005 1.557013 -2.986805
v -0.018503 1.539736 -2.986667
v -0.018050 1.535708 -3.028648
v -0.022893 1.547935 -3.026331
v -0.011612 1.532128 -3.004441
v -0.014059 1.548823 -3.000775
v -0.011854 1.534275 -2.968252
v -0.011583 1.540995 -2.967115
v -0.012247 1.546101 -2.987393
v -0.010408 1.532774 -2.990366
v -0.013254 1.530256 -3.032426
v -0.022345 1.543777 -3.025179
v -0.007979 1.524755 -3.004818
v -0.012778 1.539348 -3.002912
v -0.016205 1.525904 -2.961657
v -0.017160 1.533401 -2.961668
v -0.012129 1.536146 -2.988001
v -0.008550 1.524916 -2.989476
v -0.012853 1.524579 -3.035208
v -0.017761 1.539008 -3.028656
v -0.000458 1.516829 -3.010233
v -0.010766 1.528068 -3.005450
v -0.007890 1.508150 -2.974144
v -0.013235 1.510462 -2.972945
v -0.012993 1.519070 -2.991619
v -0.002947 1.512827 -2.993606
v -0.008554 1.518021 -3.043370
v -0.012704 1.526603 -3.034913
v 0.003509 1.502842 -3.024931
v 0.000965 1.517591 -3.010828
v 0.002084 1.485529 -2.995426
v 0.002419 1.491744 -2.990387
v 0.002935 1.507457 -3.000455
v 0.004833 1.495693 -3.011755
v -0.005387 1.514910 -3.050487
v -0.011681 1.526280 -3.031527
v 0.003384 1.496751 -3.037025
v 0.000421 1.509970 -3.017392
v 0.006823 1.474962 -3.005550
v 0.006748 1.480749 -2.998528
v 0.003718 1.498924 -3.009920
v 0.005951 1.488353 -3.025610
v -0.003724 1.515757 -3.056477
v -0.009261 1.517614 -3.041819
v 0.010615 1.498359 -3.050465
v 0.007342 1.502186 -3.030718
v 0.024717 1.474019 -3.030092
v 0.023938 1.477045 -3.022740
v 0.013327 1.492094 -3.027744
v 0.016892 1.487440 -3.042894
v -0.003944 1.513291 -3.065418
v -0.008452 1.517030 -3.048279
v 0.015058 1.496988 -3.060378
v 0.005236 1.498087 -3.045831
v 0.019622 1.465426 -3.049864
v 0.014936 1.463938 -3.045856
v 0.009070 1.480598 -3.045566
v 0.018047 1.482212 -3.054778
v -0.009548 1.522979 -3.038295
v -0.016049 1.531528 -3.029414
v -0.001667 1.509877 -3.019296
v -0.006590 1.521848 -3.006130
v -0.000467 1.495350 -2.987543
v -0.001287 1.500476 -2.982339
v -0.003797 1.513762 -2.996289
v 0.000083 1.504267 -3.006891
v 0.119626 0.450001 -2.824783
v 0.225884 0.427283 -3.002846
v 0.032236 0.566724 -2.892136
v 0.134495 0.532867 -3.077071
v 0.050883 0.525002 -2.840527
v 0.189243 0.503797 -3.065379
v 0.056991 0.553728 -2.946704
v 0.101768 0.542285 -3.021164
v 0.153206 0.505299 -3.010757
v 0.088290 0.521339 -2.899738
v 0.113808 0.490225 -2.955431
v 0.163938 0.429361 -2.915006
v 0.153322 0.443528 -2.881396
v 0.197122 0.439181 -2.951050
v 0.213865 0.347486 -2.887488
v 0.023704 0.545726 -3.014572
v 0.047365 0.544817 -3.000282
v -0.029497 0.522022 -3.040355
v -0.000216 0.537380 -3.027845
v 0.075345 0.530148 -2.986773
v 0.023540 0.540330 -3.014130
v 0.046142 0.539387 -3.000303
v 0.001522 0.532599 -3.026174
v 0.072449 0.528498 -2.983400
v -0.015982 0.520580 -3.034338
v -0.036388 0.507537 -3.037297
v -0.000853 0.535432 -3.024361
v 0.071286 0.531203 -2.979588
v 0.045313 0.542638 -2.997637
v 0.022102 0.543450 -3.011716
v -0.019243 0.523433 -3.032776
v -0.027163 0.508286 -3.047083
v 0.025169 0.542897 -3.017000
v 0.048316 0.541924 -3.002926
v 0.002119 0.534703 -3.029691
v -0.015867 0.522653 -3.038561
v -0.028419 0.492208 -3.044815
v -0.034699 0.492795 -3.037394
v -0.025674 0.503800 -3.033561
v -0.021662 0.502952 -3.040233
v 0.096763 0.494507 -2.834422
v 0.206401 0.456725 -3.036815
v 0.176574 0.401334 -2.857698
v 0.216724 0.386164 -2.951499
v 0.137158 0.457704 -2.936772
v -0.278863 0.488223 -2.945843
v -0.142917 0.535372 -2.798426
v -0.212570 0.594586 -3.041431
v -0.067266 0.630930 -2.892591
v -0.257590 0.546530 -3.025525
v -0.089025 0.613076 -2.837567
v -0.167439 0.601574 -3.001684
v -0.110451 0.618979 -2.939072
v -0.128481 0.593554 -2.884553
v -0.213835 0.566314 -2.975744
v -0.164408 0.557670 -2.930102
v -0.205458 0.501902 -2.877423
v -0.235756 0.504095 -2.899257
v -0.184094 0.527147 -2.840802
v -0.232091 0.425565 -2.817395
v -0.093370 0.605075 -3.013242
v -0.113539 0.605256 -2.994833
v -0.043665 0.576901 -3.049075
v -0.072260 0.596069 -3.029636
v -0.131627 0.594045 -2.968562
v -0.092678 0.599980 -3.012042
v -0.112090 0.600064 -2.994482
v -0.073398 0.591580 -3.027161
v -0.133520 0.591102 -2.971607
v -0.058226 0.579075 -3.037932
v -0.043567 0.564602 -3.054480
v -0.074890 0.593239 -3.030553
v -0.137195 0.592343 -2.974346
v -0.114920 0.602180 -2.996781
v -0.095063 0.601931 -3.014802
v -0.059224 0.580627 -3.042081
v -0.037459 0.569415 -3.042180
v -0.091036 0.603399 -3.010533
v -0.110837 0.603485 -2.992525
v -0.070757 0.594552 -3.026314
v -0.054787 0.582112 -3.037348
v -0.036826 0.553562 -3.040809
v -0.044961 0.550622 -3.048016
v -0.052735 0.561391 -3.042397
v -0.047659 0.563191 -3.036853
v -0.271313 0.526594 -2.976550
v -0.111333 0.567241 -2.816079
v -0.257164 0.463306 -2.872608
v -0.180096 0.480709 -2.808321
v -0.182509 0.528032 -2.904345
v 0.174486 0.527444 -3.208706
v -0.004001 0.520294 -3.309358
v 0.124582 0.656916 -3.127690
v -0.061751 0.640979 -3.224190
v 0.169648 0.607159 -3.145031
v -0.054845 0.608046 -3.276875
v 0.069376 0.649204 -3.150781
v -0.005469 0.644950 -3.193234
v -0.000707 0.604154 -3.242304
v 0.110745 0.609305 -3.180786
v 0.052124 0.583610 -3.203591
v 0.083188 0.515483 -3.249790
v 0.117827 0.525950 -3.240673
v 0.048507 0.527564 -3.282524
v 0.100745 0.432160 -3.293824
v 0.002831 0.650033 -3.116770
v 0.016225 0.646732 -3.140186
v -0.026025 0.630340 -3.061923
v -0.010656 0.644077 -3.092733
v 0.027144 0.629417 -3.167240
v 0.002628 0.644619 -3.116390
v 0.015585 0.641322 -3.138754
v -0.009621 0.639107 -3.094268
v 0.030293 0.627436 -3.164371
v -0.018677 0.628898 -3.076470
v -0.022520 0.618209 -3.054306
v -0.007474 0.641770 -3.092077
v 0.034356 0.629756 -3.163398
v 0.018587 0.644299 -3.138115
v 0.005379 0.647487 -3.115142
v -0.016751 0.631622 -3.073403
v -0.032837 0.619185 -3.063277
v 0.000101 0.647454 -3.118056
v 0.013285 0.644107 -3.140960
v -0.012816 0.641575 -3.094890
v -0.022551 0.631423 -3.076605
v -0.032299 0.603634 -3.062395
v -0.024237 0.603330 -3.056405
v -0.019737 0.612822 -3.066300
v -0.026424 0.612629 -3.070111
v 0.170958 0.573553 -3.188622
v -0.033131 0.555417 -3.291616
v 0.135697 0.481417 -3.261184
v 0.041671 0.474193 -3.298306
v 0.065886 0.547469 -3.224973
v -0.037845 0.727858 -2.814684
v 0.140786 0.719373 -2.878444
v -0.069327 0.822457 -2.908798
v 0.111558 0.813522 -2.980529
v -0.082404 0.784741 -2.863804
v 0.145654 0.788487 -2.941932
v -0.019485 0.817244 -2.933264
v 0.055676 0.815615 -2.959938
v 0.088836 0.784243 -2.924476
v -0.021817 0.787233 -2.883752
v 0.030551 0.766084 -2.909018
v 0.046527 0.715838 -2.852577
v 0.018844 0.725830 -2.835003
v 0.090003 0.726428 -2.858614
v 0.069000 0.650801 -2.802922
v -0.003082 0.815350 -3.000460
v 0.005354 0.814058 -2.976783
v -0.023526 0.794243 -3.052209
v -0.011466 0.808304 -3.024067
v 0.018480 0.801024 -2.951875
v -0.002974 0.810530 -3.000532
v 0.004990 0.809252 -2.977795
v -0.010786 0.803954 -3.022144
v 0.014659 0.799202 -2.951286
v -0.017319 0.793284 -3.038590
v -0.029735 0.781569 -3.053411
v -0.013742 0.806234 -3.022104
v 0.011414 0.801191 -2.949152
v 0.002590 0.811837 -2.976240
v -0.005644 0.813020 -2.999514
v -0.020724 0.795579 -3.039294
v -0.016824 0.783175 -3.055125
v -0.000411 0.813119 -3.001457
v 0.007796 0.811790 -2.978233
v -0.008533 0.806163 -3.024145
v -0.014968 0.795493 -3.041419
v -0.017534 0.767854 -3.054374
v -0.027438 0.767731 -3.051541
v -0.023255 0.777871 -3.044197
v -0.016536 0.777768 -3.046576
v -0.051387 0.761895 -2.833951
v 0.144799 0.745714 -2.913335
v 0.023800 0.692810 -2.804821
v 0.106807 0.682530 -2.847307
v 0.038495 0.738827 -2.883094
v -0.222598 0.838426 -3.165210
v -0.237062 0.849264 -2.997068
v -0.111096 0.903644 -3.159988
v -0.122806 0.902520 -2.986784
v -0.152219 0.875940 -3.186258
v -0.171338 0.894316 -2.973269
v -0.111496 0.899736 -3.110407
v -0.118213 0.901871 -3.039672
v -0.165791 0.887081 -3.025468
v -0.157425 0.882934 -3.130118
v -0.162195 0.866493 -3.077173
v -0.225554 0.835449 -3.082141
v -0.226903 0.842706 -3.111925
v -0.233052 0.850609 -3.045890
v -0.289553 0.791795 -3.075876
v -0.065874 0.885367 -3.071596
v -0.087536 0.890598 -3.073804
v -0.025671 0.854412 -3.066973
v -0.046623 0.872900 -3.069056
v -0.115056 0.886488 -3.072381
v -0.067196 0.881220 -3.071316
v -0.087932 0.886189 -3.073580
v -0.049548 0.869699 -3.069100
v -0.114674 0.884527 -3.075611
v -0.037406 0.855965 -3.067648
v -0.024899 0.841488 -3.070970
v -0.047901 0.871233 -3.071567
v -0.114610 0.886260 -3.079105
v -0.087556 0.888440 -3.076192
v -0.066340 0.883224 -3.073937
v -0.035057 0.857252 -3.070240
v -0.028040 0.844600 -3.059941
v -0.066674 0.883590 -3.068991
v -0.087889 0.888653 -3.071239
v -0.048194 0.871473 -3.066598
v -0.035474 0.857601 -3.064797
v -0.030073 0.830900 -3.059425
v -0.029878 0.829341 -3.068887
v -0.035031 0.840586 -3.069368
v -0.035572 0.841103 -3.063066
v -0.193102 0.864799 -3.171374
v -0.204399 0.865202 -2.982563
v -0.261453 0.819102 -3.116113
v -0.259335 0.818570 -3.032523
v -0.192594 0.848836 -3.078860
v 0.190184 0.793370 -3.069235
v 0.129125 0.822134 -3.220647
v 0.113895 0.887518 -3.021166
v 0.045096 0.911481 -3.174626
v 0.152632 0.847000 -3.018742
v 0.077313 0.894348 -3.209641
v 0.090868 0.891205 -3.063882
v 0.065016 0.903152 -3.127360
v 0.094228 0.879123 -3.162621
v 0.133399 0.860771 -3.069192
v 0.108918 0.850163 -3.116933
v 0.154022 0.798977 -3.141933
v 0.170826 0.802812 -3.117242
v 0.148328 0.818240 -3.176882
v 0.189131 0.731747 -3.173655
v 0.031804 0.892568 -3.075884
v 0.052119 0.892783 -3.084146
v -0.013591 0.872492 -3.060826
v 0.011429 0.884971 -3.069073
v 0.073186 0.882807 -3.098495
v 0.031669 0.888253 -3.076792
v 0.051181 0.888320 -3.084623
v 0.013019 0.881225 -3.070453
v 0.073799 0.880407 -3.095570
v -0.001296 0.870966 -3.066086
v -0.015046 0.858678 -3.057333
v 0.013183 0.882728 -3.067546
v 0.075791 0.881660 -3.092531
v 0.052651 0.890255 -3.082184
v 0.032679 0.890020 -3.074124
v -0.001713 0.872393 -3.062743
v -0.016016 0.862901 -3.068966
v 0.030817 0.891035 -3.078511
v 0.050744 0.891145 -3.086570
v 0.011235 0.883591 -3.071935
v -0.003753 0.873349 -3.067595
v -0.016522 0.849561 -3.069097
v -0.012961 0.847598 -3.061293
v -0.006548 0.856659 -3.063548
v -0.008840 0.857793 -3.069207
v 0.176404 0.827636 -3.050599
v 0.100625 0.851680 -3.217930
v 0.193562 0.766972 -3.128280
v 0.153588 0.775578 -3.199211
v 0.129507 0.823183 -3.129606
v 0.058132 0.997814 -2.889334
v 0.159164 1.014537 -2.996367
v -0.005149 1.083750 -2.933648
v 0.095035 1.097034 -3.047207
v 0.005372 1.047321 -2.901171
v 0.134532 1.078688 -3.034310
v 0.021064 1.084997 -2.968433
v 0.063606 1.092245 -3.013282
v 0.101930 1.068117 -3.002858
v 0.039859 1.056932 -2.935819
v 0.068698 1.045377 -2.973717
v 0.103592 0.999213 -2.946230
v 0.090125 1.003660 -2.923283
v 0.130752 1.013684 -2.964204
v 0.140364 0.940437 -2.928850
v 0.008720 1.086787 -3.020958
v 0.023055 1.086028 -3.007552
v -0.022270 1.067849 -3.054273
v -0.004826 1.080840 -3.034932
v 0.042136 1.075835 -2.995804
v 0.009194 1.082882 -3.021395
v 0.022875 1.082047 -3.008481
v -0.003296 1.077373 -3.034144
v 0.039877 1.073872 -2.994200
v -0.012728 1.068726 -3.044092
v -0.025907 1.057699 -3.052790
v -0.005519 1.078881 -3.032924
v 0.038216 1.075123 -2.991441
v 0.021540 1.083883 -3.006375
v 0.007494 1.084595 -3.019577
v -0.015527 1.070200 -3.043181
v -0.019985 1.061723 -3.058214
v 0.010406 1.085284 -3.022743
v 0.024428 1.084454 -3.009576
v -0.002645 1.079444 -3.036160
v -0.012306 1.070832 -3.046667
v -0.018851 1.048102 -3.059005
v -0.023757 1.047675 -3.053404
v -0.017579 1.056138 -3.047359
v -0.013784 1.056894 -3.051355
v 0.039364 1.028396 -2.893757
v 0.147593 1.040492 -3.018608
v 0.106445 0.972354 -2.908632
v 0.149102 0.976048 -2.968016
v 0.085614 1.020856 -2.961652
v -0.171437 1.018356 -2.935922
v -0.037308 1.024074 -2.868176
v -0.145132 1.108338 -2.999475
v -0.005139 1.112986 -2.934713
v -0.174055 1.071386 -2.984483
v -0.006101 1.089341 -2.895385
v -0.103612 1.107704 -2.984309
v -0.047425 1.111095 -2.955605
v -0.046461 1.082321 -2.918863
v -0.130055 1.077363 -2.960284
v -0.085032 1.063717 -2.945088
v -0.102807 1.015300 -2.908678
v -0.128895 1.020733 -2.914423
v -0.076910 1.026116 -2.886196
v -0.111180 0.956896 -2.873677
v -0.056266 1.112966 -3.011412
v -0.065039 1.109912 -2.993770
v -0.034158 1.099509 -3.053498
v -0.046743 1.109282 -3.029353
v -0.070856 1.097102 -2.973294
v -0.055722 1.109056 -3.011602
v -0.064213 1.106049 -2.994744
v -0.047071 1.105608 -3.028109
v -0.073096 1.095416 -2.975255
v -0.040253 1.098501 -3.041270
v -0.037057 1.090589 -3.057554
v -0.048908 1.107355 -3.029688
v -0.076261 1.096762 -2.975875
v -0.066644 1.107952 -2.995166
v -0.057983 1.110904 -3.012476
v -0.041955 1.100307 -3.043495
v -0.027877 1.091236 -3.052621
v -0.054042 1.111327 -3.010515
v -0.062676 1.108260 -2.993253
v -0.044910 1.107652 -3.027801
v -0.037609 1.100623 -3.041338
v -0.028836 1.080162 -3.052099
v -0.035248 1.079326 -3.054471
v -0.038764 1.086621 -3.048586
v -0.033750 1.086985 -3.046015
v -0.171706 1.049298 -2.951840
v -0.018258 1.050278 -2.882930
v -0.139482 0.989636 -2.897638
v -0.069202 0.988997 -2.873544
v -0.092414 1.038033 -2.928214
v 0.086882 1.048053 -3.197119
v -0.040187 1.033264 -3.236695
v 0.056193 1.121388 -3.128395
v -0.073861 1.095954 -3.164967
v 0.086527 1.095303 -3.149273
v -0.074478 1.079652 -3.201756
v 0.018777 1.111636 -3.135895
v -0.034212 1.102909 -3.152807
v -0.034923 1.081058 -3.187612
v 0.043943 1.092435 -3.163637
v 0.005898 1.071653 -3.172030
v 0.024122 1.034351 -3.211549
v 0.046485 1.043792 -3.209625
v -0.003634 1.041016 -3.226344
v 0.034665 0.982383 -3.249397
v -0.018199 1.103547 -3.105063
v -0.012912 1.103945 -3.122015
v -0.026638 1.086326 -3.067924
v -0.022614 1.097191 -3.088405
v -0.008485 1.095535 -3.141983
v -0.017783 1.100068 -3.105203
v -0.012622 1.100405 -3.121425
v -0.021739 1.094191 -3.089898
v -0.005903 1.094490 -3.140748
v -0.023885 1.085765 -3.078136
v -0.021845 1.077155 -3.065049
v -0.020305 1.096018 -3.088603
v -0.003406 1.096316 -3.140517
v -0.010904 1.102569 -3.121211
v -0.016126 1.102126 -3.104574
v -0.022466 1.087565 -3.076251
v -0.030896 1.077895 -3.068713
v -0.019875 1.101677 -3.105697
v -0.014644 1.102016 -3.122298
v -0.024066 1.095462 -3.089664
v -0.026574 1.086990 -3.077495
v -0.028702 1.066646 -3.069558
v -0.021999 1.067011 -3.067474
v -0.021578 1.074707 -3.072764
v -0.026338 1.074105 -3.074270
v 0.083854 1.076439 -3.179828
v -0.058716 1.051047 -3.218351
v 0.058092 1.017311 -3.229147
v -0.006328 1.006656 -3.240222
v 0.014292 1.051550 -3.190562
v 0.096096 1.272037 -3.009666
v 0.092022 1.268402 -3.124597
v 0.026077 1.327245 -3.010063
v 0.019485 1.314028 -3.127112
v 0.053573 1.307292 -2.993173
v 0.050178 1.304280 -3.139189
v 0.021886 1.321325 -3.043049
v 0.020719 1.317407 -3.091202
v 0.050199 1.302946 -3.103126
v 0.052942 1.307678 -3.031848
v 0.050353 1.292383 -3.066331
v 0.090492 1.264213 -3.065459
v 0.094698 1.271284 -3.046146
v 0.093735 1.272590 -3.091555
v 0.128191 1.223510 -3.071656
v -0.013095 1.312961 -3.064597
v 0.002038 1.314755 -3.065135
v -0.045551 1.295294 -3.062278
v -0.027363 1.306321 -3.063752
v 0.019982 1.309734 -3.067766
v -0.012647 1.310159 -3.064486
v 0.001860 1.311874 -3.064922
v -0.025663 1.303932 -3.063664
v 0.019829 1.308664 -3.065400
v -0.035028 1.295767 -3.062595
v -0.044873 1.287320 -3.058492
v -0.026443 1.305298 -3.062015
v 0.020217 1.310093 -3.063197
v 0.002053 1.313532 -3.063355
v -0.012801 1.311713 -3.062856
v -0.036284 1.297051 -3.060792
v -0.045227 1.288532 -3.066684
v -0.012953 1.311560 -3.066233
v 0.001882 1.313292 -3.066720
v -0.026638 1.305049 -3.065390
v -0.036433 1.296819 -3.064501
v -0.042529 1.278844 -3.065455
v -0.042336 1.278943 -3.059143
v -0.037727 1.285861 -3.059934
v -0.037853 1.285659 -3.064248
v 0.078944 1.294717 -3.005246
v 0.070470 1.282277 -3.132899
v 0.116034 1.250047 -3.044152
v 0.106941 1.245034 -3.100096
v 0.069357 1.277316 -3.066045
v -0.196305 1.248046 -3.097811
v -0.181667 1.259783 -2.982399
v -0.146919 1.323159 -3.112936
v -0.127495 1.332476 -2.994869
v -0.168239 1.291334 -3.123332
v -0.152833 1.314544 -2.977437
v -0.138486 1.324071 -3.079590
v -0.132477 1.329130 -3.031081
v -0.155129 1.306690 -3.013258
v -0.164795 1.298512 -3.084812
v -0.154531 1.289125 -3.048494
v -0.183734 1.249075 -3.041688
v -0.191679 1.252124 -3.061225
v -0.187427 1.259268 -3.015793
v -0.207274 1.201472 -3.029321
v -0.100350 1.329103 -3.061172
v -0.115522 1.326779 -3.059002
v -0.066119 1.320178 -3.064921
v -0.084540 1.326208 -3.062745
v -0.131019 1.316752 -3.053331
v -0.099916 1.326045 -3.060762
v -0.114454 1.323714 -3.058753
v -0.085421 1.323361 -3.062279
v -0.130696 1.315275 -3.055562
v -0.073835 1.317925 -3.063380
v -0.063122 1.311366 -3.067677
v -0.085236 1.324628 -3.064212
v -0.131709 1.316236 -3.057915
v -0.115284 1.325141 -3.060569
v -0.100376 1.327407 -3.062663
v -0.073176 1.319222 -3.065515
v -0.063537 1.313852 -3.059261
v -0.099925 1.327905 -3.059291
v -0.114788 1.325552 -3.057197
v -0.084710 1.325033 -3.060831
v -0.072672 1.319669 -3.061795
v -0.061484 1.304255 -3.059414
v -0.061836 1.303395 -3.065679
v -0.068257 1.308748 -3.065013
v -0.067733 1.309283 -3.060688
v -0.187493 1.272878 -3.106407
v -0.165073 1.282138 -2.977895
v -0.205699 1.226367 -3.059223
v -0.190424 1.229349 -3.003551
v -0.167659 1.268057 -3.044697
v 0.037272 1.294052 -3.151021
v -0.049960 1.285212 -3.191330
v 0.012294 1.342112 -3.105500
v -0.078335 1.331309 -3.144058
v 0.034343 1.324394 -3.117219
v -0.075989 1.318847 -3.170187
v -0.014225 1.337476 -3.114427
v -0.050852 1.334106 -3.131576
v -0.049092 1.318329 -3.156245
v 0.005316 1.323517 -3.131574
v -0.022029 1.310810 -3.141040
v -0.006490 1.285623 -3.167257
v 0.009539 1.291597 -3.163783
v -0.024671 1.290107 -3.180479
v 0.003584 1.252862 -3.193576
v -0.044006 1.334537 -3.095954
v -0.038574 1.334216 -3.107536
v -0.054597 1.323570 -3.069669
v -0.049083 1.330693 -3.084427
v -0.033918 1.327925 -3.121258
v -0.042250 1.333927 -3.097945
v -0.036984 1.333601 -3.109019
v -0.048462 1.328547 -3.085372
v -0.032251 1.327121 -3.120113
v -0.051539 1.323001 -3.077088
v -0.051970 1.317185 -3.066869
v -0.047474 1.329758 -3.084329
v -0.030399 1.328247 -3.119725
v -0.037289 1.333188 -3.106750
v -0.042645 1.333459 -3.095387
v -0.050622 1.324217 -3.075626
v -0.057885 1.317651 -3.071283
v -0.045235 1.333334 -3.096549
v -0.039880 1.332988 -3.107885
v -0.050082 1.329551 -3.085448
v -0.053459 1.323992 -3.076908
v -0.056863 1.310225 -3.071112
v -0.051832 1.310213 -3.068862
v -0.050951 1.315282 -3.072895
v -0.054225 1.315025 -3.074427
v 0.034308 1.312409 -3.139078
v -0.064357 1.297686 -3.180104
v 0.019082 1.274802 -3.176509
v -0.025998 1.267983 -3.190542
v -0.015006 1.297145 -3.153257
v -0.213929 0.274860 -2.960185
v -0.113430 0.275934 -2.864608
v -0.162933 0.357983 -3.014148
v -0.056971 0.351531 -2.919347
v -0.197331 0.326392 -3.006467
v -0.071409 0.333021 -2.883562
v -0.130744 0.353612 -2.989456
v -0.088703 0.352799 -2.949118
v -0.101486 0.328584 -2.914718
v -0.164397 0.329523 -2.973612
v -0.130723 0.312187 -2.947174
v -0.161028 0.268973 -2.917463
v -0.182010 0.275656 -2.929890
v -0.143320 0.279077 -2.891291
v -0.180789 0.217481 -2.884284
v -0.081596 0.349863 -3.000685
v -0.094294 0.349891 -2.987388
v -0.052806 0.332086 -3.031122
v -0.069133 0.343426 -3.013640
v -0.106553 0.340473 -2.970205
v -0.081633 0.346102 -3.000471
v -0.093874 0.346023 -2.987787
v -0.070270 0.340170 -3.012420
v -0.108239 0.338927 -2.972437
v -0.061897 0.331481 -3.021710
v -0.054903 0.322262 -3.035128
v -0.071211 0.341856 -3.014411
v -0.110647 0.340537 -2.973925
v -0.095612 0.348084 -2.988934
v -0.083113 0.348026 -3.001965
v -0.062549 0.333131 -3.024241
v -0.048937 0.322598 -3.028593
v -0.080124 0.348143 -2.999192
v -0.092603 0.348085 -2.986191
v -0.068171 0.341847 -3.011681
v -0.059272 0.333137 -3.021181
v -0.048545 0.311751 -3.027707
v -0.054974 0.311437 -3.033481
v -0.060243 0.319621 -3.026895
v -0.056483 0.319649 -3.023292
v -0.206605 0.306352 -2.975871
v -0.090172 0.297999 -2.873816
v -0.198151 0.246603 -2.916137
v -0.142754 0.245801 -2.875965
v -0.144624 0.288845 -2.933096
v 0.097928 0.158093 -3.092292
v 0.016758 0.170093 -3.176815
v 0.062479 0.221759 -3.045365
v -0.023243 0.240082 -3.128366
v 0.087186 0.195555 -3.052220
v -0.012585 0.225171 -3.159229
v 0.035975 0.224123 -3.067194
v 0.002312 0.232792 -3.102338
v 0.010716 0.213683 -3.132373
v 0.061255 0.202274 -3.080812
v 0.031971 0.194384 -3.104850
v 0.054591 0.157354 -3.130326
v 0.072272 0.161097 -3.118965
v 0.041203 0.168587 -3.153109
v 0.070767 0.109308 -3.156040
v -0.005849 0.228305 -3.059091
v 0.005185 0.227052 -3.070021
v -0.034152 0.216933 -3.035666
v -0.017664 0.224442 -3.048841
v 0.014591 0.218748 -3.084791
v -0.006385 0.225342 -3.059501
v 0.004237 0.224067 -3.069926
v -0.017176 0.221730 -3.050048
v 0.015680 0.217154 -3.082958
v -0.025824 0.215494 -3.042953
v -0.032585 0.208196 -3.033001
v -0.016205 0.222820 -3.048239
v 0.017867 0.217963 -3.081552
v 0.005953 0.225340 -3.068792
v -0.004914 0.226539 -3.058086
v -0.025120 0.216598 -3.040699
v -0.036051 0.212205 -3.040475
v -0.007283 0.227272 -3.060492
v 0.003549 0.225981 -3.071181
v -0.018636 0.223442 -3.050617
v -0.027730 0.217257 -3.043356
v -0.037096 0.200256 -3.040769
v -0.033105 0.199842 -3.035689
v -0.029116 0.205831 -3.039224
v -0.032140 0.206548 -3.042393
v 0.093880 0.181039 -3.078532
v -0.000985 0.192591 -3.168971
v 0.084797 0.136459 -3.130043
v 0.039157 0.137820 -3.166337
v 0.041648 0.174857 -3.117393
v -0.031125 0.791832 -3.054674
v -0.031093 0.791884 -3.068957
v -0.016782 0.791958 -3.054589
v -0.016764 0.792004 -3.068934
v -0.023923 0.791957 -3.071608
v -0.014101 0.792005 -3.061730
v -0.033781 0.791834 -3.061831
v -0.023957 0.791885 -3.051968
v -0.004548 1.527322 -3.091073
v -0.023518 1.571900 -3.096441
v -0.010073 1.530367 -3.040898
v -0.027935 1.573507 -3.047491
v -0.020209 1.552419 -3.034639
v -0.029222 1.581132 -3.073056
v -0.002952 1.520412 -3.065614
v -0.012791 1.549004 -3.103589
v -0.003364 1.521691 -3.095906
v -0.010081 1.525389 -3.035111
v -0.016031 1.538006 -3.027897
v -0.022609 1.552341 -3.027201
v -0.027797 1.566509 -3.032331
v -0.033398 1.584809 -3.057700
v -0.033437 1.587060 -3.073876
v -0.030710 1.584239 -3.089650
v -0.001235 1.515067 -3.081599
v -0.001835 1.513087 -3.064974
v -0.004458 1.516754 -3.048475
v -0.019857 1.562916 -3.109019
v -0.013645 1.547885 -3.110835
v -0.007655 1.533419 -3.105437
v -0.026414 1.575749 -3.102336
v -0.031806 1.577783 -3.042979
v -0.001383 1.527625 -3.065835
v -0.003452 1.532906 -3.086710
v -0.007972 1.535404 -3.045262
v -0.009718 1.550960 -3.097486
v -0.019002 1.569648 -3.091282
v -0.015888 1.553191 -3.040696
v -0.022577 1.570816 -3.050929
v -0.023507 1.577044 -3.072195
v -0.010567 1.538419 -3.067429
v -0.011646 1.541000 -3.078328
v -0.014378 1.542455 -3.056096
v -0.015026 1.550883 -3.084157
v -0.019510 1.559453 -3.081243
v -0.017412 1.549824 -3.054376
v -0.021134 1.559772 -3.059978
v -0.021587 1.563039 -3.071715
vn 0.7519 -0.0281 -0.6587
vn 0.7487 0.1033 -0.6548
vn 0.6171 0.0561 0.7849
vn 0.6831 0.2923 0.6693
vn -0.6437 -0.0494 -0.7637
vn -0.6765 -0.2351 -0.6979
vn -0.7674 0.0127 0.6411
vn -0.6546 0.0077 0.7559
vn 0.6893 0.0245 -0.7241
vn -0.7096 -0.0237 0.7042
vn 0.6790 0.2918 0.6736
vn -0.6817 -0.2835 -0.6745
vn -0.7165 -0.1172 0.6877
vn 0.7150 0.1241 -0.6880
vn 0.6556 0.2042 0.7269
vn -0.6647 -0.1987 -0.7202
vn 0.7208 -0.3383 -0.6049
vn 0.5315 -0.2992 0.7925
vn -0.5709 0.3259 -0.7536
vn -0.7534 0.3824 0.5350
vn 0.4252 -0.6585 -0.6210
vn 0.2167 -0.6134 0.7595
vn -0.3196 0.5798 -0.7494
vn -0.5122 0.6219 0.5923
vn -0.1129 -0.7337 0.6700
vn -0.6566 0.4786 0.5830
vn 0.0269 -0.7451 -0.6664
vn -0.5548 0.4783 -0.6807
vn -0.7151 0.0255 0.6985
vn -0.7154 -0.0406 -0.6975
vn 0.6979 0.0475 0.7146
vn 0.7016 -0.0214 -0.7123
vn -0.6931 -0.0644 -0.7180
vn 0.6977 0.0740 0.7125
vn 0.7197 0.0719 -0.6906
vn -0.7079 -0.0586 0.7039
vn -0.6965 -0.0096 -0.7175
vn 0.7086 0.0162 0.7055
vn 0.7158 0.0245 -0.6978
vn -0.7078 -0.0141 0.7063
vn -0.7059 -0.0007 -0.7083
vn 0.7043 0.0033 0.7099
vn 0.7024 -0.0665 -0.7087
vn -0.7063 0.0695 0.7045
vn -0.9814 -0.1884 0.0374
vn 0.0524 -0.1099 -0.9926
vn -0.7191 -0.0198 0.6946
vn -0.7328 -0.0675 0.6771
vn -0.0960 0.0448 0.9944
vn 0.9942 0.0272 0.1036
vn 0.0441 0.2002 0.9788
vn -0.9951 -0.0162 -0.0970
vn 0.0631 -0.0591 -0.9963
vn 0.9665 0.2548 0.0292
vn 0.6880 0.0248 -0.7253
vn 0.6992 0.1635 0.6959
vn -0.6997 -0.1551 -0.6974
vn 0.0052 -0.1848 -0.9828
vn 0.9740 0.2236 -0.0377
vn -0.9760 -0.2167 0.0205
vn -0.0233 0.1879 0.9819
vn -0.7085 -0.1010 0.6984
vn 0.7184 0.0684 -0.6922
vn 0.6547 0.1631 0.7380
vn -0.6685 -0.1525 -0.7279
vn 0.0355 -0.0544 -0.9979
vn 0.9725 0.2313 0.0283
vn -0.9742 -0.2246 -0.0226
vn -0.0431 0.0598 0.9973
vn -0.1880 0.0447 0.9811
vn 0.8932 -0.4293 0.1340
vn -0.8533 0.5010 -0.1444
vn 0.0818 -0.0344 -0.9961
vn 0.7730 -0.1503 -0.6163
vn -0.6423 0.1009 -0.7598
vn -0.7906 0.1767 0.5863
vn 0.6071 -0.0543 0.7927
vn -0.1924 0.0249 0.9810
vn 0.4637 -0.8814 0.0901
vn -0.5527 0.8266 -0.1060
vn 0.0898 -0.0364 -0.9953
vn -0.4078 0.5245 -0.7474
vn -0.6126 0.5566 0.5612
vn 0.3211 -0.5317 0.7837
vn 0.5560 -0.5600 -0.6143
vn -0.4056 -0.1246 0.9055
vn 0.0834 -0.9965 0.0039
vn -0.7009 0.7116 -0.0495
vn -0.2404 -0.1255 -0.9625
vn 0.6965 0.0603 -0.7150
vn 0.6725 0.3173 0.6686
vn -0.6829 -0.2842 -0.6730
vn -0.6935 -0.0131 0.7204
vn -0.0120 -0.0455 -0.9989
vn 0.9998 0.0176 0.0017
vn -0.9999 -0.0116 0.0010
vn -0.0144 0.0501 0.9986
vn -0.6842 -0.1472 -0.7143
vn 0.6885 0.1597 0.7075
vn 0.7195 0.1180 -0.6844
vn -0.0071 0.0075 0.9999
vn -0.9960 -0.0889 -0.0082
vn 0.9948 0.1010 0.0147
vn 0.0214 0.0023 -0.9998
vn 0.0155 0.0082 -0.9998
vn 0.9996 0.0273 0.0044
vn -0.9998 -0.0182 -0.0082
vn 0.0014 -0.0008 1.0000
vn -0.0022 0.0508 0.9987
vn -0.9988 0.0480 -0.0046
vn 0.9990 -0.0454 0.0030
vn -0.0071 -0.0478 -0.9988
vn -0.0543 0.0635 0.9965
vn -0.9874 -0.1536 -0.0389
vn 0.9854 0.1667 0.0348
vn 0.0311 -0.0639 -0.9975
vn -0.0163 0.0993 0.9949
vn 0.0126 -0.1669 -0.9859
vn 0.9660 0.2570 -0.0298
vn -0.9749 -0.2196 0.0361
vn 0.0292 -0.0222 -0.9993
vn 0.9817 0.1899 0.0158
vn -0.9837 -0.1795 -0.0112
vn -0.0110 0.0404 0.9991
vn 0.0738 -0.0615 -0.9954
vn -0.1243 0.0585 0.9905
vn -0.9691 0.2094 -0.1305
vn 0.9815 -0.1286 0.1417
vn -0.6609 0.7405 -0.1219
vn -0.2145 0.0280 0.9763
vn 0.1061 -0.0149 -0.9942
vn 0.6376 -0.7608 0.1211
vn -0.0094 -0.0944 -0.9955
vn 0.9909 0.1327 -0.0234
vn -0.9923 -0.1238 -0.0035
vn -0.0119 0.2068 0.9783
vn -0.7882 0.1633 -0.5934
vn -0.8770 0.2696 0.3976
vn -0.5291 -0.7126 0.4607
vn -0.4195 -0.7745 -0.4734
vn -0.9342 -0.1833 -0.3059
vn -0.9848 -0.0849 0.1512
vn -0.7745 -0.5988 0.2038
vn -0.7631 -0.5948 -0.2529
vn 0.3352 -0.6986 -0.6321
vn -0.3770 -0.7764 -0.5051
vn 0.1758 -0.6244 0.7610
vn -0.4952 -0.7205 0.4854
vn 0.9354 0.2843 0.2103
vn 0.8309 0.5293 0.1714
vn 0.9651 0.2593 -0.0378
vn 0.8527 0.5206 -0.0424
vn -0.7731 0.1587 -0.6141
vn -0.2329 0.5804 -0.7803
vn -0.8846 0.2685 0.3814
vn -0.3704 0.7113 0.5974
vn -0.9235 -0.1410 -0.3566
vn -0.9829 -0.1300 0.1301
vn -0.8111 -0.5659 0.1481
vn -0.7172 -0.6310 -0.2959
vn -0.8626 0.3619 -0.3535
vn -0.8887 0.4471 -0.1015
vn -0.8988 0.4120 0.1493
vn -0.8114 0.0438 0.5828
vn -0.7383 -0.2209 0.6373
vn -0.6592 -0.4608 0.5942
vn -0.4817 -0.5633 -0.6713
vn -0.5620 -0.3328 -0.7573
vn -0.6745 -0.0857 -0.7333
vn -0.4260 -0.8722 0.2405
vn -0.3715 -0.9283 0.0165
vn -0.3773 -0.8981 -0.2261
vn -0.9745 -0.0456 -0.2196
vn -0.9960 -0.0245 -0.0855
vn -0.9988 -0.0295 0.0391
vn -0.9517 -0.1963 0.2360
vn -0.9012 -0.3310 0.2797
vn -0.8374 -0.4720 0.2757
vn -0.7607 -0.5201 -0.3884
vn -0.8120 -0.3976 -0.4273
vn -0.8628 -0.2620 -0.4323
vn -0.7308 -0.6772 0.0853
vn -0.7099 -0.7032 -0.0400
vn -0.6970 -0.6975 -0.1667
vn 0.9094 0.4078 0.0817
vn 0.8011 0.5964 0.0510
vn 0.8737 0.4099 0.2620
vn 0.9273 0.3555 -0.1172
vn 0.9756 0.2041 0.0808
vn -0.8154 0.0678 0.5749
vn -0.7385 -0.2106 0.6406
vn -0.5971 -0.4745 0.6468
vn -0.2262 0.4552 0.8611
vn -0.1458 0.0858 0.9856
vn 0.0477 -0.2715 0.9613
vn -0.8582 0.3646 -0.3613
vn -0.9183 0.3855 -0.0901
vn -0.9039 0.3942 0.1661
vn -0.3292 0.8444 -0.4227
vn -0.4300 0.9011 -0.0554
vn -0.3921 0.8738 0.2876
vn -0.3756 -0.8867 0.2695
vn -0.3684 -0.9296 0.0064
vn -0.3074 -0.9178 -0.2513
vn 0.3293 -0.8339 0.4429
vn 0.3390 -0.9373 0.0807
vn 0.4274 -0.8636 -0.2674
vn -0.4299 -0.5679 -0.7019
vn -0.5596 -0.3287 -0.7608
vn -0.6274 -0.0453 -0.7774
vn 0.2557 -0.4057 -0.8775
vn 0.0418 -0.0974 -0.9944
vn -0.0711 0.2701 -0.9602
vn -0.7668 -0.6392 0.0583
vn -0.7438 -0.6671 -0.0413
vn -0.7438 -0.6520 -0.1473
vn -0.7906 -0.5064 -0.3443
vn -0.8320 -0.4007 -0.3837
vn -0.8820 -0.2889 -0.3723
vn -0.9514 -0.2281 0.2070
vn -0.9111 -0.3403 0.2324
vn -0.8613 -0.4609 0.2137
vn -0.9749 -0.0924 -0.2028
vn -0.9949 -0.0466 -0.0898
vn -0.9980 -0.0584 0.0237
vn -0.0466 0.9788 -0.1994
vn -0.4006 0.8551 -0.3293
vn 0.3889 0.9171 0.0876
vn -0.6681 0.6462 -0.3688
vn 0.1509 0.9645 -0.2166
vn -0.4680 0.7568 -0.4563
vn -0.1610 0.8898 -0.4269
vn -0.2405 0.9306 -0.2761
vn -0.2502 0.9361 -0.2472
vn -0.0059 0.8903 -0.4553
vn 0.0485 0.6718 -0.7391
vn 0.0495 -0.7159 0.6964
vn -0.0766 -0.6239 0.7778
vn -0.8994 -0.2280 -0.3729
vn -0.2584 0.8202 -0.5104
vn 0.8969 0.3494 0.2710
vn 0.4292 0.7368 -0.5224
vn -0.4443 -0.3494 0.8249
vn -0.9848 -0.0169 -0.1730
vn -0.8217 0.0131 -0.5697
vn 0.6987 0.2121 0.6833
vn 0.7755 0.1875 0.6028
vn 0.1014 -0.3566 0.9287
vn -0.5504 -0.5433 0.6339
vn -0.7858 -0.3463 0.5124
vn 0.2125 -0.1528 0.9651
vn -0.2480 0.9064 0.3421
vn 0.1189 0.9771 0.1763
vn -0.6795 0.5753 0.4553
vn 0.4322 0.8997 -0.0613
vn -0.3268 0.7785 0.5359
vn 0.3230 0.9205 0.2201
vn 0.0531 0.8855 0.4615
vn -0.0497 0.9672 0.2489
vn -0.0795 0.9751 0.2071
vn 0.0390 0.8257 0.5628
vn 0.2139 0.6976 0.6838
vn -0.2269 -0.6826 -0.6947
vn -0.2208 -0.6797 -0.6994
vn 0.9147 0.1243 -0.3846
vn 0.1753 0.8295 0.5303
vn -0.9112 -0.0872 0.4025
vn -0.2798 0.8341 0.4754
vn -0.0166 -0.5075 -0.8615
vn 0.7594 0.3449 -0.5517
vn 0.8980 0.2719 -0.3461
vn -0.9629 -0.2035 -0.1770
vn -0.9440 -0.3175 -0.0896
vn -0.4755 -0.4755 -0.7401
vn 0.1947 -0.2752 -0.9414
vn 0.4020 -0.1259 -0.9070
vn -0.5429 -0.4462 -0.7115
vn 0.3353 0.9298 0.1520
vn 0.3324 0.9106 -0.2457
vn 0.0989 0.7932 0.6008
vn 0.2276 0.7933 -0.5646
vn 0.3401 0.8953 0.2877
vn 0.3477 0.8519 -0.3916
vn 0.4254 0.9021 -0.0721
vn 0.3699 0.9277 -0.0511
vn 0.4449 0.8943 -0.0490
vn 0.5575 0.8297 0.0264
vn 0.8940 0.4391 -0.0896
vn -0.9011 -0.4229 0.0961
vn -0.9250 -0.3676 0.0965
vn -0.0483 -0.0191 -0.9987
vn 0.5052 0.8484 -0.1581
vn 0.0958 0.1202 0.9881
vn 0.8354 0.5416 0.0931
vn -0.9803 -0.1590 -0.1169
vn -0.1221 0.2487 -0.9609
vn 0.0010 0.0969 -0.9953
vn -0.3071 0.1446 0.9406
vn -0.2347 0.0919 0.9677
vn -0.9712 -0.1759 0.1606
vn -0.8069 -0.1793 -0.5628
vn -0.7463 -0.0335 -0.6648
vn -0.9677 -0.0684 0.2427
vn -0.9004 -0.4111 -0.1421
vn -0.6709 -0.7110 -0.2106
vn -0.8775 -0.4531 -0.1574
vn -0.6785 -0.6632 -0.3160
vn -0.9541 -0.2994 0.0062
vn -0.7558 -0.5873 -0.2897
vn -0.9086 -0.3730 -0.1880
vn -0.6356 -0.6774 -0.3704
vn -0.9318 -0.1948 -0.3063
vn -0.9949 0.0998 0.0177
vn -0.9707 -0.2084 -0.1194
vn -0.9704 0.1557 0.1844
vn -0.9979 -0.0363 0.0529
vn -0.9883 -0.0644 -0.1381
vn -0.9970 -0.0105 -0.0771
vn -0.9811 -0.1314 -0.1419
vn -0.8978 -0.4353 0.0675
vn -0.8568 -0.4691 0.2142
vn -0.9165 -0.3993 -0.0234
vn -0.8473 -0.4901 0.2048
vn -0.7260 0.0604 -0.6851
vn -0.9882 -0.1410 -0.0598
vn -0.8590 -0.0846 -0.5050
vn -0.9223 -0.3368 -0.1897
vn -0.9724 -0.1235 0.1979
vn -0.9297 -0.3450 -0.1290
vn -0.9734 -0.1191 0.1955
vn -0.9791 -0.1869 0.0802
vn -0.9299 -0.1049 -0.3527
vn -0.9141 -0.4044 -0.0302
vn -0.8992 -0.3520 -0.2600
vn -0.9715 -0.2326 -0.0466
vn -0.7788 -0.6195 -0.0985
vn -0.8661 -0.4884 -0.1066
vn -0.7789 -0.6197 -0.0966
vn -0.8355 -0.5458 0.0639
vn -0.8103 -0.5852 -0.0308
vn -0.8511 -0.5228 -0.0482
vn -0.8102 -0.5854 -0.0304
vn -0.8727 -0.4823 -0.0763
vn -0.9421 -0.3252 -0.0819
vn -0.9386 -0.3381 0.0690
vn -0.8882 -0.4587 0.0272
vn -0.9414 -0.3242 0.0928
vn -0.9737 -0.1541 0.1676
vn -0.9764 -0.1987 0.0852
vn -0.9760 -0.1989 0.0883
vn -0.8037 -0.5376 -0.2550
vn -0.7950 -0.5428 -0.2709
vn -0.9069 -0.3961 -0.1437
vn -0.8412 -0.4564 -0.2901
vn -0.9703 -0.1163 -0.2120
vn -0.9924 -0.1052 -0.0639
vn -0.9870 -0.0515 -0.1522
vn -0.9802 -0.0840 -0.1793
vn -0.8784 -0.4476 0.1675
vn -0.8948 -0.4324 0.1114
vn -0.9505 -0.2220 -0.2176
vn -0.9042 -0.3363 -0.2632
vn -0.9757 -0.2092 0.0645
vn -0.9746 -0.0927 0.2040
vn -0.8534 -0.5135 -0.0901
vn -0.8926 -0.4452 -0.0712
vn -0.8371 -0.5199 -0.1703
vn -0.8271 -0.5588 -0.0609
vn -0.8259 -0.5630 -0.0311
vn -0.8416 -0.5379 -0.0490
vn -0.9531 -0.2958 -0.0639
vn -0.9243 -0.3814 0.0167
vn -0.9762 -0.1801 0.1210
vn -0.9759 -0.1788 0.1255
vn -0.9806 -0.1756 -0.0871
vn -0.9846 -0.1552 -0.0809
vn -0.9807 -0.1754 -0.0870
vn -0.9843 -0.1559 -0.0825
vn -0.9972 0.0238 -0.0715
vn -0.9968 0.0339 -0.0726
vn -0.9969 -0.0139 -0.0771
vn -0.9972 0.0028 -0.0748
vn -0.9053 -0.4172 0.0803
vn -0.8912 -0.3175 0.3239
vn -0.8530 -0.5081 -0.1193
vn -0.8969 -0.3252 0.2997
vn -0.9072 -0.3188 0.2744
vn -0.9077 -0.3959 0.1389
vn -0.9324 -0.3460 -0.1041
vn -0.9834 -0.1619 -0.0820
vn -0.9362 -0.3372 -0.0992
vn -0.9795 -0.1747 -0.1001
vn -0.9539 -0.2783 -0.1123
vn -0.9542 -0.2765 -0.1140
vn -0.9643 -0.2222 -0.1437
vn -0.9613 -0.2280 -0.1549
vn -0.9645 -0.2214 -0.1437
vn -0.9625 -0.2247 -0.1519
vn -0.9763 -0.0568 -0.2089
vn -0.9765 -0.0367 -0.2124
vn -0.9776 -0.0725 -0.1977
vn -0.9772 -0.0634 -0.2028
vn -0.9437 -0.1867 -0.2732
vn -0.9458 -0.2239 -0.2351
vn -0.9436 -0.1872 -0.2729
vn -0.9465 -0.2215 -0.2348
vn -0.9275 -0.1166 -0.3553
vn -0.9249 -0.1068 -0.3650
vn -0.9259 -0.1104 -0.3612
vn -0.9242 -0.1051 -0.3672
vn -0.9152 -0.4023 -0.0243
vn -0.9794 -0.1182 -0.1635
vn -0.9191 -0.3934 -0.0235
vn -0.9756 -0.1354 -0.1726
vn -0.9499 -0.2980 -0.0946
vn -0.9498 -0.2980 -0.0954
vn -0.9224 -0.3836 -0.0463
vn -0.9400 -0.2654 -0.2143
vn -0.9247 -0.3773 -0.0508
vn -0.9339 -0.2893 -0.2099
vn -0.9277 -0.3545 -0.1168
vn -0.9266 -0.3564 -0.1198
vn -0.8932 -0.2756 -0.3553
vn -0.8389 -0.4652 -0.2826
vn -0.8932 -0.2757 -0.3553
vn -0.8379 -0.4675 -0.2816
vn -0.8224 -0.4533 -0.3438
vn -0.8170 -0.3625 -0.4485
vn -0.8393 -0.2392 -0.4883
vn -0.8492 -0.3152 -0.4238
vn -0.8530 -0.3691 -0.3691
vn -0.9168 -0.2526 -0.3094
vn -0.8753 -0.4438 -0.1919
vn -0.9166 -0.2517 -0.3105
vn -0.8675 -0.2808 -0.4106
vn -0.8883 -0.3312 -0.3181
vn -0.9541 -0.2833 0.0971
vn -0.9317 -0.3524 -0.0885
vn -0.9551 -0.2829 0.0876
vn -0.9296 -0.3616 -0.0716
vn -0.9450 -0.3258 0.0292
vn -0.9451 -0.3250 0.0327
vn -0.8826 -0.4426 -0.1587
vn -0.8268 -0.5624 0.0051
vn -0.8822 -0.4429 -0.1596
vn -0.8279 -0.5608 -0.0009
vn -0.8045 -0.5921 -0.0463
vn -0.7657 -0.6178 -0.1790
vn -0.7930 -0.5455 -0.2713
vn -0.8166 -0.5473 -0.1834
vn -0.8679 -0.4431 -0.2244
vn -0.8849 -0.4144 -0.2127
vn -0.8613 -0.4522 -0.2316
vn -0.8845 -0.4146 -0.2140
vn -0.7997 -0.5478 -0.2456
vn -0.7853 -0.5663 -0.2503
vn -0.7980 -0.5486 -0.2497
vn -0.7916 -0.5582 -0.2486
vn -0.9847 -0.1740 0.0134
vn -0.8891 -0.4303 -0.1558
vn -0.9833 -0.1819 -0.0023
vn -0.8930 -0.4298 -0.1335
vn -0.9549 -0.2941 -0.0419
vn -0.9572 -0.2866 -0.0396
vn -0.9350 -0.3237 -0.1447
vn -0.8367 -0.5136 -0.1902
vn -0.9310 -0.3321 -0.1514
vn -0.8457 -0.5054 -0.1713
vn -0.9030 -0.4031 -0.1488
vn -0.9034 -0.4027 -0.1474
vn -0.9470 -0.3026 -0.1077
vn -0.8554 -0.5168 -0.0343
vn -0.8973 -0.4265 -0.1141
vn -0.8567 -0.5148 -0.0320
vn -0.7916 -0.6111 0.0062
vn -0.7862 -0.6178 0.0102
vn -0.8418 -0.5379 -0.0451
vn -0.8665 -0.4981 -0.0335
vn -0.8983 -0.4386 0.0253
vn -0.9219 -0.3855 -0.0385
vn -0.9023 -0.4304 0.0256
vn -0.9222 -0.3847 -0.0382
vn -0.9081 -0.4188 -0.0039
vn -0.9100 -0.4146 -0.0025
vn -0.9285 -0.3708 -0.0184
vn -0.9307 -0.3583 -0.0738
vn -0.9287 -0.3704 -0.0189
vn -0.9319 -0.3550 -0.0743
vn -0.9073 -0.4101 0.0929
vn -0.9069 -0.4102 0.0967
vn -0.9062 -0.4108 0.1005
vn -0.9050 -0.4124 0.1043
vn -0.9476 -0.3170 0.0393
vn -0.9457 -0.3248 -0.0103
vn -0.9476 -0.3171 0.0399
vn -0.9451 -0.2926 0.1457
vn -0.9437 -0.2898 0.1593
vn -0.9439 -0.2922 0.1539
vn -0.9432 -0.2895 0.1628
vn -0.9107 -0.3689 -0.1861
vn -0.8787 -0.4550 0.1444
vn -0.9134 -0.3559 -0.1977
vn -0.8901 -0.4358 0.1337
vn -0.9148 -0.4021 -0.0377
vn -0.9198 -0.3883 -0.0558
vn -0.9217 -0.3040 -0.2409
vn -0.9919 -0.1124 -0.0590
vn -0.9363 -0.3463 0.0580
vn -0.9920 -0.0989 -0.0783
vn -0.9347 -0.1776 -0.3078
vn -0.9688 -0.2108 -0.1304
vn -0.9454 -0.3232 0.0411
vn -0.9373 -0.3486 -0.0024
vn -0.9455 -0.3231 0.0418
vn -0.9373 -0.3486 -0.0025
vn -0.9553 -0.2643 0.1321
vn -0.9558 -0.2555 0.1453
vn -0.9554 -0.2606 0.1387
vn -0.9558 -0.2535 0.1491
vn -0.9123 -0.3858 -0.1372
vn -0.9684 -0.2311 0.0934
vn -0.9141 -0.3851 -0.1266
vn -0.9718 -0.2252 0.0703
vn -0.9481 -0.3126 -0.0576
vn -0.9480 -0.3125 -0.0600
vn -0.9933 -0.0949 0.0653
vn -0.9865 -0.1604 0.0328
vn -0.9933 -0.0954 0.0646
vn -0.9867 -0.1600 0.0288
vn -0.9929 -0.0145 0.1178
vn -0.9920 0.0002 0.1258
vn -0.9919 0.0021 0.1268
vn -0.9910 0.0123 0.1334
vn 0.8639 0.4830 0.1428
vn 0.8243 0.5641 0.0487
vn 0.8848 0.4654 0.0221
vn 0.8570 0.5146 -0.0284
vn 0.9614 0.2641 -0.0774
vn 0.9437 0.2977 -0.1443
vn 0.9479 0.3172 -0.0302
vn 0.9523 0.3051 -0.0107
vn 0.7878 0.5891 0.1796
vn 0.7497 0.6557 0.0898
vn 0.8033 0.5955 0.0086
vn 0.7761 0.6295 -0.0367
vn 0.9006 0.4056 -0.1563
vn 0.8689 0.4392 -0.2283
vn 0.8900 0.4506 -0.0691
vn 0.8979 0.4377 -0.0472
vn 0.8711 0.4302 0.2369
vn 0.8295 0.5268 0.1857
vn 0.8758 0.4752 0.0847
vn 0.8307 0.5526 0.0678
vn 0.9353 0.3431 -0.0870
vn 0.9084 0.3967 -0.1319
vn 0.9279 0.3722 -0.0209
vn 0.9398 0.3415 -0.0118
vn 0.7440 0.6273 0.2302
vn 0.6715 0.7212 0.1702
vn 0.7991 0.6012 0.0036
vn 0.7136 0.7004 0.0116
vn 0.8402 0.5109 -0.1819
vn 0.7779 0.5834 -0.2337
vn 0.8767 0.4659 -0.1199
vn 0.8921 0.4379 -0.1113
vn 0.8894 0.3819 0.2511
vn 0.8396 0.5079 0.1926
vn 0.8773 0.4755 0.0647
vn 0.7934 0.6073 0.0400
vn 0.9632 0.2227 -0.1508
vn 0.9494 0.2472 -0.1935
vn 0.9491 0.3113 -0.0477
vn 0.9555 0.2927 -0.0352
vn 0.8199 0.4560 0.3463
vn 0.7678 0.5561 0.3182
vn 0.7888 0.5822 0.1972
vn 0.7413 0.6419 0.1961
vn 0.7567 0.6535 0.0200
vn 0.6964 0.7175 -0.0146
vn 0.8130 0.5762 0.0835
vn 0.8318 0.5478 0.0895
vn 0.9195 0.1653 0.3567
vn 0.8827 0.2671 0.3867
vn 0.9004 0.3234 0.2911
vn 0.8676 0.3790 0.3218
vn 0.9242 0.3769 0.0618
vn 0.8995 0.4323 0.0636
vn 0.9352 0.3271 0.1355
vn 0.9436 0.3060 0.1267
vn 0.9676 0.0123 0.2521
vn 0.9390 0.0566 0.3391
vn 0.9113 0.1809 0.3698
vn 0.8874 0.1991 0.4158
vn 0.8501 0.4573 0.2613
vn 0.8102 0.4946 0.3145
vn 0.9088 0.3249 0.2617
vn 0.9182 0.3148 0.2405
vn 0.9211 0.2572 0.2923
vn 0.8759 0.3528 0.3291
vn 0.9002 0.3829 0.2073
vn 0.8648 0.4378 0.2459
vn 0.9174 0.3278 -0.2255
vn 0.8968 0.3864 -0.2154
vn 0.9363 0.3483 -0.0451
vn 0.9444 0.3204 -0.0739
vn 0.8804 0.2279 0.4159
vn 0.8341 0.3064 0.4586
vn 0.8519 0.3620 0.3784
vn 0.8220 0.4006 0.4048
vn 0.8368 0.4756 0.2711
vn 0.7905 0.5383 0.2920
vn 0.8716 0.4085 0.2709
vn 0.8832 0.3890 0.2621
vn 0.9056 0.3305 0.2659
vn 0.8568 0.3958 0.3304
vn 0.8488 0.4630 0.2552
vn 0.8181 0.4965 0.2901
vn 0.8007 0.5976 0.0418
vn 0.7610 0.6454 0.0658
vn 0.8438 0.5288 0.0915
vn 0.8536 0.5135 0.0877
vn 0.7229 0.6271 0.2900
vn 0.7080 0.6382 0.3026
vn 0.5813 0.7235 0.3723
vn 0.6471 0.6873 0.3300
vn 0.6708 0.5710 0.4734
vn 0.7209 0.5543 0.4160
vn 0.7406 0.4583 0.4914
vn 0.8197 0.4089 0.4012
vn 0.9299 0.0180 0.3675
vn 0.9014 0.0628 0.4285
vn 0.8868 0.2294 0.4013
vn 0.8590 0.2521 0.4456
vn 0.8379 0.5129 0.1868
vn 0.8095 0.5494 0.2071
vn 0.9033 0.3739 0.2102
vn 0.9104 0.3566 0.2098
vn 0.9932 0.0615 0.0989
vn 0.9786 0.0904 0.1848
vn 0.9669 0.1876 0.1729
vn 0.9552 0.2078 0.2109
vn 0.9007 0.4267 0.0811
vn 0.8785 0.4566 0.1408
vn 0.9387 0.3366 0.0741
vn 0.9448 0.3220 0.0598
vn 0.9287 -0.0931 0.3590
vn 0.9648 -0.0969 0.2446
vn 0.9921 -0.0581 0.1110
vn 0.9981 -0.0611 -0.0065
vn 0.9691 -0.1554 -0.1916
vn 0.9638 -0.1629 -0.2110
vn 0.9728 -0.0801 -0.2174
vn 0.9886 -0.0678 -0.1346
vn 0.9818 -0.0592 0.1804
vn 0.9598 -0.0780 0.2696
vn 0.9497 0.0202 0.3124
vn 0.9337 0.0172 0.3577
vn 0.8806 0.2960 0.3701
vn 0.8510 0.2908 0.4373
vn 0.9275 0.2112 0.3085
vn 0.9352 0.2117 0.2838
vn 0.9923 0.0505 0.1133
vn 0.9776 0.0119 0.2103
vn 0.9647 0.1125 0.2382
vn 0.9523 0.0925 0.2907
vn 0.9029 0.2628 0.3402
vn 0.8759 0.2431 0.4167
vn 0.9323 0.2464 0.2646
vn 0.9372 0.2551 0.2378
vn 0.9930 -0.0821 0.0852
vn 0.9792 -0.1128 0.1685
vn 0.9621 -0.0294 0.2713
vn 0.9495 -0.0321 0.3121
vn 0.8694 0.2504 0.4259
vn 0.8449 0.2359 0.4800
vn 0.9327 0.1836 0.3103
vn 0.9395 0.1800 0.2913
vn 0.9972 -0.0611 0.0433
vn 0.9865 -0.1189 0.1126
vn 0.9806 -0.0461 0.1906
vn 0.9721 -0.0674 0.2245
vn 0.9143 0.2078 0.3477
vn 0.9017 0.1809 0.3926
vn 0.9532 0.1523 0.2612
vn 0.9575 0.1505 0.2459
vn 0.9710 0.0739 0.2273
vn 0.9609 -0.0172 0.2765
vn 0.9366 0.0557 0.3459
vn 0.9296 0.0068 0.3686
vn 0.8265 0.2502 0.5043
vn 0.8152 0.2091 0.5401
vn 0.8735 0.2104 0.4391
vn 0.8781 0.2164 0.4267
vn 0.8005 0.2524 -0.5436
vn 0.8546 0.1629 -0.4930
vn 0.9203 0.1621 -0.3560
vn 0.9353 0.1359 -0.3268
vn 0.9644 0.1985 -0.1746
vn 0.9787 0.1497 -0.1409
vn 0.9333 0.2675 -0.2395
vn 0.9286 0.2752 -0.2489
vn 0.9898 0.1325 -0.0517
vn 0.9991 0.0392 -0.0158
vn 0.9927 0.0492 0.1105
vn 0.9923 -0.0179 0.1229
vn 0.8928 0.2000 0.4037
vn 0.8913 0.1682 0.4210
vn 0.9381 0.1814 0.2950
vn 0.9428 0.1861 0.2767
vn 0.9775 0.1116 -0.1789
vn 0.9869 0.0255 -0.1592
vn 0.9991 0.0332 0.0250
vn 0.9997 -0.0007 0.0243
vn 0.8189 0.2826 0.4996
vn 0.8375 0.2077 0.5054
vn 0.9252 0.2167 0.3115
vn 0.9054 0.2574 0.3377
vn 0.9864 0.1536 -0.0579
vn 0.9967 0.0475 -0.0651
vn 0.9979 0.0554 0.0333
vn 0.9998 -0.0047 0.0199
vn 0.9629 0.0890 0.2549
vn 0.9646 0.0289 0.2621
vn 0.9782 0.1024 0.1804
vn 0.9754 0.1235 0.1827
vn 0.9583 0.2563 -0.1265
vn 0.9765 0.1541 -0.1508
vn 0.9890 0.1378 -0.0531
vn 0.9940 0.0823 -0.0722
vn 0.9777 0.1154 0.1754
vn 0.9838 0.0503 0.1722
vn 0.9825 0.1539 0.1050
vn 0.9786 0.1743 0.1097
vn 0.9639 0.1869 -0.1897
vn 0.9700 0.1041 -0.2195
vn 0.9963 0.0664 -0.0539
vn 0.9967 0.0348 -0.0730
vn 0.9798 0.0058 0.1999
vn 0.9827 -0.0598 0.1755
vn 0.9849 0.0670 0.1594
vn 0.9812 0.0867 0.1725
vn 0.9737 0.2149 -0.0751
vn 0.9809 0.1363 -0.1391
vn 0.9952 0.0760 -0.0623
vn 0.9949 0.0336 -0.0947
vn 0.9884 -0.0566 0.1407
vn 0.9871 -0.1131 0.1131
vn 0.9953 0.0154 0.0961
vn 0.9942 0.0323 0.1029
vn 0.9019 0.3917 -0.1820
vn 0.9155 0.3250 -0.2372
vn 0.9551 0.2194 -0.1989
vn 0.9612 0.1839 -0.2055
vn 0.9997 0.0212 -0.0074
vn 0.9986 -0.0332 -0.0411
vn 0.9915 0.1262 -0.0326
vn 0.9887 0.1465 -0.0330
vn 0.8185 0.5730 -0.0422
vn 0.8528 0.5061 -0.1290
vn 0.9216 0.3773 -0.0905
vn 0.9318 0.3255 -0.1604
vn 0.9642 0.1601 0.2114
vn 0.9722 0.1241 0.1987
vn 0.9528 0.2734 0.1320
vn 0.9492 0.2889 0.1245
vn 0.8566 0.4246 -0.2934
vn 0.8420 0.5093 -0.1777
vn 0.7972 0.5953 0.0999
vn 0.7263 0.6523 0.2168
vn 0.4713 0.8032 0.3643
vn 0.4378 0.8143 0.3810
vn 0.5268 0.7308 0.4341
vn 0.6063 0.7039 0.3701
vn 0.8427 0.5250 -0.1192
vn 0.8464 0.4950 -0.1965
vn 0.9284 0.3412 -0.1472
vn 0.9410 0.3030 -0.1506
vn 0.9973 -0.0227 0.0699
vn 0.9990 -0.0421 -0.0146
vn 0.9948 0.0904 0.0462
vn 0.9927 0.1009 0.0657
vn 0.8924 0.4504 0.0261
vn 0.8817 0.4649 -0.0809
vn 0.9248 0.3755 -0.0611
vn 0.9221 0.3702 -0.1126
vn 0.9920 0.1237 -0.0264
vn 0.9901 0.1132 -0.0827
vn 0.9800 0.1985 -0.0121
vn 0.9772 0.2123 -0.0005
vn 0.7245 0.6627 0.1897
vn 0.7134 0.6944 0.0936
vn 0.7776 0.6270 0.0474
vn 0.7848 0.6196 0.0102
vn 0.8408 0.5378 -0.0619
vn 0.8304 0.5407 -0.1346
vn 0.8503 0.5259 0.0189
vn 0.8512 0.5233 0.0393
vn 0.6503 0.7596 0.0054
vn 0.6889 0.7041 0.1722
vn 0.7631 0.5109 0.3959
vn 0.7357 0.4447 0.5109
vn 0.6262 0.2240 0.7468
vn 0.6001 0.1978 0.7751
vn 0.6738 0.2047 0.7100
vn 0.7145 0.2618 0.6488
vn 0.8204 0.5694 0.0524
vn 0.8375 0.5459 -0.0223
vn 0.8891 0.4563 -0.0348
vn 0.9057 0.4215 -0.0454
vn 0.9794 0.1972 0.0423
vn 0.9851 0.1716 -0.0138
vn 0.9555 0.2873 0.0664
vn 0.9478 0.3114 0.0689
vn 0.7592 0.5192 0.3925
vn 0.7576 0.5868 0.2859
vn 0.6311 0.7409 0.2299
vn 0.4472 0.8874 0.1123
vn 0.5630 0.7668 0.3082
vn 0.6180 0.7045 0.3489
vn 0.6988 0.7153 -0.0056
vn 0.4439 0.7861 0.4301
vn 0.5402 0.7320 0.4152
vn 0.6948 0.7082 0.1255
vn 0.6484 0.7117 0.2703
vn 0.6800 0.6664 0.3058
vn 0.7842 0.6029 0.1468
vn 0.6570 0.6015 0.4545
vn 0.8134 0.5003 0.2969
vn -0.0609 0.9883 -0.1395
vn 0.2153 0.9766 -0.0025
vn -0.5001 0.8630 -0.0711
vn -0.2924 0.9090 -0.2968
vn 0.6522 0.7367 0.1789
vn 0.0789 -0.9863 0.1446
vn -0.2327 -0.9725 0.0057
vn 0.3103 -0.9041 0.2938
vn -0.3660 -0.9287 -0.0603
vn 0.5719 -0.6823 0.4554
vn -0.3451 0.1043 0.9328
vn -0.5122 0.1850 0.8387
vn 0.5812 0.7757 0.2460
vn -0.4881 0.2168 0.8454
vn -0.5209 0.1903 0.8321
vn -0.3421 0.0720 0.9369
vn 0.6538 0.0125 -0.7566
vn 0.4923 0.0163 -0.8703
vn 0.5149 -0.0046 -0.8572
vn 0.4826 -0.0440 -0.8748
vn 0.5605 -0.0277 -0.8277
vn 0.7745 -0.6052 0.1840
vn 0.2726 -0.5082 0.8170
vn 0.2545 -0.2784 0.9261
vn 0.9129 -0.3952 -0.1025
vn 0.6795 0.6827 0.2688
vn 0.7113 0.6374 0.2963
vn 0.8141 0.5512 0.1828
vn 0.8963 0.3289 0.2974
vn 0.6274 0.7268 0.2794
vn -0.6977 0.5509 0.4579
vn -0.6106 0.6378 0.4695
vn -0.5488 0.7717 0.3216
vn -0.3983 0.9070 0.1368
vn -0.6060 0.7614 0.2301
vn -0.6422 0.7100 0.2887
vn -0.3440 0.8262 0.4463
vn -0.6801 0.7283 0.0837
vn -0.6854 0.7027 0.1909
vn -0.4648 0.7841 0.4112
vn -0.5835 0.7416 0.3309
vn -0.6255 0.6860 0.3716
vn -0.4920 0.6947 0.5247
vn -0.7393 0.5866 0.3307
vn -0.6201 0.5565 0.5530
vn -0.0457 0.9559 -0.2902
vn -0.2529 0.9651 -0.0683
vn 0.1997 0.8331 -0.5158
vn 0.1874 0.8755 -0.4455
vn -0.5029 0.7897 0.3515
vn 0.0350 -0.9518 0.3048
vn 0.2533 -0.9660 0.0512
vn -0.1899 -0.8673 0.4602
vn 0.3458 -0.9360 -0.0657
vn -0.4572 -0.6750 0.5791
vn -0.7002 -0.0538 -0.7119
vn -0.6583 -0.1544 -0.7367
vn -0.5484 0.7949 0.2596
vn -0.6788 -0.1219 -0.7241
vn -0.6510 -0.1490 -0.7443
vn -0.7050 -0.1662 -0.6895
vn 0.4673 0.3450 0.8140
vn 0.6541 0.3472 0.6720
vn 0.6416 0.3283 0.6932
vn 0.6725 0.2919 0.6801
vn 0.5471 0.2318 0.8043
vn -0.0913 -0.4331 0.8967
vn -0.7467 -0.6377 0.1891
vn -0.8762 -0.4780 0.0610
vn -0.1166 -0.2467 0.9621
vn -0.5884 0.7203 0.3673
vn -0.6132 0.6787 0.4042
vn -0.5074 0.6419 0.5748
vn -0.6211 0.4126 0.6663
vn -0.5890 0.7483 0.3053
vn 0.4366 0.4236 -0.7937
vn 0.3425 0.4886 -0.8025
vn 0.3090 0.6667 -0.6783
vn 0.2142 0.8407 -0.4974
vn 0.3967 0.6838 -0.6124
vn 0.4276 0.6132 -0.6642
vn 0.0684 0.6673 -0.7417
vn 0.5215 0.6973 -0.4918
vn 0.5009 0.6346 -0.5886
vn 0.2008 0.6421 -0.7398
vn 0.3495 0.6283 -0.6950
vn 0.3699 0.5880 -0.7193
vn 0.2019 0.5350 -0.8204
vn 0.5107 0.4978 -0.7010
vn 0.3325 0.4189 -0.8450
vn -0.0232 0.9993 0.0289
vn 0.1099 0.9606 -0.2552
vn -0.1091 0.9184 0.3803
vn -0.1836 0.9465 0.2656
vn 0.2580 0.6678 -0.6982
vn 0.0281 -0.9985 -0.0477
vn -0.1069 -0.9557 0.2742
vn 0.1808 -0.9417 -0.2838
vn -0.1673 -0.8963 0.4107
vn 0.3460 -0.7636 -0.5451
vn 0.9455 0.0546 0.3209
vn 0.8640 0.1011 0.4932
vn 0.3333 0.7024 -0.6289
vn 0.8747 0.1344 0.4657
vn 0.8578 0.1094 0.5022
vn 0.9318 0.0317 0.3615
vn -0.7931 0.1089 -0.5992
vn -0.8723 0.1017 -0.4782
vn -0.8609 0.0802 -0.5025
vn -0.8833 0.0414 -0.4670
vn -0.8286 -0.0014 -0.5598
vn -0.0111 -0.6580 -0.7530
vn 0.7424 -0.6190 -0.2562
vn 0.8617 -0.4247 -0.2776
vn -0.1995 -0.4270 -0.8820
vn 0.3409 0.5987 -0.7248
vn 0.3611 0.5424 -0.7585
vn 0.2356 0.4830 -0.8434
vn 0.3059 0.2338 -0.9229
vn 0.3587 0.6432 -0.6765
vn 0.2910 0.5903 0.7529
vn 0.3568 0.6304 0.6894
vn 0.2580 0.7663 0.5884
vn 0.1859 0.8912 0.4139
vn 0.1607 0.7933 0.5873
vn 0.1884 0.7061 0.6825
vn 0.4583 0.7631 0.4556
vn -0.0056 0.7663 0.6425
vn 0.0908 0.7351 0.6718
vn 0.3771 0.7549 0.5366
vn 0.2528 0.7434 0.6192
vn 0.2691 0.7270 0.6317
vn 0.4514 0.6783 0.5798
vn 0.1812 0.6363 0.7498
vn 0.4011 0.5745 0.7135
vn -0.0537 0.9944 -0.0906
vn 0.0710 0.9806 0.1828
vn -0.3362 0.8816 -0.3313
vn -0.1229 0.9240 -0.3621
vn 0.3117 0.7629 0.5665
vn 0.0640 -0.9922 0.1066
vn -0.0856 -0.9783 -0.1885
vn 0.1379 -0.9183 0.3711
vn -0.1518 -0.9360 -0.3174
vn 0.2135 -0.7030 0.6784
vn -0.8530 0.0746 0.5165
vn -0.9416 0.0781 0.3277
vn 0.2087 0.7921 0.5736
vn -0.9311 0.1072 0.3487
vn -0.9446 0.0816 0.3179
vn -0.8679 -0.0110 0.4966
vn 0.9787 0.1234 -0.1643
vn 0.9270 0.1253 -0.3534
vn 0.9373 0.1034 -0.3330
vn 0.9284 0.0655 -0.3658
vn 0.9661 0.0458 -0.2541
vn 0.5932 -0.5412 0.5959
vn -0.2304 -0.5067 0.8308
vn -0.3349 -0.3298 0.8826
vn 0.7979 -0.3433 0.4955
vn 0.2754 0.7357 0.6188
vn 0.3075 0.6632 0.6824
vn 0.4629 0.6349 0.6186
vn 0.4860 0.3878 0.7832
vn 0.2366 0.7663 0.5973
vn -0.6415 0.7588 -0.1128
vn -0.5591 0.8287 -0.0231
vn -0.4308 0.9014 -0.0432
vn -0.1740 0.9844 -0.0272
vn -0.3949 0.9065 -0.1495
vn -0.4594 0.8773 -0.1388
vn -0.3824 0.9029 0.1964
vn -0.3378 0.8934 -0.2963
vn -0.4149 0.8789 -0.2354
vn -0.4342 0.8979 0.0721
vn -0.4472 0.8920 -0.0662
vn -0.4731 0.8768 -0.0861
vn -0.5205 0.8483 0.0974
vn -0.5502 0.8088 -0.2075
vn -0.6289 0.7775 -0.0067
vn 0.3918 0.9189 -0.0453
vn 0.0913 0.9949 -0.0420
vn 0.6763 0.7208 -0.1522
vn 0.6390 0.7691 0.0077
vn -0.4134 0.9104 0.0186
vn -0.4081 -0.9117 0.0478
vn -0.0773 -0.9963 0.0368
vn -0.6520 -0.7582 0.0018
vn 0.0756 -0.9966 0.0330
vn -0.8854 -0.4591 -0.0736
vn -0.0773 0.0229 -0.9967
vn 0.1161 0.0048 -0.9932
vn -0.3695 0.9259 -0.0787
vn 0.1010 0.0522 -0.9935
vn 0.1273 0.0111 -0.9918
vn -0.0664 -0.0294 -0.9974
vn -0.3099 0.2274 0.9232
vn -0.0296 0.1788 0.9834
vn -0.0599 0.1595 0.9854
vn -0.0340 0.1217 0.9920
vn -0.1939 0.1316 0.9722
vn -0.8776 -0.3107 0.3652
vn -0.8186 -0.3930 -0.4189
vn -0.7263 -0.2092 -0.6548
vn -0.8638 -0.1301 0.4867
vn -0.4826 0.8737 -0.0616
vn -0.5212 0.8518 -0.0539
vn -0.5686 0.8194 0.0724
vn -0.7600 0.6474 0.0574
vn -0.4207 0.9029 -0.0880
vn 0.8311 0.5035 -0.2361
vn 0.7716 0.5671 -0.2881
vn 0.6406 0.7514 -0.1583
vn 0.4442 0.8954 -0.0294
vn 0.6688 0.7416 -0.0526
vn 0.7276 0.6811 -0.0814
vn 0.4944 0.7930 -0.3559
vn 0.6863 0.7166 0.1246
vn 0.7420 0.6700 0.0221
vn 0.6006 0.7479 -0.2827
vn 0.6932 0.7034 -0.1573
vn 0.7479 0.6356 -0.1913
vn 0.6691 0.6348 -0.3864
vn 0.8364 0.5393 -0.0984
vn 0.7929 0.4927 -0.3585
vn -0.0789 0.9649 0.2505
vn 0.2054 0.9727 0.1077
vn -0.2797 0.8448 0.4563
vn -0.3465 0.8832 0.3160
vn 0.6161 0.7617 -0.2006
vn 0.0949 -0.9605 -0.2616
vn -0.2154 -0.9723 -0.0906
vn 0.3595 -0.8724 -0.3311
vn -0.3520 -0.9359 -0.0108
vn 0.6693 -0.6496 -0.3607
vn 0.5032 -0.0822 0.8603
vn 0.3653 -0.1102 0.9244
vn 0.6326 0.7686 -0.0953
vn 0.3875 -0.0737 0.9189
vn 0.3541 -0.1043 0.9294
vn 0.5099 -0.1909 0.8388
vn -0.0827 0.2352 -0.9684
vn -0.3902 0.3058 -0.8685
vn -0.3624 0.2890 -0.8861
vn -0.4034 0.2443 -0.8818
vn -0.2069 0.1772 -0.9622
vn 0.5139 -0.4659 -0.7203
vn 0.8222 -0.5652 0.0673
vn 0.8742 -0.4208 0.2420
vn 0.4798 -0.2638 -0.8368
vn 0.7041 0.6812 -0.2007
vn 0.7491 0.6253 -0.2189
vn 0.7005 0.5747 -0.4231
vn 0.8240 0.3391 -0.4539
vn 0.6938 0.7064 -0.1404
vn 0.5875 0.4963 0.6391
vn 0.6172 0.5528 0.5599
vn 0.4593 0.7299 0.5062
vn 0.2822 0.8785 0.3854
vn 0.3725 0.7298 0.5732
vn 0.4310 0.6578 0.6177
vn 0.5775 0.7628 0.2908
vn 0.2283 0.7068 0.6696
vn 0.3386 0.6608 0.6698
vn 0.5502 0.7252 0.4140
vn 0.4749 0.6881 0.5486
vn 0.5148 0.6377 0.5729
vn 0.6562 0.6230 0.4257
vn 0.4734 0.5372 0.6981
vn 0.6762 0.4891 0.5509
vn -0.1966 0.9800 0.0315
vn 0.0522 0.9719 0.2295
vn -0.4084 0.8736 -0.2647
vn -0.3781 0.9065 -0.1879
vn 0.4926 0.7364 0.4637
vn 0.2130 -0.9768 -0.0222
vn -0.0730 -0.9700 -0.2318
vn 0.3955 -0.8984 0.1906
vn -0.1996 -0.9263 -0.3197
vn 0.5631 -0.7234 0.3995
vn -0.6367 -0.0189 0.7709
vn -0.6925 -0.0640 0.7185
vn 0.4018 0.7512 0.5236
vn -0.6732 -0.0288 0.7389
vn -0.7002 -0.0566 0.7117
vn -0.6236 -0.0776 0.7779
vn 0.7196 0.2696 -0.6399
vn 0.6442 0.2631 -0.7181
vn 0.6692 0.2437 -0.7020
vn 0.6462 0.2027 -0.7357
vn 0.7689 0.0689 -0.6356
vn 0.8370 -0.5441 0.0585
vn 0.1824 -0.6562 0.7323
vn 0.0845 -0.4467 0.8907
vn 0.9606 -0.2756 -0.0358
vn 0.5107 0.6686 0.5405
vn 0.5551 0.6058 0.5700
vn 0.6933 0.5686 0.4427
vn 0.7770 0.3241 0.5397
vn 0.4564 0.6973 0.5527
vn -0.4232 0.4473 0.7880
vn -0.3363 0.5031 0.7961
vn -0.3405 0.6695 0.6602
vn -0.2789 0.8260 0.4898
vn -0.4202 0.6853 0.5948
vn -0.4532 0.5928 0.6657
vn -0.1025 0.6913 0.7153
vn -0.5641 0.6593 0.4972
vn -0.5231 0.6141 0.5909
vn -0.2219 0.6617 0.7162
vn -0.3701 0.6319 0.6809
vn -0.3708 0.6064 0.7034
vn -0.1979 0.5701 0.7974
vn -0.5053 0.4984 0.7044
vn -0.3153 0.4465 0.8374
vn -0.0834 0.9954 -0.0477
vn -0.1975 0.9506 0.2393
vn 0.0771 0.9342 -0.3482
vn 0.0733 0.9539 -0.2911
vn -0.2884 0.6699 0.6841
vn 0.0790 -0.9947 0.0663
vn 0.1928 -0.9469 -0.2574
vn -0.0707 -0.9483 0.3093
vn 0.2376 -0.8872 -0.3955
vn -0.2484 -0.7811 0.5728
vn -0.9434 0.0176 -0.3312
vn -0.8898 0.0014 -0.4564
vn -0.3716 0.6946 0.6160
vn -0.9028 0.0310 -0.4290
vn -0.8855 0.0081 -0.4646
vn -0.9395 -0.0547 -0.3381
vn 0.7910 0.1709 0.5875
vn 0.8760 0.2028 0.4375
vn 0.8689 0.1796 0.4612
vn 0.8930 0.1434 0.4266
vn 0.8318 0.0614 0.5516
vn 0.2188 -0.5250 0.8225
vn -0.5947 -0.6586 0.4611
vn -0.8238 -0.4723 0.3136
vn 0.2540 -0.3935 0.8835
vn -0.3532 0.6173 0.7030
vn -0.3658 0.5433 0.7556
vn -0.2192 0.5202 0.8255
vn -0.2761 0.2582 0.9258
vn -0.3731 0.6522 0.6599
vn 0.1913 0.5574 -0.8079
vn 0.0875 0.6241 -0.7765
vn 0.0479 0.7636 -0.6440
vn -0.0363 0.9139 -0.4043
vn 0.1474 0.7903 -0.5947
vn 0.1663 0.7476 -0.6430
vn -0.1979 0.7352 -0.6483
vn 0.2826 0.8249 -0.4895
vn 0.2538 0.7705 -0.5847
vn -0.0619 0.7332 -0.6771
vn 0.0866 0.7441 -0.6625
vn 0.1245 0.6977 -0.7055
vn -0.0555 0.6343 -0.7711
vn 0.2747 0.6395 -0.7181
vn 0.0840 0.5337 -0.8415
vn -0.1563 0.9778 0.1398
vn -0.0879 0.9827 -0.1631
vn -0.1061 0.8899 0.4436
vn -0.2491 0.8828 0.3983
vn -0.0086 0.7681 -0.6403
vn 0.1570 -0.9748 -0.1584
vn 0.0950 -0.9791 0.1800
vn 0.2425 -0.8760 -0.4169
vn 0.0589 -0.9431 0.3273
vn 0.3178 -0.6379 -0.7015
vn 0.9822 0.1633 0.0932
vn 0.9296 0.2020 0.3082
vn 0.0706 0.8067 -0.5867
vn 0.9299 0.2368 0.2816
vn 0.9250 0.2090 0.3172
vn 0.9836 0.1282 0.1271
vn -0.8719 0.0377 -0.4882
vn -0.9627 -0.0049 -0.2704
vn -0.9549 -0.0239 -0.2959
vn -0.9627 -0.0640 -0.2630
vn -0.9049 -0.1116 -0.4107
vn -0.1187 -0.4920 -0.8625
vn 0.6604 -0.4496 -0.6015
vn 0.8234 -0.2353 -0.5163
vn -0.2764 -0.3598 -0.8911
vn 0.0837 0.7126 -0.6965
vn 0.1041 0.6789 -0.7268
vn -0.0345 0.5832 -0.8116
vn 0.0694 0.3689 -0.9269
vn 0.1056 0.7589 -0.6426
vn 0.7687 0.6381 -0.0426
vn 0.6937 0.7092 -0.1258
vn 0.5277 0.8427 -0.1062
vn 0.2655 0.9590 -0.0994
vn 0.5151 0.8571 0.0002
vn 0.5681 0.8230 -0.0037
vn 0.4557 0.8228 -0.3396
vn 0.4596 0.8740 0.1579
vn 0.5439 0.8333 0.0986
vn 0.5296 0.8178 -0.2251
vn 0.5651 0.8209 -0.0822
vn 0.6377 0.7680 -0.0596
vn 0.6417 0.7230 -0.2559
vn 0.7002 0.7103 0.0719
vn 0.7645 0.6260 -0.1536
vn -0.2673 0.9630 -0.0347
vn 0.0266 0.9972 -0.0698
vn -0.4869 0.8700 0.0773
vn -0.5312 0.8464 -0.0377
vn 0.5080 0.8454 -0.1647
vn 0.2876 -0.9573 0.0303
vn -0.0348 -0.9960 0.0829
vn 0.5467 -0.8370 0.0257
vn -0.1874 -0.9779 0.0930
vn 0.8085 -0.5878 0.0289
vn 0.1255 0.1460 0.9813
vn 0.0073 0.1375 0.9905
vn 0.4834 0.8730 -0.0644
vn 0.0251 0.1736 0.9845
vn -0.0015 0.1414 0.9899
vn 0.1896 0.0491 0.9806
vn 0.1691 0.1465 -0.9746
vn -0.0691 0.0556 -0.9961
vn -0.0460 0.0388 -0.9982
vn -0.0760 0.0082 -0.9971
vn 0.1469 -0.0805 -0.9859
vn 0.7660 -0.4358 -0.4726
vn 0.7633 -0.4562 0.4573
vn 0.7494 -0.2214 0.6241
vn 0.7742 -0.2787 -0.5684
vn 0.6056 0.7896 -0.0989
vn 0.6381 0.7650 -0.0869
vn 0.6950 0.6749 -0.2479
vn 0.8547 0.4747 -0.2100
vn 0.5588 0.8273 -0.0568
vn -0.9165 0.3936 0.0720
vn -0.8828 0.4466 0.1454
vn -0.7716 0.6329 0.0642
vn -0.5760 0.8175 0.0037
vn -0.7732 0.6323 -0.0487
vn -0.8280 0.5597 -0.0333
vn -0.6789 0.6720 0.2956
vn -0.7478 0.6250 -0.2242
vn -0.8126 0.5658 -0.1399
vn -0.7549 0.6274 0.1911
vn -0.8066 0.5894 0.0452
vn -0.8314 0.5528 0.0571
vn -0.8070 0.5300 0.2605
vn -0.8982 0.4365 -0.0513
vn -0.8981 0.3948 0.1937
vn -0.0126 0.9895 -0.1441
vn -0.3202 0.9444 -0.0745
vn 0.2672 0.9101 -0.3167
vn 0.2708 0.9510 -0.1495
vn -0.7578 0.6423 0.1146
vn -0.0068 -0.9885 0.1513
vn 0.3330 -0.9410 0.0603
vn -0.2865 -0.9443 0.1617
vn 0.4786 -0.8778 0.0181
vn -0.6336 -0.7598 0.1456
vn -0.3191 -0.1309 -0.9386
vn -0.1216 -0.0505 -0.9913
vn -0.7498 0.6615 0.0097
vn -0.1522 -0.0159 -0.9882
vn -0.1106 -0.0412 -0.9930
vn -0.2760 -0.1392 -0.9510
vn -0.2098 0.1408 0.9676
vn 0.1304 0.2503 0.9593
vn 0.1041 0.2300 0.9676
vn 0.1470 0.1907 0.9706
vn -0.0214 0.1464 0.9890
vn -0.5985 -0.6341 0.4896
vn -0.6325 -0.7248 -0.2732
vn -0.7109 -0.5346 -0.4569
vn -0.6268 -0.4179 0.6577
vn -0.8220 0.5645 0.0749
vn -0.8618 0.4985 0.0939
vn -0.8385 0.4769 0.2636
vn -0.9347 0.2107 0.2862
vn -0.7963 0.6041 0.0300
vn 0.2945 0.5881 -0.7532
vn 0.1933 0.6434 -0.7407
vn 0.1724 0.7796 -0.6021
vn 0.0995 0.9016 -0.4211
vn 0.2421 0.8069 -0.5388
vn 0.3011 0.7245 -0.6200
vn -0.0598 0.7598 -0.6474
vn 0.3981 0.7982 -0.4521
vn 0.3613 0.7569 -0.5446
vn 0.0560 0.7561 -0.6521
vn 0.2070 0.7528 -0.6248
vn 0.2112 0.7339 -0.6456
vn 0.0517 0.6735 -0.7374
vn 0.3628 0.6533 -0.6645
vn 0.1907 0.5817 -0.7907
vn -0.0960 0.9906 0.0971
vn 0.0064 0.9832 -0.1822
vn -0.0598 0.9111 0.4079
vn -0.2302 0.9130 0.3368
vn 0.1456 0.8166 -0.5586
vn -0.1167 -0.9882 -0.0990
vn -0.3912 -0.9097 0.1396
vn 0.2298 -0.9047 -0.3589
vn -0.1434 -0.9048 0.4010
vn 0.3728 -0.6823 -0.6289
vn 0.9620 0.1411 0.2338
vn 0.8966 0.1457 0.4181
vn 0.1989 0.8055 -0.5582
vn -0.1630 0.2769 -0.9470
vn 0.9581 -0.0459 0.2828
vn 0.9657 0.0555 0.2535
vn -0.7789 0.0694 -0.6233
vn -0.7988 -0.1804 -0.5740
vn -0.7597 -0.4763 -0.4427
vn -0.9211 -0.0016 -0.3893
vn -0.8444 -0.0454 -0.5338
vn -0.0462 -0.5345 -0.8439
vn 0.7427 -0.4911 -0.4552
vn 0.8669 -0.3050 -0.3942
vn -0.1526 -0.3959 -0.9055
vn 0.1902 0.7383 -0.6471
vn 0.2207 0.6740 -0.7050
vn 0.0891 0.6332 -0.7688
vn 0.1810 0.3982 -0.8993
vn 0.2071 0.7727 -0.6001
vn -0.6028 0.4997 0.6220
vn -0.5038 0.5872 0.6335
vn -0.4253 0.7479 0.5097
vn -0.2885 0.8930 0.3455
vn -0.4984 0.7540 0.4278
vn -0.5458 0.6891 0.4767
vn -0.2076 0.7461 0.6326
vn -0.5912 0.7576 0.2767
vn -0.6009 0.7013 0.3836
vn -0.3393 0.7197 0.6057
vn -0.4793 0.7010 0.5281
vn -0.5028 0.6723 0.5434
vn -0.3775 0.6186 0.6890
vn -0.6436 0.5813 0.4979
vn -0.5168 0.5242 0.6769
vn 0.0912 0.9863 -0.1377
vn -0.1128 0.9872 0.1131
vn 0.2766 0.8999 -0.3372
vn 0.3002 0.8986 -0.3200
vn -0.3846 0.7439 0.5465
vn -0.1006 -0.9828 0.1549
vn 0.1164 -0.9840 -0.1349
vn -0.3052 -0.8889 0.3417
vn 0.2123 -0.9418 -0.2606
vn -0.5071 -0.6930 0.5124
vn -0.7907 0.0808 -0.6068
vn -0.7126 0.0653 -0.6985
vn -0.4431 0.7724 0.4550
vn -0.7296 0.1030 -0.6761
vn -0.7045 0.0729 -0.7059
vn -0.8190 -0.0339 -0.5727
vn 0.6089 0.1655 0.7758
vn 0.7379 0.1347 0.6613
vn 0.7179 0.1166 0.6863
vn 0.7480 0.0712 0.6599
vn 0.6094 -0.0570 0.7908
vn -0.0775 -0.5321 0.8431
vn -0.7698 -0.6194 0.1538
vn -0.9229 -0.3792 0.0666
vn -0.0534 -0.3527 0.9342
vn -0.4787 0.6696 0.5678
vn -0.5095 0.6252 0.5912
vn -0.4457 0.5731 0.6877
vn -0.5072 0.3534 0.7860
vn -0.4853 0.7114 0.5083
vn 0.6533 0.4952 -0.5727
vn 0.6131 0.5145 -0.5995
vn 0.5310 0.7347 -0.4222
vn 0.4840 0.8417 -0.2395
vn 0.5758 0.7396 -0.3484
vn 0.6900 0.6148 -0.3820
vn 0.3423 0.7635 -0.5477
vn 0.7285 0.6602 -0.1829
vn 0.7249 0.6203 -0.2996
vn 0.4395 0.7269 -0.5276
vn 0.5971 0.6709 -0.4398
vn 0.6031 0.6186 -0.5036
vn 0.4503 0.6086 -0.6534
vn 0.7339 0.5076 -0.4514
vn 0.5809 0.4632 -0.6693
vn 0.0943 0.9741 0.2056
vn 0.2943 0.9553 -0.0291
vn -0.0232 0.8992 0.4368
vn -0.1336 0.9191 0.3708
vn 0.5257 0.7200 -0.4531
vn -0.0840 -0.9718 -0.2206
vn -0.2957 -0.9541 0.0475
vn 0.1398 -0.9106 -0.3888
vn -0.3795 -0.9092 0.1712
vn 0.4234 -0.7159 -0.5552
vn 0.7770 -0.0507 0.6275
vn 0.6831 -0.1156 0.7211
vn 0.5810 0.7279 -0.3642
vn 0.7048 -0.0853 0.7043
vn 0.6765 -0.1121 0.7278
vn 0.7686 -0.1693 0.6169
vn -0.4307 0.3089 -0.8480
vn -0.6695 0.3174 -0.6715
vn -0.6561 0.2963 -0.6940
vn -0.6909 0.2577 -0.6755
vn -0.5259 0.1072 -0.8438
vn 0.3225 -0.5135 -0.7952
vn 0.7925 -0.5981 -0.1191
vn 0.8910 -0.4476 -0.0763
vn 0.1342 -0.2644 -0.9550
vn 0.5511 0.6731 -0.4931
vn 0.6332 0.5662 -0.5278
vn 0.4550 0.5472 -0.7025
vn 0.5813 0.2885 -0.7609
vn 0.5920 0.6800 -0.4326
vn -0.7089 0.0419 0.7041
vn -0.6996 0.0085 -0.7145
vn 0.7091 -0.0042 0.7051
vn 0.7075 -0.0354 -0.7059
vn 0.0056 -0.0203 -0.9998
vn 0.9996 -0.0291 -0.0020
vn -0.9994 0.0347 -0.0074
vn -0.0015 0.0254 0.9997
vn 0.9772 0.1654 -0.1332
vn 0.8084 0.5666 -0.1596
vn 0.9253 0.2045 0.3194
vn 0.7582 0.5943 0.2680
vn 0.8327 0.4021 0.3806
vn 0.7413 0.6697 0.0446
vn 0.9944 0.0384 0.0987
vn 0.8968 0.3423 -0.2802
vn 0.9387 -0.0984 -0.3304
vn 0.8466 -0.0488 0.5299
vn 0.7636 0.1706 0.6227
vn 0.6673 0.3732 0.6445
vn 0.6165 0.5687 0.5446
vn 0.5053 0.8338 0.2225
vn 0.4781 0.8780 0.0235
vn 0.5412 0.8183 -0.1935
vn 0.9770 -0.1867 -0.1027
vn 0.9561 -0.2740 0.1039
vn 0.9315 -0.1630 0.3251
vn 0.6815 0.4851 -0.5479
vn 0.7625 0.2514 -0.5961
vn 0.8840 0.0795 -0.4607
vn 0.5888 0.6836 -0.4313
vn 0.5056 0.7495 0.4273
vn 0.9940 0.0384 0.1021
vn 0.9793 0.1394 -0.1467
vn 0.9153 0.1767 0.3620
vn 0.8909 0.3415 -0.2995
vn 0.7805 0.5985 -0.1807
vn 0.8214 0.3972 0.4093
vn 0.7332 0.6147 0.2908
vn 0.7232 0.6893 0.0428
vn 0.7020 0.7110 0.0397
vn 0.7394 0.6217 0.2585
vn 0.7862 0.5931 -0.1734
vn 0.8128 0.4015 0.4220
vn 0.9310 0.1671 0.3244
vn 0.9115 0.3223 -0.2557
vn 0.9819 0.1314 -0.1367
vn 0.9942 0.0657 0.0856
vt 0.765349 0.849446
vt 0.864977 0.873578
vt 0.765349 0.873578
vt 0.864977 0.849446
vt 0.923467 0.873578
vt 0.923467 0.892884
vt 0.864977 0.892884
vt 0.765349 0.892884
vt 0.864977 0.912402
vt 0.765349 0.912402
vt 0.923467 0.912402
vt 0.923467 0.931852
vt 0.864977 0.931852
vt 0.765349 0.931852
vt 0.765349 0.970519
vt 0.864977 0.990075
vt 0.765349 0.990075
vt 0.864977 0.970519
vt 0.923467 0.990075
vt 0.864977 0.829958
vt 0.923467 0.849446
vt 0.765349 0.829958
vt 0.864977 0.951220
vt 0.765349 0.951220
vt 0.923467 0.951220
vt 0.923467 0.970519
vt 0.226357 0.679691
vt 0.369744 0.703043
vt 0.226357 0.703043
vt 0.369744 0.679691
vt 0.586269 0.703043
vt 0.586269 0.721726
vt 0.369744 0.721726
vt 0.226357 0.721726
vt 0.008700 0.759435
vt 0.112017 0.778177
vt 0.008700 0.778177
vt 0.112017 0.759435
vt 0.226357 0.778177
vt 0.226357 0.796853
vt 0.112017 0.796853
vt 0.008701 0.796853
vt 0.112017 0.815777
vt 0.008700 0.815777
vt 0.226357 0.815777
vt 0.112017 0.660832
vt 0.112017 0.679690
vt 0.008700 0.660832
vt 0.008700 0.679691
vt 0.008700 0.721726
vt 0.112017 0.740613
vt 0.008700 0.740613
vt 0.112017 0.721726
vt 0.226357 0.740613
vt 0.226357 0.759435
vt 0.494401 0.931852
vt 0.640910 0.951220
vt 0.494401 0.951220
vt 0.640910 0.931852
vt 0.640910 0.970519
vt 0.494401 0.970519
vt 0.640910 0.990075
vt 0.494401 0.990075
vt 0.640910 0.829958
vt 0.640910 0.849446
vt 0.494401 0.829958
vt 0.494401 0.849446
vt 0.494401 0.892884
vt 0.640910 0.912402
vt 0.494401 0.912402
vt 0.640910 0.892884
vt 0.640910 0.873578
vt 0.494401 0.873578
vt 0.606330 0.796302
vt 0.660433 0.783807
vt 0.660433 0.796302
vt 0.606330 0.783807
vt 0.660433 0.771267
vt 0.702786 0.771267
vt 0.702786 0.783807
vt 0.702786 0.796302
vt 0.606330 0.746038
vt 0.660433 0.733538
vt 0.660433 0.746038
vt 0.606330 0.733538
vt 0.660433 0.717914
vt 0.702786 0.717914
vt 0.702786 0.733538
vt 0.702786 0.746038
vt 0.606330 0.771267
vt 0.660433 0.758674
vt 0.606330 0.758674
vt 0.702786 0.758674
vt 0.606330 0.717914
vt 0.660433 0.705297
vt 0.606330 0.808962
vt 0.660433 0.808962
vt 0.702786 0.808962
vt 0.702786 0.705297
vt 0.735945 0.758679
vt 0.735953 0.771305
vt 0.735950 0.746009
vt 0.765718 0.745962
vt 0.765596 0.758682
vt 0.765662 0.771326
vt 0.735960 0.733476
vt 0.735959 0.717860
vt 0.765856 0.717866
vt 0.765822 0.733416
vt 0.735959 0.783864
vt 0.735955 0.796336
vt 0.765782 0.783860
vt 0.765844 0.796331
vt 0.735958 0.705267
vt 0.735953 0.808978
vt 0.765917 0.809026
vt 0.765914 0.705177
vt 0.823259 0.796302
vt 0.823259 0.758674
vt 0.823259 0.717914
vt 0.823259 0.771267
vt 0.823259 0.746038
vt 0.369744 0.778177
vt 0.369744 0.759435
vt 0.586269 0.778177
vt 0.586269 0.796853
vt 0.369744 0.796853
vt 0.369744 0.815777
vt 0.586269 0.815777
vt 0.369744 0.660832
vt 0.586269 0.679691
vt 0.226357 0.660832
vt 0.369744 0.740613
vt 0.586269 0.740613
vt 0.586269 0.759435
vt 0.112017 0.703043
vt 0.008700 0.703043
vt 0.195054 0.873578
vt 0.195054 0.892884
vt 0.195054 0.912402
vt 0.195054 0.931852
vt 0.195054 0.990075
vt 0.195054 0.970519
vt 0.195054 0.829958
vt 0.195054 0.849446
vt 0.195054 0.951220
vt -0.044837 0.951220
vt -0.044837 0.970519
vt -0.284729 0.990075
vt -0.284729 0.970519
vt -0.044837 0.829958
vt -0.044837 0.849446
vt -0.044837 0.892884
vt -0.044837 0.912402
vt -0.044837 0.931852
vt -0.284729 0.873578
vt -0.284729 0.849446
vt -0.044837 0.873578
vt -0.773493 0.873578
vt -0.284729 0.892884
vt -0.773493 0.892884
vt -0.284729 0.912402
vt -0.773493 0.912401
vt -0.284729 0.931852
vt -0.773493 0.931852
vt -0.773493 0.990075
vt -0.773493 0.970519
vt -0.773493 0.829957
vt -0.773493 0.849446
vt -0.773493 0.951220
vt -0.284729 0.951220
vt 0.809831 0.387419
vt 0.796699 0.377836
vt 0.821457 0.363050
vt 0.842737 0.347208
vt 0.836007 0.339370
vt 0.858443 0.326954
vt 0.788757 0.364708
vt 0.787387 0.349638
vt 0.815151 0.354707
vt 0.817070 0.343960
vt 0.802045 0.322413
vt 0.825526 0.338027
vt 0.830437 0.313644
vt 0.825360 0.392213
vt 0.868516 0.354206
vt 0.864045 0.369423
vt 0.841276 0.358005
vt 0.840985 0.390528
vt 0.832629 0.364448
vt 0.854287 0.382447
vt 0.866414 0.339576
vt 0.792247 0.334678
vt 0.770925 0.399463
vt 0.845143 0.318380
vt 0.856329 0.295642
vt 0.900185 0.292354
vt 0.878579 0.310529
vt 0.868286 0.270161
vt 0.909291 0.284469
vt 0.830207 0.260297
vt 0.873527 0.259132
vt 0.830197 0.287966
vt 0.803361 0.290403
vt 0.756659 0.282476
vt 0.790867 0.264124
vt 0.830657 0.248242
vt 0.931284 0.320643
vt 0.920061 0.324291
vt 0.763244 0.324509
vt 0.780421 0.303504
vt 0.731943 0.313253
vt 0.747574 0.273407
vt 0.720039 0.351123
vt 0.720080 0.308264
vt 0.754723 0.350305
vt 0.847258 0.421479
vt 0.886783 0.433376
vt 0.853871 0.454537
vt 0.723712 0.389376
vt 0.706911 0.350927
vt 0.786258 0.252873
vt 0.887499 0.384503
vt 0.870193 0.407009
vt 0.912331 0.401569
vt 0.894242 0.443598
vt 0.923226 0.362542
vt 0.923127 0.407362
vt 0.895529 0.358179
vt 0.757103 0.376538
vt 0.743764 0.424018
vt 0.857116 0.467127
vt 0.892463 0.332258
vt 0.793641 0.416329
vt 0.776521 0.448503
vt 0.733852 0.433355
vt 0.815733 0.459397
vt 0.770555 0.460672
vt 0.820591 0.424614
vt 0.742935 0.268485
vt 0.711378 0.394048
vt 0.947030 0.122516
vt 0.953571 0.086985
vt 0.952060 0.123974
vt 0.934527 0.153599
vt 0.939052 0.157008
vt 0.934969 0.056708
vt 0.917690 0.028153
vt 0.939628 0.053887
vt 0.852663 0.014665
vt 0.816687 0.017626
vt 0.851779 0.008420
vt 0.886313 0.018795
vt 0.887757 0.013393
vt 0.914481 0.032419
vt 0.819769 0.023208
vt 0.788814 0.040780
vt 0.874074 0.185284
vt 0.910596 0.180003
vt 0.874436 0.190872
vt 0.838334 0.181381
vt 0.836671 0.186545
vt 0.806831 0.168036
vt 0.803305 0.172301
vt 0.908013 0.175233
vt 0.776864 0.110885
vt 0.780550 0.146269
vt 0.771035 0.111940
vt 0.778533 0.076442
vt 0.773403 0.074924
vt 0.793144 0.044593
vt 0.785880 0.143205
vt 0.889475 0.117330
vt 0.868884 0.127603
vt 0.862026 0.098908
vt 0.842767 0.121655
vt 0.832146 0.098692
vt 0.835429 0.080977
vt 0.880861 0.075170
vt 0.893970 0.095605
vt 0.858981 0.069793
vt 0.714574 0.305633
vt 0.705382 0.395852
vt 0.784036 0.246884
vt 0.914287 0.280016
vt 0.876165 0.253758
vt 0.831029 0.241634
vt 0.936879 0.318543
vt 0.728563 0.437742
vt 0.814427 0.472544
vt 0.767820 0.465978
vt 0.858986 0.472923
vt 0.898583 0.448924
vt 0.934817 0.363310
vt 0.928395 0.409839
vt 0.941373 0.363493
vt 0.814843 0.315108
vt 0.806036 0.105997
vt 0.805391 0.054699
vt 0.815520 0.063233
vt 0.948081 0.087877
vt 0.734096 0.674090
vt 0.807278 0.666579
vt 0.807569 0.670264
vt 0.732217 0.668151
vt 0.730790 0.662495
vt 0.807290 0.658901
vt 0.080894 0.313059
vt 0.131017 0.425010
vt 0.087866 0.430978
vt 0.085512 0.592366
vt 0.160998 0.533166
vt 0.158903 0.608267
vt 0.086856 0.512391
vt 0.037311 0.423214
vt 0.676586 0.677125
vt 0.674435 0.671700
vt 0.806513 0.651709
vt 0.731807 0.656821
vt 0.732816 0.651072
vt 0.002774 0.524359
vt 0.077039 0.592220
vt 0.018546 0.599764
vt 0.675418 0.651700
vt 0.626026 0.658999
vt 0.636459 0.640099
vt 0.630813 0.663697
vt 0.647194 0.662495
vt 0.617779 0.639581
vt 0.645272 0.682048
vt 0.638677 0.674052
vt 0.618093 0.673366
vt 0.626762 0.683889
vt 0.673367 0.658312
vt 0.470298 0.367777
vt 0.383042 0.317150
vt 0.480914 0.322086
vt 0.480547 0.373871
vt 0.511584 0.476487
vt 0.488942 0.476487
vt 0.560535 0.373770
vt 0.480736 0.321448
vt 0.561764 0.320883
vt 0.388049 0.358584
vt 0.388199 0.359825
vt 0.440292 0.446146
vt 0.417650 0.446146
vt 0.652801 0.315350
vt 0.572996 0.358398
vt 0.572965 0.315350
vt 0.388181 0.359674
vt 0.622336 0.454552
vt 0.599311 0.454552
vt 0.392121 0.371268
vt 0.480916 0.372663
vt 0.471276 0.368445
vt 0.472211 0.371630
vt 0.572995 0.356800
vt 0.562490 0.372600
vt 0.480753 0.326086
vt 0.561829 0.325567
vt 0.479761 0.364273
vt 0.649064 0.376530
vt 0.390092 0.367898
vt 0.389140 0.367711
vt 0.574241 0.376530
vt 0.559797 0.382885
vt 0.489355 0.476348
vt 0.480829 0.382870
vt 0.564458 0.344101
vt 0.480209 0.344100
vt 0.564113 0.316675
vt 0.480514 0.316675
vt 0.650274 0.366742
vt 0.597020 0.455072
vt 0.573428 0.366904
vt 0.653093 0.314436
vt 0.569495 0.314436
vt 0.652697 0.321791
vt 0.646023 0.388871
vt 0.593113 0.463263
vt 0.576591 0.389779
vt 0.651914 0.349164
vt 0.572280 0.349471
vt 0.652492 0.322046
vt 0.569870 0.314233
vt 0.564283 0.330213
vt 0.480364 0.330213
vt 0.379122 0.532159
vt 0.440659 0.489478
vt 0.380858 0.493816
vt 0.474939 0.529755
vt 0.528868 0.509769
vt 0.475126 0.496283
vt 0.440421 0.530629
vt 0.192605 0.584742
vt 0.249815 0.550573
vt 0.194019 0.553508
vt 0.286810 0.585564
vt 0.346579 0.565640
vt 0.286969 0.557144
vt 0.249608 0.586204
vt 0.377818 0.577921
vt 0.435272 0.547413
vt 0.379232 0.546687
vt 0.473488 0.588753
vt 0.534234 0.572246
vt 0.473647 0.560332
vt 0.435065 0.583045
vt 0.193665 0.529215
vt 0.255446 0.490196
vt 0.195400 0.490871
vt 0.289481 0.528520
vt 0.351467 0.503650
vt 0.289669 0.495048
vt 0.255207 0.531347
vt 0.191653 0.589388
vt 0.253190 0.546707
vt 0.193389 0.551044
vt 0.287470 0.586984
vt 0.346049 0.563897
vt 0.287657 0.553512
vt 0.252951 0.587858
vt 0.194079 0.582418
vt 0.255485 0.546541
vt 0.195552 0.549870
vt 0.288788 0.587794
vt 0.343693 0.563902
vt 0.288975 0.554323
vt 0.255246 0.587692
vt 0.195901 0.530628
vt 0.250612 0.487145
vt 0.197636 0.492285
vt 0.291702 0.530885
vt 0.354436 0.500425
vt 0.291920 0.492091
vt 0.250353 0.531854
vt 0.823259 0.783807
vt 0.689668 0.649673
vt 0.650010 0.652796
vt 0.652777 0.645293
vt 0.733184 0.676463
vt 0.778940 0.670060
vt 0.778851 0.677383
vt 0.689636 0.676534
vt 0.733676 0.669558
vt 0.650030 0.673633
vt 0.688645 0.663130
vt 0.689081 0.669710
vt 0.733993 0.663070
vt 0.778771 0.663187
vt 0.652752 0.681173
vt 0.733602 0.656569
vt 0.778946 0.656317
vt 0.839000 0.655366
vt 0.839077 0.671212
vt 0.689055 0.656537
vt 0.407750 0.269861
vt 0.320058 0.363836
vt 0.302879 0.273209
vt 0.012484 0.134597
vt 0.054703 0.024840
vt 0.154831 0.022049
vt 0.232104 0.128617
vt 0.297443 0.013900
vt 0.336998 0.113225
vt 0.126383 0.121596
vt 0.227676 0.023753
vt 0.444258 0.107610
vt 0.397224 0.008750
vt 0.239951 0.204841
vt 0.247178 0.275049
vt 0.168823 0.278609
vt 0.425025 0.193087
vt 0.246402 0.442768
vt 0.042093 0.215219
vt 0.154632 0.361932
vt 0.733217 0.649667
vt 0.778874 0.649028
vt 0.838656 0.646923
vt 0.838638 0.679601
vt 0.619775 0.651511
vt 0.626446 0.639450
vt 0.624593 0.671055
vt 0.636780 0.663386
vt 0.607510 0.638965
vt 0.628794 0.686332
vt 0.627579 0.680092
vt 0.606041 0.673781
vt 0.605713 0.685232
vt 0.067924 0.285554
vt -0.284729 0.829958
vt -0.044837 0.990075
vt 0.792475 0.108548
vt 0.870368 0.156675
vt 0.816591 0.156045
vt 0.824680 0.145603
vt 0.855875 0.043699
vt 0.905167 0.044379
vt 0.896816 0.054600
vt 0.921880 0.143821
vt 0.872091 0.170048
vt 0.920291 0.091734
vt 0.910859 0.135352
vt 0.854603 0.030080
vt 0.933138 0.089849
vt 0.857018 0.058280
vt 0.887685 0.066353
vt 0.905656 0.094349
vt 0.898913 0.124961
vt 0.820799 0.101680
vt 0.826777 0.073279
vt 0.869741 0.140089
vt 0.834923 0.131904
vt 0.239044 0.023510
vt 0.923467 0.829958
vt 0.606330 0.705297
vt 0.823259 0.808962
vt 0.823259 0.705297
vt 0.823259 0.733538
vt 0.586269 0.660832
vt 0.700087 0.350437
vt 0.814019 0.479436
vt 0.473767 0.360487
vt 0.473606 0.361355
vt 0.651038 0.358398
vt 0.473890 0.359827
vt 0.651104 0.356800
vt 0.561595 0.364087
vt 0.511996 0.476348
vt 0.619661 0.455072
vt 0.615755 0.463263
vt 0.528765 0.528242
vt 0.346486 0.582205
vt 0.534141 0.588812
vt 0.351364 0.522124
vt 0.345946 0.582371
vt 0.343590 0.582375
vt 0.354332 0.518899
s 1
f 15/1/15 113/2/113 69/3/69
f 64/4/64 49/5/49 113/2/113
f 113/2/113 7/6/7 48/7/48
f 69/3/69 48/7/48 13/8/13
f 13/8/13 114/9/114 68/10/68
f 48/7/48 52/11/52 114/9/114
f 114/9/114 5/12/5 65/13/65
f 68/10/68 65/13/65 16/14/16
f 14/15/14 115/16/115 67/17/67
f 63/18/63 50/19/50 115/16/115
f 115/20/115 3/21/3 64/4/64
f 67/22/67 64/4/64 15/1/15
f 16/14/16 116/23/116 66/24/66
f 65/13/65 53/25/53 116/23/116
f 116/23/116 1/26/1 63/18/63
f 66/24/66 63/18/63 14/15/14
f 11/27/11 117/28/117 61/29/61
f 56/30/56 97/31/97 117/28/117
f 117/28/117 29/32/29 47/33/47
f 61/29/61 47/33/47 10/34/10
f 6/35/6 118/36/118 46/37/46
f 92/38/92 58/39/58 118/36/118
f 118/36/118 9/40/9 90/41/90
f 46/37/46 90/41/90 2/42/2
f 2/42/2 119/43/119 54/44/54
f 90/41/90 59/45/59 119/43/119
f 119/46/119 11/27/11 91/47/91
f 54/48/54 91/47/91 4/49/4
f 8/50/8 120/51/120 45/52/45
f 93/53/93 60/54/60 120/51/120
f 120/51/120 12/55/12 92/38/92
f 45/52/45 92/38/92 6/35/6
f 33/56/33 121/57/121 104/58/104
f 98/59/98 66/24/66 121/57/121
f 121/57/121 14/15/14 100/60/100
f 104/58/104 100/60/100 35/61/35
f 35/61/35 122/62/122 103/63/103
f 100/60/100 67/17/67 122/62/122
f 122/64/122 15/1/15 99/65/99
f 103/66/103 99/65/99 34/67/34
f 36/68/36 123/69/123 102/70/102
f 62/71/62 68/10/68 123/69/123
f 123/69/123 16/14/16 98/59/98
f 102/70/102 98/59/98 33/56/33
f 34/67/34 124/72/124 101/73/101
f 99/65/99 69/3/69 124/72/124
f 124/72/124 13/8/13 62/71/62
f 101/73/101 62/71/62 36/68/36
f 1/74/1 125/75/125 74/76/74
f 53/77/53 75/78/75 125/75/125
f 125/75/125 19/79/19 73/80/73
f 74/76/74 73/80/73 17/81/17
f 7/82/7 126/83/126 76/84/76
f 49/85/49 77/86/77 126/83/126
f 126/83/126 18/87/18 70/88/70
f 76/84/76 70/88/70 20/89/20
f 5/90/5 127/91/127 75/78/75
f 52/92/52 76/84/76 127/91/127
f 127/91/127 20/89/20 72/93/72
f 75/78/75 72/93/72 19/79/19
f 3/94/3 128/95/128 77/86/77
f 50/96/50 74/76/74 128/97/128
f 128/97/128 17/81/17 71/98/71
f 77/86/77 71/99/71 18/87/18
f 19/79/19 129/100/129 82/101/82
f 72/93/72 83/102/83 129/100/129
f 129/100/129 24/103/24 80/104/80
f 82/101/82 80/104/80 23/105/23
f 20/89/20 130/106/130 83/102/83
f 70/88/70 84/107/84 130/106/130
f 130/106/130 22/108/22 78/109/78
f 83/102/83 78/109/78 24/103/24
f 17/81/17 131/110/131 85/111/85
f 73/80/73 82/101/82 131/110/131
f 131/110/131 23/105/23 81/112/81
f 85/111/85 81/112/81 21/113/21
f 18/87/18 132/114/132 84/107/84
f 71/98/71 85/111/85 132/115/132
f 132/115/132 21/113/21 79/116/79
f 84/107/84 79/117/79 22/108/22
f 27/118/27 79/116/79 21/113/21
f 81/112/81 27/118/27 21/113/21
f 24/103/24 88/119/88 80/104/80
f 79/117/79 25/120/25 22/108/22
f 25/120/25 78/109/78 22/108/22
f 80/104/80 28/121/28 23/105/23
f 78/109/78 26/122/26 24/103/24
f 12/55/12 133/123/133 58/39/58
f 57/124/57 94/125/94 133/123/133
f 133/123/133 32/126/32 55/127/55
f 58/39/58 55/127/55 9/40/9
f 9/40/9 134/128/134 59/45/59
f 55/127/55 95/129/95 134/128/134
f 134/130/134 31/131/31 56/30/56
f 59/132/59 56/30/56 11/27/11
f 10/34/10 135/133/135 60/54/60
f 47/33/47 96/134/96 135/133/135
f 135/133/135 30/135/30 57/124/57
f 60/54/60 57/124/57 12/55/12
f 4/49/4 136/136/136 51/137/51
f 91/47/91 61/29/61 136/136/136
f 136/136/136 10/34/10 93/53/93
f 51/137/51 93/53/93 8/50/8
f 108/138/108 36/68/36 40/139/40
f 40/139/40 102/70/102 107/140/107
f 107/140/107 33/56/33 37/141/37
f 35/61/35 106/142/106 39/143/39
f 106/144/106 34/67/34 38/145/38
f 33/56/33 105/146/105 37/141/37
f 105/146/105 35/61/35 39/143/39
f 1450/147/1448 39/143/39 1449/148/1447
f 1449/148/1447 111/149/111 43/150/43
f 1451/151/1449 38/145/38 1448/152/1446
f 1446/153/1444 107/140/107 1452/154/1450
f 1452/154/1450 37/141/37 1447/155/1445
f 1448/152/1446 109/156/109 42/157/42
f 1453/158/1451 40/139/40 1446/153/1444
f 97/159/97 44/160/44 29/161/29
f 29/161/29 110/162/110 96/163/96
f 96/163/96 41/164/41 30/165/30
f 43/150/43 95/166/95 32/167/32
f 95/168/95 42/157/42 31/169/31
f 41/164/41 94/170/94 30/165/30
f 94/170/94 43/150/43 32/167/32
f 1447/155/1445 112/171/112 41/164/41
f 42/157/42 97/159/97 31/169/31
f 34/67/34 108/138/108 38/145/38
f 171/172/171 170/173/170 87/174/87
f 28/175/28 88/176/88 161/177/161
f 139/178/139 166/179/166 25/180/25
f 86/181/86 164/182/164 26/183/26
f 88/176/88 26/183/26 163/184/163
f 172/185/172 171/172/171 87/174/87
f 169/186/169 168/187/168 89/188/89
f 140/189/140 172/185/172 27/190/27
f 167/191/167 140/189/140 27/190/27
f 137/192/137 169/186/169 28/175/28
f 165/193/165 164/182/164 86/181/86
f 171/172/171 214/194/214 170/173/170
f 162/195/162 161/177/161 88/176/88
f 224/196/224 173/197/173 223/198/223
f 174/199/174 196/200/196 173/197/173
f 175/201/175 197/202/197 174/199/174
f 225/203/225 174/199/174 224/196/224
f 158/204/158 176/205/176 142/206/142
f 142/206/142 198/207/198 175/201/175
f 173/197/173 153/208/153 157/209/157
f 221/210/221 176/205/176 220/211/220
f 177/212/177 190/213/190 176/205/176
f 178/214/178 191/215/191 177/212/177
f 222/216/222 177/212/177 221/210/221
f 144/217/144 179/218/179 160/219/160
f 143/220/143 192/221/192 178/214/178
f 176/205/176 155/222/155 142/206/142
f 158/204/158 175/201/175 225/203/225
f 218/223/218 179/218/179 217/224/217
f 180/225/180 208/226/208 179/218/179
f 181/227/181 209/228/209 180/225/180
f 219/229/219 180/225/180 218/223/218
f 159/230/159 182/231/182 143/220/143
f 153/208/153 181/227/181 157/209/157
f 179/218/179 146/232/146 160/219/160
f 141/233/141 173/197/173 157/209/157
f 159/230/159 178/214/178 222/216/222
f 215/234/215 182/231/182 214/194/214
f 183/235/183 202/236/202 182/231/182
f 184/237/184 203/238/203 183/235/183
f 216/239/216 183/235/183 215/234/215
f 191/215/191 193/240/193 190/213/190
f 146/232/146 184/237/184 160/219/160
f 182/231/182 148/241/148 143/220/143
f 181/227/181 141/233/141 157/209/157
f 1473/242/1471 212/243/212 213/244/213
f 1476/245/1474 213/244/213 154/246/154
f 1475/247/1473 145/248/145 211/249/211
f 1471/250/1469 205/251/205 206/252/206
f 1470/253/1468 206/252/206 207/254/207
f 1462/255/1460 207/254/207 145/248/145
f 1472/256/1470 147/257/147 205/251/205
f 1468/258/1466 199/259/199 200/260/200
f 1467/261/1465 200/260/200 201/262/201
f 1477/263/1475 201/262/201 156/264/156
f 1469/265/1467 154/246/154 199/259/199
f 1465/266/1463 193/267/193 194/268/194
f 1464/269/1462 194/268/194 195/270/195
f 1463/271/1461 195/270/195 147/257/147
f 1466/272/1464 156/264/156 193/267/193
f 1490/273/1488 1493/274/1491 185/275/185
f 1493/274/1491 1492/276/1490 185/275/185
f 185/275/185 1492/276/1490 1491/277/1489
f 1491/277/1489 1488/278/1486 185/275/185
f 1487/279/1485 1489/280/1487 185/275/185
f 1490/273/1488 185/275/185 1489/280/1487
f 185/275/185 1488/278/1486 1486/281/1484
f 192/221/192 194/282/194 191/215/191
f 147/283/147 192/221/192 148/241/148
f 155/222/155 193/240/193 156/284/156
f 197/202/197 199/285/199 196/200/196
f 198/207/198 200/286/200 197/202/197
f 155/222/155 201/287/201 198/207/198
f 153/208/153 199/285/199 154/288/154
f 203/238/203 205/289/205 202/236/202
f 204/290/204 206/291/206 203/238/203
f 145/292/145 204/290/204 146/232/146
f 148/241/148 205/289/205 147/283/147
f 209/228/209 211/293/211 208/226/208
f 210/294/210 212/295/212 209/228/209
f 153/208/153 213/296/213 210/294/210
f 146/232/146 211/293/211 145/292/145
f 172/185/172 215/234/215 171/172/171
f 140/189/140 216/239/216 172/185/172
f 170/173/170 159/230/159 139/178/139
f 168/187/168 217/224/217 167/191/167
f 169/186/169 218/223/218 168/187/168
f 137/192/137 219/229/219 169/186/169
f 167/191/167 144/217/144 140/189/140
f 165/193/165 220/211/220 164/182/164
f 166/179/166 221/210/221 165/193/165
f 139/178/139 222/216/222 166/179/166
f 164/182/164 158/204/158 138/297/138
f 162/195/162 223/198/223 161/177/161
f 163/184/163 224/196/224 162/195/162
f 138/297/138 225/203/225 163/184/163
f 161/177/161 141/233/141 137/192/137
f 184/237/184 144/217/144 160/219/160
f 1483/298/1481 1456/299/1454 1480/300/1478
f 1474/301/1472 211/249/211 212/243/212
f 137/192/137 28/175/28 161/177/161
f 138/297/138 163/184/163 26/183/26
f 168/187/168 167/191/167 89/188/89
f 162/195/162 88/176/88 163/184/163
f 170/173/170 139/178/139 25/180/25
f 25/180/25 165/193/165 86/181/86
f 164/182/164 138/297/138 26/183/26
f 28/175/28 169/186/169 89/188/89
f 89/188/89 167/191/167 27/190/27
f 27/190/27 172/185/172 87/174/87
f 87/174/87 170/173/170 25/180/25
f 238/302/238 235/303/235 237/304/237
f 235/303/235 241/305/241 236/306/236
f 240/307/240 235/303/235 236/306/236
f 234/308/234 227/309/227 233/310/233
f 261/311/261 257/312/257 255/313/255
f 232/314/232 226/315/226 233/310/233
f 227/309/227 232/314/232 233/310/233
f 234/308/234 233/310/233 226/315/226
f 241/305/241 243/316/243 247/317/247
f 237/318/237 239/319/239 238/320/238
f 230/321/230 240/322/240 228/323/228
f 239/319/239 243/324/243 238/320/238
f 243/324/243 244/325/244 250/326/250
f 243/316/243 246/327/246 247/317/247
f 247/317/247 246/327/246 242/328/242
f 242/328/242 236/306/236 247/317/247
f 250/326/250 244/325/244 249/329/249
f 250/330/250 251/331/251 243/316/243
f 248/332/248 250/330/250 249/333/249
f 248/332/248 246/327/246 251/331/251
f 236/306/236 241/305/241 247/317/247
f 245/334/245 239/319/239 236/306/236
f 264/302/264 261/303/261 263/304/263
f 261/303/261 267/305/267 262/306/262
f 266/307/266 261/303/261 262/306/262
f 260/308/260 253/309/253 259/310/259
f 287/311/287 283/312/283 281/313/281
f 258/314/258 252/315/252 259/310/259
f 253/309/253 258/314/258 259/310/259
f 260/308/260 259/310/259 252/315/252
f 267/305/267 269/316/269 273/317/273
f 263/318/263 265/319/265 264/320/264
f 256/321/256 266/322/266 254/323/254
f 265/319/265 269/324/269 264/320/264
f 269/324/269 270/325/270 276/326/276
f 269/316/269 272/327/272 273/317/273
f 271/334/271 268/328/268 270/325/270
f 273/317/273 272/327/272 268/328/268
f 276/326/276 270/325/270 275/329/275
f 276/330/276 277/331/277 269/316/269
f 274/332/274 276/330/276 275/333/275
f 274/332/274 272/327/272 277/331/277
f 262/306/262 267/305/267 273/317/273
f 262/306/262 268/328/268 271/334/271
f 290/302/290 287/303/287 289/304/289
f 287/303/287 293/305/293 288/306/288
f 292/307/292 287/303/287 288/306/288
f 286/308/286 279/309/279 285/310/285
f 284/314/284 278/315/278 285/310/285
f 279/309/279 284/314/284 285/310/285
f 286/308/286 285/310/285 278/315/278
f 293/305/293 295/316/295 299/317/299
f 289/318/289 291/319/291 290/320/290
f 282/321/282 292/322/292 280/323/280
f 291/319/291 295/324/295 290/320/290
f 295/324/295 296/325/296 302/326/302
f 295/316/295 298/327/298 299/317/299
f 297/334/297 294/328/294 296/325/296
f 299/317/299 298/327/298 294/328/294
f 302/326/302 296/325/296 301/329/301
f 302/330/302 303/331/303 295/316/295
f 300/332/300 302/330/302 301/333/301
f 300/332/300 298/327/298 303/331/303
f 288/306/288 299/317/299 294/328/294
f 288/306/288 297/334/297 291/319/291
f 354/335/353 310/336/310 308/337/308
f 357/338/356 313/339/313 315/340/315
f 356/341/355 314/342/314 312/343/312
f 319/337/319 358/344/357 317/336/317
f 320/337/320 361/345/360 322/336/322
f 358/344/357 318/346/318 316/347/316
f 327/348/327 362/349/361 325/350/325
f 361/345/360 321/346/321 323/347/323
f 331/337/331 364/351/363 329/336/329
f 362/349/361 326/352/326 324/353/324
f 368/354/367 338/346/338 336/347/336
f 364/351/363 330/346/330 328/347/328
f 370/355/369 342/339/342 340/340/340
f 367/356/366 333/336/333 335/337/335
f 369/357/368 337/336/337 339/337/339
f 373/358/372 345/352/345 347/353/347
f 371/359/370 341/360/341 343/361/343
f 344/348/344 373/358/372 346/350/346
f 351/343/350 374/362/373 349/342/349
f 374/362/373 350/339/348 348/340/348
f 352/363/351 306/350/306 304/348/304
f 366/364/365 334/346/334 332/347/332
f 355/365/354 309/346/309 311/347/311
f 352/363/351 307/353/307 353/366/352
f 380/367/379 379/368/378 381/369/380
f 383/370/382 381/369/380 382/371/381
f 376/372/375 382/371/381 378/373/377
f 388/374/387 387/375/386 389/376/388
f 384/377/383 389/376/388 386/378/385
f 394/374/393 393/375/392 395/376/394
f 390/379/389 395/376/394 392/378/391
f 400/380/399 399/381/398 401/382/400
f 403/383/402 401/382/400 402/384/401
f 396/385/395 402/384/401 398/386/397
f 408/367/407 407/368/406 409/369/408
f 411/370/410 409/369/408 410/371/409
f 404/372/403 410/371/409 406/373/405
f 416/374/415 415/375/414 417/376/416
f 412/377/411 417/376/416 414/378/413
f 422/374/421 421/375/420 423/376/422
f 418/379/417 423/376/422 420/378/419
f 428/367/427 427/368/426 429/369/428
f 431/370/430 429/369/428 430/371/429
f 424/372/423 430/371/429 426/373/425
f 436/367/435 435/368/434 437/369/436
f 442/374/441 441/375/440 443/376/442
f 438/379/437 443/376/442 440/378/439
f 448/367/447 447/368/446 449/369/448
f 451/370/450 449/369/448 450/371/449
f 444/372/443 450/371/449 446/373/445
f 456/367/455 455/368/454 457/369/456
f 459/370/458 457/369/456 458/371/457
f 452/372/451 458/371/457 454/373/453
f 464/374/463 463/375/462 465/376/464
f 460/377/459 465/376/464 462/378/461
f 470/374/469 469/375/468 471/376/470
f 466/379/465 471/376/470 468/378/467
f 476/367/475 475/368/474 477/369/476
f 479/370/478 477/369/476 478/371/477
f 472/372/471 478/371/477 474/373/473
f 484/367/483 483/368/482 485/369/484
f 490/367/489 489/368/488 491/369/490
f 493/370/492 491/369/490 492/371/491
f 486/372/485 492/371/491 488/373/487
f 498/367/496 497/368/494 499/369/497
f 501/370/499 499/369/497 500/371/498
f 494/372/493 500/371/498 496/373/495
f 506/374/504 505/375/503 507/376/505
f 502/377/500 507/376/505 504/378/502
f 512/374/510 511/375/509 513/376/511
f 508/379/506 513/376/511 510/378/508
f 518/380/516 517/381/515 519/382/517
f 521/383/519 519/382/517 520/384/518
f 514/385/512 520/384/518 516/386/514
f 526/374/524 525/375/523 527/376/525
f 522/379/520 527/376/525 524/378/522
f 532/367/530 531/368/529 533/369/531
f 535/370/533 533/369/531 534/371/532
f 528/372/526 534/371/532 530/373/528
f 432/387/431 437/369/436 434/388/433
f 480/372/479 485/369/484 482/373/481
f 537/389/535 538/390/536 536/391/534
f 542/392/540 540/393/538 543/394/541
f 539/395/537 543/394/541 538/390/536
f 545/396/543 546/397/544 544/398/542
f 550/399/548 548/400/546 551/401/549
f 547/402/545 551/401/549 546/397/544
f 553/403/551 554/404/552 552/405/550
f 558/406/556 556/407/554 559/408/557
f 555/409/553 559/408/557 554/404/552
f 561/396/559 562/397/560 560/398/558
f 566/399/564 564/400/562 567/401/565
f 563/402/561 567/401/565 562/397/560
f 569/389/567 570/390/568 568/391/566
f 574/392/572 572/393/570 575/394/573
f 571/395/569 575/394/573 570/390/568
f 577/389/575 578/390/576 576/391/574
f 582/392/580 580/393/578 583/394/581
f 579/395/577 583/394/581 578/390/576
f 585/410/583 586/411/584 584/412/582
f 590/413/588 588/414/586 591/415/589
f 587/416/585 591/415/589 586/411/584
f 593/403/591 594/404/592 592/405/590
f 598/406/596 596/407/594 599/408/597
f 595/409/593 599/408/597 594/404/592
f 601/417/599 602/418/600 600/419/598
f 606/420/604 604/421/602 607/422/605
f 603/423/601 607/422/605 602/418/600
f 609/389/607 610/390/608 608/391/606
f 614/392/612 612/393/610 615/394/613
f 611/395/609 615/394/613 610/390/608
f 617/389/615 618/390/616 616/391/614
f 622/392/620 620/393/618 623/394/621
f 619/395/617 623/394/621 618/390/616
f 628/395/626 624/394/622 629/390/627
f 630/389/628 629/390/627 631/391/629
f 625/392/623 627/393/625 624/394/622
f 633/410/631 634/411/632 632/412/630
f 638/413/636 636/414/634 639/415/637
f 635/416/633 639/415/637 634/411/632
f 641/403/639 642/404/640 640/405/638
f 646/406/644 644/407/642 647/408/645
f 643/409/641 647/408/645 642/404/640
f 649/389/647 650/390/648 648/391/646
f 654/392/652 652/393/650 655/394/653
f 651/395/649 655/394/653 650/390/648
f 657/396/655 658/397/656 656/398/654
f 662/399/660 660/400/658 663/401/661
f 659/402/657 663/401/661 658/397/656
f 665/410/663 666/411/664 664/412/662
f 670/413/668 668/414/666 671/415/669
f 667/416/665 671/415/669 666/411/664
f 673/403/671 674/404/672 672/405/670
f 678/406/676 676/407/674 679/408/677
f 675/409/673 679/408/677 674/404/672
f 681/403/679 682/404/680 680/405/678
f 686/406/684 684/407/682 687/408/685
f 683/409/681 687/408/685 682/404/680
f 689/396/687 690/397/688 688/398/686
f 694/399/692 692/400/690 695/401/693
f 691/402/689 695/401/693 690/397/688
f 697/389/695 698/390/696 696/391/694
f 702/392/700 700/393/698 703/394/701
f 699/395/697 703/394/701 698/390/696
f 705/389/703 706/390/704 704/391/702
f 710/392/708 708/393/706 711/394/709
f 707/395/705 711/394/709 706/390/704
f 713/403/711 714/404/712 712/405/710
f 718/406/716 716/407/714 719/408/717
f 715/409/713 719/408/717 714/404/712
f 721/403/719 722/404/720 720/405/718
f 726/406/724 724/407/722 727/408/725
f 723/409/721 727/408/725 722/404/720
f 729/389/727 730/390/728 728/391/726
f 734/392/732 732/393/730 735/394/733
f 731/395/729 735/394/733 730/390/728
f 737/403/735 738/404/736 736/405/734
f 742/406/740 740/407/738 743/408/741
f 739/409/737 743/408/741 738/404/736
f 745/389/743 746/390/744 744/391/742
f 750/392/748 748/393/746 751/394/749
f 747/395/745 751/394/749 746/390/744
f 753/396/751 754/397/752 752/398/750
f 758/399/756 756/400/754 759/401/757
f 755/402/753 759/401/757 754/397/752
f 761/424/759 762/425/760 760/426/758
f 766/427/764 764/428/762 767/429/765
f 763/430/761 767/429/765 762/425/760
f 769/389/767 770/390/768 768/391/766
f 774/392/772 772/393/770 775/394/773
f 771/395/769 775/394/773 770/390/768
f 777/403/775 778/404/776 776/405/774
f 782/406/780 780/407/778 783/408/781
f 779/409/777 783/408/781 778/404/776
f 785/431/783 786/432/784 784/433/782
f 790/434/788 788/435/786 791/436/789
f 787/437/785 791/436/789 786/432/784
f 793/396/791 794/397/792 792/398/790
f 798/399/796 796/400/794 799/401/797
f 795/402/793 799/401/797 794/397/792
f 801/389/799 802/390/800 800/391/798
f 806/392/804 804/393/802 807/394/805
f 803/395/801 807/394/805 802/390/800
f 236/306/236 242/328/242 245/334/245
f 242/328/242 244/325/244 245/334/245
f 809/396/807 810/397/808 808/398/806
f 814/399/812 812/400/810 815/401/813
f 811/402/809 815/401/813 810/397/808
f 23/105/23 89/438/89 81/112/81
f 838/439/836 846/440/844 840/441/838
f 836/442/834 849/443/847 837/444/835
f 838/445/836 848/446/846 836/442/834
f 851/447/849 834/448/832 850/449/848
f 849/443/847 831/450/829 832/451/830
f 848/446/846 834/448/832 831/450/829
f 840/452/838 850/449/848 838/445/836
f 832/451/830 845/453/843 844/454/842
f 843/455/841 835/456/833 832/451/830
f 845/453/843 834/448/832 842/457/840
f 816/458/814 858/459/856 828/460/826
f 821/461/819 819/462/817 823/463/821
f 871/464/869 867/465/865 870/466/868
f 824/467/822 835/468/833 826/464/824
f 820/469/818 825/466/823 818/470/816
f 860/471/858 828/460/826 827/472/825
f 829/473/827 860/471/858 827/472/825
f 828/460/826 825/466/823 856/474/854
f 828/460/826 830/475/828 827/472/825
f 824/467/822 829/473/827 857/476/855
f 830/475/828 829/473/827 827/472/825
f 829/473/827 830/475/828 859/477/857
f 832/451/830 835/456/833 849/443/847
f 844/454/842 836/478/834 837/479/835
f 839/480/837 844/454/842 837/479/835
f 836/478/834 842/457/840 838/439/836
f 837/444/835 835/456/833 839/481/837
f 840/441/838 841/482/839 854/483/852
f 840/452/838 847/484/845 851/447/849
f 851/447/849 847/484/845 833/485/831
f 854/483/852 841/482/839 853/486/851
f 854/487/852 855/488/853 840/452/838
f 852/489/850 854/487/852 853/490/851
f 852/489/850 847/484/845 855/488/853
f 844/454/842 843/455/841 832/451/830
f 816/458/814 828/460/826 856/474/854
f 856/474/854 825/466/823 820/469/818
f 857/476/855 829/473/827 817/491/815
f 857/476/855 821/461/819 824/467/822
f 828/460/826 858/459/856 830/475/828
f 859/477/857 817/491/815 829/473/827
f 860/471/858 825/466/823 828/460/826
f 860/471/858 824/467/822 826/464/824
f 825/466/823 860/471/858 826/464/824
f 829/473/827 824/467/822 860/471/858
f 818/470/816 825/466/823 822/465/820
f 824/467/822 821/461/819 823/463/821
f 841/482/839 846/440/844 833/485/831
f 834/448/832 846/440/844 842/457/840
f 883/439/881 891/440/889 885/441/883
f 881/442/879 894/443/892 882/444/880
f 883/445/881 893/446/891 881/442/879
f 896/447/894 879/448/877 895/449/893
f 894/443/892 876/450/874 877/451/875
f 893/446/891 879/448/877 876/450/874
f 885/452/883 895/449/893 883/445/881
f 877/451/875 890/453/888 889/454/887
f 888/455/886 880/456/878 877/451/875
f 890/453/888 879/448/877 887/457/885
f 861/458/859 903/459/901 873/460/871
f 866/461/864 864/462/862 868/463/866
f 916/464/914 912/465/910 915/466/913
f 869/467/867 880/468/878 871/464/869
f 865/469/863 870/466/868 863/470/861
f 905/471/903 873/460/871 872/472/870
f 874/473/872 905/471/903 872/472/870
f 873/460/871 870/466/868 901/474/899
f 873/460/871 875/475/873 872/472/870
f 869/467/867 874/473/872 902/476/900
f 875/475/873 874/473/872 872/472/870
f 874/473/872 875/475/873 904/477/902
f 877/451/875 880/456/878 894/443/892
f 889/454/887 881/478/879 882/479/880
f 884/480/882 889/454/887 882/479/880
f 881/478/879 887/457/885 883/439/881
f 882/444/880 880/456/878 884/481/882
f 885/441/883 886/482/884 899/483/897
f 885/452/883 892/484/890 896/447/894
f 896/447/894 892/484/890 878/485/876
f 899/483/897 886/482/884 898/486/896
f 899/487/897 900/488/898 885/452/883
f 897/489/895 899/487/897 898/490/896
f 897/489/895 892/484/890 900/488/898
f 889/454/887 888/455/886 877/451/875
f 861/458/859 873/460/871 901/474/899
f 901/474/899 870/466/868 865/469/863
f 902/476/900 874/473/872 862/491/860
f 902/476/900 866/461/864 869/467/867
f 873/460/871 903/459/901 875/475/873
f 904/477/902 862/491/860 874/473/872
f 905/471/903 870/466/868 873/460/871
f 905/471/903 869/467/867 871/464/869
f 870/466/868 905/471/903 871/464/869
f 874/473/872 869/467/867 905/471/903
f 863/470/861 870/466/868 867/465/865
f 869/467/867 866/461/864 868/463/866
f 886/482/884 891/440/889 878/485/876
f 879/448/877 891/440/889 887/457/885
f 928/439/926 936/440/934 930/441/928
f 926/442/924 939/443/937 927/444/925
f 928/445/926 938/446/936 926/442/924
f 941/447/939 924/448/922 940/449/938
f 939/443/937 921/450/919 922/451/920
f 938/446/936 924/448/922 921/450/919
f 930/452/928 940/449/938 928/445/926
f 922/451/920 935/453/933 934/454/932
f 933/455/931 925/456/923 922/451/920
f 935/453/933 924/448/922 932/457/930
f 906/458/904 948/459/946 918/460/916
f 911/461/909 909/462/907 913/463/911
f 961/464/959 957/465/955 960/466/958
f 914/467/912 925/468/923 916/464/914
f 910/469/908 915/466/913 908/470/906
f 950/471/948 918/460/916 917/472/915
f 919/473/917 950/471/948 917/472/915
f 918/460/916 915/466/913 946/474/944
f 918/460/916 920/475/918 917/472/915
f 914/467/912 919/473/917 947/476/945
f 920/475/918 919/473/917 917/472/915
f 919/473/917 920/475/918 949/477/947
f 922/451/920 925/456/923 939/443/937
f 934/454/932 926/478/924 927/479/925
f 929/480/927 934/454/932 927/479/925
f 926/478/924 932/457/930 928/439/926
f 927/444/925 925/456/923 929/481/927
f 930/441/928 931/482/929 944/483/942
f 930/452/928 937/484/935 941/447/939
f 941/447/939 937/484/935 923/485/921
f 944/483/942 931/482/929 943/486/941
f 944/487/942 945/488/943 930/452/928
f 942/489/940 944/487/942 943/490/941
f 942/489/940 937/484/935 945/488/943
f 934/454/932 933/455/931 922/451/920
f 906/458/904 918/460/916 946/474/944
f 946/474/944 915/466/913 910/469/908
f 947/476/945 919/473/917 907/491/905
f 947/476/945 911/461/909 914/467/912
f 918/460/916 948/459/946 920/475/918
f 949/477/947 907/491/905 919/473/917
f 950/471/948 915/466/913 918/460/916
f 950/471/948 914/467/912 916/464/914
f 915/466/913 950/471/948 916/464/914
f 919/473/917 914/467/912 950/471/948
f 908/470/906 915/466/913 912/465/910
f 914/467/912 911/461/909 913/463/911
f 931/482/929 936/440/934 923/485/921
f 924/448/922 936/440/934 932/457/930
f 973/439/971 981/440/979 975/441/973
f 971/442/969 984/443/982 972/444/970
f 973/445/971 983/446/981 971/442/969
f 986/447/984 969/448/967 985/449/983
f 984/443/982 966/450/964 967/451/965
f 983/446/981 969/448/967 966/450/964
f 975/452/973 985/449/983 973/445/971
f 967/451/965 980/453/978 979/454/977
f 978/455/976 970/456/968 967/451/965
f 980/453/978 969/448/967 977/457/975
f 951/458/949 993/459/991 963/460/961
f 956/461/954 954/462/952 958/463/956
f 1006/464/1004 1002/465/1000 1005/466/1003
f 959/467/957 970/468/968 961/464/959
f 955/469/953 960/466/958 953/470/951
f 995/471/993 963/460/961 962/472/960
f 964/473/962 995/471/993 962/472/960
f 963/460/961 960/466/958 991/474/989
f 963/460/961 965/475/963 962/472/960
f 959/467/957 964/473/962 992/476/990
f 965/475/963 964/473/962 962/472/960
f 964/473/962 965/475/963 994/477/992
f 967/451/965 970/456/968 984/443/982
f 979/454/977 971/478/969 972/479/970
f 974/480/972 979/454/977 972/479/970
f 971/478/969 977/457/975 973/439/971
f 972/444/970 970/456/968 974/481/972
f 975/441/973 976/482/974 989/483/987
f 975/452/973 982/484/980 986/447/984
f 986/447/984 982/484/980 968/485/966
f 989/483/987 976/482/974 988/486/986
f 989/487/987 990/488/988 975/452/973
f 987/489/985 989/487/987 988/490/986
f 987/489/985 982/484/980 990/488/988
f 979/454/977 978/455/976 967/451/965
f 951/458/949 963/460/961 991/474/989
f 991/474/989 960/466/958 955/469/953
f 992/476/990 964/473/962 952/491/950
f 992/476/990 956/461/954 959/467/957
f 963/460/961 993/459/991 965/475/963
f 994/477/992 952/491/950 964/473/962
f 995/471/993 960/466/958 963/460/961
f 995/471/993 959/467/957 961/464/959
f 960/466/958 995/471/993 961/464/959
f 964/473/962 959/467/957 995/471/993
f 953/470/951 960/466/958 957/465/955
f 959/467/957 956/461/954 958/463/956
f 976/482/974 981/440/979 968/485/966
f 969/448/967 981/440/979 977/457/975
f 1018/439/1016 1026/440/1024 1020/441/1018
f 1016/442/1014 1029/443/1027 1017/444/1015
f 1018/445/1016 1028/446/1026 1016/442/1014
f 1031/447/1029 1014/448/1012 1030/449/1028
f 1029/443/1027 1011/450/1009 1012/451/1010
f 1028/446/1026 1014/448/1012 1011/450/1009
f 1020/452/1018 1030/449/1028 1018/445/1016
f 1012/451/1010 1025/453/1023 1024/454/1022
f 1023/455/1021 1015/456/1013 1012/451/1010
f 1025/453/1023 1014/448/1012 1022/457/1020
f 996/458/994 1038/459/1036 1008/460/1006
f 1001/461/999 999/462/997 1003/463/1001
f 1051/464/1049 1047/465/1045 1050/466/1048
f 1004/467/1002 1015/468/1013 1006/464/1004
f 1000/469/998 1005/466/1003 998/470/996
f 1040/471/1038 1008/460/1006 1007/472/1005
f 1009/473/1007 1040/471/1038 1007/472/1005
f 1008/460/1006 1005/466/1003 1036/474/1034
f 1008/460/1006 1010/475/1008 1007/472/1005
f 1004/467/1002 1009/473/1007 1037/476/1035
f 1010/475/1008 1009/473/1007 1007/472/1005
f 1009/473/1007 1010/475/1008 1039/477/1037
f 1012/451/1010 1015/456/1013 1029/443/1027
f 1024/454/1022 1016/478/1014 1017/479/1015
f 1019/480/1017 1024/454/1022 1017/479/1015
f 1016/478/1014 1022/457/1020 1018/439/1016
f 1017/444/1015 1015/456/1013 1019/481/1017
f 1020/441/1018 1021/482/1019 1034/483/1032
f 1020/452/1018 1027/484/1025 1031/447/1029
f 1031/447/1029 1027/484/1025 1013/485/1011
f 1034/483/1032 1021/482/1019 1033/486/1031
f 1034/487/1032 1035/488/1033 1020/452/1018
f 1032/489/1030 1034/487/1032 1033/490/1031
f 1032/489/1030 1027/484/1025 1035/488/1033
f 1024/454/1022 1023/455/1021 1012/451/1010
f 996/458/994 1008/460/1006 1036/474/1034
f 1036/474/1034 1005/466/1003 1000/469/998
f 1037/476/1035 1009/473/1007 997/491/995
f 1037/476/1035 1001/461/999 1004/467/1002
f 1008/460/1006 1038/459/1036 1010/475/1008
f 1039/477/1037 997/491/995 1009/473/1007
f 1040/471/1038 1005/466/1003 1008/460/1006
f 1040/471/1038 1004/467/1002 1006/464/1004
f 1005/466/1003 1040/471/1038 1006/464/1004
f 1009/473/1007 1004/467/1002 1040/471/1038
f 998/470/996 1005/466/1003 1002/465/1000
f 1004/467/1002 1001/461/999 1003/463/1001
f 1021/482/1019 1026/440/1024 1013/485/1011
f 1014/448/1012 1026/440/1024 1022/457/1020
f 1063/439/1061 1071/440/1069 1065/441/1063
f 1061/442/1059 1074/443/1072 1062/444/1060
f 1063/445/1061 1073/446/1071 1061/442/1059
f 1076/447/1074 1059/448/1057 1075/449/1073
f 1074/443/1072 1056/450/1054 1057/451/1055
f 1073/446/1071 1059/448/1057 1056/450/1054
f 1065/452/1063 1075/449/1073 1063/445/1061
f 1057/451/1055 1070/453/1068 1069/454/1067
f 1068/455/1066 1060/456/1058 1057/451/1055
f 1070/453/1068 1059/448/1057 1067/457/1065
f 1041/458/1039 1083/459/1081 1053/460/1051
f 1046/461/1044 1044/462/1042 1048/463/1046
f 1096/464/1094 1092/465/1090 1095/466/1093
f 1049/467/1047 1060/468/1058 1051/464/1049
f 1045/469/1043 1050/466/1048 1043/470/1041
f 1085/471/1083 1053/460/1051 1052/472/1050
f 1054/473/1052 1085/471/1083 1052/472/1050
f 1053/460/1051 1050/466/1048 1081/474/1079
f 1053/460/1051 1055/475/1053 1052/472/1050
f 1049/467/1047 1054/473/1052 1082/476/1080
f 1055/475/1053 1054/473/1052 1052/472/1050
f 1054/473/1052 1055/475/1053 1084/477/1082
f 1057/451/1055 1060/456/1058 1074/443/1072
f 1069/454/1067 1061/478/1059 1062/479/1060
f 1064/480/1062 1069/454/1067 1062/479/1060
f 1061/478/1059 1067/457/1065 1063/439/1061
f 1062/444/1060 1060/456/1058 1064/481/1062
f 1065/441/1063 1066/482/1064 1079/483/1077
f 1065/452/1063 1072/484/1070 1076/447/1074
f 1076/447/1074 1072/484/1070 1058/485/1056
f 1079/483/1077 1066/482/1064 1078/486/1076
f 1079/487/1077 1080/488/1078 1065/452/1063
f 1077/489/1075 1079/487/1077 1078/490/1076
f 1077/489/1075 1072/484/1070 1080/488/1078
f 1069/454/1067 1068/455/1066 1057/451/1055
f 1041/458/1039 1053/460/1051 1081/474/1079
f 1081/474/1079 1050/466/1048 1045/469/1043
f 1082/476/1080 1054/473/1052 1042/491/1040
f 1082/476/1080 1046/461/1044 1049/467/1047
f 1053/460/1051 1083/459/1081 1055/475/1053
f 1084/477/1082 1042/491/1040 1054/473/1052
f 1085/471/1083 1050/466/1048 1053/460/1051
f 1085/471/1083 1049/467/1047 1051/464/1049
f 1050/466/1048 1085/471/1083 1051/464/1049
f 1054/473/1052 1049/467/1047 1085/471/1083
f 1043/470/1041 1050/466/1048 1047/465/1045
f 1049/467/1047 1046/461/1044 1048/463/1046
f 1066/482/1064 1071/440/1069 1058/485/1056
f 1059/448/1057 1071/440/1069 1067/457/1065
f 1108/439/1106 1116/440/1114 1110/441/1108
f 1106/442/1104 1119/443/1117 1107/444/1105
f 1108/445/1106 1118/446/1116 1106/442/1104
f 1121/447/1119 1104/448/1102 1120/449/1118
f 1119/443/1117 1101/450/1099 1102/451/1100
f 1118/446/1116 1104/448/1102 1101/450/1099
f 1110/452/1108 1120/449/1118 1108/445/1106
f 1102/451/1100 1115/453/1113 1114/454/1112
f 1113/455/1111 1105/456/1103 1102/451/1100
f 1115/453/1113 1104/448/1102 1112/457/1110
f 1086/458/1084 1128/459/1126 1098/460/1096
f 1091/461/1089 1089/462/1087 1093/463/1091
f 1141/464/1139 1137/465/1135 1140/466/1138
f 1094/467/1092 1105/468/1103 1096/464/1094
f 1090/469/1088 1095/466/1093 1088/470/1086
f 1130/471/1128 1098/460/1096 1097/472/1095
f 1099/473/1097 1130/471/1128 1097/472/1095
f 1098/460/1096 1095/466/1093 1126/474/1124
f 1098/460/1096 1100/475/1098 1097/472/1095
f 1094/467/1092 1099/473/1097 1127/476/1125
f 1100/475/1098 1099/473/1097 1097/472/1095
f 1099/473/1097 1100/475/1098 1129/477/1127
f 1102/451/1100 1105/456/1103 1119/443/1117
f 1114/454/1112 1106/478/1104 1107/479/1105
f 1109/480/1107 1114/454/1112 1107/479/1105
f 1106/478/1104 1112/457/1110 1108/439/1106
f 1107/444/1105 1105/456/1103 1109/481/1107
f 1110/441/1108 1111/482/1109 1124/483/1122
f 1110/452/1108 1117/484/1115 1121/447/1119
f 1121/447/1119 1117/484/1115 1103/485/1101
f 1124/483/1122 1111/482/1109 1123/486/1121
f 1124/487/1122 1125/488/1123 1110/452/1108
f 1122/489/1120 1124/487/1122 1123/490/1121
f 1122/489/1120 1117/484/1115 1125/488/1123
f 1114/454/1112 1113/455/1111 1102/451/1100
f 1086/458/1084 1098/460/1096 1126/474/1124
f 1126/474/1124 1095/466/1093 1090/469/1088
f 1127/476/1125 1099/473/1097 1087/491/1085
f 1127/476/1125 1091/461/1089 1094/467/1092
f 1098/460/1096 1128/459/1126 1100/475/1098
f 1129/477/1127 1087/491/1085 1099/473/1097
f 1130/471/1128 1095/466/1093 1098/460/1096
f 1130/471/1128 1094/467/1092 1096/464/1094
f 1095/466/1093 1130/471/1128 1096/464/1094
f 1099/473/1097 1094/467/1092 1130/471/1128
f 1088/470/1086 1095/466/1093 1092/465/1090
f 1094/467/1092 1091/461/1089 1093/463/1091
f 1111/482/1109 1116/440/1114 1103/485/1101
f 1104/448/1102 1116/440/1114 1112/457/1110
f 1153/439/1151 1161/440/1159 1155/441/1153
f 1151/442/1149 1164/443/1162 1152/444/1150
f 1153/445/1151 1163/446/1161 1151/442/1149
f 1166/447/1164 1149/448/1147 1165/449/1163
f 1164/443/1162 1146/450/1144 1147/451/1145
f 1163/446/1161 1149/448/1147 1146/450/1144
f 1155/452/1153 1165/449/1163 1153/445/1151
f 1147/451/1145 1160/453/1158 1159/454/1157
f 1158/455/1156 1150/456/1148 1147/451/1145
f 1160/453/1158 1149/448/1147 1157/457/1155
f 1131/458/1129 1173/459/1171 1143/460/1141
f 1136/461/1134 1134/462/1132 1138/463/1136
f 1186/464/1184 1182/465/1180 1185/466/1183
f 1139/467/1137 1150/468/1148 1141/464/1139
f 1135/469/1133 1140/466/1138 1133/470/1131
f 1175/471/1173 1143/460/1141 1142/472/1140
f 1144/473/1142 1175/471/1173 1142/472/1140
f 1143/460/1141 1140/466/1138 1171/474/1169
f 1143/460/1141 1145/475/1143 1142/472/1140
f 1139/467/1137 1144/473/1142 1172/476/1170
f 1145/475/1143 1144/473/1142 1142/472/1140
f 1144/473/1142 1145/475/1143 1174/477/1172
f 1147/451/1145 1150/456/1148 1164/443/1162
f 1159/454/1157 1151/478/1149 1152/479/1150
f 1154/480/1152 1159/454/1157 1152/479/1150
f 1151/478/1149 1157/457/1155 1153/439/1151
f 1152/444/1150 1150/456/1148 1154/481/1152
f 1155/441/1153 1156/482/1154 1169/483/1167
f 1155/452/1153 1162/484/1160 1166/447/1164
f 1166/447/1164 1162/484/1160 1148/485/1146
f 1169/483/1167 1156/482/1154 1168/486/1166
f 1169/487/1167 1170/488/1168 1155/452/1153
f 1167/489/1165 1169/487/1167 1168/490/1166
f 1167/489/1165 1162/484/1160 1170/488/1168
f 1159/454/1157 1158/455/1156 1147/451/1145
f 1131/458/1129 1143/460/1141 1171/474/1169
f 1171/474/1169 1140/466/1138 1135/469/1133
f 1172/476/1170 1144/473/1142 1132/491/1130
f 1172/476/1170 1136/461/1134 1139/467/1137
f 1143/460/1141 1173/459/1171 1145/475/1143
f 1174/477/1172 1132/491/1130 1144/473/1142
f 1175/471/1173 1140/466/1138 1143/460/1141
f 1175/471/1173 1139/467/1137 1141/464/1139
f 1140/466/1138 1175/471/1173 1141/464/1139
f 1144/473/1142 1139/467/1137 1175/471/1173
f 1133/470/1131 1140/466/1138 1137/465/1135
f 1139/467/1137 1136/461/1134 1138/463/1136
f 1156/482/1154 1161/440/1159 1148/485/1146
f 1149/448/1147 1161/440/1159 1157/457/1155
f 1198/439/1196 1206/440/1204 1200/441/1198
f 1196/442/1194 1209/443/1207 1197/444/1195
f 1198/445/1196 1208/446/1206 1196/442/1194
f 1211/447/1209 1194/448/1192 1210/449/1208
f 1209/443/1207 1191/450/1189 1192/451/1190
f 1208/446/1206 1194/448/1192 1191/450/1189
f 1200/452/1198 1210/449/1208 1198/445/1196
f 1192/451/1190 1205/453/1203 1204/454/1202
f 1203/455/1201 1195/456/1193 1192/451/1190
f 1205/453/1203 1194/448/1192 1202/457/1200
f 1176/458/1174 1218/459/1216 1188/460/1186
f 1181/461/1179 1179/462/1177 1183/463/1181
f 1231/464/1229 1227/465/1225 1230/466/1228
f 1184/467/1182 1195/468/1193 1186/464/1184
f 1180/469/1178 1185/466/1183 1178/470/1176
f 1220/471/1218 1188/460/1186 1187/472/1185
f 1189/473/1187 1220/471/1218 1187/472/1185
f 1188/460/1186 1185/466/1183 1216/474/1214
f 1188/460/1186 1190/475/1188 1187/472/1185
f 1184/467/1182 1189/473/1187 1217/476/1215
f 1190/475/1188 1189/473/1187 1187/472/1185
f 1189/473/1187 1190/475/1188 1219/477/1217
f 1192/451/1190 1195/456/1193 1209/443/1207
f 1204/454/1202 1196/478/1194 1197/479/1195
f 1199/480/1197 1204/454/1202 1197/479/1195
f 1196/478/1194 1202/457/1200 1198/439/1196
f 1197/444/1195 1195/456/1193 1199/481/1197
f 1200/441/1198 1201/482/1199 1214/483/1212
f 1200/452/1198 1207/484/1205 1211/447/1209
f 1211/447/1209 1207/484/1205 1193/485/1191
f 1214/483/1212 1201/482/1199 1213/486/1211
f 1214/487/1212 1215/488/1213 1200/452/1198
f 1212/489/1210 1214/487/1212 1213/490/1211
f 1212/489/1210 1207/484/1205 1215/488/1213
f 1204/454/1202 1203/455/1201 1192/451/1190
f 1176/458/1174 1188/460/1186 1216/474/1214
f 1216/474/1214 1185/466/1183 1180/469/1178
f 1217/476/1215 1189/473/1187 1177/491/1175
f 1217/476/1215 1181/461/1179 1184/467/1182
f 1188/460/1186 1218/459/1216 1190/475/1188
f 1219/477/1217 1177/491/1175 1189/473/1187
f 1220/471/1218 1185/466/1183 1188/460/1186
f 1220/471/1218 1184/467/1182 1186/464/1184
f 1185/466/1183 1220/471/1218 1186/464/1184
f 1189/473/1187 1184/467/1182 1220/471/1218
f 1178/470/1176 1185/466/1183 1182/465/1180
f 1184/467/1182 1181/461/1179 1183/463/1181
f 1201/482/1199 1206/440/1204 1193/485/1191
f 1194/448/1192 1206/440/1204 1202/457/1200
f 1243/439/1241 1251/440/1249 1245/441/1243
f 1241/442/1239 1254/443/1252 1242/444/1240
f 1243/445/1241 1253/446/1251 1241/442/1239
f 1256/447/1254 1239/448/1237 1255/449/1253
f 1254/443/1252 1236/450/1234 1237/451/1235
f 1253/446/1251 1239/448/1237 1236/450/1234
f 1245/452/1243 1255/449/1253 1243/445/1241
f 1237/451/1235 1250/453/1248 1249/454/1247
f 1248/455/1246 1240/456/1238 1237/451/1235
f 1250/453/1248 1239/448/1237 1247/457/1245
f 1221/458/1219 1263/459/1261 1233/460/1231
f 1226/461/1224 1224/462/1222 1228/463/1226
f 1276/464/1274 1272/465/1270 1275/466/1273
f 1229/467/1227 1240/468/1238 1231/464/1229
f 1225/469/1223 1230/466/1228 1223/470/1221
f 1265/471/1263 1233/460/1231 1232/472/1230
f 1234/473/1232 1265/471/1263 1232/472/1230
f 1233/460/1231 1230/466/1228 1261/474/1259
f 1233/460/1231 1235/475/1233 1232/472/1230
f 1229/467/1227 1234/473/1232 1262/476/1260
f 1235/475/1233 1234/473/1232 1232/472/1230
f 1234/473/1232 1235/475/1233 1264/477/1262
f 1237/451/1235 1240/456/1238 1254/443/1252
f 1249/454/1247 1241/478/1239 1242/479/1240
f 1244/480/1242 1249/454/1247 1242/479/1240
f 1241/478/1239 1247/457/1245 1243/439/1241
f 1242/444/1240 1240/456/1238 1244/481/1242
f 1245/441/1243 1246/482/1244 1259/483/1257
f 1245/452/1243 1252/484/1250 1256/447/1254
f 1256/447/1254 1252/484/1250 1238/485/1236
f 1259/483/1257 1246/482/1244 1258/486/1256
f 1259/487/1257 1260/488/1258 1245/452/1243
f 1257/489/1255 1259/487/1257 1258/490/1256
f 1257/489/1255 1252/484/1250 1260/488/1258
f 1249/454/1247 1248/455/1246 1237/451/1235
f 1221/458/1219 1233/460/1231 1261/474/1259
f 1261/474/1259 1230/466/1228 1225/469/1223
f 1262/476/1260 1234/473/1232 1222/491/1220
f 1262/476/1260 1226/461/1224 1229/467/1227
f 1233/460/1231 1263/459/1261 1235/475/1233
f 1264/477/1262 1222/491/1220 1234/473/1232
f 1265/471/1263 1230/466/1228 1233/460/1231
f 1265/471/1263 1229/467/1227 1231/464/1229
f 1230/466/1228 1265/471/1263 1231/464/1229
f 1234/473/1232 1229/467/1227 1265/471/1263
f 1223/470/1221 1230/466/1228 1227/465/1225
f 1229/467/1227 1226/461/1224 1228/463/1226
f 1246/482/1244 1251/440/1249 1238/485/1236
f 1239/448/1237 1251/440/1249 1247/457/1245
f 1288/439/1286 1296/440/1294 1290/441/1288
f 1286/442/1284 1299/443/1297 1287/444/1285
f 1288/445/1286 1298/446/1296 1286/442/1284
f 1301/447/1299 1284/448/1282 1300/449/1298
f 1299/443/1297 1281/450/1279 1282/451/1280
f 1298/446/1296 1284/448/1282 1281/450/1279
f 1290/452/1288 1300/449/1298 1288/445/1286
f 1282/451/1280 1295/453/1293 1294/454/1292
f 1293/455/1291 1285/456/1283 1282/451/1280
f 1295/453/1293 1284/448/1282 1292/457/1290
f 1266/458/1264 1308/459/1306 1278/460/1276
f 1271/461/1269 1269/462/1267 1273/463/1271
f 1321/464/1319 1317/465/1315 1320/466/1318
f 1274/467/1272 1285/468/1283 1276/464/1274
f 1270/469/1268 1275/466/1273 1268/470/1266
f 1310/471/1308 1278/460/1276 1277/472/1275
f 1279/473/1277 1310/471/1308 1277/472/1275
f 1278/460/1276 1275/466/1273 1306/474/1304
f 1278/460/1276 1280/475/1278 1277/472/1275
f 1274/467/1272 1279/473/1277 1307/476/1305
f 1280/475/1278 1279/473/1277 1277/472/1275
f 1279/473/1277 1280/475/1278 1309/477/1307
f 1282/451/1280 1285/456/1283 1299/443/1297
f 1294/454/1292 1286/478/1284 1287/479/1285
f 1289/480/1287 1294/454/1292 1287/479/1285
f 1286/478/1284 1292/457/1290 1288/439/1286
f 1287/444/1285 1285/456/1283 1289/481/1287
f 1290/441/1288 1291/482/1289 1304/483/1302
f 1290/452/1288 1297/484/1295 1301/447/1299
f 1301/447/1299 1297/484/1295 1283/485/1281
f 1304/483/1302 1291/482/1289 1303/486/1301
f 1304/487/1302 1305/488/1303 1290/452/1288
f 1302/489/1300 1304/487/1302 1303/490/1301
f 1302/489/1300 1297/484/1295 1305/488/1303
f 1294/454/1292 1293/455/1291 1282/451/1280
f 1266/458/1264 1278/460/1276 1306/474/1304
f 1306/474/1304 1275/466/1273 1270/469/1268
f 1307/476/1305 1279/473/1277 1267/491/1265
f 1307/476/1305 1271/461/1269 1274/467/1272
f 1278/460/1276 1308/459/1306 1280/475/1278
f 1309/477/1307 1267/491/1265 1279/473/1277
f 1310/471/1308 1275/466/1273 1278/460/1276
f 1310/471/1308 1274/467/1272 1276/464/1274
f 1275/466/1273 1310/471/1308 1276/464/1274
f 1279/473/1277 1274/467/1272 1310/471/1308
f 1268/470/1266 1275/466/1273 1272/465/1270
f 1274/467/1272 1271/461/1269 1273/463/1271
f 1291/482/1289 1296/440/1294 1283/485/1281
f 1284/448/1282 1296/440/1294 1292/457/1290
f 1333/439/1331 1341/440/1339 1335/441/1333
f 1331/442/1329 1344/443/1342 1332/444/1330
f 1333/445/1331 1343/446/1341 1331/442/1329
f 1346/447/1344 1329/448/1327 1345/449/1343
f 1344/443/1342 1326/450/1324 1327/451/1325
f 1343/446/1341 1329/448/1327 1326/450/1324
f 1335/452/1333 1345/449/1343 1333/445/1331
f 1327/451/1325 1340/453/1338 1339/454/1337
f 1338/455/1336 1330/456/1328 1327/451/1325
f 1340/453/1338 1329/448/1327 1337/457/1335
f 1311/458/1309 1353/459/1351 1323/460/1321
f 1316/461/1314 1314/462/1312 1318/463/1316
f 1366/464/1364 1362/465/1360 1365/466/1363
f 1319/467/1317 1330/468/1328 1321/464/1319
f 1315/469/1313 1320/466/1318 1313/470/1311
f 1355/471/1353 1323/460/1321 1322/472/1320
f 1324/473/1322 1355/471/1353 1322/472/1320
f 1323/460/1321 1320/466/1318 1351/474/1349
f 1323/460/1321 1325/475/1323 1322/472/1320
f 1319/467/1317 1324/473/1322 1352/476/1350
f 1325/475/1323 1324/473/1322 1322/472/1320
f 1324/473/1322 1325/475/1323 1354/477/1352
f 1327/451/1325 1330/456/1328 1344/443/1342
f 1339/454/1337 1331/478/1329 1332/479/1330
f 1334/480/1332 1339/454/1337 1332/479/1330
f 1331/478/1329 1337/457/1335 1333/439/1331
f 1332/444/1330 1330/456/1328 1334/481/1332
f 1335/441/1333 1336/482/1334 1349/483/1347
f 1335/452/1333 1342/484/1340 1346/447/1344
f 1346/447/1344 1342/484/1340 1328/485/1326
f 1349/483/1347 1336/482/1334 1348/486/1346
f 1349/487/1347 1350/488/1348 1335/452/1333
f 1347/489/1345 1349/487/1347 1348/490/1346
f 1347/489/1345 1342/484/1340 1350/488/1348
f 1339/454/1337 1338/455/1336 1327/451/1325
f 1311/458/1309 1323/460/1321 1351/474/1349
f 1351/474/1349 1320/466/1318 1315/469/1313
f 1352/476/1350 1324/473/1322 1312/491/1310
f 1352/476/1350 1316/461/1314 1319/467/1317
f 1323/460/1321 1353/459/1351 1325/475/1323
f 1354/477/1352 1312/491/1310 1324/473/1322
f 1355/471/1353 1320/466/1318 1323/460/1321
f 1355/471/1353 1319/467/1317 1321/464/1319
f 1320/466/1318 1355/471/1353 1321/464/1319
f 1324/473/1322 1319/467/1317 1355/471/1353
f 1313/470/1311 1320/466/1318 1317/465/1315
f 1319/467/1317 1316/461/1314 1318/463/1316
f 1336/482/1334 1341/440/1339 1328/485/1326
f 1329/448/1327 1341/440/1339 1337/457/1335
f 1378/439/1376 1386/440/1384 1380/441/1378
f 1376/442/1374 1389/443/1387 1377/444/1375
f 1378/445/1376 1388/446/1386 1376/442/1374
f 1391/447/1389 1374/448/1372 1390/449/1388
f 1389/443/1387 1371/450/1369 1372/451/1370
f 1388/446/1386 1374/448/1372 1371/450/1369
f 1380/452/1378 1390/449/1388 1378/445/1376
f 1372/451/1370 1385/453/1383 1384/454/1382
f 1383/455/1381 1375/456/1373 1372/451/1370
f 1385/453/1383 1374/448/1372 1382/457/1380
f 1356/458/1354 1398/459/1396 1368/460/1366
f 1361/461/1359 1359/462/1357 1363/463/1361
f 1411/464/1409 1407/465/1405 1410/466/1408
f 1364/467/1362 1375/468/1373 1366/464/1364
f 1360/469/1358 1365/466/1363 1358/470/1356
f 1400/471/1398 1368/460/1366 1367/472/1365
f 1369/473/1367 1400/471/1398 1367/472/1365
f 1368/460/1366 1365/466/1363 1396/474/1394
f 1368/460/1366 1370/475/1368 1367/472/1365
f 1364/467/1362 1369/473/1367 1397/476/1395
f 1370/475/1368 1369/473/1367 1367/472/1365
f 1369/473/1367 1370/475/1368 1399/477/1397
f 1372/451/1370 1375/456/1373 1389/443/1387
f 1384/454/1382 1376/478/1374 1377/479/1375
f 1379/480/1377 1384/454/1382 1377/479/1375
f 1376/478/1374 1382/457/1380 1378/439/1376
f 1377/444/1375 1375/456/1373 1379/481/1377
f 1380/441/1378 1381/482/1379 1394/483/1392
f 1380/452/1378 1387/484/1385 1391/447/1389
f 1391/447/1389 1387/484/1385 1373/485/1371
f 1394/483/1392 1381/482/1379 1393/486/1391
f 1394/487/1392 1395/488/1393 1380/452/1378
f 1392/489/1390 1394/487/1392 1393/490/1391
f 1392/489/1390 1387/484/1385 1395/488/1393
f 1384/454/1382 1383/455/1381 1372/451/1370
f 1356/458/1354 1368/460/1366 1396/474/1394
f 1396/474/1394 1365/466/1363 1360/469/1358
f 1397/476/1395 1369/473/1367 1357/491/1355
f 1397/476/1395 1361/461/1359 1364/467/1362
f 1368/460/1366 1398/459/1396 1370/475/1368
f 1399/477/1397 1357/491/1355 1369/473/1367
f 1400/471/1398 1365/466/1363 1368/460/1366
f 1400/471/1398 1364/467/1362 1366/464/1364
f 1365/466/1363 1400/471/1398 1366/464/1364
f 1369/473/1367 1364/467/1362 1400/471/1398
f 1358/470/1356 1365/466/1363 1362/465/1360
f 1364/467/1362 1361/461/1359 1363/463/1361
f 1381/482/1379 1386/440/1384 1373/485/1371
f 1374/448/1372 1386/440/1384 1382/457/1380
f 1423/439/1421 1431/440/1429 1425/441/1423
f 1421/442/1419 1434/443/1432 1422/444/1420
f 1423/445/1421 1433/446/1431 1421/442/1419
f 1436/447/1434 1419/448/1417 1435/449/1433
f 1434/443/1432 1416/450/1414 1417/451/1415
f 1433/446/1431 1419/448/1417 1416/450/1414
f 1425/452/1423 1435/449/1433 1423/445/1421
f 1417/451/1415 1430/453/1428 1429/454/1427
f 1428/455/1426 1420/456/1418 1417/451/1415
f 1430/453/1428 1419/448/1417 1427/457/1425
f 1401/458/1399 1443/459/1441 1413/460/1411
f 1406/461/1404 1404/462/1402 1408/463/1406
f 1409/467/1407 1420/468/1418 1411/464/1409
f 1405/469/1403 1410/466/1408 1403/470/1401
f 1445/471/1443 1413/460/1411 1412/472/1410
f 1414/473/1412 1445/471/1443 1412/472/1410
f 1413/460/1411 1410/466/1408 1441/474/1439
f 1413/460/1411 1415/475/1413 1412/472/1410
f 1409/467/1407 1414/473/1412 1442/476/1440
f 1415/475/1413 1414/473/1412 1412/472/1410
f 1414/473/1412 1415/475/1413 1444/477/1442
f 1417/451/1415 1420/456/1418 1434/443/1432
f 1429/454/1427 1421/478/1419 1422/479/1420
f 1424/480/1422 1429/454/1427 1422/479/1420
f 1421/478/1419 1427/457/1425 1423/439/1421
f 1422/444/1420 1420/456/1418 1424/481/1422
f 1425/441/1423 1426/482/1424 1439/483/1437
f 1425/452/1423 1432/484/1430 1436/447/1434
f 1436/447/1434 1432/484/1430 1418/485/1416
f 1439/483/1437 1426/482/1424 1438/486/1436
f 1439/487/1437 1440/488/1438 1425/452/1423
f 1437/489/1435 1439/487/1437 1438/490/1436
f 1437/489/1435 1432/484/1430 1440/488/1438
f 1429/454/1427 1428/455/1426 1417/451/1415
f 1401/458/1399 1413/460/1411 1441/474/1439
f 1441/474/1439 1410/466/1408 1405/469/1403
f 1442/476/1440 1414/473/1412 1402/491/1400
f 1442/476/1440 1406/461/1404 1409/467/1407
f 1413/460/1411 1443/459/1441 1415/475/1413
f 1444/477/1442 1402/491/1400 1414/473/1412
f 1445/471/1443 1410/466/1408 1413/460/1411
f 1445/471/1443 1409/467/1407 1411/464/1409
f 1410/466/1408 1445/471/1443 1411/464/1409
f 1414/473/1412 1409/467/1407 1445/471/1443
f 1403/470/1401 1410/466/1408 1407/465/1405
f 1409/467/1407 1406/461/1404 1408/463/1406
f 1426/482/1424 1431/440/1429 1418/485/1416
f 1419/448/1417 1431/440/1429 1427/457/1425
f 37/141/37 1450/147/1448 1447/155/1445
f 109/156/109 1446/153/1444 44/160/44
f 38/145/38 1453/158/1451 1448/152/1446
f 110/162/110 1447/155/1445 41/164/41
f 44/160/44 1452/154/1450 110/162/110
f 111/492/111 1448/152/1446 42/157/42
f 39/143/39 1451/493/1449 1449/148/1447
f 112/171/112 1449/148/1447 43/150/43
f 1458/494/1456 1465/266/1463 1464/269/1462
f 1485/495/1483 1457/496/1455 1484/497/1482
f 1483/298/1481 1457/496/1455 1458/494/1456
f 1478/498/1476 1454/499/1452 1479/500/1477
f 1485/495/1483 1455/501/1453 1459/502/1457
f 1481/503/1479 1455/501/1453 1482/504/1480
f 1478/498/1476 1456/299/1454 1460/505/1458
f 1481/503/1479 1454/499/1452 1461/506/1459
f 186/507/186 1480/300/1478 1478/498/1476
f 1459/502/1457 1468/258/1466 1467/261/1465
f 1457/496/1455 1477/263/1475 1466/272/1464
f 1460/505/1458 1471/250/1469 1470/253/1468
f 1455/501/1453 1476/245/1474 1469/265/1467
f 1461/506/1459 1474/301/1472 1473/242/1471
f 1456/299/1454 1463/271/1461 1472/256/1470
f 1454/499/1452 1462/255/1460 1475/247/1473
f 150/508/150 1478/498/1476 1479/500/1477
f 187/509/187 1479/500/1477 1481/503/1479
f 1461/506/1459 1454/499/1452 1475/247/1473
f 149/510/149 1481/503/1479 1482/504/1480
f 188/511/188 1484/497/1482 1483/298/1481
f 1460/505/1458 1456/299/1454 1472/256/1470
f 1474/301/1472 1461/506/1459 1475/247/1473
f 152/512/152 1483/298/1481 1480/300/1478
f 189/513/189 1482/504/1480 1485/495/1483
f 1455/501/1453 1461/506/1459 1473/242/1471
f 1471/250/1469 1460/505/1458 1472/256/1470
f 151/514/151 1485/495/1483 1484/497/1482
f 1486/281/1484 152/512/152 186/507/186
f 1459/502/1457 1455/501/1453 1469/265/1467
f 1476/245/1474 1455/501/1453 1473/242/1471
f 1487/279/1485 186/507/186 150/508/150
f 1489/280/1487 150/508/150 187/509/187
f 1454/499/1452 1460/505/1458 1470/253/1468
f 1468/258/1466 1459/502/1457 1469/265/1467
f 1490/273/1488 187/509/187 149/510/149
f 1491/277/1489 151/514/151 188/511/188
f 1458/494/1456 1457/496/1455 1466/272/1464
f 1462/255/1460 1454/499/1452 1470/253/1468
f 1488/278/1486 188/511/188 152/512/152
f 1493/274/1491 149/510/149 189/513/189
f 1457/496/1455 1459/502/1457 1467/261/1465
f 1465/266/1463 1458/494/1456 1466/272/1464
f 1492/276/1490 189/513/189 151/514/151
f 1463/271/1461 1456/299/1454 1464/269/1462
f 1456/299/1454 1458/494/1456 1464/269/1462
f 1477/263/1475 1457/496/1455 1467/261/1465
f 1487/279/1485 185/275/185 1486/281/1484
f 843/515/841 826/464/824 835/468/833
f 888/515/886 871/464/869 880/468/878
f 933/515/931 916/464/914 925/468/923
f 978/515/976 961/464/959 970/468/968
f 1023/515/1021 1006/464/1004 1015/468/1013
f 1068/515/1066 1051/464/1049 1060/468/1058
f 1113/515/1111 1096/464/1094 1105/468/1103
f 1158/515/1156 1141/464/1139 1150/468/1148
f 1203/515/1201 1186/464/1184 1195/468/1193
f 1248/515/1246 1231/464/1229 1240/468/1238
f 1293/515/1291 1276/464/1274 1285/468/1283
f 1338/515/1336 1321/464/1319 1330/468/1328
f 1383/515/1381 1366/464/1364 1375/468/1373
f 1428/515/1426 1411/464/1409 1420/468/1418
f 826/464/824 822/465/820 825/466/823
f 239/319/239 240/307/240 236/306/236
f 265/319/265 262/306/262 271/334/271
f 268/328/268 262/306/262 273/317/273
f 265/319/265 266/307/266 262/306/262
f 291/319/291 292/307/292 288/306/288
f 288/306/288 293/305/293 299/317/299
f 288/306/288 294/328/294 297/334/297
f 240/322/240 232/314/232 235/311/235
f 266/322/266 258/314/258 261/311/261
f 292/322/292 284/314/284 287/311/287
f 235/311/235 231/312/231 229/313/229
f 15/1/15 64/4/64 113/2/113
f 64/4/64 3/21/3 49/5/49
f 113/2/113 49/5/49 7/6/7
f 69/3/69 113/2/113 48/7/48
f 13/8/13 48/7/48 114/9/114
f 48/7/48 7/6/7 52/11/52
f 114/9/114 52/11/52 5/12/5
f 68/10/68 114/9/114 65/13/65
f 14/15/14 63/18/63 115/16/115
f 63/18/63 1/26/1 50/19/50
f 115/20/115 50/516/50 3/21/3
f 67/22/67 115/20/115 64/4/64
f 16/14/16 65/13/65 116/23/116
f 65/13/65 5/12/5 53/25/53
f 116/23/116 53/25/53 1/26/1
f 66/24/66 116/23/116 63/18/63
f 11/27/11 56/30/56 117/28/117
f 56/30/56 31/131/31 97/31/97
f 117/28/117 97/31/97 29/32/29
f 61/29/61 117/28/117 47/33/47
f 6/35/6 92/38/92 118/36/118
f 92/38/92 12/55/12 58/39/58
f 118/36/118 58/39/58 9/40/9
f 46/37/46 118/36/118 90/41/90
f 2/42/2 90/41/90 119/43/119
f 90/41/90 9/40/9 59/45/59
f 119/46/119 59/132/59 11/27/11
f 54/48/54 119/46/119 91/47/91
f 8/50/8 93/53/93 120/51/120
f 93/53/93 10/34/10 60/54/60
f 120/51/120 60/54/60 12/55/12
f 45/52/45 120/51/120 92/38/92
f 33/56/33 98/59/98 121/57/121
f 98/59/98 16/14/16 66/24/66
f 121/57/121 66/24/66 14/15/14
f 104/58/104 121/57/121 100/60/100
f 35/61/35 100/60/100 122/62/122
f 100/60/100 14/15/14 67/17/67
f 122/64/122 67/22/67 15/1/15
f 103/66/103 122/64/122 99/65/99
f 36/68/36 62/71/62 123/69/123
f 62/71/62 13/8/13 68/10/68
f 123/69/123 68/10/68 16/14/16
f 102/70/102 123/69/123 98/59/98
f 34/67/34 99/65/99 124/72/124
f 99/65/99 15/1/15 69/3/69
f 124/72/124 69/3/69 13/8/13
f 101/73/101 124/72/124 62/71/62
f 1/74/1 53/77/53 125/75/125
f 53/77/53 5/90/5 75/78/75
f 125/75/125 75/78/75 19/79/19
f 74/76/74 125/75/125 73/80/73
f 7/82/7 49/85/49 126/83/126
f 49/85/49 3/94/3 77/86/77
f 126/83/126 77/86/77 18/87/18
f 76/84/76 126/83/126 70/88/70
f 5/90/5 52/92/52 127/91/127
f 52/92/52 7/82/7 76/84/76
f 127/91/127 76/84/76 20/89/20
f 75/78/75 127/91/127 72/93/72
f 3/94/3 50/517/50 128/95/128
f 50/96/50 1/74/1 74/76/74
f 128/97/128 74/76/74 17/81/17
f 77/86/77 128/95/128 71/99/71
f 19/79/19 72/93/72 129/100/129
f 72/93/72 20/89/20 83/102/83
f 129/100/129 83/102/83 24/103/24
f 82/101/82 129/100/129 80/104/80
f 20/89/20 70/88/70 130/106/130
f 70/88/70 18/87/18 84/107/84
f 130/106/130 84/107/84 22/108/22
f 83/102/83 130/106/130 78/109/78
f 17/81/17 73/80/73 131/110/131
f 73/80/73 19/79/19 82/101/82
f 131/110/131 82/101/82 23/105/23
f 85/111/85 131/110/131 81/112/81
f 18/87/18 71/99/71 132/114/132
f 71/98/71 17/81/17 85/111/85
f 132/115/132 85/111/85 21/113/21
f 84/107/84 132/114/132 79/117/79
f 27/118/27 87/518/87 79/116/79
f 81/112/81 89/438/89 27/118/27
f 24/103/24 26/122/26 88/119/88
f 79/117/79 87/519/87 25/120/25
f 25/120/25 86/520/86 78/109/78
f 80/104/80 88/119/88 28/121/28
f 78/109/78 86/520/86 26/122/26
f 12/55/12 57/124/57 133/123/133
f 57/124/57 30/135/30 94/125/94
f 133/123/133 94/125/94 32/126/32
f 58/39/58 133/123/133 55/127/55
f 9/40/9 55/127/55 134/128/134
f 55/127/55 32/126/32 95/129/95
f 134/130/134 95/521/95 31/131/31
f 59/132/59 134/130/134 56/30/56
f 10/34/10 47/33/47 135/133/135
f 47/33/47 29/32/29 96/134/96
f 135/133/135 96/134/96 30/135/30
f 60/54/60 135/133/135 57/124/57
f 4/49/4 91/47/91 136/136/136
f 91/47/91 11/27/11 61/29/61
f 136/136/136 61/29/61 10/34/10
f 51/137/51 136/136/136 93/53/93
f 108/138/108 101/73/101 36/68/36
f 40/139/40 36/68/36 102/70/102
f 107/140/107 102/70/102 33/56/33
f 35/61/35 103/63/103 106/142/106
f 106/144/106 103/66/103 34/67/34
f 33/56/33 104/58/104 105/146/105
f 105/146/105 104/58/104 35/61/35
f 1450/147/1448 105/146/105 39/143/39
f 1449/148/1447 1451/493/1449 111/149/111
f 1451/151/1449 106/144/106 38/145/38
f 1446/153/1444 40/139/40 107/140/107
f 1452/154/1450 107/140/107 37/141/37
f 1448/152/1446 1453/158/1451 109/156/109
f 1453/158/1451 108/138/108 40/139/40
f 97/159/97 109/156/109 44/160/44
f 29/161/29 44/160/44 110/162/110
f 96/163/96 110/162/110 41/164/41
f 43/150/43 111/149/111 95/166/95
f 95/168/95 111/492/111 42/157/42
f 41/164/41 112/171/112 94/170/94
f 94/170/94 112/171/112 43/150/43
f 1447/155/1445 1450/147/1448 112/171/112
f 42/157/42 109/156/109 97/159/97
f 34/67/34 101/73/101 108/138/108
f 171/172/171 215/234/215 214/194/214
f 224/196/224 174/199/174 173/197/173
f 174/199/174 197/202/197 196/200/196
f 175/201/175 198/207/198 197/202/197
f 225/203/225 175/201/175 174/199/174
f 158/204/158 220/211/220 176/205/176
f 142/206/142 155/222/155 198/207/198
f 173/197/173 196/200/196 153/208/153
f 221/210/221 177/212/177 176/205/176
f 177/212/177 191/215/191 190/213/190
f 178/214/178 192/221/192 191/215/191
f 222/216/222 178/214/178 177/212/177
f 144/217/144 217/224/217 179/218/179
f 143/220/143 148/241/148 192/221/192
f 176/205/176 190/213/190 155/222/155
f 158/204/158 142/206/142 175/201/175
f 218/223/218 180/225/180 179/218/179
f 180/225/180 209/228/209 208/226/208
f 181/227/181 210/294/210 209/228/209
f 219/229/219 181/227/181 180/225/180
f 159/230/159 214/194/214 182/231/182
f 153/208/153 210/294/210 181/227/181
f 179/218/179 208/226/208 146/232/146
f 141/233/141 223/198/223 173/197/173
f 159/230/159 143/220/143 178/214/178
f 215/234/215 183/235/183 182/231/182
f 183/235/183 203/238/203 202/236/202
f 184/237/184 204/290/204 203/238/203
f 216/239/216 184/237/184 183/235/183
f 191/215/191 194/282/194 193/240/193
f 146/232/146 204/290/204 184/237/184
f 182/231/182 202/236/202 148/241/148
f 181/227/181 219/229/219 141/233/141
f 1473/242/1471 1474/301/1472 212/243/212
f 1476/245/1474 1473/242/1471 213/244/213
f 1475/247/1473 1462/255/1460 145/248/145
f 1471/250/1469 1472/256/1470 205/251/205
f 1470/253/1468 1471/250/1469 206/252/206
f 1462/255/1460 1470/253/1468 207/254/207
f 1472/256/1470 1463/271/1461 147/257/147
f 1468/258/1466 1469/265/1467 199/259/199
f 1467/261/1465 1468/258/1466 200/260/200
f 1477/263/1475 1467/261/1465 201/262/201
f 1469/265/1467 1476/245/1474 154/246/154
f 1465/266/1463 1466/272/1464 193/267/193
f 1464/269/1462 1465/266/1463 194/268/194
f 1463/271/1461 1464/269/1462 195/270/195
f 1466/272/1464 1477/263/1475 156/264/156
f 192/221/192 195/522/195 194/282/194
f 147/283/147 195/522/195 192/221/192
f 155/222/155 190/213/190 193/240/193
f 197/202/197 200/286/200 199/285/199
f 198/207/198 201/287/201 200/286/200
f 155/222/155 156/284/156 201/287/201
f 153/208/153 196/200/196 199/285/199
f 203/238/203 206/291/206 205/289/205
f 204/290/204 207/523/207 206/291/206
f 145/292/145 207/523/207 204/290/204
f 148/241/148 202/236/202 205/289/205
f 209/228/209 212/295/212 211/293/211
f 210/294/210 213/296/213 212/295/212
f 153/208/153 154/288/154 213/296/213
f 146/232/146 208/226/208 211/293/211
f 172/185/172 216/239/216 215/234/215
f 140/189/140 144/217/144 216/239/216
f 170/173/170 214/194/214 159/230/159
f 168/187/168 218/223/218 217/224/217
f 169/186/169 219/229/219 218/223/218
f 137/192/137 141/233/141 219/229/219
f 167/191/167 217/224/217 144/217/144
f 165/193/165 221/210/221 220/211/220
f 166/179/166 222/216/222 221/210/221
f 139/178/139 159/230/159 222/216/222
f 164/182/164 220/211/220 158/204/158
f 162/195/162 224/196/224 223/198/223
f 163/184/163 225/203/225 224/196/224
f 138/297/138 158/204/158 225/203/225
f 161/177/161 223/198/223 141/233/141
f 184/237/184 216/239/216 144/217/144
f 1483/298/1481 1458/494/1456 1456/299/1454
f 1474/301/1472 1475/247/1473 211/249/211
f 25/180/25 166/179/166 165/193/165
f 238/302/238 241/305/241 235/303/235
f 261/311/261 258/314/258 257/312/257
f 232/314/232 230/321/230 226/315/226
f 227/309/227 231/312/231 232/314/232
f 241/305/241 238/302/238 243/316/243
f 237/318/237 240/307/240 239/319/239
f 230/321/230 232/314/232 240/322/240
f 239/319/239 245/334/245 243/324/243
f 243/324/243 245/334/245 244/325/244
f 243/316/243 251/331/251 246/327/246
f 248/332/248 251/331/251 250/330/250
f 264/302/264 267/305/267 261/303/261
f 287/311/287 284/314/284 283/312/283
f 258/314/258 256/321/256 252/315/252
f 253/309/253 257/312/257 258/314/258
f 267/305/267 264/302/264 269/316/269
f 263/318/263 266/307/266 265/319/265
f 256/321/256 258/314/258 266/322/266
f 265/319/265 271/334/271 269/324/269
f 269/324/269 271/334/271 270/325/270
f 269/316/269 277/331/277 272/327/272
f 274/332/274 277/331/277 276/330/276
f 290/302/290 293/305/293 287/303/287
f 284/314/284 282/321/282 278/315/278
f 279/309/279 283/312/283 284/314/284
f 293/305/293 290/302/290 295/316/295
f 289/318/289 292/307/292 291/319/291
f 282/321/282 284/314/284 292/322/292
f 291/319/291 297/334/297 295/324/295
f 295/324/295 297/334/297 296/325/296
f 295/316/295 303/331/303 298/327/298
f 300/332/300 303/331/303 302/330/302
f 354/335/353 355/365/354 310/336/310
f 357/338/356 356/341/355 313/339/313
f 356/341/355 357/338/356 314/342/314
f 319/337/319 359/524/358 358/344/357
f 320/337/320 360/525/359 361/345/360
f 358/344/357 359/524/358 318/346/318
f 327/348/327 363/526/362 362/349/361
f 361/345/360 360/525/359 321/346/321
f 331/337/331 365/527/364 364/351/363
f 362/349/361 363/526/362 326/352/326
f 368/354/367 369/357/368 338/346/338
f 364/351/363 365/527/364 330/346/330
f 370/355/369 371/359/370 342/339/342
f 367/356/366 366/364/365 333/336/333
f 369/357/368 368/354/367 337/336/337
f 373/358/372 372/528/371 345/352/345
f 371/359/370 370/355/369 341/360/341
f 344/348/344 372/528/371 373/358/372
f 351/343/350 375/529/374 374/362/373
f 374/362/373 375/529/374 350/339/348
f 352/363/351 353/366/352 306/350/306
f 366/364/365 367/356/366 334/346/334
f 355/365/354 354/335/353 309/346/309
f 352/363/351 305/352/305 307/353/307
f 380/367/379 377/530/376 379/368/378
f 383/370/382 380/367/379 381/369/380
f 376/372/375 383/370/382 382/371/381
f 388/374/387 385/531/384 387/375/386
f 384/377/383 388/374/387 389/376/388
f 394/374/393 391/531/390 393/375/392
f 390/379/389 394/374/393 395/376/394
f 400/380/399 397/532/396 399/381/398
f 403/383/402 400/380/399 401/382/400
f 396/385/395 403/383/402 402/384/401
f 408/367/407 405/530/404 407/368/406
f 411/370/410 408/367/407 409/369/408
f 404/372/403 411/370/410 410/371/409
f 416/374/415 413/531/412 415/375/414
f 412/377/411 416/374/415 417/376/416
f 422/374/421 419/531/418 421/375/420
f 418/379/417 422/374/421 423/376/422
f 428/367/427 425/530/424 427/368/426
f 431/370/430 428/367/427 429/369/428
f 424/372/423 431/370/430 430/371/429
f 436/367/435 433/530/432 435/368/434
f 442/374/441 439/531/438 441/375/440
f 438/379/437 442/374/441 443/376/442
f 448/367/447 445/530/444 447/368/446
f 451/370/450 448/367/447 449/369/448
f 444/372/443 451/370/450 450/371/449
f 456/367/455 453/530/452 455/368/454
f 459/370/458 456/367/455 457/369/456
f 452/372/451 459/370/458 458/371/457
f 464/374/463 461/531/460 463/375/462
f 460/377/459 464/374/463 465/376/464
f 470/374/469 467/531/466 469/375/468
f 466/379/465 470/374/469 471/376/470
f 476/367/475 473/530/472 475/368/474
f 479/370/478 476/367/475 477/369/476
f 472/372/471 479/370/478 478/371/477
f 484/367/483 481/530/480 483/368/482
f 490/367/489 487/530/486 489/368/488
f 493/370/492 490/367/489 491/369/490
f 486/372/485 493/370/492 492/371/491
f 498/367/496 495/530/494 497/368/494
f 501/370/499 498/367/496 499/369/497
f 494/372/493 501/370/499 500/371/498
f 506/374/504 503/531/501 505/375/503
f 502/377/500 506/374/504 507/376/505
f 512/374/510 509/531/507 511/375/509
f 508/379/506 512/374/510 513/376/511
f 518/380/516 515/532/513 517/381/515
f 521/383/519 518/380/516 519/382/517
f 514/385/512 521/383/519 520/384/518
f 526/374/524 523/531/521 525/375/523
f 522/379/520 526/374/524 527/376/525
f 532/367/530 529/530/527 531/368/529
f 535/370/533 532/367/530 533/369/531
f 528/372/526 535/370/533 534/371/532
f 432/387/431 436/367/435 437/369/436
f 480/372/479 484/367/483 485/369/484
f 537/389/535 539/395/537 538/390/536
f 542/392/540 541/533/539 540/393/538
f 539/395/537 542/392/540 543/394/541
f 545/396/543 547/402/545 546/397/544
f 550/399/548 549/534/547 548/400/546
f 547/402/545 550/399/548 551/401/549
f 553/403/551 555/409/553 554/404/552
f 558/406/556 557/535/555 556/407/554
f 555/409/553 558/406/556 559/408/557
f 561/396/559 563/402/561 562/397/560
f 566/399/564 565/534/563 564/400/562
f 563/402/561 566/399/564 567/401/565
f 569/389/567 571/395/569 570/390/568
f 574/392/572 573/533/571 572/393/570
f 571/395/569 574/392/572 575/394/573
f 577/389/575 579/395/577 578/390/576
f 582/392/580 581/533/579 580/393/578
f 579/395/577 582/392/580 583/394/581
f 585/410/583 587/416/585 586/411/584
f 590/413/588 589/536/587 588/414/586
f 587/416/585 590/413/588 591/415/589
f 593/403/591 595/409/593 594/404/592
f 598/406/596 597/535/595 596/407/594
f 595/409/593 598/406/596 599/408/597
f 601/417/599 603/423/601 602/418/600
f 606/420/604 605/537/603 604/421/602
f 603/423/601 606/420/604 607/422/605
f 609/389/607 611/395/609 610/390/608
f 614/392/612 613/533/611 612/393/610
f 611/395/609 614/392/612 615/394/613
f 617/389/615 619/395/617 618/390/616
f 622/392/620 621/533/619 620/393/618
f 619/395/617 622/392/620 623/394/621
f 628/395/626 625/392/623 624/394/622
f 630/389/628 628/395/626 629/390/627
f 625/392/623 626/533/624 627/393/625
f 633/410/631 635/416/633 634/411/632
f 638/413/636 637/536/635 636/414/634
f 635/416/633 638/413/636 639/415/637
f 641/403/639 643/409/641 642/404/640
f 646/406/644 645/535/643 644/407/642
f 643/409/641 646/406/644 647/408/645
f 649/389/647 651/395/649 650/390/648
f 654/392/652 653/533/651 652/393/650
f 651/395/649 654/392/652 655/394/653
f 657/396/655 659/402/657 658/397/656
f 662/399/660 661/534/659 660/400/658
f 659/402/657 662/399/660 663/401/661
f 665/410/663 667/416/665 666/411/664
f 670/413/668 669/536/667 668/414/666
f 667/416/665 670/413/668 671/415/669
f 673/403/671 675/409/673 674/404/672
f 678/406/676 677/535/675 676/407/674
f 675/409/673 678/406/676 679/408/677
f 681/403/679 683/409/681 682/404/680
f 686/406/684 685/535/683 684/407/682
f 683/409/681 686/406/684 687/408/685
f 689/396/687 691/402/689 690/397/688
f 694/399/692 693/534/691 692/400/690
f 691/402/689 694/399/692 695/401/693
f 697/389/695 699/395/697 698/390/696
f 702/392/700 701/533/699 700/393/698
f 699/395/697 702/392/700 703/394/701
f 705/389/703 707/395/705 706/390/704
f 710/392/708 709/533/707 708/393/706
f 707/395/705 710/392/708 711/394/709
f 713/403/711 715/409/713 714/404/712
f 718/406/716 717/535/715 716/407/714
f 715/409/713 718/406/716 719/408/717
f 721/403/719 723/409/721 722/404/720
f 726/406/724 725/535/723 724/407/722
f 723/409/721 726/406/724 727/408/725
f 729/389/727 731/395/729 730/390/728
f 734/392/732 733/533/731 732/393/730
f 731/395/729 734/392/732 735/394/733
f 737/403/735 739/409/737 738/404/736
f 742/406/740 741/535/739 740/407/738
f 739/409/737 742/406/740 743/408/741
f 745/389/743 747/395/745 746/390/744
f 750/392/748 749/533/747 748/393/746
f 747/395/745 750/392/748 751/394/749
f 753/396/751 755/402/753 754/397/752
f 758/399/756 757/534/755 756/400/754
f 755/402/753 758/399/756 759/401/757
f 761/424/759 763/430/761 762/425/760
f 766/427/764 765/538/763 764/428/762
f 763/430/761 766/427/764 767/429/765
f 769/389/767 771/395/769 770/390/768
f 774/392/772 773/533/771 772/393/770
f 771/395/769 774/392/772 775/394/773
f 777/403/775 779/409/777 778/404/776
f 782/406/780 781/535/779 780/407/778
f 779/409/777 782/406/780 783/408/781
f 785/431/783 787/437/785 786/432/784
f 790/434/788 789/539/787 788/435/786
f 787/437/785 790/434/788 791/436/789
f 793/396/791 795/402/793 794/397/792
f 798/399/796 797/534/795 796/400/794
f 795/402/793 798/399/796 799/401/797
f 801/389/799 803/395/801 802/390/800
f 806/392/804 805/533/803 804/393/802
f 803/395/801 806/392/804 807/394/805
f 809/396/807 811/402/809 810/397/808
f 814/399/812 813/534/811 812/400/810
f 811/402/809 814/399/812 815/401/813
f 23/105/23 28/121/28 89/438/89
f 838/439/836 842/457/840 846/440/844
f 836/442/834 848/446/846 849/443/847
f 838/445/836 850/449/848 848/446/846
f 851/447/849 833/485/831 834/448/832
f 849/443/847 848/446/846 831/450/829
f 848/446/846 850/449/848 834/448/832
f 840/452/838 851/447/849 850/449/848
f 832/451/830 831/450/829 845/453/843
f 845/453/843 831/450/829 834/448/832
f 871/464/869 888/515/886 867/465/865
f 824/467/822 823/463/821 835/468/833
f 844/454/842 845/453/843 836/478/834
f 839/480/837 843/455/841 844/454/842
f 836/478/834 845/453/843 842/457/840
f 837/444/835 849/443/847 835/456/833
f 840/441/838 846/440/844 841/482/839
f 840/452/838 855/488/853 847/484/845
f 852/489/850 855/488/853 854/487/852
f 834/448/832 833/485/831 846/440/844
f 883/439/881 887/457/885 891/440/889
f 881/442/879 893/446/891 894/443/892
f 883/445/881 895/449/893 893/446/891
f 896/447/894 878/485/876 879/448/877
f 894/443/892 893/446/891 876/450/874
f 893/446/891 895/449/893 879/448/877
f 885/452/883 896/447/894 895/449/893
f 877/451/875 876/450/874 890/453/888
f 890/453/888 876/450/874 879/448/877
f 916/464/914 933/515/931 912/465/910
f 869/467/867 868/463/866 880/468/878
f 889/454/887 890/453/888 881/478/879
f 884/480/882 888/455/886 889/454/887
f 881/478/879 890/453/888 887/457/885
f 882/444/880 894/443/892 880/456/878
f 885/441/883 891/440/889 886/482/884
f 885/452/883 900/488/898 892/484/890
f 897/489/895 900/488/898 899/487/897
f 879/448/877 878/485/876 891/440/889
f 928/439/926 932/457/930 936/440/934
f 926/442/924 938/446/936 939/443/937
f 928/445/926 940/449/938 938/446/936
f 941/447/939 923/485/921 924/448/922
f 939/443/937 938/446/936 921/450/919
f 938/446/936 940/449/938 924/448/922
f 930/452/928 941/447/939 940/449/938
f 922/451/920 921/450/919 935/453/933
f 935/453/933 921/450/919 924/448/922
f 961/464/959 978/515/976 957/465/955
f 914/467/912 913/463/911 925/468/923
f 934/454/932 935/453/933 926/478/924
f 929/480/927 933/455/931 934/454/932
f 926/478/924 935/453/933 932/457/930
f 927/444/925 939/443/937 925/456/923
f 930/441/928 936/440/934 931/482/929
f 930/452/928 945/488/943 937/484/935
f 942/489/940 945/488/943 944/487/942
f 924/448/922 923/485/921 936/440/934
f 973/439/971 977/457/975 981/440/979
f 971/442/969 983/446/981 984/443/982
f 973/445/971 985/449/983 983/446/981
f 986/447/984 968/485/966 969/448/967
f 984/443/982 983/446/981 966/450/964
f 983/446/981 985/449/983 969/448/967
f 975/452/973 986/447/984 985/449/983
f 967/451/965 966/450/964 980/453/978
f 980/453/978 966/450/964 969/448/967
f 1006/464/1004 1023/515/1021 1002/465/1000
f 959/467/957 958/463/956 970/468/968
f 979/454/977 980/453/978 971/478/969
f 974/480/972 978/455/976 979/454/977
f 971/478/969 980/453/978 977/457/975
f 972/444/970 984/443/982 970/456/968
f 975/441/973 981/440/979 976/482/974
f 975/452/973 990/488/988 982/484/980
f 987/489/985 990/488/988 989/487/987
f 969/448/967 968/485/966 981/440/979
f 1018/439/1016 1022/457/1020 1026/440/1024
f 1016/442/1014 1028/446/1026 1029/443/1027
f 1018/445/1016 1030/449/1028 1028/446/1026
f 1031/447/1029 1013/485/1011 1014/448/1012
f 1029/443/1027 1028/446/1026 1011/450/1009
f 1028/446/1026 1030/449/1028 1014/448/1012
f 1020/452/1018 1031/447/1029 1030/449/1028
f 1012/451/1010 1011/450/1009 1025/453/1023
f 1025/453/1023 1011/450/1009 1014/448/1012
f 1051/464/1049 1068/515/1066 1047/465/1045
f 1004/467/1002 1003/463/1001 1015/468/1013
f 1024/454/1022 1025/453/1023 1016/478/1014
f 1019/480/1017 1023/455/1021 1024/454/1022
f 1016/478/1014 1025/453/1023 1022/457/1020
f 1017/444/1015 1029/443/1027 1015/456/1013
f 1020/441/1018 1026/440/1024 1021/482/1019
f 1020/452/1018 1035/488/1033 1027/484/1025
f 1032/489/1030 1035/488/1033 1034/487/1032
f 1014/448/1012 1013/485/1011 1026/440/1024
f 1063/439/1061 1067/457/1065 1071/440/1069
f 1061/442/1059 1073/446/1071 1074/443/1072
f 1063/445/1061 1075/449/1073 1073/446/1071
f 1076/447/1074 1058/485/1056 1059/448/1057
f 1074/443/1072 1073/446/1071 1056/450/1054
f 1073/446/1071 1075/449/1073 1059/448/1057
f 1065/452/1063 1076/447/1074 1075/449/1073
f 1057/451/1055 1056/450/1054 1070/453/1068
f 1070/453/1068 1056/450/1054 1059/448/1057
f 1096/464/1094 1113/515/1111 1092/465/1090
f 1049/467/1047 1048/463/1046 1060/468/1058
f 1069/454/1067 1070/453/1068 1061/478/1059
f 1064/480/1062 1068/455/1066 1069/454/1067
f 1061/478/1059 1070/453/1068 1067/457/1065
f 1062/444/1060 1074/443/1072 1060/456/1058
f 1065/441/1063 1071/440/1069 1066/482/1064
f 1065/452/1063 1080/488/1078 1072/484/1070
f 1077/489/1075 1080/488/1078 1079/487/1077
f 1059/448/1057 1058/485/1056 1071/440/1069
f 1108/439/1106 1112/457/1110 1116/440/1114
f 1106/442/1104 1118/446/1116 1119/443/1117
f 1108/445/1106 1120/449/1118 1118/446/1116
f 1121/447/1119 1103/485/1101 1104/448/1102
f 1119/443/1117 1118/446/1116 1101/450/1099
f 1118/446/1116 1120/449/1118 1104/448/1102
f 1110/452/1108 1121/447/1119 1120/449/1118
f 1102/451/1100 1101/450/1099 1115/453/1113
f 1115/453/1113 1101/450/1099 1104/448/1102
f 1141/464/1139 1158/515/1156 1137/465/1135
f 1094/467/1092 1093/463/1091 1105/468/1103
f 1114/454/1112 1115/453/1113 1106/478/1104
f 1109/480/1107 1113/455/1111 1114/454/1112
f 1106/478/1104 1115/453/1113 1112/457/1110
f 1107/444/1105 1119/443/1117 1105/456/1103
f 1110/441/1108 1116/440/1114 1111/482/1109
f 1110/452/1108 1125/488/1123 1117/484/1115
f 1122/489/1120 1125/488/1123 1124/487/1122
f 1104/448/1102 1103/485/1101 1116/440/1114
f 1153/439/1151 1157/457/1155 1161/440/1159
f 1151/442/1149 1163/446/1161 1164/443/1162
f 1153/445/1151 1165/449/1163 1163/446/1161
f 1166/447/1164 1148/485/1146 1149/448/1147
f 1164/443/1162 1163/446/1161 1146/450/1144
f 1163/446/1161 1165/449/1163 1149/448/1147
f 1155/452/1153 1166/447/1164 1165/449/1163
f 1147/451/1145 1146/450/1144 1160/453/1158
f 1160/453/1158 1146/450/1144 1149/448/1147
f 1186/464/1184 1203/515/1201 1182/465/1180
f 1139/467/1137 1138/463/1136 1150/468/1148
f 1159/454/1157 1160/453/1158 1151/478/1149
f 1154/480/1152 1158/455/1156 1159/454/1157
f 1151/478/1149 1160/453/1158 1157/457/1155
f 1152/444/1150 1164/443/1162 1150/456/1148
f 1155/441/1153 1161/440/1159 1156/482/1154
f 1155/452/1153 1170/488/1168 1162/484/1160
f 1167/489/1165 1170/488/1168 1169/487/1167
f 1149/448/1147 1148/485/1146 1161/440/1159
f 1198/439/1196 1202/457/1200 1206/440/1204
f 1196/442/1194 1208/446/1206 1209/443/1207
f 1198/445/1196 1210/449/1208 1208/446/1206
f 1211/447/1209 1193/485/1191 1194/448/1192
f 1209/443/1207 1208/446/1206 1191/450/1189
f 1208/446/1206 1210/449/1208 1194/448/1192
f 1200/452/1198 1211/447/1209 1210/449/1208
f 1192/451/1190 1191/450/1189 1205/453/1203
f 1205/453/1203 1191/450/1189 1194/448/1192
f 1231/464/1229 1248/515/1246 1227/465/1225
f 1184/467/1182 1183/463/1181 1195/468/1193
f 1204/454/1202 1205/453/1203 1196/478/1194
f 1199/480/1197 1203/455/1201 1204/454/1202
f 1196/478/1194 1205/453/1203 1202/457/1200
f 1197/444/1195 1209/443/1207 1195/456/1193
f 1200/441/1198 1206/440/1204 1201/482/1199
f 1200/452/1198 1215/488/1213 1207/484/1205
f 1212/489/1210 1215/488/1213 1214/487/1212
f 1194/448/1192 1193/485/1191 1206/440/1204
f 1243/439/1241 1247/457/1245 1251/440/1249
f 1241/442/1239 1253/446/1251 1254/443/1252
f 1243/445/1241 1255/449/1253 1253/446/1251
f 1256/447/1254 1238/485/1236 1239/448/1237
f 1254/443/1252 1253/446/1251 1236/450/1234
f 1253/446/1251 1255/449/1253 1239/448/1237
f 1245/452/1243 1256/447/1254 1255/449/1253
f 1237/451/1235 1236/450/1234 1250/453/1248
f 1250/453/1248 1236/450/1234 1239/448/1237
f 1276/464/1274 1293/515/1291 1272/465/1270
f 1229/467/1227 1228/463/1226 1240/468/1238
f 1249/454/1247 1250/453/1248 1241/478/1239
f 1244/480/1242 1248/455/1246 1249/454/1247
f 1241/478/1239 1250/453/1248 1247/457/1245
f 1242/444/1240 1254/443/1252 1240/456/1238
f 1245/441/1243 1251/440/1249 1246/482/1244
f 1245/452/1243 1260/488/1258 1252/484/1250
f 1257/489/1255 1260/488/1258 1259/487/1257
f 1239/448/1237 1238/485/1236 1251/440/1249
f 1288/439/1286 1292/457/1290 1296/440/1294
f 1286/442/1284 1298/446/1296 1299/443/1297
f 1288/445/1286 1300/449/1298 1298/446/1296
f 1301/447/1299 1283/485/1281 1284/448/1282
f 1299/443/1297 1298/446/1296 1281/450/1279
f 1298/446/1296 1300/449/1298 1284/448/1282
f 1290/452/1288 1301/447/1299 1300/449/1298
f 1282/451/1280 1281/450/1279 1295/453/1293
f 1295/453/1293 1281/450/1279 1284/448/1282
f 1321/464/1319 1338/515/1336 1317/465/1315
f 1274/467/1272 1273/463/1271 1285/468/1283
f 1294/454/1292 1295/453/1293 1286/478/1284
f 1289/480/1287 1293/455/1291 1294/454/1292
f 1286/478/1284 1295/453/1293 1292/457/1290
f 1287/444/1285 1299/443/1297 1285/456/1283
f 1290/441/1288 1296/440/1294 1291/482/1289
f 1290/452/1288 1305/488/1303 1297/484/1295
f 1302/489/1300 1305/488/1303 1304/487/1302
f 1284/448/1282 1283/485/1281 1296/440/1294
f 1333/439/1331 1337/457/1335 1341/440/1339
f 1331/442/1329 1343/446/1341 1344/443/1342
f 1333/445/1331 1345/449/1343 1343/446/1341
f 1346/447/1344 1328/485/1326 1329/448/1327
f 1344/443/1342 1343/446/1341 1326/450/1324
f 1343/446/1341 1345/449/1343 1329/448/1327
f 1335/452/1333 1346/447/1344 1345/449/1343
f 1327/451/1325 1326/450/1324 1340/453/1338
f 1340/453/1338 1326/450/1324 1329/448/1327
f 1366/464/1364 1383/515/1381 1362/465/1360
f 1319/467/1317 1318/463/1316 1330/468/1328
f 1339/454/1337 1340/453/1338 1331/478/1329
f 1334/480/1332 1338/455/1336 1339/454/1337
f 1331/478/1329 1340/453/1338 1337/457/1335
f 1332/444/1330 1344/443/1342 1330/456/1328
f 1335/441/1333 1341/440/1339 1336/482/1334
f 1335/452/1333 1350/488/1348 1342/484/1340
f 1347/489/1345 1350/488/1348 1349/487/1347
f 1329/448/1327 1328/485/1326 1341/440/1339
f 1378/439/1376 1382/457/1380 1386/440/1384
f 1376/442/1374 1388/446/1386 1389/443/1387
f 1378/445/1376 1390/449/1388 1388/446/1386
f 1391/447/1389 1373/485/1371 1374/448/1372
f 1389/443/1387 1388/446/1386 1371/450/1369
f 1388/446/1386 1390/449/1388 1374/448/1372
f 1380/452/1378 1391/447/1389 1390/449/1388
f 1372/451/1370 1371/450/1369 1385/453/1383
f 1385/453/1383 1371/450/1369 1374/448/1372
f 1411/464/1409 1428/515/1426 1407/465/1405
f 1364/467/1362 1363/463/1361 1375/468/1373
f 1384/454/1382 1385/453/1383 1376/478/1374
f 1379/480/1377 1383/455/1381 1384/454/1382
f 1376/478/1374 1385/453/1383 1382/457/1380
f 1377/444/1375 1389/443/1387 1375/456/1373
f 1380/441/1378 1386/440/1384 1381/482/1379
f 1380/452/1378 1395/488/1393 1387/484/1385
f 1392/489/1390 1395/488/1393 1394/487/1392
f 1374/448/1372 1373/485/1371 1386/440/1384
f 1423/439/1421 1427/457/1425 1431/440/1429
f 1421/442/1419 1433/446/1431 1434/443/1432
f 1423/445/1421 1435/449/1433 1433/446/1431
f 1436/447/1434 1418/485/1416 1419/448/1417
f 1434/443/1432 1433/446/1431 1416/450/1414
f 1433/446/1431 1435/449/1433 1419/448/1417
f 1425/452/1423 1436/447/1434 1435/449/1433
f 1417/451/1415 1416/450/1414 1430/453/1428
f 1430/453/1428 1416/450/1414 1419/448/1417
f 1409/467/1407 1408/463/1406 1420/468/1418
f 1429/454/1427 1430/453/1428 1421/478/1419
f 1424/480/1422 1428/455/1426 1429/454/1427
f 1421/478/1419 1430/453/1428 1427/457/1425
f 1422/444/1420 1434/443/1432 1420/456/1418
f 1425/441/1423 1431/440/1429 1426/482/1424
f 1425/452/1423 1440/488/1438 1432/484/1430
f 1437/489/1435 1440/488/1438 1439/487/1437
f 1419/448/1417 1418/485/1416 1431/440/1429
f 37/141/37 105/146/105 1450/147/1448
f 109/156/109 1453/158/1451 1446/153/1444
f 38/145/38 108/138/108 1453/158/1451
f 110/162/110 1452/154/1450 1447/155/1445
f 44/160/44 1446/153/1444 1452/154/1450
f 111/492/111 1451/151/1449 1448/152/1446
f 39/143/39 106/142/106 1451/493/1449
f 112/171/112 1450/147/1448 1449/148/1447
f 1485/495/1483 1459/502/1457 1457/496/1455
f 1483/298/1481 1484/497/1482 1457/496/1455
f 1478/498/1476 1460/505/1458 1454/499/1452
f 1485/495/1483 1482/504/1480 1455/501/1453
f 1481/503/1479 1461/506/1459 1455/501/1453
f 1478/498/1476 1480/300/1478 1456/299/1454
f 1481/503/1479 1479/500/1477 1454/499/1452
f 186/507/186 152/512/152 1480/300/1478
f 150/508/150 186/507/186 1478/498/1476
f 187/509/187 150/508/150 1479/500/1477
f 149/510/149 187/509/187 1481/503/1479
f 188/511/188 151/514/151 1484/497/1482
f 152/512/152 188/511/188 1483/298/1481
f 189/513/189 149/510/149 1482/504/1480
f 151/514/151 189/513/189 1485/495/1483
f 1486/281/1484 1488/278/1486 152/512/152
f 1487/279/1485 1486/281/1484 186/507/186
f 1489/280/1487 1487/279/1485 150/508/150
f 1490/273/1488 1489/280/1487 187/509/187
f 1491/277/1489 1492/276/1490 151/514/151
f 1488/278/1486 1491/277/1489 188/511/188
f 1493/274/1491 1490/273/1488 149/510/149
f 1492/276/1490 1493/274/1491 189/513/189
f 826/464/824 843/515/841 822/465/820
f 235/311/235 232/314/232 231/312/231
