# Blender 4.2.0
# www.blender.org
o Sunflower_02
v 0.049176 1.925703 -1.037026
v 0.012061 -0.015067 -1.013578
v 0.048793 1.925044 -1.021954
v 0.012061 -0.015067 -0.987354
v 0.033693 1.927238 -1.037076
v -0.014157 -0.015067 -1.013575
v 0.033307 1.926572 -1.022013
v -0.014157 -0.015067 -0.987355
v 0.016703 0.125302 -1.007010
v -0.006368 0.127073 -0.983798
v 0.016603 0.124044 -0.983864
v -0.006269 0.128331 -1.006941
v 0.048654 1.781447 -1.017676
v 0.065959 1.783627 -1.034974
v 0.065920 1.783561 -1.017615
v 0.048693 1.781511 -1.035029
v 0.060310 1.973997 -1.037607
v 0.060206 1.974192 -1.022757
v 0.050756 1.983593 -1.037816
v 0.050647 1.983818 -1.022975
v 0.086862 1.988338 -1.037931
v 0.086498 1.988424 -1.021012
v 0.084676 2.003121 -1.037888
v 0.084309 2.003294 -1.021423
v 0.121747 1.992218 -1.020273
v 0.119722 2.010363 -1.019470
v 0.121054 1.993425 -1.039660
v 0.119020 2.011497 -1.038794
v 0.023183 0.356803 -0.969974
v 0.023298 0.358079 -0.992073
v 0.045275 0.355938 -0.969908
v 0.045390 0.357214 -0.992009
v 0.067250 1.533024 -1.036757
v 0.086520 1.532327 -1.017985
v 0.086227 1.533500 -1.037012
v 0.067542 1.531849 -1.017735
v 0.079632 1.252017 -1.034879
v 0.100885 1.253528 -1.013901
v 0.100720 1.253178 -1.035069
v 0.079798 1.252357 -1.013713
v 0.067083 0.806675 -0.998998
v 0.089319 0.806394 -0.976512
v 0.089226 0.803773 -0.998751
v 0.067177 0.809300 -0.976760
v -0.019072 -0.015067 -1.000465
v -0.001049 -0.015067 -1.018494
v 0.006505 0.218247 -0.977338
v 0.036719 1.873869 -1.021180
v 0.040976 1.925604 -1.019160
v 0.051884 1.925123 -1.029479
v -0.001050 -0.015067 -0.982438
v 0.030591 1.927470 -1.029547
v 0.041505 1.926515 -1.039878
v 0.016977 -0.015067 -1.000467
v 0.029269 0.217671 -1.000046
v 0.029148 0.216232 -0.977345
v 0.006627 0.219685 -1.000037
v 0.005235 0.127052 -1.011315
v 0.020961 0.124105 -0.995450
v -0.010625 0.128270 -0.995357
v 0.005098 0.125323 -0.979491
v 0.061552 1.669158 -1.016548
v 0.053330 1.872455 -1.037369
v 0.053242 1.872439 -1.021136
v 0.036790 1.873897 -1.037403
v 0.057333 1.782581 -1.038256
v 0.069178 1.783991 -1.026284
v 0.045437 1.781083 -1.026364
v 0.057278 1.782492 -1.014392
v 0.055268 1.978922 -1.020081
v 0.062083 1.972337 -1.030143
v 0.049476 1.985904 -1.030462
v 0.055413 1.978632 -1.040492
v 0.052292 1.954702 -1.036942
v 0.038842 1.959762 -1.036994
v 0.038238 1.959167 -1.022246
v 0.051693 1.954093 -1.022185
v 0.085109 1.995898 -1.018076
v 0.087247 1.985545 -1.029428
v 0.084697 2.006117 -1.029673
v 0.085596 1.995724 -1.041065
v 0.067902 1.996927 -1.037627
v 0.067639 1.997075 -1.021903
v 0.073180 1.984126 -1.021615
v 0.073442 1.984032 -1.037472
v 0.120849 2.001319 -1.015849
v 0.121827 1.989065 -1.029834
v 0.118940 2.014698 -1.029258
v 0.119927 2.002419 -1.043260
v 0.101989 1.990568 -1.038495
v 0.101318 2.006531 -1.038493
v 0.101472 1.990609 -1.020176
v 0.100804 2.006681 -1.020478
v 0.009667 0.051444 -1.011036
v 0.009626 0.050664 -0.987649
v -0.013606 0.053805 -1.010995
v -0.013647 0.053024 -0.987612
v 0.034365 0.357886 -0.996184
v 0.049475 0.356414 -0.980946
v 0.019098 0.357603 -0.981035
v 0.034207 0.356131 -0.965797
v 0.061326 1.669843 -1.034341
v 0.079080 1.668548 -1.016770
v 0.078819 1.669234 -1.034568
v 0.077085 1.531868 -1.014293
v 0.063839 1.532347 -1.027198
v 0.089932 1.533003 -1.027546
v 0.076682 1.533482 -1.040451
v 0.090144 1.252534 -1.038943
v 0.104757 1.253570 -1.024521
v 0.075762 1.251968 -1.024261
v 0.090372 1.253009 -1.009838
v 0.078266 0.808339 -0.972466
v 0.062979 0.808532 -0.987925
v 0.093425 0.804539 -0.987585
v 0.078137 0.804733 -1.003044
v 0.045037 1.873108 -1.018119
v 0.033586 1.874231 -1.029292
v 0.056387 1.872187 -1.029245
v 0.045111 1.873136 -1.040432
v 0.017803 0.216971 -0.973085
v -0.001962 0.052771 -1.015400
v 0.014011 0.050611 -0.999350
v -0.017990 0.053857 -0.999296
v 0.069982 1.669659 -1.037791
v 0.082228 1.668774 -1.025711
v 0.058241 1.669629 -1.025403
v 0.070325 1.668720 -1.013322
v 0.045608 1.957211 -1.039733
v 0.044781 1.956383 -1.019449
v 0.036278 1.960863 -1.029633
v 0.054529 1.953487 -1.029552
v 0.067284 1.999582 -1.029816
v 0.070234 1.990575 -1.018821
v 0.070589 1.990409 -1.040484
v 0.074447 1.981623 -1.029522
v 0.101622 1.998581 -1.041913
v 0.101926 1.987532 -1.029306
v 0.101211 2.009551 -1.029513
v 0.100952 1.998702 -1.016920
v 0.017970 0.218949 -1.004298
v 0.033454 0.216573 -0.988697
v 0.002321 0.219343 -0.988686
v -0.002019 0.051697 -0.983245
v 0.136162 2.022874 -1.052043
v 0.137896 2.023143 -1.010536
v 0.142643 1.983487 -1.008488
v 0.141114 1.983027 -1.050645
v 0.144827 2.033124 -1.063721
v 0.148694 2.045525 -0.988679
v 0.158852 1.959996 -0.983456
v 0.152386 1.972801 -1.061516
v 0.170289 1.954476 -1.081669
v 0.161989 1.954068 -1.080681
v 0.173917 1.955469 -0.977319
v 0.165627 1.955057 -0.977750
v 0.149741 2.050400 -1.083797
v 0.157732 2.051652 -1.084783
v 0.154216 2.051434 -0.983562
v 0.162529 2.052785 -0.983196
v 0.144755 2.044897 -1.077716
v 0.147627 2.033270 -1.001095
v 0.154688 1.973547 -0.997470
v 0.155588 1.959035 -1.074764
v 0.135977 2.028436 -1.042957
v 0.136301 2.030265 -1.031829
v 0.136960 2.028528 -1.020367
v 0.139198 2.014203 -1.004200
v 0.140525 2.003466 -1.001562
v 0.141723 1.992608 -1.002944
v 0.139695 1.992062 -1.056788
v 0.138287 2.002929 -1.059144
v 0.137030 2.013820 -1.057569
v 0.143089 1.977733 -1.017866
v 0.142941 1.975714 -1.029361
v 0.142263 1.977466 -1.040959
v 0.144348 2.057176 -1.057875
v 0.145144 2.061150 -1.034008
v 0.146678 2.057054 -1.009968
v 0.150971 2.026965 -0.973803
v 0.153720 2.003863 -0.967786
v 0.156498 1.980072 -0.971013
v 0.152193 1.978808 -1.087349
v 0.149034 2.001928 -1.093079
v 0.146378 2.025197 -1.089000
v 0.159954 1.946654 -1.004482
v 0.159781 1.942235 -1.029623
v 0.158237 1.946744 -1.054481
v 0.167980 2.004792 -1.030453
v 0.181336 1.981872 -1.018596
v 0.178935 1.982164 -1.041550
v 0.176458 1.997976 -1.055580
v 0.175560 2.014596 -1.055554
v 0.176544 2.015553 -1.008687
v 0.178440 1.996582 -1.005518
v 0.174553 2.023495 -1.040920
v 0.174962 2.025512 -1.023676
v 0.156763 2.030751 -0.966565
v 0.159725 2.004618 -0.959870
v 0.163022 1.977748 -0.963629
v 0.165426 2.031967 -0.965952
v 0.167842 2.005561 -0.959134
v 0.171788 1.978463 -0.962987
v 0.149447 2.064235 -1.061480
v 0.150283 2.068881 -1.034523
v 0.152041 2.064282 -1.007616
v 0.158012 2.065642 -1.062164
v 0.158286 2.070329 -1.034822
v 0.160643 2.065721 -1.007610
v 0.167083 1.939801 -1.001625
v 0.166706 1.934837 -1.029939
v 0.165137 1.940229 -1.057799
v 0.175939 1.940082 -1.001556
v 0.174877 1.934989 -1.030238
v 0.173965 1.940577 -1.058457
v 0.158208 1.976271 -1.094827
v 0.154437 2.002486 -1.101389
v 0.151660 2.028443 -1.096222
v 0.166925 1.976927 -1.096032
v 0.162455 2.003421 -1.102715
v 0.160256 2.029612 -1.097328
v 0.155398 1.964728 -1.011862
v 0.155209 1.961590 -1.029472
v 0.154190 1.964240 -1.047156
v 0.150027 1.986649 -1.070539
v 0.147875 2.003073 -1.074284
v 0.145973 2.019515 -1.072074
v 0.149364 2.019925 -0.991174
v 0.151303 2.003876 -0.986884
v 0.153097 1.987466 -0.988896
v 0.144606 2.041490 -1.049986
v 0.145171 2.044091 -1.033318
v 0.146220 2.041407 -1.016032
v -0.109579 0.257810 -1.085420
v -0.146831 0.255670 -0.971204
v -0.039904 0.313748 -1.062451
v -0.075575 0.305591 -0.944684
v -0.061523 0.291016 -1.087790
v -0.110789 0.293443 -0.943355
v -0.047530 0.309245 -1.028321
v -0.064035 0.307547 -0.980553
v -0.097878 0.290766 -0.978691
v -0.074617 0.292726 -1.049634
v -0.084186 0.278774 -1.014208
v -0.123682 0.251535 -1.028494
v -0.121151 0.257523 -1.049106
v -0.136655 0.259124 -1.004296
v -0.163322 0.217477 -1.035459
v -0.020418 0.303628 -0.994492
v -0.035712 0.304564 -0.999363
v 0.010966 0.289554 -0.984470
v -0.005330 0.298635 -0.989886
v -0.054607 0.298150 -1.002879
v -0.020845 0.300561 -0.994617
v -0.035482 0.301420 -0.999365
v -0.007297 0.295400 -0.990590
v -0.053553 0.296944 -1.005090
v 0.000176 0.289713 -0.988560
v 0.012621 0.281155 -0.992739
v -0.005632 0.297126 -0.992321
v -0.053166 0.298298 -1.007450
v -0.035084 0.303137 -1.001051
v -0.020080 0.302171 -0.996236
v 0.002479 0.291526 -0.990339
v 0.011323 0.279122 -0.980761
v -0.021172 0.302184 -0.992871
v -0.036152 0.303058 -0.997685
v -0.006945 0.297014 -0.988146
v 0.001066 0.291232 -0.985595
v 0.009741 0.266877 -0.981691
v 0.010175 0.268837 -0.990882
v 0.004327 0.277494 -0.990914
v 0.002629 0.277202 -0.985418
v -0.091145 0.278153 -1.084347
v -0.128542 0.269103 -0.955673
v -0.141529 0.239639 -1.058148
v -0.152332 0.235104 -0.999941
v -0.102927 0.263435 -1.020636
v 0.183212 0.275263 -1.077914
v 0.080684 0.303139 -1.164810
v 0.149201 0.355483 -1.012364
v 0.040414 0.375826 -1.099324
v 0.177128 0.320412 -1.025292
v 0.049744 0.359625 -1.137513
v 0.115945 0.359282 -1.034716
v 0.073120 0.369157 -1.072123
v 0.079961 0.347946 -1.109168
v 0.143849 0.332148 -1.054992
v 0.107131 0.325311 -1.080099
v 0.128554 0.283198 -1.116512
v 0.150643 0.284820 -1.105237
v 0.111620 0.298804 -1.140252
v 0.137476 0.227109 -1.155177
v 0.068589 0.364919 -1.020033
v 0.080061 0.363207 -1.034255
v 0.044482 0.353128 -0.992409
v 0.056284 0.360773 -1.006609
v 0.089438 0.353366 -1.052997
v 0.067989 0.361442 -1.020489
v 0.079046 0.359733 -1.034065
v 0.056793 0.357254 -1.008259
v 0.090924 0.351501 -1.050980
v 0.049869 0.350480 -0.999920
v 0.045630 0.342408 -0.987676
v 0.058222 0.358661 -1.006019
v 0.093588 0.352383 -1.049566
v 0.081119 0.361208 -1.032911
v 0.069813 0.362849 -1.018976
v 0.051119 0.351982 -0.996868
v 0.037182 0.344220 -0.995301
v 0.066806 0.363698 -1.021533
v 0.078074 0.361959 -1.035446
v 0.054857 0.359477 -1.008803
v 0.047213 0.352960 -1.000213
v 0.037552 0.332897 -0.995315
v 0.043361 0.332063 -0.991126
v 0.046769 0.339983 -0.996209
v 0.042966 0.340987 -0.999542
v 0.181538 0.303419 -1.058496
v 0.062040 0.326531 -1.151701
v 0.161244 0.254380 -1.123138
v 0.104629 0.266036 -1.158634
v 0.116332 0.303289 -1.097584
v -0.129503 0.471580 -0.867769
v 0.008236 0.472841 -0.766587
v -0.082065 0.582612 -0.935253
v 0.061067 0.578005 -0.836654
v -0.120289 0.537527 -0.922917
v 0.051391 0.549048 -0.791350
v -0.039092 0.578661 -0.910660
v 0.017738 0.578759 -0.867724
v 0.010077 0.542982 -0.825152
v -0.075593 0.541886 -0.887947
v -0.028874 0.523299 -0.862266
v -0.056914 0.465280 -0.824361
v -0.085465 0.472644 -0.835740
v -0.031588 0.476821 -0.793776
v -0.074597 0.392776 -0.789359
v 0.017470 0.580885 -0.930732
v 0.004848 0.578012 -0.913244
v 0.045287 0.564874 -0.970443
v 0.030186 0.576102 -0.948126
v -0.006218 0.563453 -0.891860
v 0.017676 0.576443 -0.930744
v 0.005488 0.573539 -0.914050
v 0.029272 0.572051 -0.946775
v -0.008365 0.561650 -0.894400
v 0.037974 0.563844 -0.959336
v 0.041952 0.556473 -0.976414
v 0.027789 0.574112 -0.948859
v -0.011480 0.563401 -0.895633
v 0.003201 0.575879 -0.914998
v 0.015641 0.578681 -0.932146
v 0.036730 0.565939 -0.962087
v 0.052259 0.557785 -0.967501
v 0.019484 0.578884 -0.929316
v 0.007071 0.575961 -0.912212
v 0.031680 0.574173 -0.946076
v 0.040948 0.566006 -0.958960
v 0.051120 0.542876 -0.967301
v 0.042742 0.543305 -0.972116
v 0.040068 0.550834 -0.966792
v 0.044919 0.550933 -0.963095
v -0.125301 0.509764 -0.885600
v 0.033732 0.503520 -0.779127
v -0.101594 0.434369 -0.819622
v -0.026794 0.431647 -0.779743
v -0.041147 0.492847 -0.844414
v -0.002591 0.519786 -1.207801
v -0.148839 0.534365 -1.104320
v 0.060889 0.612512 -1.140788
v -0.085467 0.634654 -1.030691
v 0.056551 0.573116 -1.180430
v -0.130046 0.609954 -1.054012
v 0.021670 0.616361 -1.105702
v -0.040106 0.627097 -1.063424
v -0.083465 0.597193 -1.083408
v 0.007103 0.583272 -1.147452
v -0.035752 0.572095 -1.109050
v -0.069894 0.519431 -1.150641
v -0.048782 0.524921 -1.174797
v -0.107335 0.534492 -1.135787
v -0.108101 0.451669 -1.181062
v 0.024880 0.625178 -1.041019
v 0.010579 0.621871 -1.060052
v 0.054650 0.607224 -0.994707
v 0.038206 0.620798 -1.021023
v -0.009596 0.608204 -1.077575
v 0.024333 0.620746 -1.040279
v 0.010722 0.617530 -1.058581
v 0.036648 0.616587 -1.021973
v -0.006437 0.606014 -1.078765
v 0.045866 0.608077 -1.007445
v 0.060206 0.598415 -0.996740
v 0.039571 0.618348 -1.023028
v -0.003849 0.607206 -1.081737
v 0.012751 0.619429 -1.060903
v 0.026745 0.622598 -1.042169
v 0.049413 0.609900 -1.008022
v 0.048231 0.602287 -0.990678
v 0.022487 0.623565 -1.039185
v 0.008515 0.620257 -1.057859
v 0.035329 0.619168 -1.019960
v 0.044699 0.610775 -1.004733
v 0.046685 0.586230 -0.991019
v 0.055193 0.585268 -0.995682
v 0.051220 0.593802 -1.001660
v 0.045689 0.594773 -0.997882
v 0.017833 0.552974 -1.197382
v -0.141074 0.564709 -1.074808
v -0.063966 0.489149 -1.196879
v -0.128486 0.491457 -1.135835
v -0.052418 0.544614 -1.127477
v 0.257219 0.503813 -0.883565
v 0.268848 0.514431 -1.052211
v 0.189270 0.628036 -0.882496
v 0.193727 0.618972 -1.066728
v 0.212975 0.577564 -0.855783
v 0.233374 0.587106 -1.081805
v 0.185668 0.624044 -0.934984
v 0.191158 0.621476 -1.010395
v 0.226112 0.583235 -1.025794
v 0.219144 0.582319 -0.915659
v 0.212321 0.566456 -0.970633
v 0.253795 0.502964 -0.964936
v 0.260782 0.508148 -0.937761
v 0.268071 0.514714 -1.000137
v 0.286118 0.427510 -0.984293
v 0.135085 0.637612 -0.974052
v 0.157662 0.629536 -0.972696
v 0.077065 0.632615 -0.977324
v 0.110694 0.638100 -0.975479
v 0.180269 0.610111 -0.975051
v 0.133883 0.633222 -0.974193
v 0.155497 0.625450 -0.972773
v 0.111461 0.633564 -0.975388
v 0.178864 0.608634 -0.971516
v 0.092907 0.628702 -0.975901
v 0.072900 0.622795 -0.970335
v 0.110942 0.635957 -0.972783
v 0.179916 0.610185 -0.967883
v 0.156529 0.627664 -0.970093
v 0.134341 0.635532 -0.971480
v 0.091656 0.631319 -0.973122
v 0.077159 0.624885 -0.983599
v 0.134709 0.635532 -0.976756
v 0.156812 0.627580 -0.975369
v 0.111206 0.635845 -0.978075
v 0.092045 0.631213 -0.978927
v 0.075366 0.609665 -0.982484
v 0.072779 0.610292 -0.972260
v 0.082123 0.616611 -0.973255
v 0.082664 0.616590 -0.979996
v 0.244250 0.544233 -0.874138
v 0.247394 0.546582 -1.068088
v 0.279465 0.467002 -0.938337
v 0.272063 0.471585 -1.021365
v 0.230632 0.534034 -0.967378
v 0.107538 0.730046 -0.714178
v 0.290460 0.717053 -0.824544
v 0.047915 0.857657 -0.825672
v 0.240574 0.823419 -0.939362
v 0.047530 0.823857 -0.763771
v 0.278403 0.770755 -0.897411
v 0.101214 0.843121 -0.860502
v 0.181493 0.835983 -0.903437
v 0.224705 0.796159 -0.866983
v 0.102185 0.796509 -0.803613
v 0.159976 0.775862 -0.841004
v 0.190584 0.715977 -0.771697
v 0.161211 0.735894 -0.745476
v 0.230179 0.725509 -0.784779
v 0.223180 0.640683 -0.712240
v 0.288468 0.750374 -0.853763
v 0.080510 0.761881 -0.738113
v 0.163901 0.677616 -0.716233
v 0.257306 0.676994 -0.777910
v 0.219848 0.722424 -1.252815
v -0.013234 0.736259 -1.278600
v 0.216827 0.870154 -1.141597
v -0.023562 0.870496 -1.159800
v 0.251550 0.809061 -1.180728
v -0.043292 0.833835 -1.219445
v 0.147945 0.867020 -1.140809
v 0.049844 0.869501 -1.152735
v 0.028825 0.824241 -1.207442
v 0.173838 0.817765 -1.191631
v 0.099820 0.796255 -1.189541
v 0.104551 0.720466 -1.254687
v 0.145934 0.727693 -1.260702
v 0.054597 0.737818 -1.273748
v 0.094932 0.634981 -1.312663
v 0.094275 0.876099 -1.074920
v 0.097166 0.870366 -1.105688
v 0.086235 0.859332 -1.005855
v 0.090834 0.871263 -1.043514
v 0.094673 0.849299 -1.139278
v 0.093815 0.869983 -1.074356
v 0.096739 0.864381 -1.103817
v 0.090799 0.865436 -1.045500
v 0.099097 0.846824 -1.137598
v 0.088562 0.854977 -1.022744
v 0.093050 0.845497 -0.996716
v 0.094269 0.868294 -1.044155
v 0.103999 0.848936 -1.138384
v 0.100400 0.867417 -1.104499
v 0.097487 0.872972 -1.074281
v 0.092251 0.857929 -1.020393
v 0.076652 0.846909 -1.005722
v 0.090630 0.873436 -1.075049
v 0.093535 0.867718 -1.105182
v 0.087381 0.868589 -1.044819
v 0.084703 0.858276 -1.021251
v 0.076992 0.826121 -1.003905
v 0.089390 0.826312 -1.001113
v 0.090545 0.836681 -1.011395
v 0.081795 0.837158 -1.012499
v 0.229806 0.771795 -1.228394
v -0.032162 0.776126 -1.245748
v 0.150943 0.680023 -1.292394
v 0.034985 0.683112 -1.288474
v 0.100943 0.756179 -1.219375
v 0.024719 1.030296 -0.718973
v 0.241740 1.001429 -0.756152
v 0.009868 1.142425 -0.847876
v 0.234764 1.116020 -0.894190
v -0.014539 1.100872 -0.792797
v 0.265758 1.085646 -0.838252
v 0.073957 1.131816 -0.866427
v 0.165055 1.124680 -0.881842
v 0.195220 1.085566 -0.828354
v 0.066292 1.097609 -0.805354
v 0.124291 1.067491 -0.821302
v 0.125181 1.006775 -0.745169
v 0.090839 1.022900 -0.730861
v 0.178904 1.016307 -0.743932
v 0.134630 0.923204 -0.677531
v 0.103114 1.124533 -0.941875
v 0.108583 1.124003 -0.911995
v 0.089882 1.099742 -1.000432
v 0.097055 1.114968 -0.970574
v 0.118247 1.108985 -0.878075
v 0.102841 1.118662 -0.941403
v 0.107879 1.118109 -0.912708
v 0.097087 1.109765 -0.967687
v 0.113445 1.107052 -0.877998
v 0.091634 1.096179 -0.987061
v 0.080493 1.083284 -1.002130
v 0.093791 1.112729 -0.968544
v 0.109388 1.109831 -0.876405
v 0.104993 1.121510 -0.911693
v 0.099728 1.121927 -0.941070
v 0.087894 1.099160 -0.988808
v 0.097815 1.086951 -1.002242
v 0.106294 1.121585 -0.942239
v 0.111527 1.120991 -0.912911
v 0.100341 1.112170 -0.969782
v 0.095108 1.098526 -0.990045
v 0.094392 1.064905 -0.999170
v 0.082317 1.065561 -0.999479
v 0.084675 1.077489 -0.993454
v 0.093074 1.076719 -0.994792
v 0.020112 1.071766 -0.748872
v 0.255630 1.033043 -0.799359
v 0.086829 0.981825 -0.691048
v 0.191586 0.958734 -0.724184
v 0.124263 1.034736 -0.785531
v -0.086450 1.009468 -1.256289
v -0.208867 1.058042 -1.078579
v 0.046477 1.102702 -1.191100
v -0.078466 1.133905 -1.003505
v 0.012555 1.057912 -1.241934
v -0.144634 1.123175 -1.018351
v 0.014232 1.107534 -1.134856
v -0.039426 1.123877 -1.060220
v -0.105362 1.104835 -1.072357
v -0.028597 1.078531 -1.183338
v -0.068824 1.067893 -1.123769
v -0.142209 1.023010 -1.163842
v -0.124688 1.026075 -1.199807
v -0.173052 1.050006 -1.131260
v -0.223100 0.963557 -1.188035
v 0.041656 1.099918 -1.059379
v 0.018095 1.104683 -1.076673
v 0.080722 1.065981 -1.023989
v 0.061749 1.085671 -1.041994
v -0.015383 1.097720 -1.091933
v 0.039730 1.094470 -1.059126
v 0.017206 1.098958 -1.075823
v 0.058222 1.081256 -1.043277
v -0.012942 1.094538 -1.094918
v 0.070512 1.064621 -1.031419
v 0.088473 1.047619 -1.025230
v 0.061825 1.082873 -1.045280
v -0.010528 1.096077 -1.099122
v 0.019448 1.101383 -1.078932
v 0.042526 1.096611 -1.061888
v 0.074990 1.065940 -1.033088
v 0.074004 1.054139 -1.012800
v 0.038947 1.098071 -1.056645
v 0.015871 1.102644 -1.073648
v 0.058247 1.084195 -1.039975
v 0.070976 1.067505 -1.027343
v 0.074198 1.033891 -1.013752
v 0.079206 1.032472 -1.020950
v 0.073280 1.044445 -1.028809
v 0.068596 1.046407 -1.022217
v -0.045804 1.044090 -1.249523
v -0.179158 1.083040 -1.044508
v -0.163798 0.992690 -1.221822
v -0.213708 1.009290 -1.125785
v -0.104564 1.042924 -1.141760
v 0.402202 0.882626 -0.989716
v 0.334014 0.928637 -1.229493
v 0.281911 1.037141 -0.929853
v 0.201770 1.073732 -1.174115
v 0.339103 0.970419 -0.919248
v 0.256342 1.043192 -1.222829
v 0.253503 1.042870 -0.998014
v 0.225066 1.060997 -1.099120
v 0.274643 1.019989 -1.148143
v 0.318216 0.991325 -0.999361
v 0.287802 0.975482 -1.074645
v 0.358157 0.893299 -1.105114
v 0.380418 0.897936 -1.065541
v 0.356356 0.922115 -1.160076
v 0.412126 0.791013 -1.148702
v 0.165814 1.049709 -1.023699
v 0.197903 1.047799 -1.033827
v 0.100567 1.024946 -1.008027
v 0.133710 1.040211 -1.015489
v 0.231820 1.029845 -1.052636
v 0.165554 1.043020 -1.024863
v 0.196350 1.040972 -1.034413
v 0.136124 1.034218 -1.017200
v 0.232150 1.026215 -1.047948
v 0.113565 1.019972 -1.011976
v 0.097745 1.006595 -0.996979
v 0.135973 1.036690 -1.012806
v 0.234741 1.028111 -1.043121
v 0.198269 1.043953 -1.030608
v 0.166730 1.045805 -1.020752
v 0.112489 1.022410 -1.006984
v 0.094599 1.009484 -1.018838
v 0.164677 1.047286 -1.027754
v 0.196141 1.045267 -1.037613
v 0.133815 1.037933 -1.019823
v 0.110251 1.023770 -1.014720
v 0.096379 0.988806 -1.015960
v 0.100568 0.989013 -1.005122
v 0.104657 0.998566 -1.008207
v 0.102162 1.000189 -1.017210
v 0.379910 0.936788 -0.964249
v 0.291549 0.975373 -1.230203
v 0.414940 0.841782 -1.078943
v 0.364639 0.857943 -1.192137
v 0.320034 0.932242 -1.090352
v 0.243917 1.278395 -0.815202
v 0.351568 1.279098 -0.969821
v 0.132592 1.350941 -0.877223
v 0.241528 1.350171 -1.046490
v 0.160211 1.320157 -0.827264
v 0.298882 1.339121 -1.032750
v 0.160405 1.346992 -0.927392
v 0.207393 1.349663 -0.995208
v 0.264285 1.330693 -0.982654
v 0.196982 1.326600 -0.881737
v 0.230388 1.307327 -0.932690
v 0.291370 1.269307 -0.895801
v 0.277826 1.279442 -0.867163
v 0.319629 1.285564 -0.924200
v 0.355968 1.204890 -0.854842
v 0.134351 1.332858 -0.992301
v 0.155785 1.337760 -0.977963
v 0.096908 1.301587 -1.018169
v 0.115327 1.319627 -1.005431
v 0.185115 1.331720 -0.963959
v 0.135669 1.328015 -0.991830
v 0.156153 1.332659 -0.977969
v 0.118149 1.315776 -1.003676
v 0.182782 1.329502 -0.960899
v 0.105938 1.300734 -1.011525
v 0.091201 1.286987 -1.011562
v 0.115118 1.317689 -1.002150
v 0.180833 1.331522 -0.957406
v 0.154397 1.335279 -0.975543
v 0.133397 1.330393 -0.989666
v 0.102110 1.302465 -1.010245
v 0.101737 1.288161 -1.024505
v 0.136569 1.330745 -0.994479
v 0.157554 1.335485 -0.980365
v 0.118278 1.317839 -1.006991
v 0.105664 1.302627 -1.015505
v 0.103001 1.272365 -1.022639
v 0.096058 1.272579 -1.012701
v 0.101779 1.283343 -1.010689
v 0.105967 1.283528 -1.016759
v 0.211096 1.307308 -0.823672
v 0.326050 1.302180 -1.004014
v 0.308952 1.249556 -0.837794
v 0.351510 1.238436 -0.918790
v 0.259997 1.286162 -0.916449
v -0.072179 1.303213 -1.232866
v -0.165586 1.317737 -1.059274
v 0.041351 1.411904 -1.180932
v -0.059886 1.403576 -0.998396
v 0.008786 1.380565 -1.228085
v -0.115335 1.362489 -1.010666
v 0.014390 1.404984 -1.127474
v -0.029134 1.408072 -1.055323
v -0.084659 1.378368 -1.061540
v -0.018380 1.362701 -1.169190
v -0.048457 1.351712 -1.111154
v -0.112134 1.302855 -1.147660
v -0.099034 1.316684 -1.183525
v -0.135957 1.317137 -1.119488
v -0.174611 1.242676 -1.174521
v -0.146173 1.346447 -1.039225
v -0.036088 1.327953 -1.228781
v -0.121619 1.264986 -1.201276
v -0.166402 1.278128 -1.108991
v 0.318418 1.363230 -1.144002
v 0.177264 1.369541 -1.273623
v 0.232864 1.441735 -1.045287
v 0.085861 1.440098 -1.175935
v 0.286374 1.410385 -1.065471
v 0.108244 1.430236 -1.230419
v 0.188756 1.436992 -1.079858
v 0.130261 1.439513 -1.135323
v 0.151542 1.421566 -1.189453
v 0.239268 1.417292 -1.108922
v 0.195711 1.396566 -1.149570
v 0.245847 1.355127 -1.203402
v 0.273330 1.365737 -1.184743
v 0.218194 1.373278 -1.236299
v 0.286698 1.288936 -1.261304
v 0.122665 1.420545 -1.064917
v 0.139562 1.426345 -1.083303
v 0.092612 1.388226 -1.033458
v 0.107464 1.406631 -1.048895
v 0.157691 1.421292 -1.109718
v 0.123476 1.415760 -1.066270
v 0.139781 1.421221 -1.083823
v 0.109618 1.402894 -1.051453
v 0.160361 1.419007 -1.107074
v 0.100381 1.387620 -1.041208
v 0.097954 1.373442 -1.026958
v 0.110621 1.404739 -1.048251
v 0.163379 1.421079 -1.104612
v 0.141772 1.423854 -1.081681
v 0.125145 1.418106 -1.063678
v 0.101029 1.389247 -1.037280
v 0.087374 1.375962 -1.038473
v 0.120965 1.418462 -1.067449
v 0.137584 1.424061 -1.085443
v 0.106415 1.404914 -1.052022
v 0.096478 1.389469 -1.041489
v 0.089921 1.358934 -1.037751
v 0.096680 1.358441 -1.032152
v 0.100746 1.370345 -1.037494
v 0.095507 1.370648 -1.042430
v 0.302238 1.396275 -1.113489
v 0.140822 1.391979 -1.254223
v 0.302266 1.333334 -1.211700
v 0.225534 1.326813 -1.266827
v 0.219207 1.373743 -1.176010
v -0.095357 1.360835 -0.917404
v 0.023284 1.388450 -0.818898
v -0.051794 1.444265 -0.995407
v 0.073411 1.465567 -0.896639
v -0.085541 1.406951 -0.979345
v 0.061921 1.448922 -0.852376
v -0.013640 1.447832 -0.969947
v 0.035740 1.458448 -0.927509
v 0.026830 1.436081 -0.884367
v -0.046924 1.419473 -0.945817
v -0.005426 1.410976 -0.916713
v -0.032569 1.367745 -0.873389
v -0.057622 1.370184 -0.886478
v -0.012247 1.384385 -0.846894
v -0.048122 1.315076 -0.826562
v 0.040723 1.451367 -0.986839
v 0.027530 1.450542 -0.970550
v 0.070955 1.434729 -1.018510
v 0.054543 1.445318 -1.001905
v 0.016320 1.440561 -0.948778
v 0.041235 1.447398 -0.986184
v 0.028516 1.446538 -0.970631
v 0.053855 1.441751 -1.000067
v 0.014530 1.438441 -0.951013
v 0.063710 1.432750 -1.010191
v 0.069205 1.424047 -1.024082
v 0.052434 1.443191 -1.002448
v 0.011534 1.439517 -0.952669
v 0.026223 1.448269 -0.972010
v 0.039223 1.449028 -0.987970
v 0.062567 1.434146 -1.013209
v 0.077809 1.426224 -1.014160
v 0.042697 1.449951 -0.985076
v 0.029736 1.449075 -0.969138
v 0.055968 1.443991 -0.999575
v 0.066563 1.435050 -1.009811
v 0.078337 1.412071 -1.013986
v 0.071672 1.411356 -1.018964
v 0.066928 1.419486 -1.014678
v 0.071321 1.420577 -1.010902
v -0.091617 1.389819 -0.940746
v 0.046036 1.412772 -0.834824
v -0.072105 1.341023 -0.864742
v -0.006735 1.350631 -0.824304
v -0.017276 1.387784 -0.895843
v 0.211441 1.572685 -1.189372
v 0.076201 1.598352 -1.239875
v 0.186964 1.626521 -1.079518
v 0.045792 1.644215 -1.133190
v 0.214353 1.602076 -1.114201
v 0.043382 1.636509 -1.181890
v 0.144308 1.633110 -1.093348
v 0.086933 1.638463 -1.116867
v 0.085179 1.627997 -1.165179
v 0.171022 1.617879 -1.132562
v 0.127856 1.605778 -1.151268
v 0.145623 1.578034 -1.212319
v 0.171549 1.581831 -1.206360
v 0.117641 1.597564 -1.225777
v 0.146726 1.541555 -1.275143
v 0.099756 1.618321 -1.062586
v 0.108194 1.623783 -1.081399
v 0.082964 1.593942 -1.033450
v 0.091596 1.607158 -1.047518
v 0.113254 1.623318 -1.107174
v 0.099426 1.614731 -1.064373
v 0.107562 1.619810 -1.082334
v 0.091984 1.604399 -1.050488
v 0.115749 1.620965 -1.106242
v 0.086022 1.593058 -1.041838
v 0.086248 1.581048 -1.029364
v 0.093915 1.605317 -1.048214
v 0.119003 1.621991 -1.105137
v 0.110019 1.621424 -1.081102
v 0.101710 1.616062 -1.062696
v 0.088038 1.593919 -1.039100
v 0.075555 1.586056 -1.037137
v 0.097499 1.617184 -1.064187
v 0.105792 1.622442 -1.082600
v 0.089668 1.606332 -1.049709
v 0.083373 1.595094 -1.040698
v 0.074909 1.572148 -1.039649
v 0.082780 1.570178 -1.036872
v 0.084695 1.578911 -1.039598
v 0.079310 1.580335 -1.041493
v 0.212080 1.596107 -1.157419
v 0.057287 1.610123 -1.212041
v 0.179165 1.560630 -1.239148
v 0.108139 1.570400 -1.255451
v 0.136701 1.589352 -1.181058
v 0.054028 1.561155 -0.827460
v 0.194913 1.555252 -0.869565
v 0.036000 1.645137 -0.907515
v 0.174754 1.635463 -0.948734
v 0.025981 1.618388 -0.866429
v 0.197639 1.620839 -0.911878
v 0.073317 1.634379 -0.926663
v 0.129310 1.631230 -0.941639
v 0.152808 1.610860 -0.906929
v 0.072139 1.614748 -0.883883
v 0.109096 1.591041 -0.901644
v 0.120877 1.551279 -0.853196
v 0.098648 1.559850 -0.841098
v 0.154667 1.560940 -0.856600
v 0.138458 1.498054 -0.811221
v 0.080113 1.624034 -0.976576
v 0.089294 1.624737 -0.957585
v 0.066305 1.604828 -1.016402
v 0.071221 1.616760 -0.994075
v 0.100000 1.617769 -0.938019
v 0.080069 1.620245 -0.975908
v 0.089047 1.620956 -0.957920
v 0.071680 1.613468 -0.992150
v 0.097724 1.616431 -0.938064
v 0.067344 1.605463 -1.006142
v 0.064118 1.596276 -1.018828
v 0.069372 1.615260 -0.992492
v 0.095642 1.617935 -0.936743
v 0.087081 1.623105 -0.957072
v 0.078212 1.622459 -0.975206
v 0.064733 1.607824 -1.007135
v 0.074916 1.600062 -1.014278
v 0.081979 1.622027 -0.977302
v 0.091295 1.622926 -0.958369
v 0.073512 1.615076 -0.993777
v 0.069670 1.607680 -1.007707
v 0.074965 1.587061 -1.014138
v 0.067483 1.585049 -1.016459
v 0.066556 1.593572 -1.010680
v 0.072005 1.594372 -1.010170
v 0.050351 1.599168 -0.840716
v 0.198558 1.575582 -0.898126
v 0.102468 1.532229 -0.815485
v 0.168307 1.524787 -0.845373
v 0.115022 1.569546 -0.878945
v -0.021820 1.803089 -1.167514
v -0.091014 1.803813 -1.090095
v 0.036656 1.854319 -1.118380
v -0.032505 1.850321 -1.037392
v 0.024014 1.834426 -1.148268
v -0.064596 1.842280 -1.050751
v 0.018790 1.850753 -1.093910
v -0.010898 1.850916 -1.061813
v -0.042527 1.837890 -1.074557
v 0.000458 1.837310 -1.122698
v -0.020501 1.823906 -1.098531
v -0.053205 1.796752 -1.127869
v -0.043944 1.803261 -1.143206
v -0.071663 1.806445 -1.113045
v -0.087138 1.758460 -1.150882
v 0.034546 1.842124 -1.052602
v 0.019688 1.845078 -1.065711
v 0.003500 1.840709 -1.076304
v 0.047018 1.832771 -1.038821
v 0.033714 1.839164 -1.053217
v 0.019599 1.841994 -1.065747
v 0.005175 1.839410 -1.077943
v 0.044386 1.830085 -1.041608
v 0.054356 1.821998 -1.038324
v 0.006549 1.840694 -1.079868
v 0.020761 1.843621 -1.067047
v 0.035285 1.840593 -1.054241
v 0.046718 1.831201 -1.042095
v 0.043373 1.825479 -1.036287
v 0.032990 1.840708 -1.051594
v 0.018511 1.843660 -1.064425
v 0.043607 1.831031 -1.036782
v 0.045425 1.812972 -1.035616
v 0.051208 1.812715 -1.038231
v 0.046857 1.819252 -1.042067
v 0.043908 1.819322 -1.038781
v -0.004275 1.823890 -1.158117
v -0.078525 1.818236 -1.069138
v -0.060020 1.783651 -1.159662
v -0.088230 1.779170 -1.116975
v -0.036435 1.808934 -1.112267
v 0.008593 1.955179 -0.926078
v 0.046033 1.948952 -0.917914
v 0.023152 1.975601 -0.982844
v 0.061962 1.967298 -0.975939
v 0.006703 1.968746 -0.953961
v 0.062237 1.961903 -0.949732
v 0.032970 1.957573 -0.949703
v 0.026109 1.948614 -0.922810
v 0.014099 1.935226 -0.888514
v 0.039523 1.957266 -0.978612
v 0.040372 1.948753 -0.999554
v 0.037497 1.955848 -0.978463
v 0.039644 1.945730 -0.997531
v 0.037980 1.947520 -0.998920
v 0.036020 1.957660 -0.979231
v 0.042047 1.947064 -0.998219
v 0.044060 1.938779 -1.019853
v 0.040834 1.936782 -1.010850
v 0.036791 1.933425 -1.023718
v 0.039740 1.939127 -1.012341
v 0.046046 1.930241 -1.020837
v 0.043709 1.937701 -1.011191
v 0.043367 1.920854 -1.019816
v 0.035937 1.922822 -1.021049
v 0.036404 1.927056 -1.016164
v 0.041004 1.925445 -1.014768
v 0.059089 1.985816 -1.110916
v 0.030463 1.987195 -1.110088
v 0.062090 1.996778 -1.066674
v 0.032387 1.997079 -1.064794
v 0.067458 1.992269 -1.090691
v 0.026785 1.995598 -1.083711
v 0.046488 1.988588 -1.089411
v 0.045193 1.983934 -1.110332
v 0.045708 1.976352 -1.137805
v 0.048382 1.978905 -1.053003
v 0.047928 1.985442 -1.068155
v 0.048065 1.976856 -1.054759
v 0.049759 1.977782 -1.053976
v 0.049404 1.986440 -1.067787
v 0.046781 1.986688 -1.067597
v 0.046706 1.978045 -1.053740
v 0.047571 1.970090 -1.038604
v 0.048160 1.969404 -1.045625
v 0.052720 1.965318 -1.037445
v 0.049530 1.970803 -1.044612
v 0.044931 1.964749 -1.038430
v 0.046332 1.970380 -1.044784
v 0.046427 1.956684 -1.038790
v 0.051500 1.957564 -1.037768
v 0.050799 1.961929 -1.041529
v 0.047084 1.961444 -1.041771
v 0.058591 2.040833 -1.077628
v 0.039865 2.042899 -1.062887
v 0.081116 2.030697 -1.048695
v 0.061698 2.031305 -1.033261
v 0.074087 2.036926 -1.067229
v 0.050093 2.038246 -1.042400
v 0.059230 2.034748 -1.057714
v 0.048814 2.039955 -1.071253
v 0.036137 2.045626 -1.090506
v 0.072187 2.013184 -1.040138
v 0.067567 2.023898 -1.046793
v 0.070402 2.012329 -1.042031
v 0.072457 2.012654 -1.042072
v 0.069006 2.024393 -1.046931
v 0.067370 2.024592 -1.045470
v 0.070191 2.012891 -1.040048
v 0.075383 2.001139 -1.033800
v 0.071675 2.004286 -1.039700
v 0.077281 1.998353 -1.038287
v 0.074147 2.005037 -1.039103
v 0.071185 1.999032 -1.035259
v 0.070781 2.004870 -1.037251
v 0.069687 1.994204 -1.039037
v 0.075060 1.994863 -1.039395
v 0.073446 1.997810 -1.040469
v 0.070888 1.997830 -1.039653
v 0.151670 2.005546 -0.986130
v 0.136535 2.040838 -0.947182
v 0.148165 2.037878 -1.006947
v 0.133117 2.048623 -0.953769
v 0.153566 1.977309 -0.995007
v 0.145022 1.993683 -0.931071
v 0.149973 2.016101 -0.995219
v 0.140083 2.004932 -0.933996
v 0.155660 1.964648 -1.005989
v 0.145159 1.940693 -0.959981
v 0.154083 1.989806 -0.985653
v 0.149217 1.945279 -0.954321
v 0.141298 1.922015 -0.993348
v 0.155017 1.978972 -0.998239
v 0.138831 1.919464 -1.002940
v 0.151771 1.964317 -1.036237
v 0.145084 2.021662 -1.068490
v 0.133394 2.006108 -1.124880
v 0.149622 1.987024 -1.067899
v 0.135978 1.996698 -1.125059
v 0.149722 1.911541 -1.040009
v 0.155473 1.963404 -1.017705
v 0.154850 1.910710 -1.048430
v 0.153574 1.969533 -1.054320
v 0.139447 1.927551 -1.077945
v 0.151711 1.970744 -1.037459
v 0.137291 1.933573 -1.086195
v 0.151092 1.986362 -1.072849
v 0.139111 2.084529 -0.990105
v 0.144552 2.043980 -1.034871
v 0.134989 2.077804 -0.980418
v 0.146075 2.024090 -0.997441
v 0.131065 2.073166 -1.086540
v 0.145198 2.022651 -1.069855
v 0.129338 2.077777 -1.077694
v 0.145462 2.042214 -1.035854
v 0.135564 2.092811 -1.041727
v 0.144221 2.045956 -1.053902
v 0.136386 2.092830 -1.031946
v 0.145630 2.044854 -1.019578
v 0.143965 2.039246 -1.061931
v 0.138261 2.048356 -1.113447
v 0.147589 2.006346 -1.082773
v 0.137389 2.039117 -1.118943
v 0.140251 1.952188 -1.120857
v 0.153789 1.965699 -1.064922
v 0.139421 1.960668 -1.125347
v 0.150973 1.995766 -1.080943
v 0.148261 2.023989 -0.964692
v 0.144171 2.047438 -0.980762
v 0.152395 1.979820 -0.968643
v 0.148603 2.013586 -0.971624
v 0.152772 1.955487 -0.988126
v 0.155721 1.974210 -0.971131
v 0.150581 1.960619 -0.994418
v 0.149685 1.946298 -1.026819
v 0.141445 2.017262 -1.087012
v 0.147659 1.988498 -1.086821
v 0.153623 1.943732 -1.023825
v 0.159034 1.946459 -1.055802
v 0.153245 1.950932 -1.049179
v 0.146515 1.970603 -1.076609
v 0.141502 2.062994 -1.019700
v 0.147920 2.045337 -0.995068
v 0.143073 2.043833 -1.080843
v 0.137304 2.058233 -1.052946
v 0.141359 2.062984 -1.050104
v 0.143791 2.062523 -1.020975
v 0.144447 2.045128 -1.078912
v 0.143295 2.016950 -1.096958
v 0.150510 1.959129 -1.083685
v 0.147893 1.985652 -1.097719
v 0.145211 2.053140 -1.008000
v 0.175612 2.113452 -1.009728
v 0.144230 2.056267 -1.043633
v 0.175260 2.114034 -1.024112
v 0.162479 2.080876 -1.006056
v 0.161677 2.083031 -1.037344
v 0.148463 2.068743 -1.040868
v 0.149334 2.066027 -1.006465
v 0.148109 2.040743 -0.995954
v 0.169808 2.100682 -0.981034
v 0.144564 2.056750 -1.030468
v 0.167910 2.106541 -0.995450
v 0.151473 2.064745 -0.986739
v 0.149087 2.077546 -1.016564
v 0.144480 2.057643 -1.020055
v 0.166051 2.111534 -1.035279
v 0.144051 2.051945 -1.055460
v 0.165369 2.109889 -1.051039
v 0.149040 2.078636 -1.023386
v 0.149513 2.075901 -1.054349
v 0.145013 2.058635 -1.032544
v 0.166840 2.113912 -1.062029
v 0.144772 2.047698 -1.066524
v 0.167111 2.109065 -1.075460
v 0.158110 2.086232 -1.043660
v 0.158888 2.076008 -1.073124
v 0.148561 2.060225 -1.069313
v 0.149031 2.070739 -1.036751
v 0.143303 2.048598 -1.061108
v 0.165782 2.083892 -1.116146
v 0.144767 2.023396 -1.084549
v 0.166165 2.074206 -1.125424
v 0.157434 2.066927 -1.084409
v 0.158539 2.045265 -1.104823
v 0.148380 2.033035 -1.093727
v 0.146976 2.057247 -1.071136
v 0.146125 2.055874 -1.045835
v 0.165067 2.095471 -1.086153
v 0.144752 2.038362 -1.079594
v 0.163520 2.088378 -1.099702
v 0.148651 2.076176 -1.060973
v 0.147571 2.061002 -1.089282
v 0.143348 2.041914 -1.071987
v 0.163505 2.063184 -1.128156
v 0.145714 2.011888 -1.087826
v 0.163896 2.051196 -1.136363
v 0.147369 2.051747 -1.091966
v 0.150071 2.027419 -1.107968
v 0.144730 2.033102 -1.080110
v 0.167647 2.051725 -1.147811
v 0.147483 2.001076 -1.090653
v 0.168560 2.039544 -1.151938
v 0.161196 2.041648 -1.108831
v 0.163401 2.014301 -1.117948
v 0.151144 2.006697 -1.103139
v 0.148587 2.037283 -1.093036
v 0.152004 2.000412 -1.095472
v 0.177104 1.980027 -1.145175
v 0.153310 1.968846 -1.084829
v 0.179036 1.967275 -1.141008
v 0.162757 1.996534 -1.116968
v 0.166823 1.968553 -1.107828
v 0.148869 2.015685 -1.081446
v 0.170087 2.008899 -1.145805
v 0.151156 1.979326 -1.083584
v 0.170211 1.994445 -1.146523
v 0.157908 2.013914 -1.108314
v 0.154192 1.984333 -1.109364
v 0.149478 1.988079 -1.088340
v 0.176313 1.957319 -1.137450
v 0.154311 1.959210 -1.069507
v 0.176370 1.943781 -1.130578
v 0.156358 1.978884 -1.108625
v 0.157883 1.952401 -1.094755
v 0.150254 1.978218 -1.084349
v 0.179917 1.935979 -1.131864
v 0.154733 1.952599 -1.060855
v 0.181908 1.925731 -1.122455
v 0.167746 1.961231 -1.107556
v 0.171898 1.938885 -1.087015
v 0.159706 1.945928 -1.072333
v 0.155318 1.970571 -1.094959
v 0.156471 1.956702 -1.062991
v 0.187078 1.896526 -1.078781
v 0.156881 1.945521 -1.029051
v 0.187379 1.891978 -1.065139
v 0.174208 1.930452 -1.072293
v 0.174688 1.920596 -1.042567
v 0.162319 1.934030 -1.034966
v 0.161784 1.944874 -1.067640
v 0.152068 1.971570 -1.072867
v 0.179551 1.920437 -1.104150
v 0.155021 1.948492 -1.042737
v 0.181701 1.911314 -1.091664
v 0.156361 1.950180 -1.087182
v 0.162555 1.931655 -1.061295
v 0.156531 1.949558 -1.052296
v 0.184461 1.893307 -1.051601
v 0.156561 1.947126 -1.016513
v 0.179122 1.889796 -1.037269
v 0.165480 1.928982 -1.055101
v 0.163035 1.923645 -1.024564
v 0.157584 1.945783 -1.040398
v 0.195873 1.889900 -1.032486
v 0.157130 1.948965 -1.004732
v 0.196622 1.891321 -1.018160
v 0.175416 1.920246 -1.039314
v 0.177116 1.923377 -1.008123
v 0.162727 1.937489 -1.006241
v 0.160865 1.933984 -1.040529
v 0.153797 1.951595 -1.006741
v 0.192454 1.910989 -0.963740
v 0.153682 1.974561 -0.979869
v 0.193823 1.920409 -0.953232
v 0.172458 1.931793 -0.987732
v 0.175493 1.952494 -0.964871
v 0.154476 1.951804 -1.024622
v 0.185953 1.902197 -0.992201
v 0.153977 1.964928 -0.988554
v 0.184797 1.907423 -0.977369
v 0.162020 1.929350 -1.013337
v 0.161628 1.940874 -0.982757
v 0.155123 1.956871 -0.995628
v 0.183822 1.930505 -0.945676
v 0.154034 1.985859 -0.975715
v 0.182938 1.942240 -0.935548
v 0.161838 1.945149 -0.978051
v 0.162188 1.968747 -0.958667
v 0.155488 1.965672 -0.986392
v 0.188665 1.947311 -0.925026
v 0.153877 1.997396 -0.971653
v 0.185478 1.959498 -0.918845
v 0.177345 1.955289 -0.960525
v 0.170437 1.981892 -0.947069
v 0.159686 1.990897 -0.960330
v 0.161358 1.960341 -0.974591
v 0.152418 1.992265 -0.973990
v 0.181334 2.006917 -0.910072
v 0.150386 2.026845 -0.978215
v 0.180488 2.020910 -0.911757
v 0.169764 1.996789 -0.945098
v 0.167991 2.027114 -0.948809
v 0.155716 2.027052 -0.964891
v 0.157669 1.993674 -0.960815
v 0.154184 1.978498 -0.984967
v 0.181030 1.977325 -0.922132
v 0.150627 2.014754 -0.975666
v 0.178720 1.992159 -0.918321
v 0.160099 1.974949 -0.959067
v 0.157270 2.006039 -0.951577
v 0.150804 2.004447 -0.971879
v 0.175569 2.030920 -0.918931
v 0.148702 2.036726 -0.985266
v 0.174526 2.045782 -0.923481
v 0.156806 2.012222 -0.951065
v 0.156236 2.041224 -0.960217
v 0.151063 2.016872 -0.973303
v 0.173642 2.055821 -0.919994
v 0.148903 2.046404 -0.992000
v 0.174356 2.067571 -0.927911
v 0.165235 2.032867 -0.948246
v 0.166400 2.058393 -0.965198
v 0.153870 2.052057 -0.979867
v 0.155819 2.023585 -0.961764
v 0.148773 2.028183 -0.978009
v 0.172288 2.073990 -0.940997
v 0.146982 2.051829 -1.004128
v 0.171400 2.085325 -0.951607
v 0.154216 2.043780 -0.962368
v 0.153836 2.066061 -0.983174
v 0.149027 2.038462 -0.984749
v 0.173855 2.094546 -0.954002
v 0.147103 2.057511 -1.014448
v 0.173409 2.101802 -0.966249
v 0.164676 2.063174 -0.968855
v 0.163362 2.079406 -0.995192
v 0.151793 2.067414 -1.005835
v 0.153486 2.049246 -0.977080
v -0.233151 0.797790 -0.898482
v -0.085539 0.776919 -0.713187
v -0.089302 0.865079 -1.010956
v 0.058013 0.829780 -0.810252
v -0.164558 0.854796 -0.994161
v 0.005202 0.800436 -0.750050
v -0.046682 0.849283 -0.954517
v 0.012424 0.843381 -0.872257
v -0.029157 0.826759 -0.810542
v -0.120559 0.825123 -0.933412
v -0.076508 0.802459 -0.870821
v -0.161312 0.777255 -0.813101
v -0.187769 0.801773 -0.846556
v -0.136239 0.789891 -0.774916
v -0.241101 0.734623 -0.751687
v 0.027576 0.824582 -0.950847
v 0.006589 0.829779 -0.934334
v 0.049317 0.806072 -0.968912
v 0.063274 0.791487 -0.984649
v 0.025628 0.819547 -0.949940
v 0.005856 0.824295 -0.934381
v 0.045931 0.802209 -0.966867
v -0.021967 0.822419 -0.914392
v 0.052008 0.789341 -0.973452
v 0.045825 0.804492 -0.970391
v -0.024472 0.825167 -0.917448
v 0.004402 0.827495 -0.936812
v 0.024821 0.822476 -0.952888
v 0.051896 0.791526 -0.978246
v 0.028478 0.821934 -0.947938
v 0.008056 0.826953 -0.931870
v -0.019518 0.824341 -0.910751
v 0.049496 0.803903 -0.965446
v 0.056440 0.791956 -0.972164
v -0.044395 0.799230 -0.728144
v -0.204007 0.812580 -0.938882
v -0.236601 0.758128 -0.824942
v -0.154448 0.748270 -0.732164
v -0.156615 1.160067 -1.021149
v -0.080312 1.164251 -0.846349
v -0.077184 1.282357 -1.056154
v 0.008461 1.267155 -0.881437
v -0.117707 1.231340 -1.068979
v -0.024606 1.237678 -0.845648
v -0.048407 1.274546 -1.008967
v -0.016687 1.269466 -0.935777
v -0.045731 1.232575 -0.901520
v -0.093508 1.236856 -1.009187
v -0.062196 1.215470 -0.959500
v -0.113338 1.151415 -0.938429
v -0.133724 1.158537 -0.964978
v -0.105694 1.163715 -0.895182
v -0.154204 1.081309 -0.910378
v 0.019337 1.281289 -0.998011
v -0.003229 1.275006 -0.987929
v 0.075378 1.269511 -1.023502
v 0.042864 1.279253 -1.008784
v -0.025239 1.256859 -0.973830
v 0.020086 1.276487 -0.998391
v -0.001587 1.270428 -0.988854
v 0.041650 1.274503 -1.008399
v -0.025830 1.255232 -0.977772
v 0.058737 1.267347 -1.016787
v 0.078446 1.257805 -1.032364
v 0.041083 1.277015 -1.011150
v -0.028433 1.256985 -0.980744
v -0.003650 1.272919 -0.990899
v 0.018548 1.279014 -1.000755
v 0.058797 1.270022 -1.020141
v 0.078194 1.261975 -1.016927
v 0.020818 1.279017 -0.995619
v -0.001313 1.272810 -0.985804
v 0.043445 1.276889 -1.006048
v 0.061291 1.269907 -1.014486
v 0.077867 1.244310 -1.018284
v 0.077643 1.242128 -1.028887
v 0.066301 1.253256 -1.023972
v 0.069113 1.253220 -1.017370
v -0.142498 1.199990 -1.035934
v -0.048033 1.194726 -0.845245
v -0.159528 1.122547 -0.957384
v -0.109577 1.122472 -0.877480
v -0.084838 1.181192 -0.949560
v -0.101401 1.590561 -1.030538
v -0.060383 1.618113 -0.907365
v -0.038589 1.665681 -1.065253
v 0.007815 1.685496 -0.942540
v -0.071832 1.635972 -1.067631
v -0.020870 1.673760 -0.915305
v -0.021708 1.668500 -1.030275
v -0.005185 1.677042 -0.981198
v -0.031675 1.660338 -0.953323
v -0.057672 1.646436 -1.026703
v -0.040589 1.636598 -0.989782
v -0.075887 1.598071 -0.971057
v -0.088188 1.599661 -0.991638
v -0.073414 1.613431 -0.943222
v -0.106272 1.550101 -0.943714
v 0.025126 1.667465 -1.020788
v 0.008300 1.667627 -1.015138
v 0.060088 1.652669 -1.028964
v 0.041660 1.661575 -1.024934
v -0.009840 1.660334 -1.004212
v 0.025089 1.664145 -1.019886
v 0.008934 1.664231 -1.014543
v 0.040240 1.658659 -1.023756
v -0.010159 1.658388 -1.006509
v 0.051647 1.650547 -1.026056
v 0.061991 1.640194 -1.033144
v 0.040344 1.659734 -1.026170
v -0.011518 1.659192 -1.009105
v 0.007969 1.665605 -1.016655
v 0.024506 1.665409 -1.022156
v 0.052230 1.651561 -1.028790
v 0.061190 1.645768 -1.022055
v 0.025697 1.666381 -1.018563
v 0.009194 1.666480 -1.013054
v 0.041585 1.660593 -1.022560
v 0.053525 1.652511 -1.024808
v 0.061414 1.633717 -1.021388
v 0.060484 1.632003 -1.027945
v 0.055687 1.639117 -1.027174
v 0.057139 1.640244 -1.022541
v -0.093663 1.622812 -1.041981
v -0.040925 1.642835 -0.908149
v -0.107504 1.573536 -0.982015
v -0.078590 1.583317 -0.924003
v -0.058982 1.617478 -0.979188
v 0.061826 1.806105 -0.878114
v 0.159502 1.813810 -0.918790
v 0.027259 1.840972 -0.946987
v 0.126995 1.842478 -0.989840
v 0.026037 1.826303 -0.914390
v 0.149612 1.840245 -0.965621
v 0.055094 1.838888 -0.960766
v 0.096466 1.841296 -0.977118
v 0.119869 1.834676 -0.953197
v 0.059185 1.830653 -0.928003
v 0.090937 1.820916 -0.939457
v 0.110348 1.803500 -0.900114
v 0.093761 1.808343 -0.891181
v 0.132020 1.813904 -0.907065
v 0.134639 1.777346 -0.863631
v 0.063491 1.828213 -0.996628
v 0.068535 1.832453 -0.984132
v 0.055973 1.808853 -1.017643
v 0.059466 1.819776 -1.007413
v 0.077572 1.831408 -0.968769
v 0.056772 1.811529 -1.014857
v 0.064099 1.825767 -0.995735
v 0.068875 1.829797 -0.983718
v 0.060352 1.817971 -1.005594
v 0.075691 1.830160 -0.967968
v 0.058029 1.809104 -1.011943
v 0.051923 1.799689 -1.017149
v 0.058464 1.818807 -1.005911
v 0.073697 1.831180 -0.967111
v 0.067272 1.831121 -0.983318
v 0.062355 1.826918 -0.995590
v 0.055852 1.809776 -1.012601
v 0.060877 1.802999 -1.017901
v 0.065206 1.827196 -0.996811
v 0.070125 1.831313 -0.984539
v 0.061324 1.819002 -1.007141
v 0.059010 1.810028 -1.013903
v 0.062071 1.793573 -1.017123
v 0.056014 1.791669 -1.015723
v 0.056822 1.799650 -1.011886
v 0.060497 1.799994 -1.013369
v 0.047879 1.821260 -0.894692
v 0.156123 1.823179 -0.942403
v 0.103034 1.794620 -0.869122
v 0.148627 1.793729 -0.894468
v 0.100794 1.810895 -0.920600
v 0.173277 1.940498 -1.045799
v 0.171301 1.940112 -1.014792
v 0.187230 1.909281 -1.049612
v 0.190100 1.909739 -1.018192
v 0.195992 1.860469 -1.039034
v 0.200199 1.862291 -1.027139
v 0.197220 1.892062 -1.021331
v 0.192793 1.890974 -1.046792
v 0.174921 1.939379 -1.053471
v 0.173336 1.938560 -1.030908
v 0.191069 1.909888 -1.058249
v 0.192283 1.905137 -1.036288
v 0.200318 1.865273 -1.054477
v 0.204360 1.865043 -1.045929
v 0.198174 1.888954 -1.039947
v 0.196853 1.892623 -1.057678
v 0.171243 1.948715 -1.065509
v 0.173067 1.938283 -1.037401
v 0.183493 1.920769 -1.082213
v 0.190210 1.910425 -1.053635
v 0.192624 1.875672 -1.092414
v 0.197423 1.873016 -1.081386
v 0.194366 1.895414 -1.064436
v 0.188582 1.903653 -1.087229
v 0.168408 1.952793 -1.070919
v 0.171063 1.943012 -1.052130
v 0.188538 1.928361 -1.088972
v 0.188750 1.916308 -1.072605
v 0.196621 1.890699 -1.106906
v 0.194265 1.886081 -1.097333
v 0.193084 1.902238 -1.082786
v 0.194807 1.913825 -1.098643
v 0.169645 1.959767 -1.082329
v 0.169201 1.945800 -1.060672
v 0.182773 1.931764 -1.104395
v 0.188152 1.925884 -1.083000
v 0.186746 1.878680 -1.112758
v 0.191506 1.877610 -1.102696
v 0.191715 1.909765 -1.093310
v 0.187396 1.914228 -1.109682
v 0.166830 1.967078 -1.087003
v 0.166912 1.953182 -1.072031
v 0.182758 1.950782 -1.110224
v 0.190059 1.937271 -1.095340
v 0.199180 1.921200 -1.135299
v 0.204028 1.916895 -1.129466
v 0.195853 1.928325 -1.109038
v 0.189784 1.939044 -1.120892
v 0.167788 1.979077 -1.089480
v 0.164871 1.951122 -1.080013
v 0.179342 1.972459 -1.122566
v 0.183821 1.944214 -1.111635
v 0.182988 1.948175 -1.168130
v 0.187239 1.937895 -1.163026
v 0.186918 1.941734 -1.131463
v 0.182998 1.964249 -1.140184
v 0.163895 1.986060 -1.095856
v 0.165331 1.969018 -1.083474
v 0.182157 1.976419 -1.126546
v 0.185851 1.956704 -1.116013
v 0.194177 1.942813 -1.160541
v 0.195015 1.934368 -1.157564
v 0.188895 1.947594 -1.134381
v 0.188221 1.964270 -1.141327
v 0.163998 1.996239 -1.098368
v 0.165082 1.968297 -1.089016
v 0.173320 1.990910 -1.132220
v 0.181977 1.963276 -1.122001
v 0.170641 1.970220 -1.177811
v 0.176305 1.960494 -1.173103
v 0.182025 1.961468 -1.141561
v 0.174854 1.983427 -1.149715
v 0.162299 2.006517 -1.098916
v 0.162215 1.980893 -1.093918
v 0.176063 2.006046 -1.129091
v 0.182987 1.980497 -1.124303
v 0.188692 1.993690 -1.168306
v 0.193536 1.984479 -1.166071
v 0.187355 1.981348 -1.141492
v 0.181551 2.001627 -1.145267
v 0.161575 2.017470 -1.096054
v 0.162144 1.988620 -1.096927
v 0.169743 2.022295 -1.130410
v 0.177776 1.993601 -1.130666
v 0.170140 2.013700 -1.182367
v 0.175618 2.003320 -1.181536
v 0.178709 1.997503 -1.150452
v 0.172037 2.020244 -1.150243
v 0.158963 2.026143 -1.098488
v 0.160018 2.003382 -1.091685
v 0.175227 2.022753 -1.131411
v 0.180807 1.999797 -1.126623
v 0.187362 2.005035 -1.175662
v 0.193029 1.997425 -1.172633
v 0.187685 1.998841 -1.144466
v 0.182106 2.017005 -1.148867
v 0.158258 2.033491 -1.092690
v 0.159025 2.010144 -1.094836
v 0.173000 2.040539 -1.119530
v 0.172472 2.021292 -1.123572
v 0.167933 2.039101 -1.168369
v 0.165946 2.032001 -1.171187
v 0.170521 2.025162 -1.145503
v 0.171823 2.041458 -1.141269
v 0.154913 2.040184 -1.084945
v 0.158026 2.023582 -1.092642
v 0.172281 2.052864 -1.113551
v 0.174558 2.038991 -1.120454
v 0.177795 2.061608 -1.156470
v 0.181973 2.055278 -1.158033
v 0.178703 2.047225 -1.132758
v 0.175566 2.057728 -1.127952
v 0.159209 2.057505 -1.077209
v 0.158290 2.034772 -1.090742
v 0.170027 2.077189 -1.106639
v 0.177775 2.054495 -1.119679
v 0.172691 2.092441 -1.155187
v 0.177586 2.084732 -1.160233
v 0.178783 2.067389 -1.136729
v 0.173394 2.084260 -1.125147
v 0.156302 2.060951 -1.063228
v 0.155633 2.043136 -1.079661
v 0.171113 2.079893 -1.085675
v 0.166412 2.064536 -1.096871
v 0.176066 2.104488 -1.115501
v 0.172800 2.099012 -1.122235
v 0.172780 2.078668 -1.108228
v 0.176765 2.091723 -1.095901
v 0.158674 2.065751 -1.052797
v 0.156306 2.054629 -1.075004
v 0.171916 2.094269 -1.066060
v 0.177087 2.083381 -1.089163
v 0.178304 2.126720 -1.097133
v 0.182626 2.122210 -1.105457
v 0.180888 2.099211 -1.095501
v 0.176691 2.107713 -1.077223
v 0.158383 2.065372 -1.037378
v 0.156022 2.056603 -1.061402
v 0.164978 2.093417 -1.046391
v 0.169423 2.083735 -1.071039
v 0.167463 2.126491 -1.070683
v 0.171344 2.122027 -1.079518
v 0.169961 2.099671 -1.075173
v 0.166350 2.107378 -1.055654
v 0.159838 2.069424 -1.026478
v 0.156680 2.064975 -1.046525
v 0.173933 2.101019 -1.032141
v 0.178603 2.096694 -1.052982
v 0.181296 2.141463 -1.051555
v 0.185484 2.139169 -1.059142
v 0.183115 2.113644 -1.055436
v 0.179181 2.117225 -1.038855
v 0.161157 2.069365 -1.019782
v 0.153118 2.066028 -1.041304
v 0.175752 2.098417 -1.020314
v 0.171218 2.097464 -1.037588
v 0.174773 2.134976 -1.030935
v 0.172911 2.134923 -1.040449
v 0.177706 2.110477 -1.038782
v 0.178911 2.111743 -1.022624
v 0.160273 2.061592 -1.006438
v 0.154971 2.063678 -1.031533
v 0.174012 2.092989 -1.000246
v 0.176320 2.095292 -1.026206
v 0.179212 2.137651 -1.005057
v 0.183256 2.137560 -1.014895
v 0.180839 2.111972 -1.021836
v 0.177233 2.110478 -1.001046
v 0.157175 2.057160 -0.998739
v 0.155797 2.062519 -1.018861
v 0.166168 2.085487 -0.981526
v 0.167215 2.095651 -1.007819
v 0.169187 2.136502 -0.976145
v 0.170874 2.137590 -0.987908
v 0.175074 2.110918 -1.000388
v 0.169768 2.105826 -0.977596
v 0.164530 2.055961 -0.988482
v 0.156039 2.060252 -1.006728
v 0.175547 2.082354 -0.978365
v 0.173181 2.088978 -0.998433
v 0.178477 2.122777 -0.966643
v 0.179784 2.124689 -0.974827
v 0.176603 2.103448 -0.989958
v 0.178183 2.098201 -0.973868
v 0.161522 2.044425 -0.981266
v 0.159492 2.055624 -1.003134
v 0.169803 2.073888 -0.960642
v 0.172959 2.080831 -0.982053
v 0.169640 2.123707 -0.943387
v 0.173837 2.127301 -0.953044
v 0.176701 2.097603 -0.970357
v 0.173867 2.090018 -0.954976
v 0.163149 2.038661 -0.976718
v 0.159936 2.048134 -0.986009
v 0.175679 2.058593 -0.948972
v 0.177937 2.071099 -0.960954
v 0.174817 2.087199 -0.915787
v 0.178522 2.092930 -0.922745
v 0.180863 2.080981 -0.946330
v 0.178556 2.068782 -0.936011
v 0.162730 2.027706 -0.969785
v 0.159983 2.045168 -0.983131
v 0.172228 2.044824 -0.940045
v 0.174944 2.063126 -0.954633
v 0.169398 2.084192 -0.897310
v 0.173432 2.092897 -0.905558
v 0.176748 2.074131 -0.938400
v 0.173710 2.056517 -0.924215
v 0.164747 2.019986 -0.965095
v 0.162533 2.039252 -0.978873
v 0.180150 2.038787 -0.935050
v 0.174715 2.052071 -0.948147
v 0.171976 2.058313 -0.897427
v 0.167982 2.066362 -0.900080
v 0.174439 2.060318 -0.927398
v 0.181152 2.048064 -0.920869
v 0.166409 2.006549 -0.964178
v 0.162252 2.029437 -0.974239
v 0.177080 2.014949 -0.930913
v 0.177500 2.042179 -0.941960
v 0.177240 2.042124 -0.883738
v 0.179916 2.053119 -0.889279
v 0.180155 2.046907 -0.922664
v 0.179373 2.023453 -0.913086
v 0.166987 2.000671 -0.963567
v 0.164810 2.016778 -0.967263
v 0.183564 2.000626 -0.929554
v 0.186580 2.024822 -0.934768
v 0.168442 2.014141 -0.884428
v 0.172554 2.025234 -0.888368
v 0.186934 2.025398 -0.915525
v 0.184124 2.004587 -0.911097
v 0.167331 1.983049 -0.966989
v 0.165621 2.013971 -0.966320
v 0.178107 1.981368 -0.931990
v 0.182827 2.007371 -0.932163
v 0.179225 1.988030 -0.878600
v 0.183968 2.000088 -0.879747
v 0.185002 2.004102 -0.911838
v 0.180938 1.983270 -0.911677
v 0.168691 1.979413 -0.969297
v 0.166007 1.997127 -0.967037
v 0.185059 1.972020 -0.939259
v 0.187086 1.990742 -0.934148
v 0.193265 1.969285 -0.893560
v 0.196099 1.978439 -0.892060
v 0.191737 1.987421 -0.916663
v 0.190435 1.969046 -0.921978
v 0.173133 1.970218 -0.974983
v 0.162418 1.990974 -0.964236
v 0.186068 1.956223 -0.940007
v 0.185103 1.977452 -0.935848
v 0.182068 1.951216 -0.883989
v 0.182960 1.961977 -0.883021
v 0.186637 1.969729 -0.916847
v 0.188833 1.953310 -0.920615
v 0.172571 1.960664 -0.978738
v 0.169894 1.979992 -0.966010
v 0.193183 1.939197 -0.950704
v 0.187799 1.959399 -0.937637
v 0.192516 1.918849 -0.907654
v 0.188766 1.926590 -0.902419
v 0.188399 1.944995 -0.923967
v 0.193939 1.929008 -0.934456
v 0.172808 1.950006 -0.990534
v 0.170097 1.962264 -0.980426
v 0.191737 1.925719 -0.968562
v 0.194616 1.944326 -0.953505
v 0.189809 1.902068 -0.930401
v 0.193284 1.910217 -0.924860
v 0.197173 1.930207 -0.941373
v 0.194415 1.914211 -0.954318
v 0.174428 1.942084 -1.003810
v 0.172687 1.958114 -0.981313
v 0.188309 1.912637 -0.988806
v 0.190479 1.928322 -0.965068
v 0.194804 1.876121 -0.953021
v 0.197787 1.883097 -0.944694
v 0.194942 1.910999 -0.957121
v 0.193012 1.898464 -0.976075
v 0.174222 1.941420 -1.013785
v 0.171088 1.948891 -0.996357
v 0.193504 1.912813 -1.003193
v 0.194461 1.919058 -0.984364
v 0.210377 1.875119 -0.979253
v 0.214069 1.879740 -0.970569
v 0.202100 1.903031 -0.977395
v 0.203073 1.897917 -0.996516
v 0.174817 1.937154 -1.028280
v 0.170015 1.948428 -0.999767
v 0.189573 1.908601 -1.018761
v 0.192356 1.920053 -0.988916
v 0.196564 1.864358 -0.995246
v 0.198348 1.868890 -0.983625
v 0.194404 1.899079 -0.986190
v 0.195170 1.892215 -1.010911
v 0.173451 1.938600 -1.036460
v 0.171520 1.940864 -1.015576
v 0.189726 1.912032 -1.031604
v 0.188010 1.915443 -1.012016
v 0.204791 1.874000 -1.021217
v 0.199651 1.873689 -1.013654
v 0.195464 1.896116 -1.011004
v 0.200813 1.893498 -1.027304
v 0.061302 0.768737 -0.989718
v 0.069439 0.776586 -0.974371
v 0.066964 0.755478 -0.972750
v 0.059919 0.755572 -0.982653
v 0.054235 0.768562 -0.978882
v 0.059439 0.769106 -0.971766
v 0.111559 0.826035 -0.935688
v 0.123491 0.828915 -0.913294
v 0.086267 0.798038 -0.976494
v 0.099646 0.814835 -0.955852
v 0.140204 0.819730 -0.887194
v 0.111576 0.821143 -0.934580
v 0.122894 0.823833 -0.913041
v 0.100512 0.810798 -0.953034
v 0.136418 0.818141 -0.885706
v 0.091498 0.797397 -0.965655
v 0.076901 0.786299 -0.972874
v 0.097593 0.813251 -0.953185
v 0.133506 0.820762 -0.883715
v 0.120751 0.826898 -0.911877
v 0.109082 0.824002 -0.933883
v 0.087999 0.799749 -0.966397
v 0.089814 0.785176 -0.981154
v 0.114060 0.823442 -0.936428
v 0.125695 0.826191 -0.914436
v 0.102544 0.812518 -0.955762
v 0.093482 0.798979 -0.969141
v 0.087499 0.769101 -0.977607
v 0.078704 0.770431 -0.971948
v 0.084671 0.781214 -0.967081
v 0.091077 0.780382 -0.970208
v 0.034289 1.406304 -1.064464
v 0.015411 1.404091 -1.076661
v 0.073027 1.393136 -1.034761
v 0.052306 1.401518 -1.051471
v -0.006115 1.389658 -1.088125
v 0.034085 1.400468 -1.064117
v 0.016392 1.398843 -1.075650
v 0.050429 1.396025 -1.052442
v -0.003135 1.386717 -1.089965
v 0.062637 1.387720 -1.043558
v 0.081607 1.383038 -1.038752
v 0.053197 1.398725 -1.054559
v -0.002307 1.389345 -1.093631
v 0.017495 1.401505 -1.078547
v 0.036016 1.403382 -1.066857
v 0.066924 1.390742 -1.045551
v 0.071251 1.377448 -1.029523
v 0.032394 1.403821 -1.061762
v 0.014215 1.401804 -1.073854
v 0.049594 1.399020 -1.049359
v 0.062276 1.391095 -1.039063
v 0.071793 1.367027 -1.031186
v 0.076385 1.366077 -1.037381
v 0.070086 1.374470 -1.041791
v 0.065616 1.374932 -1.035618
v 0.173990 1.977234 -1.062060
v 0.167405 2.032822 -1.060562
v 0.176327 1.975943 -0.996521
v 0.170013 2.035200 -1.004459
v 0.174707 1.991338 -0.988941
v 0.172941 2.007340 -0.987397
v 0.171157 2.023193 -0.993154
v 0.168982 2.041271 -1.019284
v 0.169643 2.042441 -1.034555
v 0.167483 2.039117 -1.048203
v 0.176023 1.966577 -1.049091
v 0.180069 1.963771 -1.030916
v 0.180522 1.966077 -1.012011
v 0.168843 2.022022 -1.071198
v 0.171120 2.006340 -1.075206
v 0.172531 1.990194 -1.071476
v 0.182463 1.972184 -1.015110
v 0.182163 1.970544 -1.031577
v 0.179458 1.972881 -1.046644
v 0.177768 1.982688 -1.057123
v 0.179835 1.980811 -1.001170
v 0.175924 1.993840 -1.065313
v 0.175160 2.007469 -1.068288
v 0.173825 2.019989 -1.064644
v 0.172622 2.028119 -1.054546
v 0.175541 2.020849 -0.999605
v 0.177119 2.007564 -0.994162
v 0.178406 1.994257 -0.995206
v 0.174111 2.030758 -1.009128
v 0.172697 2.032579 -1.044664
v 0.172812 2.035642 -1.034028
v 0.173306 2.035211 -1.021618
v 0.175531 1.986977 -1.021149
v 0.173627 1.987105 -1.038545
v 0.171818 1.999363 -1.049388
v 0.171421 2.010894 -1.049575
v 0.172038 2.011765 -1.014278
v 0.173393 1.997524 -1.011891
v 0.170634 2.017493 -1.038483
v 0.170918 2.019080 -1.025200
v 0.173633 1.959391 -1.077821
v 0.177145 1.959044 -0.980114
v 0.174959 1.981114 -0.967463
v 0.171663 2.005920 -0.964321
v 0.169281 2.030239 -0.971546
v 0.166857 2.059782 -1.010998
v 0.166554 2.063094 -1.036220
v 0.162775 2.058831 -1.058452
v 0.176913 1.945260 -1.057027
v 0.178857 1.940310 -1.030644
v 0.179724 1.944508 -1.003263
v 0.164331 2.028268 -1.092177
v 0.166451 2.004508 -1.097597
v 0.170407 1.980014 -1.091461
v 0.162642 2.047095 -1.078652
v 0.167189 2.049125 -0.988042
v 0.079720 1.108816 -1.005252
v 0.079584 1.107655 -1.026871
v 0.101253 1.108683 -1.005294
v 0.101117 1.107516 -1.026915
v 0.090325 1.107368 -1.030947
v 0.105223 1.108073 -1.016112
v 0.075615 1.108260 -1.016053
v 0.090511 1.108969 -1.001219
v 0.057412 0.681749 -0.993067
v 0.079576 0.680948 -0.970671
v 0.079541 0.679416 -0.992872
v 0.057448 0.683283 -0.970868
v 0.068518 0.682403 -0.966607
v 0.053281 0.682953 -0.982005
v 0.083708 0.679744 -0.981735
v 0.068470 0.680295 -0.997132
v 0.133161 0.822617 -0.882868
v 0.141347 0.821830 -0.887264
vn 0.6990 -0.0093 -0.7150
vn 0.7060 0.0530 -0.7062
vn 0.6793 0.0049 0.7339
vn 0.7112 0.0291 0.7024
vn -0.7041 0.0395 -0.7090
vn -0.7030 0.0323 -0.7105
vn -0.7228 0.0339 0.6903
vn -0.7077 0.0082 0.7064
vn 0.7024 -0.0351 -0.7109
vn -0.7097 0.0419 0.7032
vn 0.6976 -0.1237 0.7058
vn -0.6997 0.1294 -0.7026
vn -0.7027 -0.0690 0.7081
vn 0.7076 0.0794 -0.7021
vn 0.6967 0.1052 0.7096
vn -0.6985 -0.0966 -0.7090
vn 0.5514 -0.4325 -0.7134
vn 0.5320 -0.4352 0.7264
vn -0.5891 0.4653 -0.6606
vn -0.6080 0.4842 0.6292
vn 0.1392 -0.7103 -0.6900
vn 0.1288 -0.6966 0.7058
vn -0.2210 0.7095 -0.6692
vn -0.2375 0.7242 0.6474
vn -0.3166 -0.7121 0.6266
vn -0.4754 0.5856 0.6566
vn -0.3522 -0.6772 -0.6460
vn -0.5352 0.6303 -0.5624
vn -0.7008 0.0606 0.7107
vn -0.7044 0.0992 -0.7028
vn 0.6987 -0.0947 0.7092
vn 0.7101 -0.0600 -0.7016
vn -0.7148 -0.0274 -0.6988
vn 0.7172 0.0401 0.6958
vn 0.6962 0.0410 -0.7167
vn -0.6995 -0.0283 0.7141
vn -0.7067 -0.0377 -0.7065
vn 0.7185 0.0448 0.6941
vn 0.7023 -0.0030 -0.7118
vn -0.7026 0.0112 0.7115
vn -0.7073 -0.0076 -0.7069
vn 0.7060 0.0086 0.7081
vn 0.7125 -0.0902 -0.6958
vn -0.7015 0.0921 0.7067
vn -0.9999 0.0158 -0.0037
vn 0.0031 0.0461 -0.9989
vn -0.7027 0.0478 0.7099
vn -0.7077 -0.0494 0.7048
vn -0.0256 0.0145 0.9996
vn 0.9997 -0.0055 0.0239
vn 0.0032 0.0121 0.9999
vn -0.9983 0.0549 -0.0218
vn -0.0165 0.0080 -0.9998
vn 0.9990 0.0452 -0.0038
vn 0.7082 -0.0423 -0.7047
vn 0.6985 -0.1313 0.7035
vn -0.6974 0.1381 -0.7032
vn 0.0010 0.0653 -0.9979
vn 0.9935 -0.1137 -0.0041
vn -0.9928 0.1196 0.0001
vn -0.0096 -0.0592 0.9982
vn -0.6993 -0.0545 0.7127
vn 0.6994 0.0695 -0.7113
vn 0.6973 0.0999 0.7098
vn -0.7001 -0.0715 -0.7104
vn 0.0069 -0.0139 -0.9999
vn 0.9917 0.1281 0.0059
vn -0.9928 -0.1199 -0.0004
vn -0.0037 0.0239 0.9997
vn -0.0750 0.0296 0.9967
vn 0.7950 -0.6065 0.0107
vn -0.7591 0.6504 -0.0264
vn -0.0520 0.0147 -0.9985
vn 0.6827 -0.1875 -0.7062
vn -0.6975 0.2169 -0.6830
vn -0.7092 0.2327 0.6655
vn 0.6643 -0.1527 0.7317
vn -0.0695 0.0360 0.9969
vn 0.2143 -0.9767 0.0104
vn -0.2754 0.9612 -0.0178
vn -0.0527 0.0160 -0.9985
vn -0.3690 0.6513 -0.6630
vn -0.3971 0.6574 0.6404
vn 0.2856 -0.6334 0.7192
vn 0.3273 -0.6398 -0.6954
vn -0.3675 -0.0834 0.9263
vn -0.3026 -0.9525 -0.0336
vn -0.5321 0.8440 0.0670
vn -0.4545 -0.0071 -0.8907
vn 0.0786 -0.7331 -0.6755
vn -0.1911 0.7107 -0.6771
vn 0.0623 -0.7149 0.6964
vn -0.1750 0.7310 0.6596
vn 0.6993 0.0124 -0.7148
vn 0.7016 -0.0361 0.7117
vn -0.7093 0.0698 -0.7015
vn -0.7167 0.0208 0.6971
vn 0.0051 0.0268 -0.9996
vn 0.9940 -0.1094 0.0056
vn -0.9936 0.1126 0.0075
vn -0.0023 -0.0250 0.9997
vn -0.7186 -0.0520 -0.6935
vn 0.7201 0.0603 0.6912
vn 0.7061 0.0646 -0.7052
vn 0.0131 0.0054 0.9999
vn -0.9991 -0.0419 0.0103
vn 0.9984 0.0545 -0.0149
vn -0.0133 0.0067 -0.9999
vn -0.0022 -0.0304 -0.9995
vn 0.9995 0.0277 -0.0134
vn -0.9998 -0.0206 0.0029
vn 0.0122 0.0381 0.9992
vn 0.0028 0.0713 0.9975
vn -0.9982 0.0592 0.0021
vn 0.9983 -0.0583 0.0083
vn 0.0058 -0.0695 -0.9976
vn -0.0050 0.0292 0.9996
vn -0.9960 -0.0891 -0.0069
vn 0.9932 0.1162 0.0019
vn -0.0041 -0.0085 -1.0000
vn -0.0029 -0.0607 0.9982
vn -0.0091 0.0498 -0.9987
vn 0.9997 -0.0235 -0.0033
vn -0.9983 0.0576 -0.0037
vn -0.0070 0.0082 -0.9999
vn 0.9964 0.0844 -0.0092
vn -0.9969 -0.0780 0.0122
vn 0.0182 0.0036 0.9998
vn -0.0349 -0.0020 -0.9994
vn -0.0334 0.0288 0.9990
vn -0.9465 0.3219 -0.0236
vn 0.9717 -0.2340 0.0333
vn -0.4798 0.8772 -0.0170
vn -0.0815 0.0271 0.9963
vn -0.0315 0.0208 -0.9993
vn 0.4541 -0.8908 0.0166
vn -0.0579 -0.0022 -0.9983
vn 0.1147 -0.9934 0.0022
vn -0.2313 0.9729 -0.0037
vn -0.0587 0.0160 0.9981
vn 0.0078 0.0662 -0.9978
vn 0.9923 -0.1238 -0.0006
vn -0.9915 0.1304 0.0050
vn -0.0132 -0.0192 0.9997
vn -0.8101 0.3859 -0.4413
vn -0.7444 0.4478 0.4953
vn -0.6904 -0.5418 0.4794
vn -0.7117 -0.5697 -0.4111
vn -0.9764 0.1173 -0.1811
vn -0.9305 0.2229 0.2906
vn -0.8719 -0.3872 0.2997
vn -0.9233 -0.3465 -0.1659
vn 0.4541 -0.5965 -0.6618
vn -0.4161 -0.6875 -0.5951
vn 0.4269 -0.6126 0.6652
vn -0.3809 -0.6704 0.6368
vn -0.5479 0.5623 -0.6194
vn 0.3462 0.6623 -0.6645
vn -0.5067 0.6367 0.5812
vn 0.3367 0.7452 0.5756
vn -0.9520 0.1818 -0.2462
vn -0.9534 0.1559 0.2584
vn -0.9135 -0.3308 0.2369
vn -0.8859 -0.4025 -0.2307
vn -0.7939 0.5722 -0.2057
vn -0.7661 0.6420 0.0301
vn -0.7547 0.6011 0.2630
vn -0.7254 0.2089 0.6559
vn -0.7228 -0.0529 0.6890
vn -0.7217 -0.2862 0.6303
vn -0.7352 -0.3519 -0.5794
vn -0.7587 -0.1169 -0.6409
vn -0.7925 0.1339 -0.5950
vn -0.6674 -0.7001 0.2538
vn -0.6601 -0.7505 0.0338
vn -0.6813 -0.7070 -0.1898
vn -0.9513 0.2931 -0.0960
vn -0.9470 0.3180 0.0461
vn -0.9380 0.2988 0.1759
vn -0.9235 0.0805 0.3750
vn -0.9100 -0.0798 0.4068
vn -0.8885 -0.2435 0.3889
vn -0.9097 -0.2719 -0.3138
vn -0.9306 -0.1316 -0.3416
vn -0.9421 0.0300 -0.3340
vn -0.8636 -0.4760 0.1660
vn -0.8670 -0.4974 0.0302
vn -0.8676 -0.4862 -0.1040
vn 0.9968 0.0707 -0.0379
vn 0.9339 0.3454 -0.0926
vn 0.9380 0.3463 0.0149
vn 0.9716 0.1582 0.1758
vn 0.9922 0.0335 0.1203
vn 0.9810 -0.0005 -0.1940
vn 0.9646 0.1733 -0.1986
vn 0.9918 -0.1176 0.0508
vn 0.9912 -0.1010 -0.0852
vn -0.4904 0.3466 0.7996
vn -0.4650 -0.0039 0.8853
vn -0.4157 -0.3551 0.8373
vn 0.3827 0.4536 0.8048
vn 0.3741 0.0958 0.9224
vn 0.4394 -0.2600 0.8599
vn -0.5376 0.7896 -0.2960
vn -0.5320 0.8465 0.0224
vn -0.5124 0.7991 0.3145
vn 0.3665 0.8582 -0.3594
vn 0.2486 0.9686 -0.0062
vn 0.3126 0.9048 0.2891
vn -0.3566 -0.8734 0.3317
vn -0.3670 -0.9302 0.0073
vn -0.3672 -0.8791 -0.3040
vn 0.4381 -0.8357 0.3311
vn 0.4382 -0.8985 -0.0268
vn 0.4860 -0.7982 -0.3559
vn -0.4651 -0.4086 -0.7853
vn -0.5151 -0.0885 -0.8525
vn -0.5262 0.2534 -0.8117
vn 0.4112 -0.3094 -0.8574
vn 0.3297 0.0196 -0.9439
vn 0.3534 0.3672 -0.8604
vn -0.9033 -0.4057 0.1396
vn -0.9002 -0.4340 0.0362
vn -0.9083 -0.4130 -0.0669
vn -0.9362 -0.2464 -0.2507
vn -0.9520 -0.1311 -0.2767
vn -0.9669 -0.0070 -0.2552
vn -0.9445 0.0362 0.3264
vn -0.9354 -0.0859 0.3430
vn -0.9247 -0.2157 0.3137
vn -0.9741 0.2144 -0.0713
vn -0.9652 0.2580 0.0436
vn -0.9583 0.2395 0.1560
vn -0.6862 0.6955 -0.2132
vn -0.6503 0.7499 -0.1217
vn -0.5458 0.8297 -0.1174
vn -0.3275 0.9433 -0.0539
vn -0.4869 0.8490 -0.2051
vn -0.5590 0.7964 -0.2310
vn -0.5566 0.8224 0.1174
vn -0.4069 0.8405 -0.3579
vn -0.4896 0.8147 -0.3107
vn -0.5696 0.8219 -0.0046
vn -0.5520 0.8200 -0.1512
vn -0.5437 0.8256 -0.1508
vn -0.6276 0.7783 0.0170
vn -0.6036 0.7412 -0.2937
vn -0.7009 0.7051 -0.1075
vn 0.1704 0.9839 0.0542
vn -0.0872 0.9962 -0.0060
vn 0.3694 0.8258 0.4262
vn 0.3967 0.9053 0.1522
vn -0.5489 0.8329 -0.0704
vn -0.1985 -0.9785 -0.0558
vn 0.1055 -0.9944 -0.0003
vn -0.4384 -0.8845 -0.1595
vn 0.2444 -0.9689 0.0394
vn -0.7758 -0.5860 -0.2340
vn -0.0362 0.1741 -0.9841
vn 0.2956 0.1164 -0.9482
vn -0.4887 0.8589 -0.1532
vn 0.2962 0.1228 -0.9472
vn 0.3034 0.0900 -0.9486
vn 0.1719 0.2124 -0.9619
vn -0.4244 0.0774 0.9022
vn -0.2887 0.0925 0.9529
vn -0.2971 0.0861 0.9510
vn -0.2881 0.0591 0.9558
vn -0.4319 -0.0080 0.9019
vn -0.8427 -0.4309 0.3229
vn -0.7202 -0.4884 -0.4927
vn -0.6360 -0.2708 -0.7226
vn -0.8914 -0.2773 0.3585
vn -0.5734 0.8075 -0.1387
vn -0.6259 0.7658 -0.1474
vn -0.6571 0.7537 -0.0098
vn -0.8413 0.5343 -0.0818
vn -0.5141 0.8440 -0.1529
vn 0.6411 0.4856 -0.5943
vn 0.5591 0.5680 -0.6040
vn 0.5179 0.7213 -0.4599
vn 0.4041 0.8734 -0.2718
vn 0.5885 0.7154 -0.3767
vn 0.6148 0.6592 -0.4329
vn 0.3058 0.7714 -0.5581
vn 0.6831 0.6906 -0.2376
vn 0.6747 0.6545 -0.3411
vn 0.4263 0.7291 -0.5354
vn 0.5566 0.6878 -0.4660
vn 0.5911 0.6193 -0.5169
vn 0.4362 0.6255 -0.6469
vn 0.7071 0.5199 -0.4793
vn 0.5553 0.4739 -0.6834
vn 0.1207 0.9761 0.1807
vn 0.2921 0.9542 -0.0650
vn -0.1017 0.9013 0.4211
vn -0.1047 0.9249 0.3656
vn 0.4787 0.7349 -0.4804
vn -0.1085 -0.9737 -0.2004
vn -0.2927 -0.9524 0.0848
vn 0.0978 -0.9027 -0.4191
vn -0.3722 -0.9062 0.2005
vn 0.4087 -0.6621 -0.6281
vn 0.9357 -0.1478 0.3202
vn 0.7881 -0.0825 0.6099
vn 0.5384 0.7433 -0.3970
vn 0.7781 -0.0884 0.6219
vn 0.7582 -0.1059 0.6434
vn 0.8736 -0.0830 0.4794
vn -0.5913 0.2197 -0.7759
vn -0.7336 0.3125 -0.6035
vn -0.7272 0.2915 -0.6214
vn -0.7744 0.2474 -0.5823
vn -0.6816 0.1875 -0.7073
vn 0.0899 -0.5014 -0.8605
vn 0.7097 -0.5706 -0.4132
vn 0.8250 -0.4651 -0.3209
vn -0.0425 -0.2268 -0.9730
vn 0.5483 0.6656 -0.5063
vn 0.5682 0.6204 -0.5406
vn 0.4407 0.5641 -0.6983
vn 0.5346 0.3239 -0.7806
vn 0.5650 0.6954 -0.4441
vn -0.5365 0.4349 0.7232
vn -0.4599 0.4841 0.7444
vn -0.4141 0.6610 0.6257
vn -0.3168 0.8285 0.4619
vn -0.4917 0.6801 0.5437
vn -0.5329 0.6000 0.5967
vn -0.1969 0.6723 0.7136
vn -0.6112 0.6726 0.4173
vn -0.5981 0.6170 0.5114
vn -0.3179 0.6483 0.6918
vn -0.4611 0.6263 0.6285
vn -0.4827 0.5750 0.6606
vn -0.3174 0.5409 0.7789
vn -0.6109 0.4822 0.6279
vn -0.4420 0.4071 0.7993
vn -0.0084 0.9986 -0.0517
vn -0.1795 0.9580 0.2234
vn 0.0853 0.9418 -0.3253
vn 0.1887 0.9430 -0.2743
vn -0.3763 0.6605 0.6497
vn 0.0060 -0.9980 0.0631
vn 0.1852 -0.9501 -0.2509
vn -0.1878 -0.9380 0.2913
vn 0.2656 -0.8894 -0.3722
vn -0.4042 -0.7327 0.5475
vn -0.9301 0.0887 -0.3565
vn -0.8048 0.0649 -0.5900
vn -0.4519 0.6915 0.5635
vn -0.8243 0.0876 -0.5593
vn -0.8019 0.0688 -0.5935
vn -0.8903 0.0086 -0.4553
vn 0.6234 0.2015 0.7555
vn 0.8069 0.1466 0.5722
vn 0.7905 0.1242 0.5998
vn 0.8231 0.0829 0.5618
vn 0.7422 0.0465 0.6686
vn -0.0523 -0.4761 0.8778
vn -0.7505 -0.5380 0.3838
vn -0.8761 -0.4049 0.2618
vn 0.0030 -0.3776 0.9260
vn -0.4408 0.6078 0.6605
vn -0.4706 0.5434 0.6952
vn -0.3273 0.4806 0.8136
vn -0.4285 0.2262 0.8747
vn -0.4645 0.6420 0.6101
vn -0.4501 0.5369 -0.7135
vn -0.5002 0.5634 -0.6575
vn -0.3314 0.7424 -0.5823
vn -0.2124 0.8457 -0.4896
vn -0.2436 0.7620 -0.6000
vn -0.3064 0.6355 -0.7087
vn -0.4820 0.7705 -0.4171
vn -0.1001 0.6762 -0.7298
vn -0.2086 0.6581 -0.7235
vn -0.4386 0.7476 -0.4987
vn -0.3384 0.7020 -0.6267
vn -0.3952 0.6613 -0.6375
vn -0.5540 0.6496 -0.5207
vn -0.3400 0.5518 -0.7615
vn -0.5590 0.5081 -0.6553
vn 0.1603 0.9825 -0.0950
vn -0.0324 0.9487 -0.3146
vn 0.3981 0.8945 0.2037
vn 0.2990 0.9402 0.1631
vn -0.3738 0.7303 -0.5717
vn -0.1711 -0.9815 0.0854
vn 0.0490 -0.9471 0.3171
vn -0.3115 -0.9359 -0.1647
vn 0.1415 -0.8992 0.4141
vn -0.4700 -0.7371 -0.4855
vn 0.6895 -0.0127 -0.7242
vn 0.8127 -0.0817 -0.5770
vn -0.2753 0.7424 -0.6108
vn 0.7965 -0.0664 -0.6009
vn 0.8153 -0.0835 -0.5730
vn 0.7629 -0.0293 -0.6458
vn -0.8577 0.3651 0.3621
vn -0.7748 0.2890 0.5623
vn -0.7899 0.2666 0.5522
vn -0.7780 0.2322 0.5838
vn -0.8385 0.2356 0.4913
vn -0.7771 -0.4702 -0.4184
vn -0.0509 -0.5888 -0.8067
vn 0.0152 -0.4589 -0.8884
vn -0.9284 -0.2576 -0.2678
vn -0.3790 0.7109 -0.5924
vn -0.4357 0.6089 -0.6629
vn -0.5955 0.5896 -0.5456
vn -0.6641 0.3271 -0.6723
vn -0.3289 0.7183 -0.6130
vn 0.9424 0.3228 0.0878
vn 0.9101 0.4143 0.0113
vn 0.8416 0.5399 0.0138
vn 0.6250 0.7806 -0.0062
vn 0.8159 0.5637 0.1288
vn 0.8264 0.5525 0.1085
vn 0.7897 0.5720 -0.2217
vn 0.7435 0.6106 0.2727
vn 0.8018 0.5570 0.2165
vn 0.8339 0.5438 -0.0947
vn 0.8390 0.5414 0.0539
vn 0.8685 0.4934 0.0482
vn 0.8753 0.4633 -0.1383
vn 0.8915 0.3951 0.2217
vn 0.9492 0.3128 -0.0349
vn 0.1854 0.9825 0.0172
vn 0.4639 0.8857 0.0154
vn -0.1594 0.9847 0.0704
vn -0.1024 0.9944 -0.0267
vn 0.8173 0.5753 -0.0332
vn -0.1712 -0.9850 -0.0197
vn -0.4749 -0.8800 -0.0044
vn 0.1154 -0.9932 0.0177
vn -0.5967 -0.8024 -0.0124
vn 0.4948 -0.8669 0.0611
vn 0.1443 0.0851 0.9859
vn -0.0423 0.0947 0.9946
vn 0.7948 0.6045 0.0533
vn -0.0111 0.1025 0.9947
vn -0.0472 0.0962 0.9942
vn 0.0698 0.0615 0.9957
vn 0.3162 0.1324 -0.9394
vn 0.0737 0.1107 -0.9911
vn 0.0874 0.0887 -0.9922
vn 0.0483 0.0586 -0.9971
vn 0.1915 -0.0438 -0.9805
vn 0.6737 -0.6910 -0.2620
vn 0.4834 -0.6172 0.6208
vn 0.5793 -0.5067 0.6385
vn 0.7048 -0.4968 -0.5064
vn 0.8622 0.5050 0.0398
vn 0.8786 0.4752 0.0469
vn 0.9017 0.4113 -0.1331
vn 0.9846 0.1415 -0.1024
vn 0.8178 0.5720 0.0633
vn 0.3416 0.6244 0.7024
vn 0.5164 0.5342 0.6693
vn 0.4845 0.7665 0.4216
vn 0.4903 0.7747 0.3993
vn 0.6142 0.6241 0.4829
vn 0.5468 0.7743 0.3185
vn 0.5967 0.6706 0.4407
vn 0.2001 0.7708 0.6049
vn 0.3101 0.7787 0.5454
vn 0.5698 0.6692 0.4769
vn 0.3103 0.7563 0.5760
vn 0.4014 0.7380 0.5424
vn 0.5263 0.6798 0.5108
vn 0.3105 0.6441 0.6991
vn 0.4519 0.5561 0.6975
vn 0.4714 0.7221 0.5063
vn 0.4187 0.7168 0.5576
vn 0.2804 0.4408 0.8527
vn 0.6174 0.4377 0.6536
vn 0.1266 0.4601 -0.8788
vn 0.0486 0.5276 -0.8481
vn 0.0681 0.6593 -0.7488
vn 0.0631 0.8408 -0.5377
vn 0.1762 0.6730 -0.7184
vn 0.1760 0.6175 -0.7667
vn -0.1670 0.6850 -0.7092
vn 0.3365 0.6784 -0.6530
vn 0.2768 0.6309 -0.7248
vn -0.0454 0.6580 -0.7517
vn 0.1045 0.6398 -0.7614
vn 0.1122 0.6285 -0.7697
vn -0.0810 0.5895 -0.8037
vn 0.2322 0.5145 -0.8254
vn 0.0158 0.4800 -0.8771
vn 0.0664 0.9977 -0.0151
vn 0.0736 0.9452 -0.3179
vn 0.1079 0.9547 0.2774
vn 0.0092 0.9621 0.2724
vn 0.0258 0.6728 -0.7393
vn -0.0692 -0.9976 0.0012
vn -0.0627 -0.9402 0.3347
vn -0.0160 -0.9574 -0.2883
vn -0.0739 -0.8793 0.4705
vn 0.0824 -0.7735 -0.6284
vn 0.9982 0.0406 -0.0446
vn 0.9941 0.0366 0.1025
vn 0.1162 0.6990 -0.7056
vn 0.9961 0.0548 0.0694
vn 0.9935 0.0403 0.1064
vn 0.9991 -0.0411 -0.0099
vn -0.8836 0.1172 -0.4534
vn -0.9803 0.1719 -0.0972
vn -0.9816 0.1486 -0.1200
vn -0.9902 0.1145 -0.0795
vn -0.9605 0.0311 -0.2766
vn -0.2195 -0.5699 -0.7918
vn 0.5985 -0.5967 -0.5345
vn 0.6855 -0.4343 -0.5844
vn -0.4379 -0.3789 -0.8152
vn 0.0841 0.6154 -0.7837
vn 0.0834 0.5680 -0.8188
vn -0.0533 0.5490 -0.8341
vn -0.0667 0.2816 -0.9572
vn 0.1209 0.6616 -0.7401
vn 0.2057 0.6143 0.7618
vn 0.2885 0.6178 0.7315
vn 0.2002 0.7951 0.5724
vn 0.1812 0.9029 0.3898
vn 0.1205 0.8173 0.5634
vn 0.1238 0.7352 0.6664
vn 0.4246 0.7754 0.4673
vn -0.0619 0.8058 0.5890
vn 0.0212 0.7638 0.6450
vn 0.3537 0.7620 0.5424
vn 0.1873 0.7638 0.6177
vn 0.2212 0.7200 0.6578
vn 0.4086 0.6591 0.6314
vn 0.0968 0.6492 0.7544
vn 0.3319 0.5534 0.7639
vn 0.0265 0.9883 -0.1500
vn 0.1104 0.9838 0.1409
vn -0.1113 0.9062 -0.4080
vn 0.0052 0.9006 -0.4345
vn 0.2518 0.7758 0.5785
vn -0.0270 -0.9861 0.1640
vn -0.1242 -0.9801 -0.1549
vn 0.0084 -0.8947 0.4466
vn -0.1546 -0.9437 -0.2924
vn 0.0489 -0.6102 0.7908
vn -0.9086 0.1333 0.3958
vn -0.9718 0.1663 0.1672
vn 0.1657 0.8164 0.5532
vn -0.9645 0.1841 0.1892
vn -0.9738 0.1604 0.1614
vn -0.9416 0.1365 0.3079
vn 0.9577 0.0390 0.2851
vn 0.9777 0.0487 -0.2041
vn 0.9840 0.0224 -0.1770
vn 0.9762 -0.0198 -0.2162
vn 0.9988 -0.0477 0.0116
vn 0.2897 -0.3530 0.8897
vn -0.3716 -0.3590 0.8562
vn -0.5061 -0.1928 0.8407
vn 0.5686 -0.2436 0.7857
vn 0.2314 0.7501 0.6195
vn 0.2440 0.6754 0.6959
vn 0.4302 0.6063 0.6688
vn 0.3788 0.3738 0.8466
vn 0.1979 0.7741 0.6014
vn -0.4645 0.7136 -0.5243
vn -0.4401 0.7936 -0.4202
vn -0.3187 0.8661 -0.3850
vn -0.1024 0.9651 -0.2411
vn -0.2323 0.8548 -0.4640
vn -0.2948 0.8376 -0.4599
vn -0.3901 0.9072 -0.1573
vn -0.1116 0.8294 -0.5474
vn -0.2067 0.8209 -0.5324
vn -0.3729 0.8817 -0.2892
vn -0.3157 0.8541 -0.4133
vn -0.3321 0.8318 -0.4448
vn -0.4619 0.8350 -0.2992
vn -0.3441 0.7425 -0.5747
vn -0.5180 0.7397 -0.4296
vn 0.3869 0.9221 0.0058
vn 0.1306 0.9794 -0.1543
vn 0.5696 0.8127 0.1226
vn 0.5767 0.7927 0.1977
vn -0.3275 0.8860 -0.3283
vn -0.3997 -0.9166 -0.0108
vn -0.1106 -0.9819 0.1539
vn -0.5919 -0.7813 -0.1980
vn 0.0162 -0.9731 0.2297
vn -0.7511 -0.4736 -0.4599
vn 0.3617 -0.1766 -0.9154
vn 0.5816 -0.1313 -0.8028
vn -0.2431 0.8863 -0.3942
vn 0.5638 -0.0996 -0.8199
vn 0.5868 -0.1273 -0.7997
vn 0.4540 -0.1397 -0.8800
vn -0.8354 0.2527 0.4882
vn -0.4952 0.3204 0.8076
vn -0.5226 0.3036 0.7967
vn -0.5042 0.2639 0.8223
vn -0.6853 0.2827 0.6711
vn -0.8792 -0.4679 -0.0898
vn -0.4025 -0.6331 -0.6612
vn -0.3393 -0.4027 -0.8501
vn -0.9837 -0.1788 -0.0206
vn -0.3488 0.8370 -0.4216
vn -0.3855 0.8210 -0.4212
vn -0.4989 0.8016 -0.3293
vn -0.6702 0.6129 -0.4185
vn -0.2805 0.8632 -0.4199
vn 0.8680 0.4721 -0.1540
vn 0.8154 0.5387 -0.2118
vn 0.6892 0.7158 -0.1118
vn 0.4865 0.8737 -0.0028
vn 0.7069 0.7073 0.0003
vn 0.7565 0.6536 -0.0213
vn 0.5670 0.7585 -0.3212
vn 0.6994 0.6921 0.1787
vn 0.7636 0.6400 0.0859
vn 0.6608 0.7134 -0.2330
vn 0.7349 0.6714 -0.0954
vn 0.7820 0.6117 -0.1195
vn 0.7274 0.6074 -0.3192
vn 0.8620 0.5064 -0.0198
vn 0.8397 0.4667 -0.2776
vn -0.0465 0.9772 0.2073
vn 0.2491 0.9641 0.0920
vn -0.3116 0.9301 0.1942
vn -0.3308 0.9095 0.2517
vn 0.6704 0.7278 -0.1446
vn 0.0597 -0.9747 -0.2154
vn -0.2637 -0.9616 -0.0754
vn 0.3436 -0.9011 -0.2645
vn -0.4047 -0.9142 -0.0235
vn 0.7727 -0.5581 -0.3026
vn 0.6547 -0.0775 0.7519
vn 0.2821 -0.0839 0.9557
vn 0.6793 0.7327 -0.0415
vn 0.3078 -0.0606 0.9495
vn 0.2751 -0.0825 0.9579
vn 0.4563 0.0065 0.8898
vn 0.0711 0.1228 -0.9899
vn -0.3004 0.2894 -0.9088
vn -0.2700 0.2716 -0.9237
vn -0.3171 0.2258 -0.9211
vn -0.0985 0.2310 -0.9680
vn 0.7073 -0.4217 -0.5674
vn 0.9231 -0.3827 0.0382
vn 0.9181 -0.3703 0.1413
vn 0.5507 -0.2887 -0.7832
vn 0.7503 0.6464 -0.1387
vn 0.7891 0.5951 -0.1525
vn 0.7617 0.5500 -0.3425
vn 0.8738 0.3029 -0.3805
vn 0.7311 0.6779 -0.0775
vn 0.5325 0.7646 0.3629
vn 0.5793 0.7587 0.2980
vn 0.3580 0.9033 0.2363
vn 0.1608 0.9800 0.1168
vn 0.2877 0.9089 0.3017
vn 0.3634 0.8609 0.3561
vn 0.4370 0.8993 0.0185
vn 0.1704 0.8846 0.4342
vn 0.2773 0.8645 0.4192
vn 0.4247 0.8952 0.1349
vn 0.3851 0.8798 0.2785
vn 0.4211 0.8434 0.3338
vn 0.5585 0.8208 0.1202
vn 0.4299 0.7723 0.4677
vn 0.6485 0.7103 0.2736
vn -0.3171 0.9381 -0.1392
vn -0.0598 0.9982 0.0081
vn -0.4825 0.8051 -0.3449
vn -0.5107 0.7987 -0.3182
vn 0.3840 0.9023 0.1957
vn 0.3302 -0.9333 0.1413
vn 0.0410 -0.9991 -0.0067
vn 0.5265 -0.7897 0.3150
vn -0.0853 -0.9932 -0.0797
vn 0.7441 -0.4308 0.5107
vn -0.2116 0.0665 0.9751
vn -0.5731 0.0495 0.8180
vn 0.3006 0.9180 0.2585
vn -0.5542 0.0620 0.8301
vn -0.5771 0.0369 0.8158
vn -0.4415 0.1067 0.8909
vn 0.8333 0.1435 -0.5339
vn 0.5004 0.1574 -0.8514
vn 0.5263 0.1443 -0.8380
vn 0.5084 0.0864 -0.8567
vn 0.6823 0.0926 -0.7252
vn 0.9114 -0.3578 0.2035
vn 0.4776 -0.4000 0.7822
vn 0.4160 -0.2186 0.8827
vn 0.9832 -0.1682 0.0715
vn 0.4082 0.8763 0.2558
vn 0.4861 0.8204 0.3011
vn 0.6369 0.7641 0.1026
vn 0.7737 0.5578 0.3005
vn 0.3495 0.8922 0.2862
vn -0.5587 0.6711 -0.4873
vn -0.6973 0.6259 -0.3493
vn -0.5455 0.8209 -0.1689
vn -0.5137 0.8470 -0.1366
vn -0.6967 0.7017 -0.1489
vn -0.5145 0.8564 -0.0429
vn -0.6508 0.7503 -0.1167
vn -0.3802 0.8057 -0.4543
vn -0.4353 0.8263 -0.3574
vn -0.6422 0.7470 -0.1722
vn -0.4579 0.8002 -0.3873
vn -0.5047 0.8047 -0.3127
vn -0.6086 0.7589 -0.2317
vn -0.5229 0.6999 -0.4865
vn -0.6498 0.6353 -0.4174
vn -0.5526 0.7982 -0.2399
vn -0.5448 0.7712 -0.3292
vn -0.5991 0.4814 -0.6398
vn -0.7918 0.5425 -0.2806
vn 0.4813 0.7282 -0.4879
vn 0.3989 0.7597 -0.5135
vn 0.2838 0.9043 -0.3188
vn 0.1278 0.9838 -0.1256
vn 0.3487 0.9076 -0.2337
vn 0.4093 0.8620 -0.2990
vn 0.0735 0.8973 -0.4354
vn 0.4481 0.8897 -0.0875
vn 0.4642 0.8619 -0.2041
vn 0.1981 0.8892 -0.4125
vn 0.3450 0.8757 -0.3377
vn 0.4027 0.8172 -0.4124
vn 0.2437 0.7963 -0.5536
vn 0.5447 0.7531 -0.3690
vn 0.4102 0.6815 -0.6060
vn -0.2121 0.9234 0.3199
vn -0.0258 0.9960 0.0856
vn -0.4245 0.7903 0.4419
vn -0.4073 0.7762 0.4813
vn 0.2520 0.9037 -0.3462
vn 0.2168 -0.9181 -0.3318
vn 0.0225 -0.9977 -0.0647
vn 0.4081 -0.7655 -0.4974
vn -0.0737 -0.9960 0.0507
vn 0.6122 -0.4187 -0.6707
vn 0.9245 0.0333 0.3797
vn 0.7198 0.0391 0.6931
vn 0.3055 0.9166 -0.2577
vn 0.7337 0.0647 0.6764
vn 0.7161 0.0357 0.6971
vn 0.8132 0.0925 0.5746
vn -0.4913 0.1197 -0.8627
vn -0.7688 0.1548 -0.6205
vn -0.7504 0.1437 -0.6452
vn -0.7708 0.0890 -0.6308
vn -0.6156 0.0800 -0.7840
vn 0.2722 -0.4483 -0.8514
vn 0.7884 -0.4551 -0.4139
vn 0.9326 -0.2426 -0.2672
vn 0.1336 -0.2126 -0.9680
vn 0.3325 0.8608 -0.3853
vn 0.3841 0.8164 -0.4311
vn 0.2445 0.7398 -0.6268
vn 0.4510 0.5388 -0.7116
vn 0.3481 0.8801 -0.3229
vn -0.5986 0.5766 0.5561
vn -0.5196 0.6396 0.5666
vn -0.4811 0.7643 0.4294
vn -0.3680 0.8978 0.2421
vn -0.5465 0.7634 0.3443
vn -0.5835 0.7031 0.4064
vn -0.2694 0.8073 0.5250
vn -0.6515 0.7282 0.2126
vn -0.6391 0.7022 0.3138
vn -0.3868 0.7751 0.4996
vn -0.5183 0.7379 0.4323
vn -0.5313 0.7152 0.4540
vn -0.3875 0.7091 0.5890
vn -0.6601 0.6039 0.4467
vn -0.5103 0.5904 0.6253
vn -0.0756 0.9731 -0.2177
vn -0.2501 0.9677 0.0310
vn 0.1113 0.9169 -0.3834
vn 0.1333 0.9026 -0.4093
vn -0.4422 0.7757 0.4503
vn 0.0698 -0.9706 0.2303
vn 0.2506 -0.9668 -0.0504
vn -0.1381 -0.8937 0.4269
vn 0.3312 -0.9286 -0.1675
vn -0.4353 -0.6596 0.6127
vn -0.8924 -0.0847 -0.4432
vn -0.7617 -0.0965 -0.6407
vn -0.5013 0.7847 0.3646
vn -0.7808 -0.0762 -0.6202
vn -0.7584 -0.0960 -0.6447
vn -0.8448 -0.1273 -0.5196
vn 0.4690 0.2272 0.8534
vn 0.7499 0.3005 0.5894
vn 0.7391 0.2810 0.6122
vn 0.7672 0.2431 0.5935
vn 0.6151 0.1632 0.7714
vn -0.1524 -0.4478 0.8811
vn -0.7049 -0.6059 0.3689
vn -0.8600 -0.4505 0.2395
vn -0.0710 -0.2558 0.9641
vn -0.5067 0.7255 0.4656
vn -0.5320 0.6750 0.5112
vn -0.4123 0.6672 0.6204
vn -0.4915 0.4275 0.7587
vn -0.5181 0.7530 0.4056
vn 0.3944 0.7596 -0.5171
vn 0.1724 0.8721 -0.4579
vn 0.3234 0.9137 -0.2461
vn 0.1997 0.9662 -0.1628
vn 0.4117 0.8872 -0.2080
vn 0.3134 0.8735 -0.3726
vn 0.0107 0.9474 -0.3199
vn 0.4259 0.8834 -0.1955
vn 0.3745 0.8857 -0.2745
vn 0.1565 0.9254 -0.3453
vn 0.2349 0.9032 -0.3592
vn 0.3013 0.8788 -0.3700
vn 0.1418 0.8741 -0.4647
vn 0.4071 0.8178 -0.4068
vn 0.2655 0.7908 -0.5516
vn 0.0656 0.8824 0.4659
vn 0.1617 0.9614 0.2228
vn 0.0164 0.7962 0.6048
vn -0.0563 0.7421 0.6679
vn 0.1930 0.9313 -0.3089
vn -0.0730 -0.8778 -0.4735
vn -0.1445 -0.9689 -0.2009
vn 0.0645 -0.7319 -0.6784
vn -0.1905 -0.9770 -0.0955
vn 0.2310 -0.4128 -0.8810
vn 0.9958 -0.0907 0.0082
vn 0.9150 -0.1636 0.3689
vn 0.2508 0.9310 -0.2652
vn 0.9265 -0.1411 0.3489
vn 0.9142 -0.1533 0.3751
vn 0.9700 -0.1628 0.1803
vn -0.6488 0.3299 -0.6858
vn -0.9014 0.3341 -0.2753
vn -0.9057 0.3091 -0.2900
vn -0.9128 0.2876 -0.2898
vn -0.8187 0.3193 -0.4773
vn -0.0188 -0.2119 -0.9771
vn 0.6058 -0.3551 -0.7120
vn 0.7345 -0.2643 -0.6250
vn -0.1887 -0.0373 -0.9813
vn 0.3153 0.8736 -0.3707
vn 0.1872 0.8879 -0.4203
vn 0.1648 0.8453 -0.5083
vn 0.1963 0.6912 -0.6955
vn 0.2558 0.9133 -0.3170
vn 0.2727 0.4526 0.8490
vn 0.3143 0.6531 0.6890
vn 0.3577 0.8000 0.4818
vn -0.0263 0.9235 0.3827
vn 0.2547 0.8271 0.5011
vn -0.0154 0.6177 0.7863
vn 0.5515 0.7577 0.3489
vn -0.1885 0.8045 0.5633
vn -0.0749 0.7104 0.6998
vn 0.4840 0.7505 0.4501
vn 0.2123 0.7760 0.5939
vn 0.2304 0.7374 0.6349
vn 0.4628 0.6478 0.6051
vn 0.1286 0.6366 0.7604
vn 0.3631 0.5852 0.7250
vn -0.0099 0.9775 -0.2109
vn 0.0726 0.9944 0.0767
vn -0.4797 0.7361 -0.4776
vn -0.1282 0.9085 -0.3978
vn 0.2097 0.8349 0.5089
vn 0.0077 -0.9764 0.2160
vn -0.0524 -0.9959 -0.0731
vn 0.0451 -0.9066 0.4197
vn -0.0238 -0.9735 -0.2274
vn -0.0984 -0.6231 0.7759
vn -0.9810 -0.0888 0.1725
vn -0.9438 0.1012 0.3146
vn 0.2090 0.8152 0.5401
vn -0.8927 0.1313 0.4311
vn -0.8962 0.1860 0.4029
vn -0.9429 0.3103 0.1211
vn 0.8643 0.2898 0.4112
vn 0.8909 0.0103 -0.4540
vn 0.9106 0.0798 -0.4056
vn 0.9349 -0.0253 -0.3540
vn 0.9774 0.2036 -0.0569
vn 0.1918 -0.4432 0.8757
vn -0.5080 -0.5206 0.6862
vn -0.6159 -0.3582 0.7017
vn 0.4357 -0.2248 0.8716
vn 0.3951 0.6853 0.6118
vn 0.2682 0.5982 0.7551
vn 0.4385 0.6430 0.6280
vn 0.4410 0.4137 0.7964
vn 0.2106 0.7636 0.6104
vn -0.5216 0.7055 -0.4798
vn -0.5592 0.7329 -0.3875
vn -0.3801 0.8807 -0.2825
vn -0.1853 0.9726 -0.1402
vn -0.2889 0.8847 -0.3659
vn -0.3474 0.8348 -0.4271
vn -0.4993 0.8647 -0.0546
vn -0.1298 0.8689 -0.4776
vn -0.2456 0.8356 -0.4915
vn -0.4712 0.8609 -0.1919
vn -0.3910 0.8513 -0.3500
vn -0.4422 0.8089 -0.3875
vn -0.5920 0.7741 -0.2242
vn -0.4038 0.7347 -0.5450
vn -0.6344 0.6724 -0.3813
vn 0.2588 0.9530 0.1573
vn 0.0163 0.9999 -0.0054
vn -0.3897 0.8780 -0.2778
vn 0.5742 0.8167 0.0566
vn -0.2594 -0.9429 -0.2088
vn 0.0052 -1.0000 0.0035
vn 0.1167 -0.9885 0.0957
vn -0.4899 -0.5781 -0.6525
vn 0.4816 0.0134 -0.8763
vn -0.3350 0.8970 -0.2884
vn 0.6554 0.0887 -0.7501
vn 0.6944 0.0395 -0.7185
vn 0.6295 0.0551 -0.7751
vn -0.9905 -0.0194 -0.1360
vn -0.6910 0.1338 0.7103
vn -0.6397 0.1172 0.7597
vn -0.9422 0.1944 0.2730
vn -0.6127 -0.5566 -0.5611
vn 0.0260 -0.4930 -0.8696
vn -0.1582 -0.2433 -0.9570
vn -0.9205 -0.2431 -0.3060
vn -0.4423 0.8343 -0.3293
vn -0.4810 0.7920 -0.3759
vn -0.6479 0.7256 -0.2318
vn -0.7566 0.5172 -0.4002
vn -0.3720 0.8600 -0.3494
vn 0.2702 0.8766 0.3983
vn -0.1066 0.9437 0.3133
vn 0.6500 0.5679 0.5050
vn -0.4194 0.8883 0.1872
vn 0.4223 0.8471 0.3227
vn -0.2215 0.9613 0.1637
vn 0.1039 0.9754 0.1945
vn 0.0790 0.9295 0.3602
vn 0.0746 0.9198 0.3852
vn 0.2269 0.9722 0.0575
vn 0.1859 0.8628 -0.4701
vn -0.1786 -0.8769 0.4463
vn -0.1823 -0.8521 0.4906
vn -0.9712 0.1559 -0.1803
vn 0.0422 0.9961 0.0779
vn 0.9849 -0.0733 0.1571
vn 0.4289 0.8742 -0.2278
vn -0.3868 -0.6189 0.6836
vn -0.9131 0.4063 0.0346
vn -0.9647 0.2420 -0.1042
vn 0.8830 -0.1213 0.4534
vn 0.8396 -0.3280 0.4330
vn 0.2801 -0.6108 0.7406
vn -0.7357 -0.4754 0.4824
vn -0.8139 -0.2342 0.5317
vn 0.1902 -0.5381 0.8211
vn -0.1527 0.9598 -0.2355
vn 0.2207 0.9435 -0.2471
vn -0.5928 0.7571 -0.2746
vn 0.5414 0.8104 -0.2238
vn -0.2775 0.9513 -0.1340
vn 0.3718 0.9175 -0.1414
vn 0.0670 0.9942 -0.0845
vn 0.0378 0.9694 -0.2427
vn 0.0336 0.9636 -0.2653
vn 0.1104 0.8185 0.5639
vn -0.1268 -0.8359 -0.5340
vn -0.1197 -0.8053 -0.5807
vn 0.9972 -0.0472 -0.0573
vn 0.1544 0.9880 0.0053
vn -0.0291 0.9972 0.0683
vn -0.9872 0.1317 0.0896
vn -0.1854 0.8962 0.4031
vn 0.0976 -0.6214 -0.7774
vn 0.9459 0.1697 -0.2766
vn 0.9921 0.0803 -0.0962
vn -0.9477 -0.0041 -0.3193
vn -0.9647 -0.1006 -0.2436
vn -0.1768 -0.5427 -0.8211
vn 0.5554 -0.4899 -0.6720
vn 0.6201 -0.3206 -0.7160
vn -0.4608 -0.3860 -0.7992
vn 0.0733 0.9597 0.2711
vn 0.3673 0.9290 0.0461
vn -0.3705 0.8289 0.4191
vn 0.5950 0.7882 -0.1569
vn 0.0108 0.9091 0.4164
vn 0.5332 0.8454 0.0322
vn 0.3341 0.9021 0.2731
vn 0.2295 0.9600 0.1605
vn 0.2133 0.9663 0.1442
vn 0.6207 0.4379 0.6503
vn -0.6368 -0.4218 -0.6454
vn -0.6455 -0.3647 -0.6711
vn 0.7627 -0.0321 -0.6460
vn 0.4462 0.8521 0.2735
vn 0.3201 0.8352 0.4473
vn -0.7227 0.1400 0.6769
vn 0.4411 0.5406 0.7163
vn -0.5094 -0.1414 -0.8489
vn 0.7098 0.2407 -0.6620
vn 0.7928 0.0923 -0.6025
vn -0.9122 0.2108 0.3513
vn -0.9071 0.1172 0.4042
vn -0.6423 -0.0095 -0.7664
vn 0.2478 -0.2092 -0.9459
vn 0.1206 -0.0224 -0.9924
vn -0.7690 0.1196 -0.6280
vn -0.9901 -0.1343 -0.0419
vn -0.8685 -0.4814 -0.1184
vn -0.9829 -0.1758 -0.0556
vn -0.8713 -0.4350 -0.2271
vn -0.9951 -0.0924 -0.0354
vn -0.9237 -0.3053 -0.2314
vn -0.9927 -0.1067 -0.0553
vn -0.8446 -0.4473 -0.2941
vn -0.9896 0.0476 -0.1356
vn -0.9286 0.3411 0.1459
vn -0.9991 0.0364 0.0237
vn -0.8696 0.3792 0.3161
vn -0.9547 0.2346 0.1831
vn -0.9723 0.2335 -0.0070
vn -0.9631 0.2639 0.0533
vn -0.9891 0.1464 -0.0152
vn -0.9675 -0.1757 0.1821
vn -0.9404 -0.2387 0.2421
vn -0.9875 -0.1278 0.0925
vn -0.9373 -0.2618 0.2302
vn -0.7835 0.3523 -0.5119
vn -0.9952 0.0737 0.0640
vn -0.9062 0.2305 -0.3546
vn -0.9892 -0.1129 -0.0939
vn -0.9313 0.1318 0.3396
vn -0.9975 -0.0694 -0.0132
vn -0.9314 0.1381 0.3367
vn -0.9727 0.0851 0.2159
vn -0.9429 0.2285 -0.2425
vn -0.9894 -0.1154 0.0877
vn -0.9881 -0.0406 -0.1485
vn -0.9937 0.0772 0.0814
vn -0.9264 -0.3763 0.0152
vn -0.9762 -0.2170 0.0009
vn -0.9267 -0.3758 0.0087
vn -0.9403 -0.2919 0.1752
vn -0.9737 -0.2123 0.0822
vn -0.9861 -0.1531 0.0642
vn -0.9741 -0.2112 0.0803
vn -0.9942 -0.1005 0.0376
vn -0.9986 -0.0345 0.0411
vn -0.9790 -0.0538 0.1965
vn -0.9693 -0.1986 0.1450
vn -0.9743 -0.0398 0.2216
vn -0.9651 0.0424 0.2584
vn -0.9850 -0.0004 0.1723
vn -0.9651 0.0420 0.2584
vn -0.9840 -0.0009 0.1779
vn -0.9474 -0.2788 -0.1573
vn -0.9428 -0.2840 -0.1744
vn -0.9895 -0.1111 -0.0923
vn -0.9819 -0.1491 -0.1165
vn -0.9881 0.1358 -0.0726
vn -0.9881 0.1411 0.0613
vn -0.9723 0.2322 -0.0259
vn -0.9804 0.1887 -0.0563
vn -0.9477 -0.2031 0.2461
vn -0.9655 -0.1787 0.1896
vn -0.9936 0.0374 -0.1064
vn -0.9814 -0.0825 -0.1731
vn -0.9776 0.0637 0.2005
vn -0.9231 0.1672 0.3464
vn -0.9715 -0.2362 0.0198
vn -0.9867 -0.1561 0.0457
vn -0.9642 -0.2569 -0.0656
vn -0.9527 -0.3005 0.0458
vn -0.9777 -0.1945 0.0790
vn -0.9851 -0.1603 0.0616
vn -0.9984 0.0042 0.0572
vn -0.9850 -0.1019 0.1395
vn -0.9775 0.0172 0.2105
vn -0.9761 0.0183 0.2166
vn -0.9521 0.3018 0.0490
vn -0.9253 0.3773 0.0379
vn -0.9492 0.3102 0.0533
vn -0.9241 0.3797 0.0432
vn -0.8421 0.5363 0.0571
vn -0.8303 0.5538 0.0620
vn -0.8738 0.4823 0.0623
vn -0.8677 0.4935 0.0588
vn -0.9860 0.1007 0.1331
vn -0.8728 0.4012 0.2779
vn -0.9820 0.1116 0.1526
vn -0.8779 0.4001 0.2630
vn -0.9537 0.2386 0.1829
vn -0.9541 0.2344 0.1863
vn -0.9764 0.2139 -0.0294
vn -0.8896 0.4567 -0.0092
vn -0.9745 0.2233 -0.0241
vn -0.8957 0.4439 -0.0272
vn -0.9496 0.3112 -0.0366
vn -0.9486 0.3142 -0.0385
vn -0.9552 0.2850 -0.0798
vn -0.9663 0.2354 -0.1045
vn -0.9589 0.2721 -0.0808
vn -0.9664 0.2343 -0.1053
vn -0.9254 0.3499 -0.1455
vn -0.9149 0.3794 -0.1380
vn -0.9122 0.3928 -0.1164
vn -0.9182 0.3767 -0.1229
vn -0.9633 0.1511 -0.2220
vn -0.9736 0.1368 -0.1830
vn -0.9635 0.1502 -0.2216
vn -0.9741 0.1316 -0.1840
vn -0.9133 0.2545 -0.3179
vn -0.9189 0.2427 -0.3111
vn -0.9174 0.2416 -0.3163
vn -0.9174 0.2434 -0.3148
vn -0.9936 0.1114 -0.0199
vn -0.8477 0.5035 -0.1668
vn -0.9931 0.1153 -0.0194
vn -0.8629 0.4712 -0.1829
vn -0.9619 0.2572 -0.0927
vn -0.9577 0.2677 -0.1054
vn -0.9813 0.0199 -0.1914
vn -0.9164 0.2054 -0.3437
vn -0.9809 0.0247 -0.1932
vn -0.9223 0.1734 -0.3455
vn -0.9634 0.0711 -0.2585
vn -0.9609 0.0715 -0.2677
vn -0.9597 0.0119 -0.2809
vn -0.9857 -0.0171 -0.1676
vn -0.9606 0.0088 -0.2777
vn -0.9857 -0.0195 -0.1675
vn -0.9121 0.0622 -0.4052
vn -0.9048 0.0657 -0.4208
vn -0.8978 0.0677 -0.4353
vn -0.8952 0.0717 -0.4399
vn -0.8670 -0.2323 -0.4408
vn -0.9146 -0.2439 -0.3224
vn -0.8456 -0.2016 -0.4943
vn -0.9144 -0.2421 -0.3245
vn -0.8977 -0.2497 -0.3630
vn -0.8867 -0.2316 -0.4001
vn -0.9709 0.0447 -0.2354
vn -0.9508 0.0072 -0.3098
vn -0.9903 -0.0548 -0.1273
vn -0.9418 0.0555 -0.3315
vn -0.9343 0.1163 -0.3370
vn -0.9583 0.0682 -0.2775
vn -0.9656 -0.1969 -0.1700
vn -0.8717 -0.2247 -0.4354
vn -0.9734 -0.2150 -0.0797
vn -0.8763 -0.2374 -0.4193
vn -0.9226 -0.2149 -0.3204
vn -0.9400 -0.2285 -0.2535
vn -0.9195 -0.3416 -0.1945
vn -0.9385 -0.3141 -0.1436
vn -0.9182 -0.3427 -0.1987
vn -0.9384 -0.3131 -0.1460
vn -0.8657 -0.4167 -0.2773
vn -0.8533 -0.4288 -0.2967
vn -0.8603 -0.4188 -0.2908
vn -0.8533 -0.4278 -0.2982
vn -0.9214 -0.3729 -0.1094
vn -0.9367 -0.3378 -0.0920
vn -0.9193 -0.3769 -0.1131
vn -0.9364 -0.3381 -0.0941
vn -0.8624 -0.4847 -0.1462
vn -0.8530 -0.4994 -0.1518
vn -0.8617 -0.4853 -0.1482
vn -0.8560 -0.4948 -0.1502
vn -0.9657 -0.2591 -0.0187
vn -0.8269 -0.5124 -0.2320
vn -0.9499 -0.2861 -0.1260
vn -0.8301 -0.5172 -0.2086
vn -0.9257 -0.3744 -0.0536
vn -0.9163 -0.3854 -0.1091
vn -0.9401 -0.3295 -0.0874
vn -0.7894 -0.4599 -0.4067
vn -0.9654 -0.2604 -0.0169
vn -0.8488 -0.4333 -0.3028
vn -0.9039 -0.3914 -0.1723
vn -0.9360 -0.3387 -0.0959
vn -0.9495 -0.3063 0.0686
vn -0.8352 -0.5412 0.0973
vn -0.8970 -0.4412 0.0279
vn -0.8355 -0.5406 0.0983
vn -0.7626 -0.6382 0.1053
vn -0.7559 -0.6460 0.1065
vn -0.8268 -0.5578 0.0723
vn -0.8511 -0.5157 0.0985
vn -0.7990 -0.4272 0.4232
vn -0.8461 -0.3374 0.4127
vn -0.7725 -0.4844 0.4107
vn -0.8464 -0.3357 0.4134
vn -0.8353 -0.3481 0.4256
vn -0.8216 -0.3854 0.4200
vn -0.9562 -0.2784 0.0907
vn -0.7956 -0.5882 0.1453
vn -0.9552 -0.2823 0.0895
vn -0.8067 -0.5674 0.1650
vn -0.9056 -0.4027 0.1328
vn -0.9055 -0.4012 0.1380
vn -0.9504 -0.1934 0.2438
vn -0.8329 -0.3962 0.3864
vn -0.9470 -0.2053 0.2470
vn -0.8434 -0.3656 0.3937
vn -0.9146 -0.2545 0.3142
vn -0.9122 -0.2554 0.3205
vn -0.9107 -0.2137 0.3536
vn -0.9133 -0.3470 0.2132
vn -0.9136 -0.2085 0.3490
vn -0.9136 -0.3463 0.2132
vn -0.8069 -0.4199 0.4155
vn -0.8464 -0.3502 0.4012
vn -0.8778 -0.2398 0.4147
vn -0.8306 -0.3125 0.4608
vn -0.9285 -0.0091 0.3712
vn -0.9477 -0.0189 0.3185
vn -0.9284 -0.0091 0.3715
vn -0.9479 -0.0180 0.3179
vn -0.8795 0.0065 0.4758
vn -0.8724 0.0087 0.4887
vn -0.8750 0.0078 0.4841
vn -0.8696 0.0095 0.4937
vn -0.9679 -0.1424 0.2069
vn -0.8340 -0.2555 0.4891
vn -0.9657 -0.1492 0.2124
vn -0.8447 -0.2300 0.4832
vn -0.9282 -0.1708 0.3307
vn -0.9285 -0.1678 0.3314
vn -0.9623 0.0578 0.2659
vn -0.8806 0.0812 0.4669
vn -0.9589 0.0532 0.2788
vn -0.8864 0.0959 0.4528
vn -0.9359 0.0841 0.3420
vn -0.9351 0.0847 0.3441
vn -0.9403 0.1334 0.3131
vn -0.9739 0.1645 0.1562
vn -0.9374 0.1347 0.3210
vn -0.9736 0.1613 0.1615
vn -0.9277 0.2363 0.2892
vn -0.8986 0.2420 0.3659
vn -0.8804 0.2084 0.4260
vn -0.8962 0.2196 0.3856
vn -0.9684 0.1560 0.1947
vn -0.8896 0.2731 0.3662
vn -0.9652 0.1575 0.2088
vn -0.8942 0.2792 0.3501
vn -0.9423 0.2165 0.2555
vn -0.9420 0.2162 0.2566
vn -0.9459 0.2451 0.2125
vn -0.9653 0.2076 0.1582
vn -0.9417 0.2522 0.2227
vn -0.9643 0.2069 0.1653
vn -0.9032 0.3448 0.2554
vn -0.8880 0.3674 0.2766
vn -0.8925 0.3540 0.2796
vn -0.8902 0.3622 0.2764
vn -0.3549 0.9034 0.2409
vn -0.3506 0.8161 0.4594
vn -0.0602 0.9485 0.3109
vn -0.0338 0.9452 0.3248
vn -0.1286 0.8723 0.4717
vn 0.0565 0.9268 0.3712
vn -0.0719 0.8902 0.4499
vn -0.2919 0.9545 0.0604
vn -0.1973 0.9665 0.1641
vn -0.1131 0.8998 0.4213
vn -0.2238 0.9604 0.1661
vn -0.1749 0.9505 0.2567
vn -0.1346 0.9113 0.3891
vn -0.3735 0.8990 0.2286
vn -0.3560 0.8496 0.3892
vn 0.3509 0.9222 -0.1626
vn 0.1109 0.9933 0.0316
vn 0.5606 0.7873 -0.2568
vn 0.2098 0.7809 -0.5884
vn -0.3532 -0.9221 0.1581
vn -0.0948 -0.9947 -0.0394
vn -0.5994 -0.7066 0.3760
vn -0.0075 -0.9915 -0.1297
vn -0.7388 -0.4143 0.5315
vn -0.6235 0.2275 -0.7480
vn -0.1938 0.9569 0.2165
vn -0.5791 0.1773 -0.7958
vn -0.5518 0.1978 -0.8102
vn -0.8140 -0.0337 -0.5798
vn 0.6340 0.0219 0.7730
vn 0.6123 0.0076 0.7906
vn -0.1831 0.9316 0.3138
vn 0.6373 -0.0168 0.7704
vn 0.4935 0.0289 0.8692
vn -0.1431 0.9295 0.3399
vn -0.1882 0.9431 0.2743
vn -0.5742 0.7743 0.2661
vn -0.3346 0.7425 0.5803
vn -0.8115 0.4727 0.3436
vn -0.7294 0.5736 0.3728
vn -0.6887 0.6255 0.3666
vn -0.4745 0.8424 0.2554
vn -0.7222 0.6515 0.2322
vn -0.7324 0.6302 0.2576
vn -0.5061 0.6562 0.5597
vn -0.7226 0.6869 0.0777
vn -0.7498 0.6430 0.1560
vn -0.6266 0.6319 0.4561
vn -0.6945 0.6335 0.3411
vn -0.7014 0.6449 0.3035
vn -0.6364 0.5945 0.4915
vn -0.8107 0.5395 0.2274
vn -0.7450 0.5075 0.4331
vn -0.0811 0.9958 0.0415
vn -0.3321 0.9269 0.1748
vn 0.1600 0.9511 -0.2643
vn 0.1967 0.9788 -0.0578
vn -0.6378 0.6664 0.3861
vn 0.0695 -0.9971 -0.0318
vn 0.3350 -0.9223 -0.1927
vn -0.2065 -0.9759 0.0699
vn 0.4538 -0.8597 -0.2344
vn -0.5313 -0.8257 0.1898
vn -0.4911 0.0695 -0.8683
vn -0.4164 0.1059 -0.9030
vn -0.6372 0.7022 0.3176
vn -0.4442 0.1157 -0.8884
vn -0.4128 0.1081 -0.9044
vn -0.4943 0.0609 -0.8672
vn 0.1559 0.1881 0.9697
vn 0.4069 0.1024 0.9077
vn 0.3950 0.0771 0.9155
vn 0.4277 0.0494 0.9026
vn 0.2784 -0.0440 0.9594
vn -0.5449 -0.6409 0.5407
vn -0.7277 -0.5800 -0.3661
vn -0.8341 -0.4202 -0.3574
vn -0.4385 -0.4370 0.7854
vn -0.7193 0.6067 0.3383
vn -0.7345 0.5862 0.3420
vn -0.6563 0.5739 0.4898
vn -0.7817 0.3067 0.5430
vn -0.6842 0.6629 0.3039
vn -0.8893 0.4080 0.2066
vn -0.8197 0.5249 0.2293
vn -0.5890 0.8009 0.1082
vn -0.4229 0.9045 -0.0556
vn -0.6040 0.7969 0.0052
vn -0.7009 0.7131 -0.0173
vn -0.4348 0.8332 0.3416
vn -0.6479 0.7296 -0.2191
vn -0.7141 0.6904 -0.1158
vn -0.5606 0.7852 0.2632
vn -0.6392 0.7624 0.1008
vn -0.7644 0.6319 0.1279
vn -0.7006 0.6330 0.3292
vn -0.8434 0.5362 0.0336
vn -0.7913 0.5492 0.2686
vn 0.0827 0.9555 -0.2830
vn -0.1990 0.9656 -0.1671
vn 0.2805 0.8645 -0.4171
vn 0.3422 0.8878 -0.3076
vn -0.5984 0.7956 0.0940
vn -0.0940 -0.9523 0.2903
vn 0.2103 -0.9659 0.1508
vn -0.3720 -0.8643 0.3386
vn 0.3430 -0.9347 0.0931
vn -0.7337 -0.5886 0.3395
vn -0.5692 -0.1691 -0.8046
vn -0.3339 -0.1416 -0.9319
vn -0.5677 0.8203 0.0693
vn -0.3287 -0.1234 -0.9364
vn -0.2974 -0.1447 -0.9437
vn -0.4570 -0.2048 -0.8656
vn -0.1381 0.2641 0.9545
vn 0.3262 0.3449 0.8801
vn 0.3034 0.3276 0.8948
vn 0.3405 0.2856 0.8958
vn 0.1008 0.2404 0.9654
vn -0.7228 -0.4266 0.5437
vn -0.8252 -0.5378 -0.1727
vn -0.8878 -0.4026 -0.2231
vn -0.6155 -0.1831 0.7666
vn -0.7022 0.6767 0.2215
vn -0.7760 0.6209 0.1107
vn -0.6982 0.6368 0.3273
vn -0.8378 0.3887 0.3835
vn -0.7132 0.6952 0.0904
vn 0.1683 0.8172 0.5513
vn 0.2045 0.8573 0.4725
vn 0.1152 0.9411 0.3178
vn -0.0002 0.9958 0.0920
vn 0.0158 0.9406 0.3391
vn 0.0349 0.9122 0.4082
vn 0.2937 0.9399 0.1741
vn -0.1548 0.9171 0.3674
vn -0.0700 0.9038 0.4221
vn 0.2185 0.9372 0.2720
vn 0.0966 0.9250 0.3676
vn 0.1060 0.9022 0.4180
vn 0.2978 0.8885 0.3491
vn 0.0344 0.8377 0.5450
vn 0.2689 0.8144 0.5142
vn -0.2469 0.8904 -0.3823
vn -0.1204 0.9845 -0.1276
vn -0.3620 0.7362 -0.5719
vn -0.2963 0.7338 -0.6114
vn 0.1525 0.9421 0.2985
vn -0.2955 0.7015 -0.6485
vn 0.2539 -0.8854 0.3894
vn 0.1037 -0.9877 0.1172
vn 0.3175 -0.7137 0.6244
vn 0.0448 -0.9989 -0.0132
vn 0.3405 -0.3351 0.8785
vn -0.7938 -0.0266 0.6076
vn -0.9274 0.0178 0.3737
vn 0.0477 0.9546 0.2941
vn -0.9263 0.0385 0.3748
vn -0.9350 0.0094 0.3544
vn -0.8750 0.0223 0.4836
vn 0.9639 0.2581 0.0654
vn 0.8800 0.1745 -0.4418
vn 0.8948 0.1623 -0.4159
vn 0.8917 0.1200 -0.4364
vn 0.9483 0.2072 -0.2403
vn 0.5991 -0.3030 0.7411
vn -0.0821 -0.4251 0.9014
vn -0.2084 -0.1807 0.9612
vn 0.7552 -0.0622 0.6525
vn 0.1365 0.9171 0.3746
vn 0.1456 0.8918 0.4284
vn 0.3270 0.8579 0.3963
vn 0.3839 0.6953 0.6076
vn 0.0720 0.9312 0.3574
vn 0.9140 0.4008 0.0632
vn 0.8851 0.4654 -0.0072
vn 0.9232 0.3806 -0.0540
vn 0.8873 0.4475 -0.1113
vn 0.9552 0.1155 -0.2724
vn 0.9225 0.1608 -0.3510
vn 0.9453 0.2606 -0.1964
vn 0.9678 0.2059 -0.1447
vn 0.8797 0.4689 0.0789
vn 0.8770 0.4752 0.0705
vn 0.9113 0.4096 0.0430
vn 0.9127 0.4074 0.0321
vn 0.9276 0.2527 -0.2750
vn 0.8593 0.3218 -0.3977
vn 0.9646 0.2561 -0.0634
vn 0.9694 0.2451 -0.0142
vn 0.9289 0.3627 0.0744
vn 0.8961 0.4423 0.0356
vn 0.9209 0.3878 -0.0402
vn 0.8961 0.4403 -0.0559
vn 0.9310 0.2685 -0.2474
vn 0.8870 0.3495 -0.3018
vn 0.9438 0.2908 -0.1573
vn 0.9559 0.2562 -0.1434
vn 0.8185 0.5488 0.1700
vn 0.8444 0.4957 0.2034
vn 0.9074 0.3603 0.2164
vn 0.9253 0.2962 0.2367
vn 0.9858 -0.0393 0.1634
vn 0.9763 -0.1011 0.1915
vn 0.9807 0.0734 0.1811
vn 0.9762 0.1344 0.1704
vn 0.9383 0.2816 0.2008
vn 0.8916 0.4311 0.1384
vn 0.9109 0.4103 -0.0435
vn 0.8375 0.5427 -0.0639
vn 0.9265 0.0817 -0.3673
vn 0.9026 0.1152 -0.4147
vn 0.9580 0.1816 -0.2222
vn 0.9645 0.1655 -0.2056
vn 0.8669 0.3678 0.3365
vn 0.8178 0.4857 0.3087
vn 0.8244 0.5425 0.1612
vn 0.7933 0.5918 0.1431
vn 0.7872 0.6130 -0.0666
vn 0.7221 0.6853 -0.0944
vn 0.8537 0.5208 -0.0019
vn 0.8703 0.4924 0.0061
vn 0.9448 0.0123 0.3275
vn 0.9115 0.1476 0.3840
vn 0.9474 0.1920 0.2559
vn 0.9169 0.2648 0.2985
vn 0.9607 0.2720 -0.0552
vn 0.9296 0.3670 -0.0352
vn 0.9772 0.2084 0.0413
vn 0.9841 0.1758 0.0250
vn 0.8478 0.3566 0.3925
vn 0.8461 0.3607 0.3925
vn 0.9015 0.3216 0.2895
vn 0.9198 0.2807 0.2743
vn 0.9749 0.1426 0.1708
vn 0.9734 0.1558 0.1681
vn 0.9831 0.1066 0.1490
vn 0.9749 0.1573 0.1576
vn 0.9618 0.1197 0.2460
vn 0.9180 0.2514 0.3066
vn 0.9465 0.2900 0.1418
vn 0.9124 0.3607 0.1936
vn 0.9182 0.3378 -0.2068
vn 0.8852 0.4314 -0.1738
vn 0.9509 0.2902 -0.1073
vn 0.9566 0.2575 -0.1362
vn 0.9075 0.0775 0.4128
vn 0.8630 0.1832 0.4708
vn 0.8913 0.2603 0.3713
vn 0.8617 0.3121 0.4000
vn 0.8786 0.4156 0.2351
vn 0.8234 0.4988 0.2706
vn 0.9152 0.3300 0.2315
vn 0.9289 0.3011 0.2158
vn 0.9724 0.0121 0.2329
vn 0.9376 0.1148 0.3283
vn 0.9517 0.2077 0.2263
vn 0.9244 0.2597 0.2793
vn 0.9185 0.3925 -0.0474
vn 0.8844 0.4667 -0.0006
vn 0.9536 0.3005 0.0168
vn 0.9608 0.2774 -0.0013
vn 0.8906 0.1676 0.4227
vn 0.8713 0.2179 0.4398
vn 0.8897 0.2688 0.3691
vn 0.8708 0.3084 0.3828
vn 0.8529 0.5136 0.0931
vn 0.7741 0.6224 0.1156
vn 0.9088 0.3649 0.2023
vn 0.9320 0.3097 0.1884
vn 0.8781 -0.0151 0.4783
vn 0.8937 -0.0485 0.4460
vn 0.9788 -0.0458 0.1997
vn 0.9827 -0.0727 0.1706
vn 0.9709 -0.1395 -0.1949
vn 0.9587 -0.1814 -0.2191
vn 0.9900 -0.0617 -0.1267
vn 0.9939 -0.0394 -0.1028
vn 0.8658 -0.0675 0.4958
vn 0.8689 -0.0736 0.4894
vn 0.9279 -0.0266 0.3718
vn 0.9213 -0.0130 0.3886
vn 0.8745 0.4289 0.2267
vn 0.8338 0.4855 0.2626
vn 0.9466 0.1956 0.2564
vn 0.9637 0.1438 0.2249
vn 0.9562 -0.1773 0.2329
vn 0.9232 -0.1184 0.3656
vn 0.9349 0.0409 0.3526
vn 0.9172 0.0772 0.3910
vn 0.9185 0.3537 0.1769
vn 0.8830 0.3980 0.2487
vn 0.9604 0.2382 0.1446
vn 0.9636 0.2191 0.1535
vn 0.8920 -0.3241 0.3151
vn 0.9062 -0.3406 0.2507
vn 0.9233 -0.3547 0.1473
vn 0.9252 -0.3643 0.1066
vn 0.9543 -0.1871 -0.2331
vn 0.9356 -0.2009 -0.2905
vn 0.9591 -0.2809 -0.0352
vn 0.9641 -0.2643 -0.0262
vn 0.9190 -0.3830 0.0939
vn 0.8913 -0.3994 0.2147
vn 0.9184 -0.2825 0.2772
vn 0.9070 -0.2634 0.3285
vn 0.9417 0.1074 0.3190
vn 0.9052 0.1094 0.4106
vn 0.9664 -0.0079 0.2569
vn 0.9712 -0.0320 0.2360
vn 0.9726 -0.2322 -0.0108
vn 0.9494 -0.2849 0.1322
vn 0.9737 -0.1524 0.1696
vn 0.9560 -0.1689 0.2401
vn 0.9578 0.0416 0.2844
vn 0.9190 0.0197 0.3937
vn 0.9797 0.0312 0.1981
vn 0.9854 0.0363 0.1662
vn 0.9086 -0.4145 -0.0511
vn 0.8885 -0.4535 0.0706
vn 0.9064 -0.3612 0.2191
vn 0.8930 -0.3544 0.2773
vn 0.9180 0.0047 0.3966
vn 0.8741 -0.0106 0.4856
vn 0.9561 -0.0965 0.2766
vn 0.9631 -0.1072 0.2470
vn 0.8623 -0.4379 -0.2542
vn 0.8617 -0.4493 -0.2359
vn 0.9051 -0.3595 -0.2270
vn 0.8894 -0.4260 -0.1657
vn 0.9738 0.1662 -0.1550
vn 0.9658 0.1765 -0.1901
vn 0.9848 -0.1568 -0.0744
vn 0.9833 -0.1340 -0.1230
vn 0.9087 -0.3540 -0.2214
vn 0.8862 -0.4474 -0.1202
vn 0.9387 -0.3448 -0.0005
vn 0.9064 -0.4172 0.0663
vn 0.9483 -0.1293 0.2899
vn 0.9079 -0.1874 0.3749
vn 0.9635 -0.1994 0.1787
vn 0.9809 -0.1455 0.1293
vn 0.9651 -0.2291 -0.1271
vn 0.9593 -0.2620 -0.1053
vn 0.9726 -0.2246 -0.0608
vn 0.9451 -0.3263 -0.0199
vn 0.9815 0.0507 0.1849
vn 0.9851 0.0853 0.1492
vn 0.9504 -0.2727 0.1495
vn 0.9806 -0.1572 0.1170
vn 0.8719 -0.1912 -0.4507
vn 0.8790 -0.2973 -0.3729
vn 0.9406 -0.2415 -0.2387
vn 0.9296 -0.3057 -0.2059
vn 0.9911 -0.1300 0.0281
vn 0.9702 -0.2191 0.1037
vn 0.9892 -0.1007 -0.1065
vn 0.9907 -0.0592 -0.1224
vn 0.9733 -0.1548 -0.1696
vn 0.9568 -0.2657 -0.1180
vn 0.9540 -0.2998 -0.0060
vn 0.9255 -0.3786 0.0122
vn 0.9470 -0.0682 0.3140
vn 0.9261 -0.1194 0.3580
vn 0.9818 -0.1272 0.1410
vn 0.9850 -0.1174 0.1262
vn 0.9245 -0.0563 -0.3770
vn 0.9238 -0.1626 -0.3467
vn 0.9475 -0.2761 -0.1614
vn 0.9344 -0.3198 -0.1569
vn 0.9538 -0.1951 0.2285
vn 0.9222 -0.3003 0.2437
vn 0.9847 -0.1599 0.0691
vn 0.9896 -0.1210 0.0773
vn 0.9602 -0.0579 -0.2733
vn 0.9480 -0.1671 -0.2708
vn 0.9736 -0.1920 -0.1236
vn 0.9578 -0.2548 -0.1334
vn 0.9651 -0.1556 0.2107
vn 0.9478 -0.2262 0.2249
vn 0.9885 -0.1208 0.0906
vn 0.9917 -0.0895 0.0928
vn 0.9154 -0.1592 -0.3697
vn 0.9217 -0.1107 -0.3717
vn 0.9574 0.0924 -0.2736
vn 0.9448 0.1214 -0.3044
vn 0.8686 0.4846 0.1038
vn 0.8769 0.4693 0.1035
vn 0.8867 0.4610 -0.0336
vn 0.9061 0.4210 -0.0413
vn 0.9491 0.0347 -0.3132
vn 0.9391 -0.0537 -0.3394
vn 0.9718 -0.0733 -0.2242
vn 0.9614 -0.1202 -0.2476
vn 0.9901 -0.1276 0.0585
vn 0.9757 -0.2139 0.0468
vn 0.9971 -0.0678 -0.0346
vn 0.9990 -0.0368 -0.0234
vn 0.8987 0.0210 -0.4380
vn 0.8812 -0.0689 -0.4678
vn 0.9588 -0.1438 -0.2451
vn 0.9444 -0.1798 -0.2753
vn 0.8704 -0.0956 0.4830
vn 0.8728 -0.1597 0.4612
vn 0.9716 -0.0998 0.2145
vn 0.9641 -0.0726 0.2554
vn 0.9548 0.0591 -0.2912
vn 0.9300 -0.0295 -0.3663
vn 0.9561 -0.1219 -0.2664
vn 0.9325 -0.1746 -0.3161
vn 0.9528 -0.3029 0.0192
vn 0.9299 -0.3674 -0.0160
vn 0.9762 -0.2114 -0.0482
vn 0.9817 -0.1876 -0.0316
vn 0.8811 0.1888 -0.4336
vn 0.8721 0.1443 -0.4676
vn 0.9098 0.0380 -0.4134
vn 0.9164 0.0211 -0.3996
vn 0.9651 -0.1712 -0.1982
vn 0.9345 -0.2474 -0.2560
vn 0.9800 -0.0418 -0.1945
vn 0.9790 -0.0228 -0.2025
vn 0.8569 0.5023 -0.1159
vn 0.8731 0.4048 -0.2717
vn 0.9455 0.1816 -0.2703
vn 0.9181 0.1328 -0.3735
vn 0.9925 -0.0394 0.1158
vn 0.9921 -0.0901 0.0872
vn 0.9927 0.0996 0.0683
vn 0.9944 0.0971 0.0427
vn 0.8618 0.3568 -0.3605
vn 0.8684 0.3733 -0.3263
vn 0.9495 0.2982 -0.0976
vn 0.9408 0.3266 -0.0911
vn 0.9412 0.2727 0.1995
vn 0.9276 0.2917 0.2333
vn 0.9575 0.2303 0.1736
vn 0.9656 0.2232 0.1331
vn 0.8633 0.4207 -0.2787
vn 0.8467 0.3807 -0.3718
vn 0.9276 0.1672 -0.3340
vn 0.9148 0.1554 -0.3728
vn 0.9611 -0.2713 -0.0507
vn 0.9419 -0.3030 -0.1449
vn 0.9880 -0.1100 -0.1087
vn 0.9916 -0.1076 -0.0715
vn 0.9220 0.3455 -0.1749
vn 0.9064 0.3503 -0.2362
vn 0.9395 0.2565 -0.2270
vn 0.9292 0.2620 -0.2607
vn 0.9747 -0.0299 -0.2214
vn 0.9508 -0.0399 -0.3072
vn 0.9817 0.0765 -0.1747
vn 0.9854 0.0804 -0.1499
vn 0.8399 0.5369 -0.0791
vn 0.8317 0.5407 -0.1261
vn 0.8407 0.5071 -0.1898
vn 0.8548 0.4892 -0.1731
vn 0.8973 0.2883 -0.3341
vn 0.8224 0.2769 -0.4970
vn 0.9323 0.3471 -0.1020
vn 0.9221 0.3764 -0.0892
vn 0.8918 0.4515 -0.0283
vn 0.8569 0.4929 -0.1512
vn 0.9091 0.3771 -0.1770
vn 0.9130 0.3629 -0.1862
vn 0.9909 0.0881 -0.1014
vn 0.9749 0.1110 -0.1929
vn 0.9962 0.0861 -0.0145
vn 0.9894 0.1329 -0.0587
vn 0.8507 0.5251 0.0217
vn 0.8471 0.5313 0.0064
vn 0.8522 0.5232 -0.0090
vn 0.8644 0.5018 0.0325
vn 0.8794 0.1646 0.4466
vn 0.8223 0.0870 0.5624
vn 0.9088 0.3045 0.2851
vn 0.9148 0.3568 0.1894
vn -0.8026 -0.0490 -0.5945
vn 0.3182 0.2068 0.9252
vn -0.4955 -0.3459 0.7967
vn -0.8880 -0.4333 0.1541
vn -0.9698 -0.2436 0.0103
vn -0.3454 -0.1629 0.9242
vn -0.0373 0.9572 -0.2869
vn 0.1257 0.9917 -0.0274
vn -0.0965 0.8324 -0.5457
vn -0.1473 0.8343 -0.5313
vn 0.9520 0.0678 -0.2986
vn 0.0471 -0.9540 0.2961
vn -0.1440 -0.9894 0.0170
vn 0.1632 -0.8272 0.5376
vn -0.2149 -0.9700 -0.1135
vn 0.3293 -0.5297 0.7817
vn -0.6540 0.1832 0.7340
vn -0.8814 0.2013 0.4272
vn -0.7633 0.3277 0.5568
vn -0.8654 0.2262 0.4471
vn -0.8841 0.2011 0.4219
vn -0.7918 0.2335 0.5644
vn 0.9705 -0.0114 -0.2409
vn 0.8699 -0.0014 -0.4932
vn 0.8836 -0.0169 -0.4679
vn 0.8673 -0.0662 -0.4933
vn 0.9393 -0.1136 -0.3237
vn 0.7010 -0.5152 0.4931
vn 0.0704 -0.4424 0.8940
vn -0.1043 -0.2267 0.9684
vn 0.8271 -0.3410 0.4467
vn 0.0839 0.9960 -0.0305
vn -0.2005 0.9623 -0.1839
vn 0.1954 0.9399 0.2801
vn 0.2736 0.9521 0.1367
vn -0.5990 0.7607 -0.2501
vn -0.0983 -0.9951 0.0103
vn 0.1833 -0.9604 0.2097
vn -0.3170 -0.9346 -0.1612
vn 0.3569 -0.8931 0.2739
vn -0.5570 -0.7267 -0.4020
vn 0.4139 0.1046 -0.9043
vn 0.5723 0.0283 -0.8196
vn -0.4080 0.8029 -0.4347
vn 0.5504 0.0683 -0.8321
vn 0.5636 0.0378 -0.8252
vn 0.4832 -0.0048 -0.8755
vn -0.7075 0.0349 0.7058
vn -0.5480 0.1761 0.8177
vn -0.5943 0.1637 0.7874
vn -0.5677 0.1255 0.8136
vn -0.7063 0.0368 0.7070
vn -0.7897 -0.6131 -0.0228
vn -0.2956 -0.6087 -0.7363
vn -0.2252 -0.4342 -0.8722
vn -0.9286 -0.3378 0.1538
vn 0.9679 -0.0760 -0.2397
vn 0.9188 0.3364 -0.2065
vn 0.9728 -0.0057 0.2317
vn 0.9430 0.3018 0.1402
vn 0.9663 0.0379 0.2546
vn 0.9541 0.1352 0.2671
vn 0.9443 0.2408 0.2242
vn 0.9433 0.3271 0.0573
vn 0.9551 0.2824 -0.0899
vn 0.9269 0.3223 -0.1925
vn 0.9704 -0.1183 -0.2106
vn 0.9779 -0.1743 -0.1153
vn 0.9903 -0.0791 0.1141
vn 0.9114 0.2902 -0.2919
vn 0.9324 0.1222 -0.3401
vn 0.9648 -0.0198 -0.2623
vn 0.9905 -0.0835 0.1093
vn 0.9901 -0.0922 -0.1057
vn 0.9550 -0.1560 -0.2524
vn 0.9604 -0.0834 -0.2660
vn 0.9537 -0.0856 0.2882
vn 0.9568 -0.0370 -0.2885
vn 0.9382 0.0968 -0.3324
vn 0.8898 0.3364 -0.3085
vn 0.8996 0.3891 -0.1985
vn 0.9276 0.2787 0.2488
vn 0.9385 0.1473 0.3124
vn 0.9552 0.0270 0.2946
vn 0.9205 0.3642 0.1412
vn 0.9157 0.3734 -0.1486
vn 0.9429 0.3216 -0.0873
vn 0.9259 0.3753 0.0427
vn 0.8048 0.5499 -0.2232
vn 0.8384 0.5292 0.1305
vn 0.8910 0.2341 0.3889
vn 0.9175 -0.1422 0.3715
vn 0.8995 -0.1600 -0.4065
vn 0.8636 0.2529 -0.4361
vn 0.9286 -0.3444 0.1385
vn 0.9190 -0.3679 -0.1420
vn 0.9483 -0.1220 -0.2931
vn 0.9331 -0.1745 0.3144
vn 0.9425 0.0053 0.3342
vn 0.9202 0.1300 0.3692
vn 0.9218 0.2619 0.2860
vn 0.8907 0.4439 0.0978
vn 0.8760 0.4778 -0.0662
vn 0.9196 0.3314 -0.2111
vn 0.9522 -0.2350 -0.1952
vn 0.9324 -0.3552 -0.0665
vn 0.9268 -0.3427 0.1536
vn 0.8908 0.2528 -0.3777
vn 0.8834 0.1156 -0.4542
vn 0.9223 -0.0248 -0.3857
vn 0.9099 0.3256 -0.2571
vn 0.8991 0.3804 0.2168
vn -0.7046 0.0695 0.7062
vn -0.7063 -0.0377 -0.7069
vn 0.7164 0.0405 0.6965
vn 0.7054 -0.0651 -0.7058
vn 0.0015 -0.0735 -0.9973
vn 0.9998 -0.0185 -0.0087
vn -0.9998 0.0216 0.0005
vn 0.0077 0.0773 0.9970
vn -0.7021 0.0463 -0.7106
vn 0.6999 -0.0466 0.7127
vn 0.7116 -0.0829 -0.6976
vn -0.7024 0.0814 0.7071
vn -0.0027 0.0250 0.9997
vn -0.9959 0.0905 -0.0002
vn 0.9958 -0.0915 0.0102
vn 0.0089 -0.0258 -0.9996
vn 0.5470 0.7103 0.4429
vn 0.2038 0.7297 0.6527
vt -0.951873 0.969996
vt -1.073148 0.950048
vt -0.951873 0.950048
vt -1.073148 0.969996
vt -1.152432 0.950048
vt -1.152432 0.930097
vt -1.073148 0.930097
vt -0.951873 0.930097
vt -1.073148 0.910017
vt -0.951873 0.910017
vt -1.152432 0.910017
vt -1.152432 0.889938
vt -1.073148 0.889938
vt -0.951873 0.889938
vt -0.951873 0.850039
vt -1.073148 0.829959
vt -0.951873 0.829959
vt -1.073148 0.850039
vt -1.152432 0.829959
vt -1.073148 0.990075
vt -1.152432 0.969996
vt -0.951873 0.990075
vt -1.073148 0.869990
vt -0.951873 0.869990
vt -1.152432 0.869990
vt -1.152432 0.850039
vt 0.226179 0.679666
vt 0.369636 0.703881
vt 0.226179 0.703881
vt 0.369636 0.679666
vt 0.586269 0.703881
vt 0.586269 0.722532
vt 0.369636 0.722532
vt 0.226179 0.722532
vt 0.008472 0.760152
vt 0.111809 0.778855
vt 0.008472 0.778855
vt 0.111809 0.760152
vt 0.226179 0.778855
vt 0.226179 0.797509
vt 0.111809 0.797509
vt 0.008472 0.797509
vt 0.111809 0.816400
vt 0.008472 0.816400
vt 0.226179 0.816400
vt 0.111809 0.660832
vt 0.111809 0.679666
vt 0.008472 0.660832
vt 0.008472 0.679666
vt 0.008472 0.722532
vt 0.111809 0.741375
vt 0.008472 0.741375
vt 0.111809 0.722532
vt 0.226179 0.741375
vt 0.226179 0.760152
vt -0.606824 0.889938
vt -0.785315 0.869990
vt -0.606824 0.869990
vt -0.785315 0.889938
vt -0.785315 0.850039
vt -0.606824 0.850039
vt -0.785315 0.829959
vt -0.606824 0.829959
vt -0.785315 0.990075
vt -0.785315 0.969996
vt -0.606824 0.990075
vt -0.606824 0.969996
vt -0.606824 0.930097
vt -0.785315 0.910017
vt -0.606824 0.910017
vt -0.785315 0.930097
vt -0.785315 0.950048
vt -0.606824 0.950048
vt 0.606226 0.796390
vt 0.660526 0.783975
vt 0.660526 0.796390
vt 0.606226 0.783975
vt 0.660526 0.771527
vt 0.702938 0.771527
vt 0.702938 0.783975
vt 0.702938 0.796390
vt 0.606226 0.746490
vt 0.660526 0.734077
vt 0.660526 0.746490
vt 0.606226 0.734077
vt 0.660526 0.717960
vt 0.702938 0.717960
vt 0.702938 0.734077
vt 0.702938 0.746490
vt 0.606226 0.771527
vt 0.660526 0.759030
vt 0.606226 0.759030
vt 0.702938 0.759030
vt 0.606226 0.717960
vt 0.660526 0.705426
vt 0.606226 0.808963
vt 0.660526 0.808963
vt 0.702938 0.808962
vt 0.702938 0.705425
vt 0.735804 0.759030
vt 0.735804 0.771527
vt 0.735804 0.746490
vt 0.763020 0.746490
vt 0.763020 0.759030
vt 0.763020 0.771527
vt 0.735804 0.734077
vt 0.735804 0.717960
vt 0.763020 0.717960
vt 0.763020 0.734077
vt 0.735804 0.783975
vt 0.735804 0.796390
vt 0.763020 0.783975
vt 0.763020 0.796390
vt 0.735804 0.705425
vt 0.735804 0.808962
vt 0.763020 0.808962
vt 0.763020 0.705425
vt 0.790340 0.783975
vt 0.790340 0.796390
vt 0.790340 0.771527
vt 0.823259 0.771527
vt 0.823259 0.783975
vt 0.823259 0.796390
vt 0.790340 0.705425
vt 0.790340 0.717960
vt 0.790340 0.808962
vt 0.823259 0.808962
vt 0.823259 0.705425
vt 0.823259 0.717960
vt 0.790340 0.759030
vt 0.790340 0.746490
vt 0.823259 0.746490
vt 0.823259 0.759030
vt 0.790340 0.734077
vt 0.823259 0.734077
vt 0.369636 0.778855
vt 0.369636 0.760152
vt 0.586269 0.778855
vt 0.586269 0.797509
vt 0.369636 0.797509
vt 0.369636 0.816400
vt 0.586269 0.816400
vt 0.369636 0.660832
vt 0.586269 0.679666
vt 0.226179 0.660832
vt 0.369636 0.741375
vt 0.586269 0.741375
vt 0.586269 0.760152
vt 0.111809 0.703881
vt 0.008472 0.703881
vt -0.271245 0.950048
vt -0.271245 0.930097
vt -0.271245 0.910017
vt -0.271245 0.889938
vt -0.271245 0.829959
vt -0.271245 0.850039
vt -0.271245 0.990075
vt -0.271245 0.969996
vt -0.271245 0.869990
vt -0.057009 0.869990
vt -0.057009 0.850039
vt 0.333665 0.829959
vt 0.333665 0.850039
vt -0.057009 0.990075
vt -0.057009 0.969996
vt -0.057009 0.930097
vt -0.057009 0.910017
vt -0.057009 0.889938
vt 0.333665 0.950048
vt 0.333665 0.969996
vt -0.057009 0.950048
vt 0.498514 0.950048
vt 0.333665 0.930097
vt 0.498514 0.930097
vt 0.333665 0.910017
vt 0.498514 0.910017
vt 0.333665 0.889938
vt 0.498514 0.889938
vt 0.498514 0.850039
vt 0.923467 0.829959
vt 0.923468 0.850039
vt 0.498514 0.990075
vt 0.498514 0.969996
vt 0.923468 0.869990
vt 0.923468 0.889938
vt 0.498514 0.869990
vt 0.333665 0.869990
vt 0.923468 0.950048
vt 0.923468 0.969996
vt 0.809831 0.387419
vt 0.796699 0.377836
vt 0.821457 0.363050
vt 0.842906 0.347090
vt 0.836595 0.338959
vt 0.859225 0.326407
vt 0.788757 0.364708
vt 0.787387 0.349638
vt 0.815151 0.354707
vt 0.817070 0.343959
vt 0.802045 0.322413
vt 0.825679 0.337920
vt 0.831137 0.313154
vt 0.825360 0.392213
vt 0.868592 0.354153
vt 0.864045 0.369423
vt 0.841276 0.358005
vt 0.840985 0.390528
vt 0.832629 0.364448
vt 0.854287 0.382447
vt 0.867158 0.339055
vt 0.792247 0.334678
vt 0.770925 0.399463
vt 0.846646 0.317328
vt 0.857893 0.294547
vt 0.900731 0.291972
vt 0.879514 0.309875
vt 0.869204 0.269519
vt 0.909518 0.284309
vt 0.830790 0.259889
vt 0.873917 0.258859
vt 0.831062 0.287361
vt 0.803935 0.290001
vt 0.756659 0.282476
vt 0.791267 0.263844
vt 0.830976 0.248018
vt 0.931469 0.320514
vt 0.920468 0.324006
vt 0.763244 0.324509
vt 0.780421 0.303504
vt 0.731943 0.313253
vt 0.747574 0.273407
vt 0.720039 0.351123
vt 0.720080 0.308264
vt 0.754723 0.350305
vt 0.847258 0.421479
vt 0.886783 0.433376
vt 0.853871 0.454537
vt 0.723712 0.389376
vt 0.706911 0.350927
vt 0.786492 0.252709
vt 0.887499 0.384503
vt 0.870193 0.407009
vt 0.912331 0.401569
vt 0.894242 0.443598
vt 0.923295 0.362494
vt 0.923127 0.407362
vt 0.895630 0.358109
vt 0.757103 0.376538
vt 0.743764 0.424018
vt 0.857116 0.467127
vt 0.893144 0.331782
vt 0.793641 0.416329
vt 0.776521 0.448503
vt 0.733852 0.433355
vt 0.815733 0.459397
vt 0.770555 0.460672
vt 0.820591 0.424614
vt 0.739807 0.264466
vt 0.711378 0.394048
vt 0.708126 0.180531
vt 0.720963 0.129740
vt 0.718769 0.183428
vt 0.688638 0.219997
vt 0.701763 0.229494
vt 0.694511 0.086818
vt 0.673469 0.042255
vt 0.703056 0.080682
vt 0.580750 0.025954
vt 0.530164 0.031063
vt 0.579418 0.016032
vt 0.627721 0.029963
vt 0.629968 0.021178
vt 0.666756 0.051719
vt 0.534251 0.038809
vt 0.489506 0.064437
vt 0.610845 0.258714
vt 0.662559 0.260904
vt 0.609977 0.276665
vt 0.561013 0.257098
vt 0.555282 0.271653
vt 0.515844 0.242519
vt 0.506934 0.252116
vt 0.653778 0.246542
vt 0.470116 0.162962
vt 0.473812 0.214355
vt 0.460004 0.164311
vt 0.474022 0.115313
vt 0.465105 0.112043
vt 0.495415 0.070229
vt 0.484353 0.208883
vt 0.570033 0.107840
vt 0.602372 0.104690
vt 0.589716 0.140393
vt 0.580882 0.170886
vt 0.558916 0.158590
vt 0.626225 0.148530
vt 0.607475 0.164234
vt 0.553811 0.130180
vt 0.623313 0.125288
vt 0.566134 0.098569
vt 0.558256 0.081508
vt 0.586019 0.075837
vt 0.709970 0.303115
vt 0.700441 0.397541
vt 0.782698 0.241802
vt 0.917993 0.276551
vt 0.878452 0.248986
vt 0.831537 0.236520
vt 0.941750 0.316892
vt 0.724849 0.441198
vt 0.814427 0.472544
vt 0.765583 0.470787
vt 0.860681 0.477708
vt 0.902148 0.452860
vt 0.934856 0.363282
vt 0.933011 0.412069
vt 0.946560 0.363842
vt 0.815536 0.314623
vt 0.710873 0.132158
vt 0.689668 0.649673
vt 0.650010 0.652796
vt 0.652777 0.645293
vt 0.733184 0.676463
vt 0.778940 0.670060
vt 0.778851 0.677383
vt 0.689636 0.676534
vt 0.733676 0.669558
vt 0.650030 0.673633
vt 0.688645 0.663130
vt 0.689081 0.669710
vt 0.733993 0.663070
vt 0.778771 0.663187
vt 0.652752 0.681173
vt 0.733602 0.656569
vt 0.778946 0.656317
vt 0.839000 0.655366
vt 0.839077 0.671212
vt 0.689055 0.656537
vt 0.407750 0.269861
vt 0.320058 0.363836
vt 0.303289 0.273195
vt 0.012484 0.134597
vt 0.054703 0.024840
vt 0.154831 0.022049
vt 0.232104 0.128617
vt 0.297443 0.013900
vt 0.336997 0.113225
vt 0.126383 0.121596
vt 0.227206 0.023503
vt 0.444258 0.107610
vt 0.336997 0.113225
vt 0.397224 0.008750
vt 0.239950 0.204841
vt 0.247178 0.275049
vt 0.168823 0.278609
vt 0.425025 0.193087
vt 0.246402 0.442769
vt 0.042093 0.215219
vt 0.154632 0.361932
vt 0.733217 0.649667
vt 0.778874 0.649028
vt 0.838656 0.646923
vt 0.838638 0.679601
vt 0.619775 0.651511
vt 0.626446 0.639450
vt 0.624593 0.671055
vt 0.636780 0.663386
vt 0.607510 0.638965
vt 0.628794 0.686332
vt 0.627579 0.680092
vt 0.606041 0.673781
vt 0.605713 0.685232
vt 0.067924 0.285554
vt 0.303289 0.273195
vt 0.126383 0.121596
vt 0.239950 0.204841
vt 0.168823 0.278609
vt 0.425025 0.193087
vt 0.042093 0.215219
vt 0.242295 0.264307
vt 0.321222 0.362589
vt 0.422355 0.204955
vt 0.182164 0.278003
vt 0.042839 0.217249
vt 0.148013 0.356101
vt 0.731862 0.677360
vt 0.732222 0.670211
vt 0.732430 0.663026
vt 0.732165 0.656002
vt 0.731887 0.648805
vt 0.651236 0.652663
vt 0.651418 0.644563
vt 0.782243 0.670352
vt 0.782033 0.677823
vt 0.649853 0.663374
vt 0.781967 0.663162
vt 0.651358 0.681261
vt 0.782176 0.656052
vt 0.782023 0.648635
vt 0.648352 0.673475
vt 0.723207 0.670075
vt 0.723556 0.677030
vt 0.723431 0.649004
vt 0.723434 0.663305
vt 0.723138 0.655989
vt 0.734096 0.674090
vt 0.807278 0.666579
vt 0.807569 0.670264
vt 0.732217 0.668151
vt 0.730790 0.662495
vt 0.807290 0.658901
vt 0.083335 0.308665
vt 0.133458 0.420615
vt 0.090307 0.426583
vt 0.084466 0.588847
vt 0.163440 0.528772
vt 0.161345 0.603873
vt 0.089301 0.507929
vt 0.039753 0.418819
vt 0.676586 0.677125
vt 0.674435 0.671700
vt 0.806513 0.651709
vt 0.731807 0.656821
vt 0.732816 0.651072
vt 0.005240 0.515498
vt 0.016681 0.594754
vt 0.675418 0.651700
vt 0.626026 0.658999
vt 0.636459 0.640099
vt 0.630813 0.663697
vt 0.647194 0.662495
vt 0.617779 0.639581
vt 0.645272 0.682048
vt 0.638677 0.674052
vt 0.618093 0.673366
vt 0.626762 0.683889
vt 0.673367 0.658312
vt 0.470298 0.367777
vt 0.383042 0.317150
vt 0.480914 0.322086
vt 0.480547 0.373871
vt 0.511584 0.476487
vt 0.488942 0.476487
vt 0.560535 0.373770
vt 0.480736 0.321448
vt 0.561764 0.320883
vt 0.388049 0.358584
vt 0.388199 0.359825
vt 0.440292 0.446146
vt 0.417650 0.446146
vt 0.652801 0.315350
vt 0.572996 0.358398
vt 0.572965 0.315350
vt 0.388181 0.359674
vt 0.622336 0.454552
vt 0.599311 0.454552
vt 0.392121 0.371268
vt 0.480916 0.372663
vt 0.471276 0.368445
vt 0.472211 0.371630
vt 0.572995 0.356800
vt 0.562490 0.372600
vt 0.480753 0.326086
vt 0.561829 0.325567
vt 0.479761 0.364273
vt 0.649064 0.376530
vt 0.390092 0.367898
vt 0.389140 0.367711
vt 0.574241 0.376530
vt 0.559797 0.382885
vt 0.489355 0.476348
vt 0.480829 0.382870
vt 0.564458 0.344101
vt 0.480209 0.344100
vt 0.564113 0.316675
vt 0.480514 0.316675
vt 0.650274 0.366742
vt 0.597020 0.455072
vt 0.573428 0.366904
vt 0.653093 0.314436
vt 0.569495 0.314436
vt 0.652697 0.321791
vt 0.564283 0.330213
vt 0.480364 0.330213
vt 0.683790 0.648045
vt 0.652962 0.646532
vt 0.651789 0.645507
vt 0.738179 0.676579
vt 0.780995 0.669539
vt 0.780962 0.676551
vt 0.683684 0.677475
vt 0.738147 0.669567
vt 0.682175 0.655461
vt 0.633581 0.660803
vt 0.738033 0.662919
vt 0.780768 0.663079
vt 0.681150 0.663030
vt 0.653224 0.680084
vt 0.682385 0.670364
vt 0.738126 0.656339
vt 0.781003 0.656596
vt 0.738268 0.649379
vt 0.781025 0.649569
vt 0.837647 0.647334
vt 0.651030 0.673707
vt 0.837983 0.671224
vt 0.837571 0.679108
vt 0.379122 0.532159
vt 0.440659 0.489478
vt 0.380858 0.493816
vt 0.474939 0.529755
vt 0.528868 0.509769
vt 0.475126 0.496283
vt 0.440421 0.530629
vt 0.192605 0.584742
vt 0.249815 0.550573
vt 0.194019 0.553508
vt 0.286810 0.585564
vt 0.346579 0.565640
vt 0.286969 0.557144
vt 0.249608 0.586204
vt 0.377818 0.577921
vt 0.435272 0.547413
vt 0.379232 0.546687
vt 0.473488 0.588753
vt 0.534234 0.572246
vt 0.473647 0.560332
vt 0.435065 0.583045
vt 0.307897 0.564895
vt 0.193665 0.529215
vt 0.255446 0.490196
vt 0.195400 0.490871
vt 0.289481 0.528520
vt 0.351467 0.503650
vt 0.289669 0.495048
vt 0.255207 0.531347
vt 0.191653 0.589388
vt 0.253190 0.546707
vt 0.193389 0.551044
vt 0.287470 0.586984
vt 0.346049 0.563897
vt 0.287657 0.553512
vt 0.252951 0.587858
vt 0.536171 0.573796
vt 0.194079 0.582418
vt 0.255485 0.546541
vt 0.195552 0.549870
vt 0.288788 0.587794
vt 0.343693 0.563902
vt 0.288975 0.554323
vt 0.255246 0.587692
vt 0.195901 0.530628
vt 0.250612 0.487145
vt 0.197636 0.492285
vt 0.291702 0.530885
vt 0.354436 0.500425
vt 0.291920 0.492091
vt 0.250353 0.531854
vt 0.432945 0.489199
vt 0.432892 0.530383
vt 0.618317 0.650445
vt 0.627155 0.640125
vt 0.623598 0.670123
vt 0.607905 0.637967
vt 0.629574 0.688097
vt 0.626819 0.680079
vt 0.606243 0.673810
vt 0.605189 0.684723
vt 0.657239 0.137602
vt 0.660474 0.104793
vt 0.670486 0.135063
vt 0.533339 0.179434
vt 0.542576 0.208485
vt 0.520663 0.187063
vt 0.534195 0.100708
vt 0.511256 0.124811
vt 0.524135 0.093120
vt 0.524092 0.128061
vt 0.509381 0.156402
vt 0.522985 0.154097
vt 0.620821 0.191524
vt 0.651550 0.190720
vt 0.629401 0.205952
vt 0.551462 0.196878
vt 0.572239 0.216781
vt 0.576064 0.202408
vt 0.602686 0.215208
vt 0.600734 0.200628
vt 0.551394 0.071011
vt 0.633016 0.093352
vt 0.616873 0.065394
vt 0.641696 0.082678
vt 0.612939 0.077487
vt 0.583924 0.063442
vt 0.649238 0.112302
vt 0.638555 0.180241
vt 0.668152 0.167323
vt 0.654485 0.162635
vt 0.605415 0.095572
vt 0.543722 0.129514
vt 0.632279 0.121738
vt 0.636284 0.152872
vt 0.550298 0.165565
vt 0.579116 0.181258
vt 0.612017 0.172911
vt 0.333665 0.990075
vt -0.057009 0.829959
vt 0.923467 0.990075
vt 0.498514 0.829959
vt 0.923468 0.910017
vt 0.923468 0.930097
vt 0.239225 0.024019
vt 0.838138 0.655261
vt -1.152432 0.990075
vt 0.606226 0.705426
vt 0.586269 0.660832
vt 0.695038 0.349919
vt 0.813727 0.484636
vt 0.473767 0.360487
vt 0.473606 0.361355
vt 0.651038 0.358398
vt 0.473890 0.359827
vt 0.651104 0.356800
vt 0.561595 0.364087
vt 0.511996 0.476348
vt 0.619661 0.455072
vt 0.528765 0.528242
vt 0.346486 0.582205
vt 0.534141 0.588812
vt 0.351364 0.522124
vt 0.345946 0.582371
vt 0.536854 0.586099
vt 0.343590 0.582375
vt 0.354332 0.518899
s 1
f 15/1/15 117/2/117 69/3/69
f 64/4/64 49/5/49 117/2/117
f 117/2/117 7/6/7 48/7/48
f 69/3/69 48/7/48 13/8/13
f 13/8/13 118/9/118 68/10/68
f 48/7/48 52/11/52 118/9/118
f 118/9/118 5/12/5 65/13/65
f 68/10/68 65/13/65 16/14/16
f 14/15/14 119/16/119 67/17/67
f 63/18/63 50/19/50 119/16/119
f 119/20/119 3/21/3 64/4/64
f 67/22/67 64/4/64 15/1/15
f 16/14/16 120/23/120 66/24/66
f 65/13/65 53/25/53 120/23/120
f 120/23/120 1/26/1 63/18/63
f 66/24/66 63/18/63 14/15/14
f 11/27/11 121/28/121 61/29/61
f 56/30/56 101/31/101 121/28/121
f 121/28/121 29/32/29 47/33/47
f 61/29/61 47/33/47 10/34/10
f 6/35/6 122/36/122 46/37/46
f 96/38/96 58/39/58 122/36/122
f 122/36/122 9/40/9 94/41/94
f 46/37/46 94/41/94 2/42/2
f 2/42/2 123/43/123 54/44/54
f 94/41/94 59/45/59 123/43/123
f 123/46/123 11/27/11 95/47/95
f 54/48/54 95/47/95 4/49/4
f 8/50/8 124/51/124 45/52/45
f 97/53/97 60/54/60 124/51/124
f 124/51/124 12/55/12 96/38/96
f 45/52/45 96/38/96 6/35/6
f 33/56/33 125/57/125 108/58/108
f 102/59/102 66/24/66 125/57/125
f 125/57/125 14/15/14 104/60/104
f 108/58/108 104/60/104 35/61/35
f 35/61/35 126/62/126 107/63/107
f 104/60/104 67/17/67 126/62/126
f 126/64/126 15/1/15 103/65/103
f 107/66/107 103/65/103 34/67/34
f 36/68/36 127/69/127 106/70/106
f 62/71/62 68/10/68 127/69/127
f 127/69/127 16/14/16 102/59/102
f 106/70/106 102/59/102 33/56/33
f 34/67/34 128/72/128 105/73/105
f 103/65/103 69/3/69 128/72/128
f 128/72/128 13/8/13 62/71/62
f 105/73/105 62/71/62 36/68/36
f 1/74/1 129/75/129 74/76/74
f 53/77/53 75/78/75 129/75/129
f 129/75/129 19/79/19 73/80/73
f 74/76/74 73/80/73 17/81/17
f 7/82/7 130/83/130 76/84/76
f 49/85/49 77/86/77 130/83/130
f 130/83/130 18/87/18 70/88/70
f 76/84/76 70/88/70 20/89/20
f 5/90/5 131/91/131 75/78/75
f 52/92/52 76/84/76 131/91/131
f 131/91/131 20/89/20 72/93/72
f 75/78/75 72/93/72 19/79/19
f 3/94/3 132/95/132 77/86/77
f 50/96/50 74/76/74 132/97/132
f 132/97/132 17/81/17 71/98/71
f 77/86/77 71/99/71 18/87/18
f 19/79/19 133/100/133 82/101/82
f 72/93/72 83/102/83 133/100/133
f 133/100/133 24/103/24 80/104/80
f 82/101/82 80/104/80 23/105/23
f 20/89/20 134/106/134 83/102/83
f 70/88/70 84/107/84 134/106/134
f 134/106/134 22/108/22 78/109/78
f 83/102/83 78/109/78 24/103/24
f 17/81/17 135/110/135 85/111/85
f 73/80/73 82/101/82 135/110/135
f 135/110/135 23/105/23 81/112/81
f 85/111/85 81/112/81 21/113/21
f 18/87/18 136/114/136 84/107/84
f 71/98/71 85/111/85 136/115/136
f 136/115/136 21/113/21 79/116/79
f 84/107/84 79/117/79 22/108/22
f 21/113/21 137/118/137 90/119/90
f 81/112/81 91/120/91 137/118/137
f 137/118/137 28/121/28 89/122/89
f 90/119/90 89/122/89 27/123/27
f 22/108/22 138/124/138 92/125/92
f 79/116/79 90/119/90 138/126/138
f 138/126/138 27/123/27 87/127/87
f 92/125/92 87/128/87 25/129/25
f 23/105/23 139/130/139 91/120/91
f 80/104/80 93/131/93 139/130/139
f 139/130/139 26/132/26 88/133/88
f 91/120/91 88/133/88 28/121/28
f 24/103/24 140/134/140 93/131/93
f 78/109/78 92/125/92 140/134/140
f 140/134/140 25/129/25 86/135/86
f 93/131/93 86/135/86 26/132/26
f 12/55/12 141/136/141 58/39/58
f 57/137/57 98/138/98 141/136/141
f 141/136/141 32/139/32 55/140/55
f 58/39/58 55/140/55 9/40/9
f 9/40/9 142/141/142 59/45/59
f 55/140/55 99/142/99 142/141/142
f 142/143/142 31/144/31 56/30/56
f 59/145/59 56/30/56 11/27/11
f 10/34/10 143/146/143 60/54/60
f 47/33/47 100/147/100 143/146/143
f 143/146/143 30/148/30 57/137/57
f 60/54/60 57/137/57 12/55/12
f 4/49/4 144/149/144 51/150/51
f 95/47/95 61/29/61 144/149/144
f 144/149/144 10/34/10 97/53/97
f 51/150/51 97/53/97 8/50/8
f 112/151/112 36/68/36 40/152/40
f 40/152/40 106/70/106 111/153/111
f 111/153/111 33/56/33 37/154/37
f 35/61/35 110/155/110 39/156/39
f 110/157/110 34/67/34 38/158/38
f 33/56/33 109/159/109 37/154/37
f 109/159/109 35/61/35 39/156/39
f 1865/160/1865 39/156/39 1864/161/1864
f 1864/161/1864 115/162/115 43/163/43
f 1866/164/1866 38/158/38 1863/165/1863
f 1861/166/1861 111/153/111 1867/167/1867
f 1867/167/1867 37/154/37 1862/168/1862
f 1863/165/1863 113/169/113 42/170/42
f 1868/171/1868 40/152/40 1861/166/1861
f 1873/172/1873 44/173/44 1872/174/1872
f 1872/174/1872 114/175/114 1874/176/1874
f 1874/176/1874 41/177/41 1869/178/1869
f 1871/179/1871 99/180/99 32/181/32
f 1875/182/1875 42/170/42 1870/183/1870
f 1869/178/1869 98/184/98 30/185/30
f 1876/186/1876 43/163/43 1871/179/1871
f 1862/168/1862 116/187/116 41/177/41
f 1870/183/1870 101/188/101 31/189/31
f 34/67/34 112/151/112 38/158/38
f 175/190/175 174/191/174 87/192/87
f 28/193/28 88/194/88 165/195/165
f 147/196/147 170/197/170 25/198/25
f 86/199/86 168/200/168 26/201/26
f 88/194/88 26/201/26 167/202/167
f 176/203/176 175/190/175 87/192/87
f 173/204/173 172/205/172 89/206/89
f 148/207/148 176/203/176 27/208/27
f 171/209/171 148/207/148 27/208/27
f 145/210/145 173/204/173 28/193/28
f 169/211/169 168/200/168 86/199/86
f 175/190/175 222/212/222 174/191/174
f 166/213/166 165/195/165 88/194/88
f 232/214/232 177/215/177 231/216/231
f 178/217/178 204/218/204 177/215/177
f 179/219/179 205/220/205 178/217/178
f 233/221/233 178/217/178 232/214/232
f 162/222/162 180/223/180 150/224/150
f 150/224/150 206/225/206 179/219/179
f 177/215/177 157/226/157 161/227/161
f 229/228/229 180/223/180 228/229/228
f 181/230/181 198/231/198 180/223/180
f 182/232/182 199/233/199 181/230/181
f 230/234/230 181/230/181 229/228/229
f 152/235/152 183/236/183 164/237/164
f 151/238/151 200/239/200 182/232/182
f 180/223/180 159/240/159 150/224/150
f 162/222/162 179/219/179 233/221/233
f 226/241/226 183/236/183 225/242/225
f 184/243/184 216/244/216 183/236/183
f 185/245/185 217/246/217 184/243/184
f 227/247/227 184/243/184 226/241/226
f 163/248/163 186/249/186 151/238/151
f 157/226/157 185/245/185 161/227/161
f 183/236/183 154/250/154 164/237/164
f 149/251/149 177/215/177 161/227/161
f 163/248/163 182/232/182 230/234/230
f 223/252/223 186/249/186 222/212/222
f 187/253/187 210/254/210 186/249/186
f 188/255/188 211/256/211 187/253/187
f 224/257/224 187/253/187 223/252/223
f 199/233/199 201/258/201 198/231/198
f 154/250/154 188/255/188 164/237/164
f 186/249/186 156/259/156 151/238/151
f 185/245/185 149/251/149 161/227/161
f 1856/260/1856 220/261/220 221/262/221
f 1859/263/1859 221/262/221 158/264/158
f 1858/265/1858 153/266/153 219/267/219
f 1854/268/1854 213/269/213 214/270/214
f 1853/271/1853 214/270/214 215/272/215
f 1845/273/1845 215/272/215 153/266/153
f 1855/274/1855 155/275/155 213/269/213
f 1851/276/1851 207/277/207 208/278/208
f 1850/279/1850 208/278/208 209/280/209
f 1860/281/1860 209/280/209 160/282/160
f 1852/283/1852 158/264/158 207/277/207
f 1848/284/1848 201/285/201 202/286/202
f 1847/287/1847 202/286/202 203/288/203
f 1846/289/1846 203/288/203 155/275/155
f 1849/290/1849 160/282/160 201/285/201
f 1837/291/1837 1838/292/1838 189/293/189
f 189/293/189 1844/294/1844 1841/295/1841
f 1840/296/1840 1843/297/1843 189/293/189
f 1841/295/1841 1842/298/1842 189/293/189
f 1838/292/1838 1839/299/1839 189/293/189
f 1839/299/1839 1840/296/1840 189/293/189
f 189/293/189 1842/298/1842 1837/291/1837
f 190/300/190 1821/301/1821 1822/302/1822
f 200/239/200 202/303/202 199/233/199
f 155/304/155 200/239/200 156/259/156
f 159/240/159 201/258/201 160/305/160
f 205/220/205 207/306/207 204/218/204
f 206/225/206 208/307/208 205/220/205
f 159/240/159 209/308/209 206/225/206
f 157/226/157 207/306/207 158/309/158
f 211/256/211 213/310/213 210/254/210
f 212/311/212 214/312/214 211/256/211
f 153/313/153 212/311/212 154/250/154
f 156/259/156 213/310/213 155/304/155
f 217/246/217 219/314/219 216/244/216
f 218/315/218 220/316/220 217/246/217
f 157/226/157 221/317/221 218/315/218
f 154/250/154 219/314/219 153/313/153
f 176/203/176 223/252/223 175/190/175
f 148/207/148 224/257/224 176/203/176
f 174/191/174 163/248/163 147/196/147
f 172/205/172 225/242/225 171/209/171
f 173/204/173 226/241/226 172/205/172
f 145/210/145 227/247/227 173/204/173
f 171/209/171 152/235/152 148/207/148
f 169/211/169 228/229/228 168/200/168
f 170/197/170 229/228/229 169/211/169
f 147/196/147 230/234/230 170/197/170
f 168/200/168 162/222/162 146/318/146
f 166/213/166 231/216/231 165/195/165
f 167/202/167 232/214/232 166/213/166
f 146/318/146 233/221/233 167/202/167
f 165/195/165 149/251/149 145/210/145
f 188/255/188 152/235/152 164/237/164
f 1857/319/1857 219/267/219 220/261/220
f 145/210/145 28/193/28 165/195/165
f 146/318/146 167/202/167 26/201/26
f 172/205/172 171/209/171 89/206/89
f 166/213/166 88/194/88 167/202/167
f 174/191/174 147/196/147 25/198/25
f 25/198/25 169/211/169 86/199/86
f 168/200/168 146/318/146 26/201/26
f 28/193/28 173/204/173 89/206/89
f 89/206/89 171/209/171 27/208/27
f 27/208/27 176/203/176 87/192/87
f 87/192/87 174/191/174 25/198/25
f 256/320/256 264/321/264 258/322/258
f 254/323/254 267/324/267 255/325/255
f 256/326/256 266/327/266 254/323/254
f 269/328/269 252/329/252 268/330/268
f 267/324/267 249/331/249 250/332/250
f 266/327/266 252/329/252 249/331/249
f 258/333/258 268/330/268 256/326/256
f 250/332/250 263/334/263 262/335/262
f 261/336/261 253/337/253 250/332/250
f 263/334/263 252/329/252 260/338/260
f 234/339/234 276/340/276 246/341/246
f 239/342/239 237/343/237 241/344/241
f 289/345/289 285/346/285 288/347/288
f 242/348/242 253/349/253 244/345/244
f 238/350/238 243/351/243 236/352/236
f 278/353/278 246/341/246 245/354/245
f 247/355/247 278/353/278 245/354/245
f 246/341/246 243/351/243 274/356/274
f 246/341/246 248/357/248 245/354/245
f 242/348/242 247/355/247 275/358/275
f 248/357/248 247/355/247 245/354/245
f 247/355/247 248/357/248 277/359/277
f 250/332/250 253/337/253 267/324/267
f 262/335/262 254/360/254 255/361/255
f 257/362/257 262/335/262 255/361/255
f 254/360/254 260/338/260 256/320/256
f 255/325/255 253/337/253 257/363/257
f 258/322/258 259/364/259 272/365/272
f 258/333/258 265/366/265 269/328/269
f 269/328/269 265/366/265 251/367/251
f 272/365/272 259/364/259 271/368/271
f 272/369/272 273/370/273 258/333/258
f 270/371/270 272/369/272 271/372/271
f 270/371/270 265/366/265 273/370/273
f 262/335/262 261/336/261 250/332/250
f 234/339/234 246/341/246 274/356/274
f 274/356/274 243/351/243 238/350/238
f 275/358/275 247/355/247 235/373/235
f 275/358/275 239/342/239 242/348/242
f 246/341/246 276/340/276 248/357/248
f 277/359/277 235/373/235 247/355/247
f 278/353/278 243/351/243 246/341/246
f 278/353/278 242/348/242 244/345/244
f 243/351/243 278/353/278 244/345/244
f 247/355/247 242/348/242 278/353/278
f 236/352/236 243/351/243 240/346/240
f 242/348/242 239/342/239 241/344/241
f 301/320/301 309/321/309 303/322/303
f 299/323/299 312/324/312 300/325/300
f 301/326/301 311/327/311 299/323/299
f 314/328/314 297/329/297 313/330/313
f 312/324/312 294/331/294 295/332/295
f 311/327/311 297/329/297 294/331/294
f 303/333/303 313/330/313 301/326/301
f 295/332/295 308/334/308 307/335/307
f 306/336/306 298/337/298 295/332/295
f 308/334/308 297/329/297 305/338/305
f 279/339/279 321/340/321 291/374/291
f 284/342/284 282/343/282 286/344/286
f 334/345/334 330/346/330 333/347/333
f 287/375/287 298/349/298 289/345/289
f 283/350/283 288/347/288 281/352/281
f 323/376/323 291/374/291 290/354/290
f 292/377/292 323/376/323 290/354/290
f 291/374/291 288/347/288 319/378/319
f 291/374/291 293/357/293 290/354/290
f 287/375/287 292/377/292 320/379/320
f 293/357/293 292/377/292 290/354/290
f 292/377/292 293/357/293 322/359/322
f 295/332/295 298/337/298 312/324/312
f 307/335/307 299/360/299 300/361/300
f 302/362/302 307/335/307 300/361/300
f 299/360/299 305/338/305 301/320/301
f 300/325/300 298/337/298 302/363/302
f 303/322/303 304/364/304 317/365/317
f 303/333/303 310/366/310 314/328/314
f 314/328/314 310/366/310 296/367/296
f 317/365/317 304/364/304 316/368/316
f 317/369/317 318/370/318 303/333/303
f 315/371/315 317/369/317 316/372/316
f 315/371/315 310/366/310 318/370/318
f 307/335/307 306/336/306 295/332/295
f 279/339/279 291/374/291 319/378/319
f 319/378/319 288/347/288 283/350/283
f 320/379/320 292/377/292 280/373/280
f 320/379/320 284/342/284 287/375/287
f 291/374/291 321/340/321 293/357/293
f 322/359/322 280/373/280 292/377/292
f 323/376/323 288/347/288 291/374/291
f 323/376/323 287/375/287 289/345/289
f 288/347/288 323/376/323 289/345/289
f 292/377/292 287/375/287 323/376/323
f 281/352/281 288/347/288 285/346/285
f 287/375/287 284/342/284 286/344/286
f 346/320/346 354/321/354 348/322/348
f 344/323/344 357/324/357 345/325/345
f 346/326/346 356/327/356 344/323/344
f 359/328/359 342/329/342 358/330/358
f 357/324/357 339/331/339 340/332/340
f 356/327/356 342/329/342 339/331/339
f 348/333/348 358/330/358 346/326/346
f 340/332/340 353/334/353 352/335/352
f 351/336/351 343/337/343 340/332/340
f 353/334/353 342/329/342 350/338/350
f 324/339/324 366/340/366 336/374/336
f 329/342/329 327/343/327 331/344/331
f 379/345/379 375/346/375 378/347/378
f 332/375/332 343/349/343 334/345/334
f 328/350/328 333/347/333 326/352/326
f 368/376/368 336/374/336 335/354/335
f 337/377/337 368/376/368 335/354/335
f 336/374/336 333/347/333 364/378/364
f 336/374/336 338/357/338 335/354/335
f 332/375/332 337/377/337 365/379/365
f 338/357/338 337/377/337 335/354/335
f 337/377/337 338/357/338 367/359/367
f 340/332/340 343/337/343 357/324/357
f 352/335/352 344/360/344 345/361/345
f 347/362/347 352/335/352 345/361/345
f 344/360/344 350/338/350 346/320/346
f 345/325/345 343/337/343 347/363/347
f 348/322/348 349/364/349 362/365/362
f 348/333/348 355/366/355 359/328/359
f 359/328/359 355/366/355 341/367/341
f 362/365/362 349/364/349 361/368/361
f 362/369/362 363/370/363 348/333/348
f 360/371/360 362/369/362 361/372/361
f 360/371/360 355/366/355 363/370/363
f 352/335/352 351/336/351 340/332/340
f 324/339/324 336/374/336 364/378/364
f 364/378/364 333/347/333 328/350/328
f 365/379/365 337/377/337 325/373/325
f 365/379/365 329/342/329 332/375/332
f 336/374/336 366/340/366 338/357/338
f 367/359/367 325/373/325 337/377/337
f 368/376/368 333/347/333 336/374/336
f 368/376/368 332/375/332 334/345/334
f 333/347/333 368/376/368 334/345/334
f 337/377/337 332/375/332 368/376/368
f 326/352/326 333/347/333 330/346/330
f 332/375/332 329/342/329 331/344/331
f 391/320/391 399/321/399 393/322/393
f 389/323/389 402/324/402 390/325/390
f 391/326/391 401/327/401 389/323/389
f 404/328/404 387/329/387 403/330/403
f 402/324/402 384/331/384 385/332/385
f 401/327/401 387/329/387 384/331/384
f 393/333/393 403/330/403 391/326/391
f 385/332/385 398/334/398 397/335/397
f 396/336/396 388/337/388 385/332/385
f 398/334/398 387/329/387 395/338/395
f 369/339/369 411/340/411 381/374/381
f 374/342/374 372/343/372 376/344/376
f 424/345/424 420/346/420 423/347/423
f 377/375/377 388/349/388 379/345/379
f 373/350/373 378/347/378 371/352/371
f 413/376/413 381/374/381 380/354/380
f 382/377/382 413/376/413 380/354/380
f 381/374/381 378/347/378 409/378/409
f 381/374/381 383/357/383 380/354/380
f 377/375/377 382/377/382 410/379/410
f 383/357/383 382/377/382 380/354/380
f 382/377/382 383/357/383 412/359/412
f 385/332/385 388/337/388 402/324/402
f 397/335/397 389/360/389 390/361/390
f 392/362/392 397/335/397 390/361/390
f 304/364/304 309/321/309 296/367/296
f 389/360/389 395/338/395 391/320/391
f 390/325/390 388/337/388 392/363/392
f 393/322/393 394/364/394 407/365/407
f 393/333/393 400/366/400 404/328/404
f 297/329/297 309/321/309 305/338/305
f 404/328/404 400/366/400 386/367/386
f 407/365/407 394/364/394 406/368/406
f 407/369/407 408/370/408 393/333/393
f 405/371/405 407/369/407 406/372/406
f 405/371/405 400/366/400 408/370/408
f 397/335/397 396/336/396 385/332/385
f 369/339/369 381/374/381 409/378/409
f 409/378/409 378/347/378 373/350/373
f 410/379/410 382/377/382 370/373/370
f 410/379/410 374/342/374 377/375/377
f 381/374/381 411/340/411 383/357/383
f 412/359/412 370/373/370 382/377/382
f 413/376/413 378/347/378 381/374/381
f 413/376/413 377/375/377 379/345/379
f 378/347/378 413/376/413 379/345/379
f 382/377/382 377/375/377 413/376/413
f 371/352/371 378/347/378 375/346/375
f 377/375/377 374/342/374 376/344/376
f 436/320/436 444/321/444 438/322/438
f 434/323/434 447/324/447 435/325/435
f 436/326/436 446/327/446 434/323/434
f 449/328/449 432/329/432 448/330/448
f 447/324/447 429/331/429 430/332/430
f 446/327/446 432/329/432 429/331/429
f 438/333/438 448/330/448 436/326/436
f 430/332/430 443/334/443 442/335/442
f 441/336/441 433/337/433 430/332/430
f 443/334/443 432/329/432 440/338/440
f 414/339/414 456/340/456 426/374/426
f 419/342/419 417/343/417 421/344/421
f 469/345/469 465/346/465 468/347/468
f 422/375/422 433/349/433 424/345/424
f 418/350/418 423/347/423 416/352/416
f 458/376/458 426/374/426 425/354/425
f 427/377/427 458/376/458 425/380/425
f 426/374/426 423/347/423 454/378/454
f 426/374/426 428/357/428 425/380/425
f 422/375/422 427/377/427 455/379/455
f 428/357/428 427/377/427 425/380/425
f 427/377/427 428/357/428 457/359/457
f 430/332/430 433/337/433 447/324/447
f 442/335/442 434/360/434 435/361/435
f 437/362/437 442/335/442 435/361/435
f 434/360/434 440/338/440 436/320/436
f 435/325/435 433/337/433 437/363/437
f 438/322/438 439/364/439 452/365/452
f 438/333/438 445/366/445 449/328/449
f 449/328/449 445/366/445 431/367/431
f 452/365/452 439/364/439 451/368/451
f 452/369/452 453/370/453 438/333/438
f 450/371/450 452/369/452 451/372/451
f 450/371/450 445/366/445 453/370/453
f 442/335/442 441/336/441 430/332/430
f 414/339/414 426/374/426 454/378/454
f 454/378/454 423/347/423 418/350/418
f 455/379/455 427/377/427 415/373/415
f 455/379/455 419/342/419 422/375/422
f 426/374/426 456/340/456 428/357/428
f 457/359/457 415/373/415 427/377/427
f 458/376/458 423/347/423 426/374/426
f 458/376/458 422/375/422 424/345/424
f 423/347/423 458/376/458 424/345/424
f 427/377/427 422/375/422 458/376/458
f 416/352/416 423/347/423 420/346/420
f 422/375/422 419/342/419 421/344/421
f 459/339/459 476/381/476 471/374/471
f 467/375/467 462/343/462 466/344/466
f 488/345/488 484/346/484 487/347/487
f 467/375/467 1878/349/1878 469/345/469
f 463/350/463 465/346/465 461/352/461
f 470/354/470 468/347/468 471/374/471
f 470/354/470 467/375/467 469/345/469
f 471/374/471 468/347/468 475/382/475
f 471/374/471 473/357/473 470/354/470
f 467/375/467 472/383/472 474/384/474
f 473/357/473 472/383/472 470/354/470
f 472/383/472 473/357/473 477/385/477
f 474/384/474 472/383/472 460/373/460
f 474/384/474 464/342/464 467/375/467
f 475/382/475 468/347/468 463/350/463
f 475/382/475 459/339/459 471/374/471
f 471/374/471 476/381/476 473/357/473
f 477/385/477 460/373/460 472/383/472
f 500/320/500 508/321/508 502/322/502
f 498/323/498 511/324/511 499/325/499
f 500/326/500 510/327/510 498/323/498
f 513/328/513 496/329/496 512/330/512
f 511/324/511 493/331/493 494/332/494
f 510/327/510 496/329/496 493/331/493
f 502/333/502 512/330/512 500/326/500
f 494/332/494 507/334/507 506/335/506
f 505/336/505 497/337/497 494/332/494
f 507/334/507 496/329/496 504/338/504
f 478/339/478 520/340/520 490/374/490
f 483/342/483 481/343/481 485/344/485
f 533/345/533 529/346/529 532/347/532
f 486/375/486 497/349/497 488/345/488
f 482/350/482 487/347/487 480/352/480
f 522/376/522 490/374/490 489/354/489
f 491/377/491 522/376/522 489/354/489
f 490/374/490 487/347/487 518/378/518
f 490/374/490 492/357/492 489/354/489
f 486/375/486 491/377/491 519/379/519
f 492/357/492 491/377/491 489/354/489
f 491/377/491 492/357/492 521/359/521
f 494/332/494 497/337/497 511/324/511
f 506/335/506 498/360/498 499/361/499
f 501/362/501 506/335/506 499/361/499
f 498/360/498 504/338/504 500/320/500
f 499/325/499 497/337/497 501/363/501
f 502/322/502 503/364/503 516/365/516
f 502/333/502 509/366/509 513/328/513
f 513/328/513 509/366/509 495/367/495
f 516/365/516 503/364/503 515/368/515
f 516/369/516 517/370/517 502/333/502
f 514/371/514 516/369/516 515/372/515
f 514/371/514 509/366/509 517/370/517
f 506/335/506 505/336/505 494/332/494
f 478/339/478 490/374/490 518/378/518
f 518/378/518 487/347/487 482/350/482
f 519/379/519 491/377/491 479/373/479
f 519/379/519 483/342/483 486/375/486
f 490/374/490 520/340/520 492/357/492
f 521/359/521 479/373/479 491/377/491
f 522/376/522 487/347/487 490/374/490
f 522/376/522 486/375/486 488/345/488
f 487/347/487 522/376/522 488/345/488
f 491/377/491 486/375/486 522/376/522
f 480/352/480 487/347/487 484/346/484
f 486/375/486 483/342/483 485/344/485
f 545/320/545 553/321/553 547/322/547
f 543/323/543 556/324/556 544/325/544
f 545/326/545 555/327/555 543/323/543
f 541/329/541 557/330/557 558/328/558
f 556/324/556 538/331/538 539/332/539
f 555/327/555 541/329/541 538/331/538
f 547/333/547 557/330/557 545/326/545
f 539/332/539 552/334/552 551/335/551
f 550/336/550 542/337/542 539/332/539
f 552/334/552 541/329/541 549/338/549
f 523/339/523 565/340/565 535/374/535
f 528/342/528 526/343/526 530/344/530
f 578/345/578 574/346/574 577/347/577
f 531/375/531 542/349/542 533/345/533
f 527/350/527 532/347/532 525/352/525
f 567/376/567 535/374/535 534/354/534
f 536/377/536 567/376/567 534/354/534
f 535/374/535 532/347/532 563/378/563
f 535/374/535 537/357/537 534/354/534
f 531/375/531 536/377/536 564/379/564
f 537/357/537 536/377/536 534/354/534
f 536/377/536 537/357/537 566/359/566
f 539/332/539 542/337/542 556/324/556
f 551/335/551 543/360/543 544/361/544
f 546/362/546 551/335/551 544/361/544
f 558/328/558 554/366/554 540/367/540
f 543/360/543 549/338/549 545/320/545
f 544/325/544 542/337/542 546/363/546
f 547/322/547 548/364/548 561/365/561
f 547/333/547 554/366/554 558/328/558
f 549/338/549 541/329/541 553/321/553
f 540/367/540 541/329/541 558/328/558
f 561/365/561 548/364/548 560/368/560
f 561/369/561 562/370/562 547/333/547
f 559/371/559 561/369/561 560/372/560
f 559/371/559 554/366/554 562/370/562
f 551/335/551 550/336/550 539/332/539
f 523/339/523 535/374/535 563/378/563
f 563/378/563 532/347/532 527/350/527
f 564/379/564 536/377/536 524/373/524
f 564/379/564 528/342/528 531/375/531
f 535/374/535 565/340/565 537/357/537
f 566/359/566 524/373/524 536/377/536
f 567/376/567 532/347/532 535/374/535
f 567/376/567 531/375/531 533/345/533
f 532/347/532 567/376/567 533/345/533
f 536/377/536 531/375/531 567/376/567
f 525/352/525 532/347/532 529/346/529
f 531/375/531 528/342/528 530/344/530
f 590/320/590 598/321/598 592/322/592
f 588/323/588 601/324/601 589/325/589
f 590/326/590 600/327/600 588/323/588
f 603/328/603 586/329/586 602/330/602
f 601/324/601 583/331/583 584/332/584
f 600/327/600 586/329/586 583/331/583
f 592/333/592 602/330/602 590/326/590
f 584/332/584 597/334/597 596/335/596
f 595/336/595 587/337/587 584/332/584
f 597/334/597 586/329/586 594/338/594
f 568/339/568 610/340/610 580/374/580
f 573/342/573 571/343/571 575/344/575
f 623/345/623 619/346/619 622/347/622
f 576/375/576 587/349/587 578/345/578
f 572/350/572 577/347/577 570/352/570
f 612/376/612 580/374/580 579/354/579
f 581/377/581 612/376/612 579/354/579
f 580/374/580 577/347/577 608/378/608
f 580/374/580 582/357/582 579/354/579
f 576/375/576 581/377/581 609/379/609
f 582/357/582 581/377/581 579/354/579
f 581/377/581 582/357/582 611/359/611
f 584/332/584 587/337/587 601/324/601
f 596/335/596 588/360/588 589/361/589
f 591/362/591 596/335/596 589/361/589
f 588/360/588 594/338/594 590/320/590
f 589/325/589 587/337/587 591/363/591
f 592/322/592 593/364/593 606/365/606
f 592/333/592 599/366/599 603/328/603
f 603/328/603 599/366/599 585/367/585
f 606/365/606 593/364/593 605/368/605
f 606/369/606 607/370/607 592/333/592
f 604/371/604 606/369/606 605/372/605
f 604/371/604 599/366/599 607/370/607
f 596/335/596 595/336/595 584/332/584
f 568/339/568 580/374/580 608/378/608
f 608/378/608 577/347/577 572/350/572
f 609/379/609 581/377/581 569/373/569
f 609/379/609 573/342/573 576/375/576
f 580/374/580 610/340/610 582/357/582
f 611/359/611 569/373/569 581/377/581
f 612/376/612 577/347/577 580/374/580
f 612/376/612 576/375/576 578/345/578
f 577/347/577 612/376/612 578/345/578
f 581/377/581 576/375/576 612/376/612
f 570/352/570 577/347/577 574/346/574
f 576/375/576 573/342/573 575/344/575
f 635/320/635 643/321/643 637/322/637
f 633/323/633 646/324/646 634/325/634
f 635/326/635 645/327/645 633/323/633
f 631/329/631 647/330/647 648/328/648
f 646/324/646 628/331/628 629/332/629
f 645/327/645 631/329/631 628/331/628
f 637/333/637 647/330/647 635/326/635
f 629/332/629 642/334/642 641/335/641
f 640/336/640 632/337/632 629/332/629
f 642/334/642 631/329/631 639/338/639
f 613/339/613 655/340/655 625/374/625
f 618/342/618 616/343/616 620/344/620
f 668/345/668 664/346/664 667/347/667
f 621/375/621 632/349/632 623/345/623
f 617/350/617 622/347/622 615/352/615
f 657/376/657 625/374/625 624/354/624
f 626/377/626 657/376/657 624/354/624
f 625/374/625 622/347/622 653/378/653
f 625/374/625 627/357/627 624/354/624
f 621/375/621 626/377/626 654/379/654
f 627/357/627 626/377/626 624/354/624
f 626/377/626 627/357/627 656/359/656
f 629/332/629 632/337/632 646/324/646
f 641/335/641 633/360/633 634/361/634
f 636/362/636 641/335/641 634/361/634
f 648/328/648 644/366/644 630/367/630
f 633/360/633 639/338/639 635/320/635
f 634/325/634 632/337/632 636/363/636
f 643/321/643 638/364/638 651/365/651
f 652/370/652 644/366/644 648/328/648
f 639/338/639 631/329/631 643/321/643
f 630/367/630 631/329/631 648/328/648
f 651/365/651 638/364/638 650/368/650
f 651/369/651 652/370/652 637/333/637
f 649/371/649 651/369/651 650/372/650
f 649/371/649 644/366/644 652/370/652
f 641/335/641 640/336/640 629/332/629
f 613/339/613 625/374/625 653/378/653
f 653/378/653 622/347/622 617/350/617
f 654/379/654 626/377/626 614/373/614
f 654/379/654 618/342/618 621/375/621
f 625/374/625 655/340/655 627/357/627
f 656/359/656 614/373/614 626/377/626
f 657/376/657 622/347/622 625/374/625
f 657/376/657 621/375/621 623/345/623
f 622/347/622 657/376/657 623/345/623
f 626/377/626 621/375/621 657/376/657
f 615/352/615 622/347/622 619/346/619
f 621/375/621 618/342/618 620/344/620
f 680/320/680 688/321/688 682/322/682
f 678/323/678 691/324/691 679/325/679
f 680/326/680 690/327/690 678/323/678
f 693/328/693 676/329/676 692/330/692
f 691/324/691 673/331/673 674/332/674
f 690/327/690 676/329/676 673/331/673
f 682/333/682 692/330/692 680/326/680
f 674/332/674 687/334/687 686/335/686
f 685/336/685 677/337/677 674/332/674
f 687/334/687 676/329/676 684/338/684
f 658/339/658 700/340/700 670/374/670
f 663/342/663 661/343/661 665/344/665
f 713/345/713 709/346/709 712/347/712
f 666/375/666 677/349/677 668/345/668
f 662/350/662 667/347/667 660/352/660
f 702/376/702 670/374/670 669/354/669
f 671/377/671 702/376/702 669/354/669
f 670/374/670 667/347/667 698/378/698
f 670/374/670 672/357/672 669/354/669
f 666/375/666 671/377/671 699/379/699
f 672/357/672 671/377/671 669/354/669
f 671/377/671 672/357/672 701/359/701
f 674/332/674 677/337/677 691/324/691
f 686/335/686 678/360/678 679/361/679
f 681/362/681 686/335/686 679/361/679
f 678/360/678 684/338/684 680/320/680
f 679/325/679 677/337/677 681/363/681
f 682/322/682 683/364/683 696/365/696
f 682/333/682 689/366/689 693/328/693
f 693/328/693 689/366/689 675/367/675
f 696/365/696 683/364/683 695/368/695
f 696/369/696 697/370/697 682/333/682
f 694/371/694 696/369/696 695/372/695
f 694/371/694 689/366/689 697/370/697
f 686/335/686 685/336/685 674/332/674
f 658/339/658 670/374/670 698/378/698
f 698/378/698 667/347/667 662/350/662
f 699/379/699 671/377/671 659/373/659
f 699/379/699 663/342/663 666/375/666
f 670/374/670 700/340/700 672/357/672
f 701/359/701 659/373/659 671/377/671
f 702/376/702 667/347/667 670/374/670
f 702/376/702 666/375/666 668/345/668
f 667/347/667 702/376/702 668/345/668
f 671/377/671 666/375/666 702/376/702
f 660/352/660 667/347/667 664/346/664
f 666/375/666 663/342/663 665/344/665
f 703/339/703 720/381/720 715/374/715
f 711/375/711 706/343/706 710/344/710
f 732/345/732 728/346/728 731/347/731
f 711/375/711 1784/349/1784 713/345/713
f 707/350/707 709/346/709 705/352/705
f 714/354/714 712/347/712 715/374/715
f 714/354/714 711/375/711 713/345/713
f 715/374/715 712/347/712 719/382/719
f 715/374/715 717/357/717 714/354/714
f 711/375/711 716/383/716 718/384/718
f 717/357/717 716/383/716 714/354/714
f 716/383/716 717/357/717 721/385/721
f 718/384/718 716/383/716 704/373/704
f 718/384/718 708/342/708 711/375/711
f 719/382/719 712/347/712 707/350/707
f 719/382/719 703/339/703 715/374/715
f 715/374/715 720/381/720 717/357/717
f 721/385/721 704/373/704 716/383/716
f 744/320/744 752/321/752 746/322/746
f 742/323/742 755/324/755 743/325/743
f 744/326/744 754/327/754 742/323/742
f 757/328/757 740/329/740 756/330/756
f 755/324/755 737/331/737 738/332/738
f 754/327/754 740/329/740 737/331/737
f 746/333/746 756/330/756 744/326/744
f 738/332/738 751/334/751 750/335/750
f 749/336/749 741/337/741 738/332/738
f 751/334/751 740/329/740 748/338/748
f 722/339/722 764/340/764 734/374/734
f 727/342/727 725/343/725 729/344/729
f 777/345/777 773/346/773 776/347/776
f 730/375/730 741/349/741 732/345/732
f 726/350/726 731/347/731 724/352/724
f 766/376/766 734/374/734 733/354/733
f 735/377/735 766/376/766 733/354/733
f 734/374/734 731/347/731 762/378/762
f 734/374/734 736/357/736 733/354/733
f 730/375/730 735/377/735 763/379/763
f 736/357/736 735/377/735 733/354/733
f 735/377/735 736/357/736 765/359/765
f 738/332/738 741/337/741 755/324/755
f 750/335/750 742/360/742 743/361/743
f 745/362/745 750/335/750 743/361/743
f 742/360/742 748/338/748 744/320/744
f 743/325/743 741/337/741 745/363/745
f 746/322/746 747/364/747 760/365/760
f 746/333/746 753/366/753 757/328/757
f 830/329/830 842/321/842 838/338/838
f 757/328/757 753/366/753 739/367/739
f 760/365/760 747/364/747 759/368/759
f 760/369/760 761/370/761 746/333/746
f 758/371/758 760/369/760 759/372/759
f 758/371/758 753/366/753 761/370/761
f 750/335/750 749/336/749 738/332/738
f 722/339/722 734/374/734 762/378/762
f 762/378/762 731/347/731 726/350/726
f 763/379/763 735/377/735 723/373/723
f 763/379/763 727/342/727 730/375/730
f 734/374/734 764/340/764 736/357/736
f 765/359/765 723/373/723 735/377/735
f 766/376/766 731/347/731 734/374/734
f 766/376/766 730/375/730 732/345/732
f 731/347/731 766/376/766 732/345/732
f 735/377/735 730/375/730 766/376/766
f 724/352/724 731/347/731 728/346/728
f 730/375/730 727/342/727 729/344/729
f 789/320/789 797/321/797 791/322/791
f 787/323/787 800/324/800 788/325/788
f 789/326/789 799/327/799 787/323/787
f 802/328/802 785/329/785 801/330/801
f 800/324/800 782/331/782 783/332/783
f 799/327/799 785/329/785 782/331/782
f 791/333/791 801/330/801 789/326/789
f 783/332/783 796/334/796 795/335/795
f 794/336/794 786/337/786 783/332/783
f 796/334/796 785/329/785 793/338/793
f 767/339/767 809/340/809 779/374/779
f 772/342/772 770/343/770 774/344/774
f 822/345/822 818/346/818 821/347/821
f 775/375/775 786/349/786 777/345/777
f 771/350/771 776/347/776 769/352/769
f 811/376/811 779/374/779 778/354/778
f 780/377/780 811/376/811 778/354/778
f 779/374/779 776/347/776 807/378/807
f 779/374/779 781/357/781 778/354/778
f 775/375/775 780/377/780 808/379/808
f 781/357/781 780/377/780 778/354/778
f 780/377/780 781/357/781 810/359/810
f 783/332/783 786/337/786 800/324/800
f 795/335/795 787/360/787 788/361/788
f 790/362/790 795/335/795 788/361/788
f 747/364/747 752/321/752 739/367/739
f 787/360/787 793/338/793 789/320/789
f 788/325/788 786/337/786 790/363/790
f 791/322/791 792/364/792 805/365/805
f 791/333/791 798/366/798 802/328/802
f 740/329/740 752/321/752 748/338/748
f 802/328/802 798/366/798 784/367/784
f 805/365/805 792/364/792 804/368/804
f 805/369/805 806/370/806 791/333/791
f 803/371/803 805/369/805 804/372/804
f 803/371/803 798/366/798 806/370/806
f 795/335/795 794/336/794 783/332/783
f 767/339/767 779/374/779 807/378/807
f 807/378/807 776/347/776 771/350/771
f 808/379/808 780/377/780 768/373/768
f 808/379/808 772/342/772 775/375/775
f 779/374/779 809/340/809 781/357/781
f 810/359/810 768/373/768 780/377/780
f 811/376/811 776/347/776 779/374/779
f 811/376/811 775/375/775 777/345/777
f 776/347/776 811/376/811 777/345/777
f 780/377/780 775/375/775 811/376/811
f 769/352/769 776/347/776 773/346/773
f 775/375/775 772/342/772 774/344/774
f 834/320/834 842/321/842 836/322/836
f 832/386/832 845/324/845 833/325/833
f 834/326/834 844/387/844 832/386/832
f 847/328/847 830/329/830 846/330/846
f 845/324/845 827/388/827 828/332/828
f 844/387/844 830/329/830 827/388/827
f 836/333/836 846/330/846 834/326/834
f 828/332/828 841/389/841 840/335/840
f 839/336/839 831/337/831 828/332/828
f 841/389/841 830/329/830 838/338/838
f 812/339/812 854/340/854 824/374/824
f 817/342/817 815/343/815 819/344/819
f 867/345/867 863/346/863 866/347/866
f 820/375/820 831/349/831 822/345/822
f 816/350/816 821/347/821 814/352/814
f 856/376/856 824/374/824 823/354/823
f 825/377/825 856/376/856 823/354/823
f 824/374/824 821/347/821 852/378/852
f 824/374/824 826/357/826 823/354/823
f 820/375/820 825/377/825 853/379/853
f 826/357/826 825/377/825 823/354/823
f 825/377/825 826/357/826 855/359/855
f 828/332/828 831/337/831 845/324/845
f 840/335/840 832/390/832 833/361/833
f 835/362/835 840/335/840 833/361/833
f 832/390/832 838/338/838 834/320/834
f 833/325/833 831/337/831 835/363/835
f 836/322/836 837/364/837 850/365/850
f 836/333/836 843/366/843 847/328/847
f 847/328/847 843/366/843 829/367/829
f 850/365/850 837/364/837 849/368/849
f 850/369/850 851/370/851 836/333/836
f 848/371/848 850/369/850 849/372/849
f 848/371/848 843/366/843 851/370/851
f 840/335/840 839/336/839 828/332/828
f 812/339/812 824/374/824 852/378/852
f 852/378/852 821/347/821 816/350/816
f 853/379/853 825/377/825 813/373/813
f 853/379/853 817/342/817 820/375/820
f 824/374/824 854/340/854 826/357/826
f 855/359/855 813/373/813 825/377/825
f 856/376/856 821/347/821 824/374/824
f 856/376/856 820/375/820 822/345/822
f 821/347/821 856/376/856 822/345/822
f 825/377/825 820/375/820 856/376/856
f 814/352/814 821/347/821 818/346/818
f 820/375/820 817/342/817 819/344/819
f 879/320/879 887/391/887 881/392/881
f 877/323/877 890/393/890 878/394/878
f 879/326/879 889/327/889 877/323/877
f 883/338/883 874/395/874 887/391/887
f 890/393/890 872/331/872 873/396/873
f 889/327/889 875/329/875 872/331/872
f 881/397/881 891/330/891 879/326/879
f 873/396/873 886/334/886 885/398/885
f 884/336/884 876/337/876 873/396/873
f 886/334/886 875/329/875 883/338/883
f 857/339/857 899/340/899 869/374/869
f 862/342/862 860/343/860 864/344/864
f 912/345/912 908/346/908 911/347/911
f 865/375/865 876/349/876 867/345/867
f 861/350/861 866/347/866 859/352/859
f 901/376/901 869/374/869 868/354/868
f 870/377/870 901/376/901 868/354/868
f 869/374/869 866/347/866 897/378/897
f 869/374/869 871/357/871 868/354/868
f 865/375/865 870/377/870 898/379/898
f 871/357/871 870/377/870 868/354/868
f 870/377/870 871/357/871 900/359/900
f 873/396/873 876/337/876 890/393/890
f 885/398/885 877/360/877 878/399/878
f 880/362/880 885/398/885 878/399/878
f 875/329/875 892/400/892 874/395/874
f 877/360/877 883/338/883 879/320/879
f 878/394/878 876/337/876 880/363/880
f 881/392/881 882/364/882 895/365/895
f 881/397/881 888/366/888 892/400/892
f 887/391/887 874/367/874 882/364/882
f 892/400/892 888/366/888 874/395/874
f 895/365/895 882/364/882 894/368/894
f 895/369/895 896/370/896 881/397/881
f 893/371/893 895/369/895 894/372/894
f 893/371/893 888/366/888 896/370/896
f 885/398/885 884/336/884 873/396/873
f 857/339/857 869/374/869 897/378/897
f 897/378/897 866/347/866 861/350/861
f 898/379/898 870/377/870 858/373/858
f 898/379/898 862/342/862 865/375/865
f 869/374/869 899/340/899 871/357/871
f 900/359/900 858/373/858 870/377/870
f 901/376/901 866/347/866 869/374/869
f 901/376/901 865/375/865 867/345/867
f 866/347/866 901/376/901 867/345/867
f 870/377/870 865/375/865 901/376/901
f 859/352/859 866/347/866 863/346/863
f 865/375/865 862/342/862 864/344/864
f 924/333/924 931/401/931 921/402/921
f 921/402/921 932/324/932 922/325/922
f 921/403/921 929/321/929 924/322/924
f 932/324/932 917/404/917 918/332/918
f 928/405/928 920/395/920 929/321/929
f 918/332/918 928/405/928 927/335/927
f 926/336/926 919/337/919 918/332/918
f 902/339/902 940/340/940 914/374/914
f 907/342/907 905/343/905 909/344/909
f 1281/345/1281 1277/346/1277 1280/347/1280
f 910/375/910 919/349/919 912/345/912
f 906/350/906 911/347/911 904/352/904
f 942/376/942 914/374/914 913/354/913
f 915/377/915 942/376/942 913/354/913
f 914/374/914 911/347/911 938/378/938
f 914/374/914 916/357/916 913/354/913
f 910/375/910 915/377/915 939/379/939
f 916/357/916 915/377/915 913/354/913
f 915/377/915 916/357/916 941/359/941
f 918/332/918 919/337/919 932/324/932
f 927/335/927 921/403/921 922/361/922
f 923/362/923 927/335/927 922/361/922
f 922/325/922 919/337/919 923/363/923
f 924/322/924 925/364/925 936/365/936
f 924/333/924 930/366/930 933/328/933
f 925/364/925 929/321/929 920/395/920
f 936/365/936 925/364/925 935/368/935
f 936/369/936 937/370/937 924/333/924
f 934/371/934 936/369/936 935/372/935
f 934/371/934 930/366/930 937/370/937
f 927/335/927 926/336/926 918/332/918
f 902/339/902 914/374/914 938/378/938
f 938/378/938 911/347/911 906/350/906
f 939/379/939 915/377/915 903/373/903
f 939/379/939 907/342/907 910/375/910
f 914/374/914 940/340/940 916/357/916
f 941/359/941 903/373/903 915/377/915
f 942/376/942 911/347/911 914/374/914
f 942/376/942 910/375/910 912/345/912
f 911/347/911 942/376/942 912/345/912
f 915/377/915 910/375/910 942/376/942
f 904/352/904 911/347/911 908/346/908
f 910/375/910 907/342/907 909/344/909
f 955/406/955 952/407/952 954/408/954
f 952/407/952 958/409/958 953/410/953
f 957/411/957 952/407/952 953/410/953
f 951/412/951 944/413/944 950/414/950
f 983/415/983 974/416/974 972/417/972
f 949/418/949 943/419/943 950/414/950
f 944/413/944 949/418/949 950/414/950
f 951/412/951 950/414/950 943/419/943
f 958/409/958 960/420/960 964/421/964
f 954/422/954 956/423/956 955/424/955
f 947/425/947 957/415/957 945/426/945
f 956/423/956 960/427/960 955/424/955
f 960/427/960 961/428/961 967/429/967
f 960/420/960 963/430/963 964/421/964
f 964/421/964 963/430/963 959/431/959
f 959/431/959 953/410/953 964/421/964
f 967/429/967 961/428/961 966/432/966
f 967/433/967 968/434/968 960/420/960
f 965/435/965 967/433/967 966/436/966
f 965/435/965 963/430/963 968/434/968
f 953/410/953 958/409/958 964/421/964
f 962/437/962 956/423/956 953/410/953
f 980/406/980 983/407/983 979/408/979
f 983/407/983 984/409/984 978/410/978
f 977/412/977 970/413/970 976/414/976
f 1009/415/1009 1000/416/1000 998/417/998
f 975/418/975 969/419/969 976/414/976
f 970/413/970 975/418/975 976/414/976
f 977/412/977 976/414/976 969/419/969
f 984/409/984 986/420/986 990/421/990
f 979/422/979 981/423/981 980/424/980
f 973/425/973 982/415/982 971/426/971
f 981/423/981 986/427/986 980/424/980
f 986/427/986 987/428/987 993/429/993
f 986/420/986 989/430/989 990/421/990
f 988/437/988 985/431/985 987/428/987
f 990/421/990 989/430/989 985/431/985
f 993/429/993 987/428/987 992/432/992
f 993/433/993 994/434/994 986/420/986
f 991/435/991 993/433/993 992/436/992
f 991/435/991 989/430/989 994/434/994
f 978/410/978 984/409/984 990/421/990
f 978/410/978 985/431/985 988/437/988
f 1006/406/1006 1009/407/1009 1005/408/1005
f 1008/411/1008 1009/407/1009 1004/410/1004
f 1007/423/1007 1008/411/1008 1004/410/1004
f 1003/412/1003 996/413/996 1002/414/1002
f 1001/418/1001 995/419/995 1002/414/1002
f 996/413/996 1001/418/1001 1002/414/1002
f 1003/412/1003 1002/414/1002 995/419/995
f 1010/409/1010 1012/420/1012 1016/421/1016
f 1005/422/1005 1007/423/1007 1006/424/1006
f 999/425/999 1008/415/1008 997/426/997
f 1007/423/1007 1012/427/1012 1006/424/1006
f 1012/427/1012 1013/428/1013 1019/429/1019
f 1012/420/1012 1015/430/1015 1016/421/1016
f 1014/437/1014 1011/431/1011 1013/428/1013
f 1016/421/1016 1015/430/1015 1011/431/1011
f 1019/429/1019 1013/428/1013 1018/432/1018
f 1019/433/1019 1020/434/1020 1012/420/1012
f 1017/435/1017 1019/433/1019 1018/436/1018
f 1017/435/1017 1015/430/1015 1020/434/1020
f 1004/410/1004 1010/409/1010 1016/421/1016
f 1004/410/1004 1011/431/1011 1014/437/1014
f 1071/438/1071 1027/439/1027 1025/440/1025
f 1074/441/1074 1030/442/1030 1032/443/1032
f 1073/444/1073 1031/445/1031 1029/446/1029
f 1036/440/1036 1075/447/1075 1034/439/1034
f 1037/440/1037 1078/448/1078 1039/439/1039
f 1075/447/1075 1035/449/1035 1033/450/1033
f 1044/451/1044 1079/452/1079 1042/453/1042
f 1078/448/1078 1038/449/1038 1040/450/1040
f 1048/440/1048 1081/454/1081 1046/439/1046
f 1079/452/1079 1043/455/1043 1041/456/1041
f 1085/457/1085 1055/449/1055 1053/450/1053
f 1081/454/1081 1047/449/1047 1045/450/1045
f 1087/458/1087 1059/442/1059 1057/443/1057
f 1084/459/1084 1050/439/1050 1052/440/1052
f 1086/460/1086 1054/439/1054 1056/440/1056
f 1090/461/1090 1062/455/1062 1064/456/1064
f 1088/462/1088 1058/463/1058 1060/464/1060
f 1061/451/1061 1090/461/1090 1063/453/1063
f 1068/446/1068 1091/465/1091 1066/445/1066
f 1091/465/1091 1067/442/1067 1065/443/1065
f 1069/466/1069 1023/453/1023 1021/451/1021
f 1083/467/1083 1051/449/1051 1049/450/1049
f 1072/468/1072 1026/449/1026 1028/450/1028
f 1069/466/1069 1024/456/1024 1070/469/1070
f 1097/470/1097 1096/471/1096 1098/472/1098
f 1100/473/1100 1098/472/1098 1099/474/1099
f 1093/475/1093 1099/474/1099 1095/476/1095
f 1105/477/1105 1104/478/1104 1106/479/1106
f 1101/480/1101 1106/479/1106 1103/481/1103
f 1111/477/1111 1110/478/1110 1112/479/1112
f 1107/482/1107 1112/479/1112 1109/481/1109
f 1117/470/1117 1116/471/1116 1118/472/1118
f 1120/473/1120 1118/472/1118 1119/474/1119
f 1113/475/1113 1119/474/1119 1115/476/1115
f 1125/470/1125 1124/471/1124 1126/472/1126
f 1128/473/1128 1126/472/1126 1127/474/1127
f 1121/475/1121 1127/474/1127 1123/476/1123
f 1133/477/1133 1132/478/1132 1134/479/1134
f 1129/480/1129 1134/479/1134 1131/481/1131
f 1139/477/1139 1138/478/1138 1140/479/1140
f 1135/482/1135 1140/479/1140 1137/481/1137
f 1145/470/1145 1144/471/1144 1146/472/1146
f 1148/473/1148 1146/472/1146 1147/474/1147
f 1141/475/1141 1147/474/1147 1143/476/1143
f 1153/470/1153 1152/471/1152 1154/472/1154
f 1159/477/1159 1158/478/1158 1160/479/1160
f 1155/480/1155 1160/479/1160 1157/481/1157
f 1165/477/1165 1164/478/1164 1166/479/1166
f 1161/482/1161 1166/479/1166 1163/481/1163
f 1171/470/1171 1170/471/1170 1172/472/1172
f 1174/473/1174 1172/472/1172 1173/474/1173
f 1167/475/1167 1173/474/1173 1169/476/1169
f 1179/470/1179 1178/471/1178 1180/472/1180
f 1182/473/1182 1180/472/1180 1181/474/1181
f 1175/475/1175 1181/474/1181 1177/476/1177
f 1187/477/1187 1186/478/1186 1188/479/1188
f 1183/480/1183 1188/479/1188 1185/481/1185
f 1193/477/1193 1192/478/1192 1194/479/1194
f 1189/482/1189 1194/479/1194 1191/481/1191
f 1199/470/1199 1198/471/1198 1200/472/1200
f 1202/473/1202 1200/472/1200 1201/474/1201
f 1195/475/1195 1201/474/1201 1197/476/1197
f 1207/470/1207 1206/471/1206 1208/472/1208
f 1213/477/1213 1212/478/1212 1214/479/1214
f 1209/480/1209 1214/479/1214 1211/481/1211
f 1219/477/1219 1218/478/1218 1220/479/1220
f 1215/482/1215 1220/479/1220 1217/481/1217
f 1225/470/1225 1224/471/1224 1226/472/1226
f 1228/473/1228 1226/472/1226 1227/474/1227
f 1221/475/1221 1227/474/1227 1223/476/1223
f 1233/470/1233 1232/471/1232 1234/472/1234
f 1236/473/1236 1234/472/1234 1235/474/1235
f 1229/475/1229 1235/474/1235 1231/476/1231
f 1241/477/1241 1240/478/1240 1242/479/1242
f 1237/480/1237 1242/479/1242 1239/481/1239
f 1247/477/1247 1246/478/1246 1248/479/1248
f 1243/482/1243 1248/479/1248 1245/481/1245
f 1253/470/1253 1252/471/1252 1254/472/1254
f 1256/473/1256 1254/472/1254 1255/474/1255
f 1249/475/1249 1255/474/1255 1251/476/1251
f 1261/477/1261 1260/478/1260 1262/479/1262
f 1257/482/1257 1262/479/1262 1259/481/1259
f 1267/470/1267 1266/471/1266 1268/472/1268
f 1270/473/1270 1268/472/1268 1269/474/1269
f 1263/475/1263 1269/474/1269 1265/476/1265
f 1149/483/1149 1154/472/1154 1151/484/1151
f 1203/475/1203 1208/472/1208 1205/476/1205
f 1292/485/1292 1299/486/1299 1294/487/1294
f 1290/488/1290 1301/489/1301 1291/490/1291
f 1292/491/1292 1300/492/1300 1290/488/1290
f 1295/493/1295 1289/494/1289 1299/486/1299
f 1301/489/1301 1286/495/1286 1287/496/1287
f 1300/492/1300 1288/497/1288 1286/495/1286
f 1294/498/1294 1303/499/1303 1292/491/1292
f 1287/496/1287 1298/500/1298 1297/501/1297
f 1298/500/1298 1288/497/1288 1295/493/1295
f 1271/339/1271 1307/381/1307 1283/374/1283
f 1279/375/1279 1274/343/1274 1278/344/1278
f 1319/345/1319 1315/346/1315 1318/347/1318
f 1279/375/1279 1302/349/1302 1281/345/1281
f 1275/350/1275 1277/346/1277 1273/352/1273
f 1282/354/1282 1280/347/1280 1283/374/1283
f 1282/354/1282 1279/375/1279 1281/345/1281
f 1283/374/1283 1280/347/1280 1306/382/1306
f 1283/374/1283 1285/357/1285 1282/354/1282
f 1279/375/1279 1284/383/1284 1305/384/1305
f 1285/357/1285 1284/383/1284 1282/354/1282
f 1284/383/1284 1285/357/1285 1308/385/1308
f 1297/501/1297 1290/502/1290 1291/503/1291
f 1293/504/1293 1297/501/1297 1291/503/1291
f 1288/497/1288 1304/505/1304 1289/494/1289
f 1290/502/1290 1295/493/1295 1292/485/1292
f 1291/490/1291 1302/506/1302 1293/507/1293
f 1305/384/1305 1284/383/1284 1272/373/1272
f 1305/384/1305 1276/342/1276 1279/375/1279
f 1306/382/1306 1280/347/1280 1275/350/1275
f 1306/382/1306 1271/339/1271 1283/374/1283
f 1283/374/1283 1307/381/1307 1285/357/1285
f 1308/385/1308 1272/373/1272 1284/383/1284
f 1331/320/1331 1339/321/1339 1333/322/1333
f 1329/323/1329 1342/324/1342 1330/325/1330
f 1331/326/1331 1341/327/1341 1329/323/1329
f 1344/328/1344 1327/329/1327 1343/330/1343
f 1342/324/1342 1324/331/1324 1325/332/1325
f 1341/327/1341 1327/329/1327 1324/331/1324
f 1333/333/1333 1343/330/1343 1331/326/1331
f 1325/332/1325 1338/334/1338 1337/335/1337
f 1336/336/1336 1328/337/1328 1325/332/1325
f 1338/334/1338 1327/329/1327 1335/338/1335
f 1309/339/1309 1351/340/1351 1321/374/1321
f 1314/342/1314 1312/343/1312 1316/344/1316
f 1364/345/1364 1360/346/1360 1363/347/1363
f 1317/375/1317 1328/349/1328 1319/345/1319
f 1313/350/1313 1318/347/1318 1311/352/1311
f 1353/376/1353 1321/374/1321 1320/354/1320
f 1322/377/1322 1353/376/1353 1320/354/1320
f 1321/374/1321 1318/347/1318 1349/378/1349
f 1321/374/1321 1323/357/1323 1320/354/1320
f 1317/375/1317 1322/377/1322 1350/379/1350
f 1323/357/1323 1322/377/1322 1320/354/1320
f 1322/377/1322 1323/357/1323 1352/359/1352
f 1325/332/1325 1328/337/1328 1342/324/1342
f 1337/335/1337 1329/360/1329 1330/361/1330
f 1332/362/1332 1337/335/1337 1330/361/1330
f 1329/360/1329 1335/338/1335 1331/320/1331
f 1330/325/1330 1328/337/1328 1332/363/1332
f 1333/322/1333 1334/364/1334 1347/365/1347
f 1333/333/1333 1340/366/1340 1344/328/1344
f 1344/328/1344 1340/366/1340 1326/367/1326
f 1347/365/1347 1334/364/1334 1346/368/1346
f 1347/369/1347 1348/370/1348 1333/333/1333
f 1345/371/1345 1347/369/1347 1346/372/1346
f 1345/371/1345 1340/366/1340 1348/370/1348
f 1337/335/1337 1336/336/1336 1325/332/1325
f 1309/339/1309 1321/374/1321 1349/378/1349
f 1349/378/1349 1318/347/1318 1313/350/1313
f 1350/379/1350 1322/377/1322 1310/373/1310
f 1350/379/1350 1314/342/1314 1317/375/1317
f 1321/374/1321 1351/340/1351 1323/357/1323
f 1352/359/1352 1310/373/1310 1322/377/1322
f 1353/376/1353 1318/347/1318 1321/374/1321
f 1353/376/1353 1317/375/1317 1319/345/1319
f 1318/347/1318 1353/376/1353 1319/345/1319
f 1322/377/1322 1317/375/1317 1353/376/1353
f 1311/352/1311 1318/347/1318 1315/346/1315
f 1317/375/1317 1314/342/1314 1316/344/1316
f 1376/320/1376 1384/321/1384 1378/322/1378
f 1374/323/1374 1387/324/1387 1375/325/1375
f 1376/326/1376 1386/327/1386 1374/323/1374
f 1380/338/1380 1371/395/1371 1384/321/1384
f 1387/324/1387 1369/331/1369 1370/332/1370
f 1386/327/1386 1372/329/1372 1369/331/1369
f 1378/333/1378 1388/330/1388 1376/326/1376
f 1370/332/1370 1383/334/1383 1382/335/1382
f 1381/336/1381 1373/337/1373 1370/332/1370
f 1383/334/1383 1372/329/1372 1380/338/1380
f 1354/339/1354 1396/340/1396 1366/374/1366
f 1359/342/1359 1357/343/1357 1361/344/1361
f 1409/345/1409 1405/346/1405 1408/347/1408
f 1362/375/1362 1373/349/1373 1364/345/1364
f 1358/350/1358 1363/347/1363 1356/352/1356
f 1398/376/1398 1366/374/1366 1365/354/1365
f 1367/377/1367 1398/376/1398 1365/354/1365
f 1366/374/1366 1363/347/1363 1394/378/1394
f 1366/374/1366 1368/357/1368 1365/354/1365
f 1362/375/1362 1367/377/1367 1395/379/1395
f 1368/357/1368 1367/377/1367 1365/354/1365
f 1367/377/1367 1368/357/1368 1397/359/1397
f 1370/332/1370 1373/337/1373 1387/324/1387
f 1382/335/1382 1374/360/1374 1375/361/1375
f 1377/362/1377 1382/335/1382 1375/361/1375
f 1372/329/1372 1389/328/1389 1371/395/1371
f 1374/360/1374 1380/338/1380 1376/320/1376
f 1375/325/1375 1373/337/1373 1377/363/1377
f 1378/322/1378 1379/364/1379 1392/365/1392
f 1378/333/1378 1385/366/1385 1389/328/1389
f 1384/321/1384 1371/367/1371 1379/364/1379
f 1389/328/1389 1385/366/1385 1371/395/1371
f 1392/365/1392 1379/364/1379 1391/368/1391
f 1392/369/1392 1393/370/1393 1378/333/1378
f 1390/371/1390 1392/369/1392 1391/372/1391
f 1390/371/1390 1385/366/1385 1393/370/1393
f 1382/335/1382 1381/336/1381 1370/332/1370
f 1354/339/1354 1366/374/1366 1394/378/1394
f 1394/378/1394 1363/347/1363 1358/350/1358
f 1395/379/1395 1367/377/1367 1355/373/1355
f 1395/379/1395 1359/342/1359 1362/375/1362
f 1366/374/1366 1396/340/1396 1368/357/1368
f 1397/359/1397 1355/373/1355 1367/377/1367
f 1398/376/1398 1363/347/1363 1366/374/1366
f 1398/376/1398 1362/375/1362 1364/345/1364
f 1363/347/1363 1398/376/1398 1364/345/1364
f 1367/377/1367 1362/375/1362 1398/376/1398
f 1356/352/1356 1363/347/1363 1360/346/1360
f 1362/375/1362 1359/342/1359 1361/344/1361
f 1422/320/1422 1430/321/1430 1424/322/1424
f 1420/323/1420 1433/324/1433 1421/325/1421
f 1422/326/1422 1432/327/1432 1420/323/1420
f 1426/338/1426 1419/395/1419 1430/321/1430
f 1433/324/1433 1414/331/1414 1415/332/1415
f 1432/327/1432 1417/329/1417 1414/331/1414
f 1424/333/1424 1434/330/1434 1422/326/1422
f 1415/332/1415 1429/334/1429 1428/335/1428
f 1427/336/1427 1418/337/1418 1415/332/1415
f 1429/334/1429 1417/329/1417 1426/338/1426
f 1399/339/1399 1442/340/1442 1411/374/1411
f 1404/342/1404 1402/343/1402 1406/344/1406
f 1407/375/1407 1418/349/1418 1409/345/1409
f 1403/350/1403 1408/347/1408 1401/352/1401
f 1444/376/1444 1411/374/1411 1410/354/1410
f 1412/377/1412 1444/376/1444 1410/354/1410
f 1411/374/1411 1408/347/1408 1440/378/1440
f 1411/374/1411 1413/357/1413 1410/354/1410
f 1407/375/1407 1412/377/1412 1441/379/1441
f 1413/357/1413 1412/377/1412 1410/354/1410
f 1412/377/1412 1413/357/1413 1443/359/1443
f 1415/332/1415 1418/337/1418 1433/324/1433
f 1428/335/1428 1420/360/1420 1421/361/1421
f 1423/362/1423 1428/335/1428 1421/361/1421
f 1417/329/1417 1435/328/1435 1419/395/1419
f 1420/360/1420 1426/338/1426 1422/320/1422
f 1421/325/1421 1418/337/1418 1423/363/1423
f 1424/322/1424 1425/364/1425 1438/365/1438
f 1424/333/1424 1431/366/1431 1435/328/1435
f 1430/321/1430 1416/367/1416 1425/364/1425
f 1435/328/1435 1416/367/1416 1419/395/1419
f 1438/365/1438 1425/364/1425 1437/368/1437
f 1438/369/1438 1439/370/1439 1424/333/1424
f 1436/371/1436 1438/369/1438 1437/372/1437
f 1436/371/1436 1431/366/1431 1439/370/1439
f 1428/335/1428 1427/336/1427 1415/332/1415
f 1399/339/1399 1411/374/1411 1440/378/1440
f 1440/378/1440 1408/347/1408 1403/350/1403
f 1441/379/1441 1412/377/1412 1400/373/1400
f 1441/379/1441 1404/342/1404 1407/375/1407
f 1411/374/1411 1442/340/1442 1413/357/1413
f 1443/359/1443 1400/373/1400 1412/377/1412
f 1444/376/1444 1408/347/1408 1411/374/1411
f 1444/376/1444 1407/375/1407 1409/345/1409
f 1408/347/1408 1444/376/1444 1409/345/1409
f 1412/377/1412 1407/375/1407 1444/376/1444
f 1401/352/1401 1408/347/1408 1405/346/1405
f 1407/375/1407 1404/342/1404 1406/344/1406
f 1446/508/1446 1447/509/1447 1445/510/1445
f 1451/511/1451 1449/512/1449 1452/513/1452
f 1448/514/1448 1452/513/1452 1447/509/1447
f 1454/515/1454 1455/516/1455 1453/517/1453
f 1459/518/1459 1457/519/1457 1460/520/1460
f 1456/521/1456 1460/520/1460 1455/516/1455
f 1462/522/1462 1463/523/1463 1461/524/1461
f 1467/525/1467 1465/526/1465 1468/527/1468
f 1464/528/1464 1468/527/1468 1463/523/1463
f 1470/515/1470 1471/516/1471 1469/517/1469
f 1475/518/1475 1473/519/1473 1476/529/1476
f 1472/521/1472 1476/529/1476 1471/516/1471
f 1478/508/1478 1479/509/1479 1477/510/1477
f 1483/511/1483 1481/512/1481 1484/513/1484
f 1480/514/1480 1484/513/1484 1479/509/1479
f 1486/508/1486 1487/509/1487 1485/510/1485
f 1491/511/1491 1489/512/1489 1492/513/1492
f 1488/514/1488 1492/513/1492 1487/509/1487
f 1494/530/1494 1495/531/1495 1493/532/1493
f 1499/533/1499 1497/534/1497 1500/535/1500
f 1496/536/1496 1500/535/1500 1495/531/1495
f 1502/522/1502 1503/523/1503 1501/524/1501
f 1507/525/1507 1505/526/1505 1508/527/1508
f 1504/528/1504 1508/527/1508 1503/523/1503
f 1510/537/1510 1511/538/1511 1509/539/1509
f 1515/540/1515 1513/541/1513 1516/542/1516
f 1512/543/1512 1516/542/1516 1511/538/1511
f 1518/508/1518 1519/509/1519 1517/510/1517
f 1523/511/1523 1521/512/1521 1524/513/1524
f 1520/514/1520 1524/513/1524 1519/509/1519
f 1526/508/1526 1527/509/1527 1525/510/1525
f 1531/511/1531 1529/512/1529 1532/513/1532
f 1528/514/1528 1532/513/1532 1527/509/1527
f 1534/522/1534 1535/523/1535 1533/524/1533
f 1539/525/1539 1537/526/1537 1540/527/1540
f 1536/528/1536 1540/527/1540 1535/523/1535
f 1542/508/1542 1543/509/1543 1541/510/1541
f 1547/511/1547 1545/512/1545 1548/513/1548
f 1544/514/1544 1548/513/1548 1543/509/1543
f 1550/530/1550 1551/531/1551 1549/532/1549
f 1555/533/1555 1553/534/1553 1556/535/1556
f 1552/536/1552 1556/535/1556 1551/531/1551
f 1558/522/1558 1559/523/1559 1557/524/1557
f 1563/525/1563 1561/526/1561 1564/527/1564
f 1560/528/1560 1564/527/1564 1559/523/1559
f 1566/508/1566 1567/509/1567 1565/510/1565
f 1571/511/1571 1569/512/1569 1572/513/1572
f 1568/514/1568 1572/513/1572 1567/509/1567
f 1574/515/1574 1575/516/1575 1573/517/1573
f 1579/518/1579 1577/519/1577 1580/520/1580
f 1576/521/1576 1580/520/1580 1575/516/1575
f 1582/530/1582 1583/531/1583 1581/532/1581
f 1587/533/1587 1585/534/1585 1588/535/1588
f 1584/536/1584 1588/535/1588 1583/531/1583
f 1590/522/1590 1591/523/1591 1589/524/1589
f 1595/525/1595 1593/526/1593 1596/527/1596
f 1592/528/1592 1596/527/1596 1591/523/1591
f 1598/508/1598 1599/509/1599 1597/510/1597
f 1603/511/1603 1601/512/1601 1604/513/1604
f 1600/514/1600 1604/513/1604 1599/509/1599
f 1606/522/1606 1607/523/1607 1605/524/1605
f 1611/525/1611 1609/526/1609 1612/527/1612
f 1608/528/1608 1612/527/1612 1607/523/1607
f 1614/515/1614 1615/516/1615 1613/517/1613
f 1619/518/1619 1617/519/1617 1620/520/1620
f 1616/521/1616 1620/520/1620 1615/516/1615
f 1622/508/1622 1623/509/1623 1621/510/1621
f 1627/511/1627 1625/512/1625 1628/513/1628
f 1624/514/1624 1628/513/1628 1623/509/1623
f 1630/508/1630 1631/509/1631 1629/510/1629
f 1635/511/1635 1633/512/1633 1636/513/1636
f 1632/514/1632 1636/513/1636 1631/509/1631
f 1638/522/1638 1639/523/1639 1637/524/1637
f 1643/525/1643 1641/544/1641 1644/527/1644
f 1640/528/1640 1644/527/1644 1639/523/1639
f 1646/522/1646 1647/523/1647 1645/524/1645
f 1651/525/1651 1649/526/1649 1652/527/1652
f 1648/528/1648 1652/527/1652 1647/523/1647
f 1654/530/1654 1655/531/1655 1653/532/1653
f 1659/533/1659 1657/534/1657 1660/535/1660
f 1656/536/1656 1660/535/1660 1655/531/1655
f 1662/508/1662 1663/509/1663 1661/510/1661
f 1667/511/1667 1665/512/1665 1668/513/1668
f 1664/514/1664 1668/513/1668 1663/509/1663
f 1670/522/1670 1671/523/1671 1669/524/1669
f 1675/525/1675 1673/526/1673 1676/527/1676
f 1672/528/1672 1676/527/1676 1671/523/1671
f 1678/508/1678 1679/509/1679 1677/510/1677
f 1683/511/1683 1681/512/1681 1684/513/1684
f 1680/514/1680 1684/513/1684 1679/509/1679
f 1686/515/1686 1687/516/1687 1685/517/1685
f 1691/518/1691 1689/519/1689 1692/520/1692
f 1688/521/1688 1692/520/1692 1687/516/1687
f 1694/545/1694 1695/546/1695 1693/547/1693
f 1699/548/1699 1697/549/1697 1700/550/1700
f 1696/551/1696 1700/550/1700 1695/546/1695
f 1702/508/1702 1703/509/1703 1701/510/1701
f 1707/511/1707 1705/512/1705 1708/513/1708
f 1704/514/1704 1708/513/1708 1703/509/1703
f 1710/522/1710 1711/523/1711 1709/524/1709
f 1715/525/1715 1713/526/1713 1716/527/1716
f 1712/528/1712 1716/527/1716 1711/523/1711
f 1718/552/1718 1719/553/1719 1717/554/1717
f 1723/555/1723 1721/556/1721 1724/557/1724
f 1720/558/1720 1724/557/1724 1719/553/1719
f 1726/515/1726 1727/516/1727 1725/517/1725
f 1731/518/1731 1729/519/1729 1732/520/1732
f 1728/521/1728 1732/520/1732 1727/516/1727
f 1734/508/1734 1735/509/1735 1733/510/1733
f 1739/511/1739 1737/512/1737 1740/513/1740
f 1736/514/1736 1740/513/1740 1735/509/1735
f 1742/508/1742 1743/559/1743 1741/510/1741
f 1747/511/1747 1745/512/1745 1748/513/1748
f 1744/560/1744 1748/513/1748 1743/559/1743
f 933/328/933 917/404/917 931/401/931
f 503/364/503 508/321/508 495/367/495
f 496/329/496 508/321/508 504/338/504
f 630/367/630 638/364/638 643/321/643
f 631/329/631 630/367/630 643/321/643
f 637/333/637 652/370/652 648/328/648
f 637/322/637 643/321/643 651/365/651
f 540/367/540 548/364/548 553/321/553
f 541/329/541 540/367/540 553/321/553
f 953/410/953 959/431/959 962/437/962
f 959/431/959 961/428/961 962/437/962
f 1294/487/1294 1749/561/1749 1753/562/1753
f 1294/498/1294 1750/563/1750 1304/505/1304
f 1304/505/1304 1750/563/1750 1289/494/1289
f 1753/562/1753 1749/561/1749 1752/564/1752
f 1753/565/1753 1754/566/1754 1294/498/1294
f 1751/567/1751 1753/565/1753 1752/568/1752
f 1751/567/1751 1750/563/1750 1754/566/1754
f 1749/561/1749 1299/486/1299 1289/494/1289
f 394/364/394 399/321/399 386/367/386
f 387/329/387 399/321/399 395/338/395
f 259/364/259 264/321/264 251/367/251
f 252/329/252 264/321/264 260/338/260
f 349/364/349 354/321/354 341/367/341
f 342/329/342 354/321/354 350/338/350
f 439/364/439 444/321/444 431/367/431
f 432/329/432 444/321/444 440/338/440
f 1762/320/1762 1770/321/1770 1764/322/1764
f 1760/323/1760 1773/324/1773 1761/325/1761
f 1762/326/1762 1772/327/1772 1760/323/1760
f 1775/328/1775 1758/329/1758 1774/330/1774
f 1773/324/1773 1755/331/1755 1756/332/1756
f 1772/327/1772 1758/329/1758 1755/331/1755
f 1764/333/1764 1774/330/1774 1762/326/1762
f 1756/332/1756 1769/334/1769 1768/335/1768
f 1767/336/1767 1759/337/1759 1756/332/1756
f 1769/334/1769 1758/329/1758 1766/338/1766
f 1756/332/1756 1759/337/1759 1773/324/1773
f 1768/335/1768 1760/360/1760 1761/361/1761
f 1763/362/1763 1768/335/1768 1761/361/1761
f 1760/360/1760 1766/338/1766 1762/320/1762
f 1761/325/1761 1759/337/1759 1763/363/1763
f 1764/322/1764 1765/364/1765 1778/365/1778
f 1764/333/1764 1771/366/1771 1775/328/1775
f 1775/328/1775 1771/366/1771 1757/367/1757
f 1778/365/1778 1765/364/1765 1777/368/1777
f 1778/369/1778 1779/370/1779 1764/333/1764
f 1776/371/1776 1778/369/1778 1777/372/1777
f 1776/371/1776 1771/366/1771 1779/370/1779
f 1768/335/1768 1767/336/1767 1756/332/1756
f 1765/364/1765 1770/321/1770 1757/367/1757
f 1758/329/1758 1770/321/1770 1766/338/1766
f 593/364/593 598/321/598 585/367/585
f 586/329/586 598/321/598 594/338/594
f 683/364/683 688/321/688 675/367/675
f 676/329/676 688/321/688 684/338/684
f 1334/364/1334 1339/321/1339 1326/367/1326
f 1327/329/1327 1339/321/1339 1335/338/1335
f 1787/320/1787 1795/321/1795 1789/322/1789
f 1785/323/1785 1798/324/1798 1786/325/1786
f 1787/326/1787 1797/327/1797 1785/323/1785
f 1800/328/1800 1783/329/1783 1799/330/1799
f 1798/324/1798 1780/331/1780 1781/332/1781
f 1797/327/1797 1783/329/1783 1780/331/1780
f 1789/333/1789 1799/330/1799 1787/326/1787
f 1781/332/1781 1794/334/1794 1793/335/1793
f 1792/336/1792 1784/337/1784 1781/332/1781
f 1794/334/1794 1783/329/1783 1791/338/1791
f 1781/332/1781 1784/337/1784 1798/324/1798
f 1793/335/1793 1785/360/1785 1786/361/1786
f 1788/362/1788 1793/335/1793 1786/361/1786
f 1785/360/1785 1791/338/1791 1787/320/1787
f 1786/325/1786 1784/337/1784 1788/363/1788
f 1789/322/1789 1790/364/1790 1803/365/1803
f 1789/333/1789 1796/366/1796 1800/328/1800
f 1800/328/1800 1796/366/1796 1782/367/1782
f 1803/365/1803 1790/364/1790 1802/368/1802
f 1803/369/1803 1804/370/1804 1789/333/1789
f 1801/371/1801 1803/369/1803 1802/372/1802
f 1801/371/1801 1796/366/1796 1804/370/1804
f 1793/335/1793 1792/336/1792 1781/332/1781
f 1790/364/1790 1795/321/1795 1782/367/1782
f 1783/329/1783 1795/321/1795 1791/338/1791
f 792/364/792 797/321/797 784/367/784
f 837/364/837 842/321/842 829/367/829
f 785/329/785 797/321/797 793/338/793
f 1827/569/1827 1820/570/1820 1819/571/1819
f 1830/572/1830 1808/573/1808 1811/574/1811
f 1825/575/1825 1809/576/1809 1807/577/1807
f 1832/578/1832 1810/579/1810 1809/576/1809
f 1831/580/1831 1811/574/1811 1810/579/1810
f 1834/581/1834 1806/582/1806 1814/583/1814
f 1833/584/1833 1812/585/1812 1808/573/1808
f 1836/586/1836 1813/587/1813 1812/585/1812
f 1835/588/1835 1814/583/1814 1813/587/1813
f 1821/301/1821 1807/577/1807 1817/589/1817
f 1824/590/1824 1815/591/1815 1805/592/1805
f 1823/593/1823 1816/594/1816 1815/591/1815
f 1822/302/1822 1817/589/1817 1816/594/1816
f 1826/595/1826 1805/592/1805 1820/570/1820
f 1829/596/1829 1818/597/1818 1806/582/1806
f 1828/598/1828 1819/571/1819 1818/597/1818
f 191/599/191 1823/593/1823 1824/590/1824
f 195/600/195 1832/578/1832 1825/575/1825
f 192/601/192 1826/595/1826 1827/569/1827
f 193/602/193 1828/598/1828 1829/596/1829
f 194/603/194 1830/572/1830 1831/580/1831
f 197/604/197 1836/586/1836 1833/584/1833
f 196/605/196 1834/581/1834 1835/588/1835
f 1838/292/1838 190/300/190 191/599/191
f 1839/299/1839 191/599/191 192/601/192
f 1837/291/1837 195/600/195 190/300/190
f 1840/296/1840 192/601/192 193/602/193
f 1843/297/1843 193/602/193 196/605/196
f 1842/298/1842 194/603/194 195/600/195
f 1841/295/1841 197/604/197 194/603/194
f 1844/294/1844 196/605/196 197/604/197
f 189/293/189 1843/297/1843 1844/294/1844
f 1819/571/1819 1858/265/1858 1857/319/1857
f 1811/574/1811 1860/281/1860 1849/290/1849
f 1807/577/1807 1847/287/1847 1846/289/1846
f 1809/576/1809 1848/284/1848 1847/287/1847
f 1810/579/1810 1849/290/1849 1848/284/1848
f 1814/583/1814 1859/263/1859 1852/283/1852
f 1808/573/1808 1850/279/1850 1860/281/1860
f 1812/585/1812 1851/276/1851 1850/279/1850
f 1813/587/1813 1852/283/1852 1851/276/1851
f 1817/589/1817 1846/289/1846 1855/274/1855
f 1805/592/1805 1853/271/1853 1845/273/1845
f 1815/591/1815 1854/268/1854 1853/271/1853
f 1816/594/1816 1855/274/1855 1854/268/1854
f 1820/570/1820 1845/273/1845 1858/265/1858
f 1806/582/1806 1856/260/1856 1859/263/1859
f 1818/597/1818 1857/319/1857 1856/260/1856
f 1823/593/1823 191/599/191 1822/302/1822
f 191/599/191 190/300/190 1822/302/1822
f 1826/595/1826 192/601/192 1824/590/1824
f 192/601/192 191/599/191 1824/590/1824
f 1821/301/1821 190/300/190 1825/575/1825
f 190/300/190 195/600/195 1825/575/1825
f 1828/598/1828 193/602/193 1827/569/1827
f 193/602/193 192/601/192 1827/569/1827
f 1834/581/1834 196/605/196 1829/596/1829
f 196/605/196 193/602/193 1829/596/1829
f 1832/578/1832 195/600/195 1831/580/1831
f 195/600/195 194/603/194 1831/580/1831
f 1830/572/1830 194/603/194 1833/584/1833
f 194/603/194 197/604/197 1833/584/1833
f 1836/586/1836 197/604/197 1835/588/1835
f 197/604/197 196/605/196 1835/588/1835
f 37/154/37 1865/160/1865 1862/168/1862
f 113/169/113 1861/166/1861 44/173/44
f 38/158/38 1868/171/1868 1863/165/1863
f 114/175/114 1862/168/1862 41/177/41
f 44/173/44 1867/167/1867 114/175/114
f 115/606/115 1863/165/1863 42/170/42
f 39/156/39 1866/607/1866 1864/161/1864
f 116/187/116 1864/161/1864 43/163/43
f 42/170/42 1873/172/1873 1870/183/1870
f 98/184/98 1871/179/1871 32/181/32
f 41/177/41 1876/186/1876 1869/178/1869
f 99/608/99 1870/183/1870 31/189/31
f 43/163/43 1875/609/1875 1871/179/1871
f 100/610/100 1869/178/1869 30/185/30
f 29/611/29 1874/176/1874 100/610/100
f 101/188/101 1872/174/1872 29/611/29
f 261/612/261 244/345/244 253/349/253
f 306/612/306 289/345/289 298/349/298
f 351/612/351 334/345/334 343/349/343
f 396/612/396 379/345/379 388/349/388
f 441/612/441 424/345/424 433/349/433
f 1877/612/1877 469/345/469 1878/349/1878
f 505/612/505 488/345/488 497/349/497
f 550/612/550 533/345/533 542/349/542
f 595/612/595 578/345/578 587/349/587
f 640/612/640 623/345/623 632/349/632
f 685/612/685 668/345/668 677/349/677
f 1792/612/1792 713/345/713 1784/349/1784
f 749/612/749 732/345/732 741/349/741
f 794/612/794 777/345/777 786/349/786
f 839/612/839 822/345/822 831/349/831
f 884/612/884 867/345/867 876/349/876
f 926/612/926 912/345/912 919/349/919
f 1296/612/1296 1281/345/1281 1302/349/1302
f 1336/612/1336 1319/345/1319 1328/349/1328
f 1381/612/1381 1364/345/1364 1373/349/1373
f 1427/612/1427 1409/345/1409 1418/349/1418
f 244/345/244 240/346/240 243/351/243
f 1301/489/1301 1287/496/1287 1302/506/1302
f 1297/501/1297 1296/613/1296 1287/496/1287
f 1296/613/1296 1302/506/1302 1287/496/1287
f 956/423/956 957/411/957 953/410/953
f 981/423/981 982/411/982 978/410/978
f 982/411/982 983/407/983 978/410/978
f 985/431/985 978/410/978 990/421/990
f 981/423/981 978/410/978 988/437/988
f 1009/407/1009 1010/409/1010 1004/410/1004
f 1011/431/1011 1004/410/1004 1016/421/1016
f 1007/423/1007 1004/410/1004 1014/437/1014
f 957/415/957 949/418/949 952/415/952
f 982/415/982 975/418/975 983/415/983
f 1008/415/1008 1001/418/1001 1009/415/1009
f 952/415/952 948/416/948 946/417/946
f 15/1/15 64/4/64 117/2/117
f 64/4/64 3/21/3 49/5/49
f 117/2/117 49/5/49 7/6/7
f 69/3/69 117/2/117 48/7/48
f 13/8/13 48/7/48 118/9/118
f 48/7/48 7/6/7 52/11/52
f 118/9/118 52/11/52 5/12/5
f 68/10/68 118/9/118 65/13/65
f 14/15/14 63/18/63 119/16/119
f 63/18/63 1/26/1 50/19/50
f 119/20/119 50/614/50 3/21/3
f 67/22/67 119/20/119 64/4/64
f 16/14/16 65/13/65 120/23/120
f 65/13/65 5/12/5 53/25/53
f 120/23/120 53/25/53 1/26/1
f 66/24/66 120/23/120 63/18/63
f 11/27/11 56/30/56 121/28/121
f 56/30/56 31/144/31 101/31/101
f 121/28/121 101/31/101 29/32/29
f 61/29/61 121/28/121 47/33/47
f 6/35/6 96/38/96 122/36/122
f 96/38/96 12/55/12 58/39/58
f 122/36/122 58/39/58 9/40/9
f 46/37/46 122/36/122 94/41/94
f 2/42/2 94/41/94 123/43/123
f 94/41/94 9/40/9 59/45/59
f 123/46/123 59/145/59 11/27/11
f 54/48/54 123/46/123 95/47/95
f 8/50/8 97/53/97 124/51/124
f 97/53/97 10/34/10 60/54/60
f 124/51/124 60/54/60 12/55/12
f 45/52/45 124/51/124 96/38/96
f 33/56/33 102/59/102 125/57/125
f 102/59/102 16/14/16 66/24/66
f 125/57/125 66/24/66 14/15/14
f 108/58/108 125/57/125 104/60/104
f 35/61/35 104/60/104 126/62/126
f 104/60/104 14/15/14 67/17/67
f 126/64/126 67/22/67 15/1/15
f 107/66/107 126/64/126 103/65/103
f 36/68/36 62/71/62 127/69/127
f 62/71/62 13/8/13 68/10/68
f 127/69/127 68/10/68 16/14/16
f 106/70/106 127/69/127 102/59/102
f 34/67/34 103/65/103 128/72/128
f 103/65/103 15/1/15 69/3/69
f 128/72/128 69/3/69 13/8/13
f 105/73/105 128/72/128 62/71/62
f 1/74/1 53/77/53 129/75/129
f 53/77/53 5/90/5 75/78/75
f 129/75/129 75/78/75 19/79/19
f 74/76/74 129/75/129 73/80/73
f 7/82/7 49/85/49 130/83/130
f 49/85/49 3/94/3 77/86/77
f 130/83/130 77/86/77 18/87/18
f 76/84/76 130/83/130 70/88/70
f 5/90/5 52/92/52 131/91/131
f 52/92/52 7/82/7 76/84/76
f 131/91/131 76/84/76 20/89/20
f 75/78/75 131/91/131 72/93/72
f 3/94/3 50/615/50 132/95/132
f 50/96/50 1/74/1 74/76/74
f 132/97/132 74/76/74 17/81/17
f 77/86/77 132/95/132 71/99/71
f 19/79/19 72/93/72 133/100/133
f 72/93/72 20/89/20 83/102/83
f 133/100/133 83/102/83 24/103/24
f 82/101/82 133/100/133 80/104/80
f 20/89/20 70/88/70 134/106/134
f 70/88/70 18/87/18 84/107/84
f 134/106/134 84/107/84 22/108/22
f 83/102/83 134/106/134 78/109/78
f 17/81/17 73/80/73 135/110/135
f 73/80/73 19/79/19 82/101/82
f 135/110/135 82/101/82 23/105/23
f 85/111/85 135/110/135 81/112/81
f 18/87/18 71/99/71 136/114/136
f 71/98/71 17/81/17 85/111/85
f 136/115/136 85/111/85 21/113/21
f 84/107/84 136/114/136 79/117/79
f 21/113/21 81/112/81 137/118/137
f 81/112/81 23/105/23 91/120/91
f 137/118/137 91/120/91 28/121/28
f 90/119/90 137/118/137 89/122/89
f 22/108/22 79/117/79 138/124/138
f 79/116/79 21/113/21 90/119/90
f 138/126/138 90/119/90 27/123/27
f 92/125/92 138/124/138 87/128/87
f 23/105/23 80/104/80 139/130/139
f 80/104/80 24/103/24 93/131/93
f 139/130/139 93/131/93 26/132/26
f 91/120/91 139/130/139 88/133/88
f 24/103/24 78/109/78 140/134/140
f 78/109/78 22/108/22 92/125/92
f 140/134/140 92/125/92 25/129/25
f 93/131/93 140/134/140 86/135/86
f 12/55/12 57/137/57 141/136/141
f 57/137/57 30/148/30 98/138/98
f 141/136/141 98/138/98 32/139/32
f 58/39/58 141/136/141 55/140/55
f 9/40/9 55/140/55 142/141/142
f 55/140/55 32/139/32 99/142/99
f 142/143/142 99/616/99 31/144/31
f 59/145/59 142/143/142 56/30/56
f 10/34/10 47/33/47 143/146/143
f 47/33/47 29/32/29 100/147/100
f 143/146/143 100/147/100 30/148/30
f 60/54/60 143/146/143 57/137/57
f 4/49/4 95/47/95 144/149/144
f 95/47/95 11/27/11 61/29/61
f 144/149/144 61/29/61 10/34/10
f 51/150/51 144/149/144 97/53/97
f 112/151/112 105/73/105 36/68/36
f 40/152/40 36/68/36 106/70/106
f 111/153/111 106/70/106 33/56/33
f 35/61/35 107/63/107 110/155/110
f 110/157/110 107/66/107 34/67/34
f 33/56/33 108/58/108 109/159/109
f 109/159/109 108/58/108 35/61/35
f 1865/160/1865 109/159/109 39/156/39
f 1864/161/1864 1866/607/1866 115/162/115
f 1866/164/1866 110/157/110 38/158/38
f 1861/166/1861 40/152/40 111/153/111
f 1867/167/1867 111/153/111 37/154/37
f 1863/165/1863 1868/171/1868 113/169/113
f 1868/171/1868 112/151/112 40/152/40
f 1873/172/1873 113/169/113 44/173/44
f 1872/174/1872 44/173/44 114/175/114
f 1874/176/1874 114/175/114 41/177/41
f 1871/179/1871 1875/609/1875 99/180/99
f 1875/182/1875 115/606/115 42/170/42
f 1869/178/1869 1876/186/1876 98/184/98
f 1876/186/1876 116/187/116 43/163/43
f 1862/168/1862 1865/160/1865 116/187/116
f 1870/183/1870 1873/172/1873 101/188/101
f 34/67/34 105/73/105 112/151/112
f 175/190/175 223/252/223 222/212/222
f 232/214/232 178/217/178 177/215/177
f 178/217/178 205/220/205 204/218/204
f 179/219/179 206/225/206 205/220/205
f 233/221/233 179/219/179 178/217/178
f 162/222/162 228/229/228 180/223/180
f 150/224/150 159/240/159 206/225/206
f 177/215/177 204/218/204 157/226/157
f 229/228/229 181/230/181 180/223/180
f 181/230/181 199/233/199 198/231/198
f 182/232/182 200/239/200 199/233/199
f 230/234/230 182/232/182 181/230/181
f 152/235/152 225/242/225 183/236/183
f 151/238/151 156/259/156 200/239/200
f 180/223/180 198/231/198 159/240/159
f 162/222/162 150/224/150 179/219/179
f 226/241/226 184/243/184 183/236/183
f 184/243/184 217/246/217 216/244/216
f 185/245/185 218/315/218 217/246/217
f 227/247/227 185/245/185 184/243/184
f 163/248/163 222/212/222 186/249/186
f 157/226/157 218/315/218 185/245/185
f 183/236/183 216/244/216 154/250/154
f 149/251/149 231/216/231 177/215/177
f 163/248/163 151/238/151 182/232/182
f 223/252/223 187/253/187 186/249/186
f 187/253/187 211/256/211 210/254/210
f 188/255/188 212/311/212 211/256/211
f 224/257/224 188/255/188 187/253/187
f 199/233/199 202/303/202 201/258/201
f 154/250/154 212/311/212 188/255/188
f 186/249/186 210/254/210 156/259/156
f 185/245/185 227/247/227 149/251/149
f 1856/260/1856 1857/319/1857 220/261/220
f 1859/263/1859 1856/260/1856 221/262/221
f 1858/265/1858 1845/273/1845 153/266/153
f 1854/268/1854 1855/274/1855 213/269/213
f 1853/271/1853 1854/268/1854 214/270/214
f 1845/273/1845 1853/271/1853 215/272/215
f 1855/274/1855 1846/289/1846 155/275/155
f 1851/276/1851 1852/283/1852 207/277/207
f 1850/279/1850 1851/276/1851 208/278/208
f 1860/281/1860 1850/279/1850 209/280/209
f 1852/283/1852 1859/263/1859 158/264/158
f 1848/284/1848 1849/290/1849 201/285/201
f 1847/287/1847 1848/284/1848 202/286/202
f 1846/289/1846 1847/287/1847 203/288/203
f 1849/290/1849 1860/281/1860 160/282/160
f 200/239/200 203/617/203 202/303/202
f 155/304/155 203/617/203 200/239/200
f 159/240/159 198/231/198 201/258/201
f 205/220/205 208/307/208 207/306/207
f 206/225/206 209/308/209 208/307/208
f 159/240/159 160/305/160 209/308/209
f 157/226/157 204/218/204 207/306/207
f 211/256/211 214/312/214 213/310/213
f 212/311/212 215/618/215 214/312/214
f 153/313/153 215/618/215 212/311/212
f 156/259/156 210/254/210 213/310/213
f 217/246/217 220/316/220 219/314/219
f 218/315/218 221/317/221 220/316/220
f 157/226/157 158/309/158 221/317/221
f 154/250/154 216/244/216 219/314/219
f 176/203/176 224/257/224 223/252/223
f 148/207/148 152/235/152 224/257/224
f 174/191/174 222/212/222 163/248/163
f 172/205/172 226/241/226 225/242/225
f 173/204/173 227/247/227 226/241/226
f 145/210/145 149/251/149 227/247/227
f 171/209/171 225/242/225 152/235/152
f 169/211/169 229/228/229 228/229/228
f 170/197/170 230/234/230 229/228/229
f 147/196/147 163/248/163 230/234/230
f 168/200/168 228/229/228 162/222/162
f 166/213/166 232/214/232 231/216/231
f 167/202/167 233/221/233 232/214/232
f 146/318/146 162/222/162 233/221/233
f 165/195/165 231/216/231 149/251/149
f 188/255/188 224/257/224 152/235/152
f 1857/319/1857 1858/265/1858 219/267/219
f 25/198/25 170/197/170 169/211/169
f 256/320/256 260/338/260 264/321/264
f 254/323/254 266/327/266 267/324/267
f 256/326/256 268/330/268 266/327/266
f 269/328/269 251/367/251 252/329/252
f 267/324/267 266/327/266 249/331/249
f 266/327/266 268/330/268 252/329/252
f 258/333/258 269/328/269 268/330/268
f 250/332/250 249/331/249 263/334/263
f 263/334/263 249/331/249 252/329/252
f 289/345/289 306/612/306 285/346/285
f 242/348/242 241/344/241 253/349/253
f 262/335/262 263/334/263 254/360/254
f 257/362/257 261/336/261 262/335/262
f 254/360/254 263/334/263 260/338/260
f 255/325/255 267/324/267 253/337/253
f 258/322/258 264/321/264 259/364/259
f 258/333/258 273/370/273 265/366/265
f 270/371/270 273/370/273 272/369/272
f 301/320/301 305/338/305 309/321/309
f 299/323/299 311/327/311 312/324/312
f 301/326/301 313/330/313 311/327/311
f 314/328/314 296/367/296 297/329/297
f 312/324/312 311/327/311 294/331/294
f 311/327/311 313/330/313 297/329/297
f 303/333/303 314/328/314 313/330/313
f 295/332/295 294/331/294 308/334/308
f 308/334/308 294/331/294 297/329/297
f 334/345/334 351/612/351 330/346/330
f 287/375/287 286/344/286 298/349/298
f 307/335/307 308/334/308 299/360/299
f 302/362/302 306/336/306 307/335/307
f 299/360/299 308/334/308 305/338/305
f 300/325/300 312/324/312 298/337/298
f 303/322/303 309/321/309 304/364/304
f 303/333/303 318/370/318 310/366/310
f 315/371/315 318/370/318 317/369/317
f 346/320/346 350/338/350 354/321/354
f 344/323/344 356/327/356 357/324/357
f 346/326/346 358/330/358 356/327/356
f 359/328/359 341/367/341 342/329/342
f 357/324/357 356/327/356 339/331/339
f 356/327/356 358/330/358 342/329/342
f 348/333/348 359/328/359 358/330/358
f 340/332/340 339/331/339 353/334/353
f 353/334/353 339/331/339 342/329/342
f 379/345/379 396/612/396 375/346/375
f 332/375/332 331/344/331 343/349/343
f 352/335/352 353/334/353 344/360/344
f 347/362/347 351/336/351 352/335/352
f 344/360/344 353/334/353 350/338/350
f 345/325/345 357/324/357 343/337/343
f 348/322/348 354/321/354 349/364/349
f 348/333/348 363/370/363 355/366/355
f 360/371/360 363/370/363 362/369/362
f 391/320/391 395/338/395 399/321/399
f 389/323/389 401/327/401 402/324/402
f 391/326/391 403/330/403 401/327/401
f 404/328/404 386/367/386 387/329/387
f 402/324/402 401/327/401 384/331/384
f 401/327/401 403/330/403 387/329/387
f 393/333/393 404/328/404 403/330/403
f 385/332/385 384/331/384 398/334/398
f 398/334/398 384/331/384 387/329/387
f 424/345/424 441/612/441 420/346/420
f 377/375/377 376/344/376 388/349/388
f 397/335/397 398/334/398 389/360/389
f 392/362/392 396/336/396 397/335/397
f 389/360/389 398/334/398 395/338/395
f 390/325/390 402/324/402 388/337/388
f 393/322/393 399/321/399 394/364/394
f 393/333/393 408/370/408 400/366/400
f 297/329/297 296/367/296 309/321/309
f 405/371/405 408/370/408 407/369/407
f 436/320/436 440/338/440 444/321/444
f 434/323/434 446/327/446 447/324/447
f 436/326/436 448/330/448 446/327/446
f 449/328/449 431/367/431 432/329/432
f 447/324/447 446/327/446 429/331/429
f 446/327/446 448/330/448 432/329/432
f 438/333/438 449/328/449 448/330/448
f 430/332/430 429/331/429 443/334/443
f 443/334/443 429/331/429 432/329/432
f 469/345/469 1877/612/1877 465/346/465
f 422/375/422 421/344/421 433/349/433
f 442/335/442 443/334/443 434/360/434
f 437/362/437 441/336/441 442/335/442
f 434/360/434 443/334/443 440/338/440
f 435/325/435 447/324/447 433/337/433
f 438/322/438 444/321/444 439/364/439
f 438/333/438 453/370/453 445/366/445
f 450/371/450 453/370/453 452/369/452
f 467/375/467 464/342/464 462/343/462
f 488/345/488 505/612/505 484/346/484
f 467/375/467 466/344/466 1878/349/1878
f 463/350/463 468/347/468 465/346/465
f 470/354/470 469/345/469 468/347/468
f 470/354/470 472/383/472 467/375/467
f 500/320/500 504/338/504 508/321/508
f 498/323/498 510/327/510 511/324/511
f 500/326/500 512/330/512 510/327/510
f 513/328/513 495/367/495 496/329/496
f 511/324/511 510/327/510 493/331/493
f 510/327/510 512/330/512 496/329/496
f 502/333/502 513/328/513 512/330/512
f 494/332/494 493/331/493 507/334/507
f 507/334/507 493/331/493 496/329/496
f 533/345/533 550/612/550 529/346/529
f 486/375/486 485/344/485 497/349/497
f 506/335/506 507/334/507 498/360/498
f 501/362/501 505/336/505 506/335/506
f 498/360/498 507/334/507 504/338/504
f 499/325/499 511/324/511 497/337/497
f 502/322/502 508/321/508 503/364/503
f 502/333/502 517/370/517 509/366/509
f 514/371/514 517/370/517 516/369/516
f 545/320/545 549/338/549 553/321/553
f 543/323/543 555/327/555 556/324/556
f 545/326/545 557/330/557 555/327/555
f 556/324/556 555/327/555 538/331/538
f 555/327/555 557/330/557 541/329/541
f 547/333/547 558/328/558 557/330/557
f 539/332/539 538/331/538 552/334/552
f 552/334/552 538/331/538 541/329/541
f 578/345/578 595/612/595 574/346/574
f 531/375/531 530/344/530 542/349/542
f 551/335/551 552/334/552 543/360/543
f 546/362/546 550/336/550 551/335/551
f 543/360/543 552/334/552 549/338/549
f 544/325/544 556/324/556 542/337/542
f 547/322/547 553/321/553 548/364/548
f 547/333/547 562/370/562 554/366/554
f 559/371/559 562/370/562 561/369/561
f 590/320/590 594/338/594 598/321/598
f 588/323/588 600/327/600 601/324/601
f 590/326/590 602/330/602 600/327/600
f 603/328/603 585/367/585 586/329/586
f 601/324/601 600/327/600 583/331/583
f 600/327/600 602/330/602 586/329/586
f 592/333/592 603/328/603 602/330/602
f 584/332/584 583/331/583 597/334/597
f 597/334/597 583/331/583 586/329/586
f 623/345/623 640/612/640 619/346/619
f 576/375/576 575/344/575 587/349/587
f 596/335/596 597/334/597 588/360/588
f 591/362/591 595/336/595 596/335/596
f 588/360/588 597/334/597 594/338/594
f 589/325/589 601/324/601 587/337/587
f 592/322/592 598/321/598 593/364/593
f 592/333/592 607/370/607 599/366/599
f 604/371/604 607/370/607 606/369/606
f 635/320/635 639/338/639 643/321/643
f 633/323/633 645/327/645 646/324/646
f 635/326/635 647/330/647 645/327/645
f 646/324/646 645/327/645 628/331/628
f 645/327/645 647/330/647 631/329/631
f 637/333/637 648/328/648 647/330/647
f 629/332/629 628/331/628 642/334/642
f 642/334/642 628/331/628 631/329/631
f 668/345/668 685/612/685 664/346/664
f 621/375/621 620/344/620 632/349/632
f 641/335/641 642/334/642 633/360/633
f 636/362/636 640/336/640 641/335/641
f 633/360/633 642/334/642 639/338/639
f 634/325/634 646/324/646 632/337/632
f 649/371/649 652/370/652 651/369/651
f 680/320/680 684/338/684 688/321/688
f 678/323/678 690/327/690 691/324/691
f 680/326/680 692/330/692 690/327/690
f 693/328/693 675/367/675 676/329/676
f 691/324/691 690/327/690 673/331/673
f 690/327/690 692/330/692 676/329/676
f 682/333/682 693/328/693 692/330/692
f 674/332/674 673/331/673 687/334/687
f 687/334/687 673/331/673 676/329/676
f 713/345/713 1792/612/1792 709/346/709
f 666/375/666 665/344/665 677/349/677
f 686/335/686 687/334/687 678/360/678
f 681/362/681 685/336/685 686/335/686
f 678/360/678 687/334/687 684/338/684
f 679/325/679 691/324/691 677/337/677
f 682/322/682 688/321/688 683/364/683
f 682/333/682 697/370/697 689/366/689
f 694/371/694 697/370/697 696/369/696
f 711/375/711 708/342/708 706/343/706
f 732/345/732 749/612/749 728/346/728
f 711/375/711 710/344/710 1784/349/1784
f 707/350/707 712/347/712 709/346/709
f 714/354/714 713/345/713 712/347/712
f 714/354/714 716/383/716 711/375/711
f 744/320/744 748/338/748 752/321/752
f 742/323/742 754/327/754 755/324/755
f 744/326/744 756/330/756 754/327/754
f 757/328/757 739/367/739 740/329/740
f 755/324/755 754/327/754 737/331/737
f 754/327/754 756/330/756 740/329/740
f 746/333/746 757/328/757 756/330/756
f 738/332/738 737/331/737 751/334/751
f 751/334/751 737/331/737 740/329/740
f 777/345/777 794/612/794 773/346/773
f 730/375/730 729/344/729 741/349/741
f 750/335/750 751/334/751 742/360/742
f 745/362/745 749/336/749 750/335/750
f 742/360/742 751/334/751 748/338/748
f 743/325/743 755/324/755 741/337/741
f 746/322/746 752/321/752 747/364/747
f 746/333/746 761/370/761 753/366/753
f 830/329/830 829/367/829 842/321/842
f 758/371/758 761/370/761 760/369/760
f 789/320/789 793/338/793 797/321/797
f 787/323/787 799/327/799 800/324/800
f 789/326/789 801/330/801 799/327/799
f 802/328/802 784/367/784 785/329/785
f 800/324/800 799/327/799 782/331/782
f 799/327/799 801/330/801 785/329/785
f 791/333/791 802/328/802 801/330/801
f 783/332/783 782/331/782 796/334/796
f 796/334/796 782/331/782 785/329/785
f 822/345/822 839/612/839 818/346/818
f 775/375/775 774/344/774 786/349/786
f 795/335/795 796/334/796 787/360/787
f 790/362/790 794/336/794 795/335/795
f 787/360/787 796/334/796 793/338/793
f 788/325/788 800/324/800 786/337/786
f 791/322/791 797/321/797 792/364/792
f 791/333/791 806/370/806 798/366/798
f 740/329/740 739/367/739 752/321/752
f 803/371/803 806/370/806 805/369/805
f 834/320/834 838/338/838 842/321/842
f 832/386/832 844/387/844 845/324/845
f 834/326/834 846/330/846 844/387/844
f 847/328/847 829/367/829 830/329/830
f 845/324/845 844/387/844 827/388/827
f 844/387/844 846/330/846 830/329/830
f 836/333/836 847/328/847 846/330/846
f 828/332/828 827/388/827 841/389/841
f 841/389/841 827/388/827 830/329/830
f 867/345/867 884/612/884 863/346/863
f 820/375/820 819/344/819 831/349/831
f 840/335/840 841/389/841 832/390/832
f 835/362/835 839/336/839 840/335/840
f 832/390/832 841/389/841 838/338/838
f 833/325/833 845/324/845 831/337/831
f 836/322/836 842/321/842 837/364/837
f 836/333/836 851/370/851 843/366/843
f 848/371/848 851/370/851 850/369/850
f 879/320/879 883/338/883 887/391/887
f 877/323/877 889/327/889 890/393/890
f 879/326/879 891/330/891 889/327/889
f 883/338/883 875/329/875 874/395/874
f 890/393/890 889/327/889 872/331/872
f 889/327/889 891/330/891 875/329/875
f 881/397/881 892/400/892 891/330/891
f 873/396/873 872/331/872 886/334/886
f 886/334/886 872/331/872 875/329/875
f 912/345/912 926/612/926 908/346/908
f 865/375/865 864/344/864 876/349/876
f 885/398/885 886/334/886 877/360/877
f 880/362/880 884/336/884 885/398/885
f 875/329/875 891/330/891 892/400/892
f 877/360/877 886/334/886 883/338/883
f 878/394/878 890/393/890 876/337/876
f 881/392/881 887/391/887 882/364/882
f 881/397/881 896/370/896 888/366/888
f 893/371/893 896/370/896 895/369/895
f 924/333/924 933/328/933 931/401/931
f 921/402/921 931/401/931 932/324/932
f 921/403/921 928/405/928 929/321/929
f 932/324/932 931/401/931 917/404/917
f 928/405/928 917/404/917 920/395/920
f 918/332/918 917/404/917 928/405/928
f 1281/345/1281 1296/612/1296 1277/346/1277
f 910/375/910 909/344/909 919/349/919
f 927/335/927 928/405/928 921/403/921
f 923/362/923 926/336/926 927/335/927
f 922/325/922 932/324/932 919/337/919
f 924/322/924 929/321/929 925/364/925
f 924/333/924 937/370/937 930/366/930
f 934/371/934 937/370/937 936/369/936
f 955/406/955 958/409/958 952/407/952
f 983/415/983 975/418/975 974/416/974
f 949/418/949 947/425/947 943/419/943
f 944/413/944 948/416/948 949/418/949
f 958/409/958 955/406/955 960/420/960
f 954/422/954 957/411/957 956/423/956
f 947/425/947 949/418/949 957/415/957
f 956/423/956 962/437/962 960/427/960
f 960/427/960 962/437/962 961/428/961
f 960/420/960 968/434/968 963/430/963
f 965/435/965 968/434/968 967/433/967
f 980/406/980 984/409/984 983/407/983
f 1009/415/1009 1001/418/1001 1000/416/1000
f 975/418/975 973/425/973 969/419/969
f 970/413/970 974/416/974 975/418/975
f 984/409/984 980/406/980 986/420/986
f 979/422/979 982/411/982 981/423/981
f 973/425/973 975/418/975 982/415/982
f 981/423/981 988/437/988 986/427/986
f 986/427/986 988/437/988 987/428/987
f 986/420/986 994/434/994 989/430/989
f 991/435/991 994/434/994 993/433/993
f 1006/406/1006 1010/409/1010 1009/407/1009
f 1001/418/1001 999/425/999 995/419/995
f 996/413/996 1000/416/1000 1001/418/1001
f 1010/409/1010 1006/406/1006 1012/420/1012
f 1005/422/1005 1008/411/1008 1007/423/1007
f 999/425/999 1001/418/1001 1008/415/1008
f 1007/423/1007 1014/437/1014 1012/427/1012
f 1012/427/1012 1014/437/1014 1013/428/1013
f 1012/420/1012 1020/434/1020 1015/430/1015
f 1017/435/1017 1020/434/1020 1019/433/1019
f 1071/438/1071 1072/468/1072 1027/439/1027
f 1074/441/1074 1073/444/1073 1030/442/1030
f 1073/444/1073 1074/441/1074 1031/445/1031
f 1036/440/1036 1076/619/1076 1075/447/1075
f 1037/440/1037 1077/620/1077 1078/448/1078
f 1075/447/1075 1076/619/1076 1035/449/1035
f 1044/451/1044 1080/621/1080 1079/452/1079
f 1078/448/1078 1077/620/1077 1038/449/1038
f 1048/440/1048 1082/622/1082 1081/454/1081
f 1079/452/1079 1080/621/1080 1043/455/1043
f 1085/457/1085 1086/460/1086 1055/449/1055
f 1081/454/1081 1082/622/1082 1047/449/1047
f 1087/458/1087 1088/462/1088 1059/442/1059
f 1084/459/1084 1083/467/1083 1050/439/1050
f 1086/460/1086 1085/457/1085 1054/439/1054
f 1090/461/1090 1089/623/1089 1062/455/1062
f 1088/462/1088 1087/458/1087 1058/463/1058
f 1061/451/1061 1089/623/1089 1090/461/1090
f 1068/446/1068 1092/624/1092 1091/465/1091
f 1091/465/1091 1092/624/1092 1067/442/1067
f 1069/466/1069 1070/469/1070 1023/453/1023
f 1083/467/1083 1084/459/1084 1051/449/1051
f 1072/468/1072 1071/438/1071 1026/449/1026
f 1069/466/1069 1022/455/1022 1024/456/1024
f 1097/470/1097 1094/625/1094 1096/471/1096
f 1100/473/1100 1097/470/1097 1098/472/1098
f 1093/475/1093 1100/473/1100 1099/474/1099
f 1105/477/1105 1102/626/1102 1104/478/1104
f 1101/480/1101 1105/477/1105 1106/479/1106
f 1111/477/1111 1108/626/1108 1110/478/1110
f 1107/482/1107 1111/477/1111 1112/479/1112
f 1117/470/1117 1114/625/1114 1116/471/1116
f 1120/473/1120 1117/470/1117 1118/472/1118
f 1113/475/1113 1120/473/1120 1119/474/1119
f 1125/470/1125 1122/625/1122 1124/471/1124
f 1128/473/1128 1125/470/1125 1126/472/1126
f 1121/475/1121 1128/473/1128 1127/474/1127
f 1133/477/1133 1130/626/1130 1132/478/1132
f 1129/480/1129 1133/477/1133 1134/479/1134
f 1139/477/1139 1136/626/1136 1138/478/1138
f 1135/482/1135 1139/477/1139 1140/479/1140
f 1145/470/1145 1142/625/1142 1144/471/1144
f 1148/473/1148 1145/470/1145 1146/472/1146
f 1141/475/1141 1148/473/1148 1147/474/1147
f 1153/470/1153 1150/625/1150 1152/471/1152
f 1159/477/1159 1156/626/1156 1158/478/1158
f 1155/480/1155 1159/477/1159 1160/479/1160
f 1165/477/1165 1162/626/1162 1164/478/1164
f 1161/482/1161 1165/477/1165 1166/479/1166
f 1171/470/1171 1168/625/1168 1170/471/1170
f 1174/473/1174 1171/470/1171 1172/472/1172
f 1167/475/1167 1174/473/1174 1173/474/1173
f 1179/470/1179 1176/625/1176 1178/471/1178
f 1182/473/1182 1179/470/1179 1180/472/1180
f 1175/475/1175 1182/473/1182 1181/474/1181
f 1187/477/1187 1184/626/1184 1186/478/1186
f 1183/480/1183 1187/477/1187 1188/479/1188
f 1193/477/1193 1190/626/1190 1192/478/1192
f 1189/482/1189 1193/477/1193 1194/479/1194
f 1199/470/1199 1196/625/1196 1198/471/1198
f 1202/473/1202 1199/470/1199 1200/472/1200
f 1195/475/1195 1202/473/1202 1201/474/1201
f 1207/470/1207 1204/625/1204 1206/471/1206
f 1213/477/1213 1210/626/1210 1212/478/1212
f 1209/480/1209 1213/477/1213 1214/479/1214
f 1219/477/1219 1216/626/1216 1218/478/1218
f 1215/482/1215 1219/477/1219 1220/479/1220
f 1225/470/1225 1222/625/1222 1224/471/1224
f 1228/473/1228 1225/470/1225 1226/472/1226
f 1221/475/1221 1228/473/1228 1227/474/1227
f 1233/470/1233 1230/625/1230 1232/471/1232
f 1236/473/1236 1233/470/1233 1234/472/1234
f 1229/475/1229 1236/473/1236 1235/474/1235
f 1241/477/1241 1238/626/1238 1240/478/1240
f 1237/480/1237 1241/477/1241 1242/479/1242
f 1247/477/1247 1244/626/1244 1246/478/1246
f 1243/482/1243 1247/477/1247 1248/479/1248
f 1253/470/1253 1250/625/1250 1252/471/1252
f 1256/473/1256 1253/470/1253 1254/472/1254
f 1249/475/1249 1256/473/1256 1255/474/1255
f 1261/477/1261 1258/626/1258 1260/478/1260
f 1257/482/1257 1261/477/1261 1262/479/1262
f 1267/470/1267 1264/625/1264 1266/471/1266
f 1270/473/1270 1267/470/1267 1268/472/1268
f 1263/475/1263 1270/473/1270 1269/474/1269
f 1149/483/1149 1153/470/1153 1154/472/1154
f 1203/475/1203 1207/470/1207 1208/472/1208
f 1292/485/1292 1295/493/1295 1299/486/1299
f 1290/488/1290 1300/492/1300 1301/489/1301
f 1292/491/1292 1303/499/1303 1300/492/1300
f 1295/493/1295 1288/497/1288 1289/494/1289
f 1301/489/1301 1300/492/1300 1286/495/1286
f 1300/492/1300 1303/499/1303 1288/497/1288
f 1294/498/1294 1304/505/1304 1303/499/1303
f 1287/496/1287 1286/495/1286 1298/500/1298
f 1298/500/1298 1286/495/1286 1288/497/1288
f 1279/375/1279 1276/342/1276 1274/343/1274
f 1319/345/1319 1336/612/1336 1315/346/1315
f 1279/375/1279 1278/344/1278 1302/349/1302
f 1275/350/1275 1280/347/1280 1277/346/1277
f 1282/354/1282 1281/345/1281 1280/347/1280
f 1282/354/1282 1284/383/1284 1279/375/1279
f 1297/501/1297 1298/500/1298 1290/502/1290
f 1293/504/1293 1296/613/1296 1297/501/1297
f 1288/497/1288 1303/499/1303 1304/505/1304
f 1290/502/1290 1298/500/1298 1295/493/1295
f 1291/490/1291 1301/489/1301 1302/506/1302
f 1331/320/1331 1335/338/1335 1339/321/1339
f 1329/323/1329 1341/327/1341 1342/324/1342
f 1331/326/1331 1343/330/1343 1341/327/1341
f 1344/328/1344 1326/367/1326 1327/329/1327
f 1342/324/1342 1341/327/1341 1324/331/1324
f 1341/327/1341 1343/330/1343 1327/329/1327
f 1333/333/1333 1344/328/1344 1343/330/1343
f 1325/332/1325 1324/331/1324 1338/334/1338
f 1338/334/1338 1324/331/1324 1327/329/1327
f 1364/345/1364 1381/612/1381 1360/346/1360
f 1317/375/1317 1316/344/1316 1328/349/1328
f 1337/335/1337 1338/334/1338 1329/360/1329
f 1332/362/1332 1336/336/1336 1337/335/1337
f 1329/360/1329 1338/334/1338 1335/338/1335
f 1330/325/1330 1342/324/1342 1328/337/1328
f 1333/322/1333 1339/321/1339 1334/364/1334
f 1333/333/1333 1348/370/1348 1340/366/1340
f 1345/371/1345 1348/370/1348 1347/369/1347
f 1376/320/1376 1380/338/1380 1384/321/1384
f 1374/323/1374 1386/327/1386 1387/324/1387
f 1376/326/1376 1388/330/1388 1386/327/1386
f 1380/338/1380 1372/329/1372 1371/395/1371
f 1387/324/1387 1386/327/1386 1369/331/1369
f 1386/327/1386 1388/330/1388 1372/329/1372
f 1378/333/1378 1389/328/1389 1388/330/1388
f 1370/332/1370 1369/331/1369 1383/334/1383
f 1383/334/1383 1369/331/1369 1372/329/1372
f 1409/345/1409 1427/612/1427 1405/346/1405
f 1362/375/1362 1361/344/1361 1373/349/1373
f 1382/335/1382 1383/334/1383 1374/360/1374
f 1377/362/1377 1381/336/1381 1382/335/1382
f 1372/329/1372 1388/330/1388 1389/328/1389
f 1374/360/1374 1383/334/1383 1380/338/1380
f 1375/325/1375 1387/324/1387 1373/337/1373
f 1378/322/1378 1384/321/1384 1379/364/1379
f 1378/333/1378 1393/370/1393 1385/366/1385
f 1390/371/1390 1393/370/1393 1392/369/1392
f 1422/320/1422 1426/338/1426 1430/321/1430
f 1420/323/1420 1432/327/1432 1433/324/1433
f 1422/326/1422 1434/330/1434 1432/327/1432
f 1426/338/1426 1417/329/1417 1419/395/1419
f 1433/324/1433 1432/327/1432 1414/331/1414
f 1432/327/1432 1434/330/1434 1417/329/1417
f 1424/333/1424 1435/328/1435 1434/330/1434
f 1415/332/1415 1414/331/1414 1429/334/1429
f 1429/334/1429 1414/331/1414 1417/329/1417
f 1407/375/1407 1406/344/1406 1418/349/1418
f 1428/335/1428 1429/334/1429 1420/360/1420
f 1423/362/1423 1427/336/1427 1428/335/1428
f 1417/329/1417 1434/330/1434 1435/328/1435
f 1420/360/1420 1429/334/1429 1426/338/1426
f 1421/325/1421 1433/324/1433 1418/337/1418
f 1424/322/1424 1430/321/1430 1425/364/1425
f 1424/333/1424 1439/370/1439 1431/366/1431
f 1430/321/1430 1419/395/1419 1416/367/1416
f 1435/328/1435 1431/366/1431 1416/367/1416
f 1436/371/1436 1439/370/1439 1438/369/1438
f 1446/508/1446 1448/514/1448 1447/509/1447
f 1451/511/1451 1450/627/1450 1449/512/1449
f 1448/514/1448 1451/511/1451 1452/513/1452
f 1454/515/1454 1456/521/1456 1455/516/1455
f 1459/518/1459 1458/628/1458 1457/519/1457
f 1456/521/1456 1459/518/1459 1460/520/1460
f 1462/522/1462 1464/528/1464 1463/523/1463
f 1467/525/1467 1466/629/1466 1465/526/1465
f 1464/528/1464 1467/525/1467 1468/527/1468
f 1470/515/1470 1472/521/1472 1471/516/1471
f 1475/518/1475 1474/628/1474 1473/519/1473
f 1472/521/1472 1475/518/1475 1476/529/1476
f 1478/508/1478 1480/514/1480 1479/509/1479
f 1483/511/1483 1482/627/1482 1481/512/1481
f 1480/514/1480 1483/511/1483 1484/513/1484
f 1486/508/1486 1488/514/1488 1487/509/1487
f 1491/511/1491 1490/627/1490 1489/512/1489
f 1488/514/1488 1491/511/1491 1492/513/1492
f 1494/530/1494 1496/536/1496 1495/531/1495
f 1499/533/1499 1498/630/1498 1497/534/1497
f 1496/536/1496 1499/533/1499 1500/535/1500
f 1502/522/1502 1504/528/1504 1503/523/1503
f 1507/525/1507 1506/629/1506 1505/526/1505
f 1504/528/1504 1507/525/1507 1508/527/1508
f 1510/537/1510 1512/543/1512 1511/538/1511
f 1515/540/1515 1514/631/1514 1513/541/1513
f 1512/543/1512 1515/540/1515 1516/542/1516
f 1518/508/1518 1520/514/1520 1519/509/1519
f 1523/511/1523 1522/627/1522 1521/512/1521
f 1520/514/1520 1523/511/1523 1524/513/1524
f 1526/508/1526 1528/514/1528 1527/509/1527
f 1531/511/1531 1530/627/1530 1529/512/1529
f 1528/514/1528 1531/511/1531 1532/513/1532
f 1534/522/1534 1536/528/1536 1535/523/1535
f 1539/525/1539 1538/629/1538 1537/526/1537
f 1536/528/1536 1539/525/1539 1540/527/1540
f 1542/508/1542 1544/514/1544 1543/509/1543
f 1547/511/1547 1546/627/1546 1545/512/1545
f 1544/514/1544 1547/511/1547 1548/513/1548
f 1550/530/1550 1552/536/1552 1551/531/1551
f 1555/533/1555 1554/630/1554 1553/534/1553
f 1552/536/1552 1555/533/1555 1556/535/1556
f 1558/522/1558 1560/528/1560 1559/523/1559
f 1563/525/1563 1562/629/1562 1561/526/1561
f 1560/528/1560 1563/525/1563 1564/527/1564
f 1566/508/1566 1568/514/1568 1567/509/1567
f 1571/511/1571 1570/627/1570 1569/512/1569
f 1568/514/1568 1571/511/1571 1572/513/1572
f 1574/515/1574 1576/521/1576 1575/516/1575
f 1579/518/1579 1578/628/1578 1577/519/1577
f 1576/521/1576 1579/518/1579 1580/520/1580
f 1582/530/1582 1584/536/1584 1583/531/1583
f 1587/533/1587 1586/630/1586 1585/534/1585
f 1584/536/1584 1587/533/1587 1588/535/1588
f 1590/522/1590 1592/528/1592 1591/523/1591
f 1595/525/1595 1594/629/1594 1593/526/1593
f 1592/528/1592 1595/525/1595 1596/527/1596
f 1598/508/1598 1600/514/1600 1599/509/1599
f 1603/511/1603 1602/627/1602 1601/512/1601
f 1600/514/1600 1603/511/1603 1604/513/1604
f 1606/522/1606 1608/528/1608 1607/523/1607
f 1611/525/1611 1610/629/1610 1609/526/1609
f 1608/528/1608 1611/525/1611 1612/527/1612
f 1614/515/1614 1616/521/1616 1615/516/1615
f 1619/518/1619 1618/628/1618 1617/519/1617
f 1616/521/1616 1619/518/1619 1620/520/1620
f 1622/508/1622 1624/514/1624 1623/509/1623
f 1627/511/1627 1626/627/1626 1625/512/1625
f 1624/514/1624 1627/511/1627 1628/513/1628
f 1630/508/1630 1632/514/1632 1631/509/1631
f 1635/511/1635 1634/627/1634 1633/512/1633
f 1632/514/1632 1635/511/1635 1636/513/1636
f 1638/522/1638 1640/528/1640 1639/523/1639
f 1643/525/1643 1642/632/1642 1641/544/1641
f 1640/528/1640 1643/525/1643 1644/527/1644
f 1646/522/1646 1648/528/1648 1647/523/1647
f 1651/525/1651 1650/629/1650 1649/526/1649
f 1648/528/1648 1651/525/1651 1652/527/1652
f 1654/530/1654 1656/536/1656 1655/531/1655
f 1659/533/1659 1658/630/1658 1657/534/1657
f 1656/536/1656 1659/533/1659 1660/535/1660
f 1662/508/1662 1664/514/1664 1663/509/1663
f 1667/511/1667 1666/627/1666 1665/512/1665
f 1664/514/1664 1667/511/1667 1668/513/1668
f 1670/522/1670 1672/528/1672 1671/523/1671
f 1675/525/1675 1674/629/1674 1673/526/1673
f 1672/528/1672 1675/525/1675 1676/527/1676
f 1678/508/1678 1680/514/1680 1679/509/1679
f 1683/511/1683 1682/627/1682 1681/512/1681
f 1680/514/1680 1683/511/1683 1684/513/1684
f 1686/515/1686 1688/521/1688 1687/516/1687
f 1691/518/1691 1690/628/1690 1689/519/1689
f 1688/521/1688 1691/518/1691 1692/520/1692
f 1694/545/1694 1696/551/1696 1695/546/1695
f 1699/548/1699 1698/633/1698 1697/549/1697
f 1696/551/1696 1699/548/1699 1700/550/1700
f 1702/508/1702 1704/514/1704 1703/509/1703
f 1707/511/1707 1706/627/1706 1705/512/1705
f 1704/514/1704 1707/511/1707 1708/513/1708
f 1710/522/1710 1712/528/1712 1711/523/1711
f 1715/525/1715 1714/629/1714 1713/526/1713
f 1712/528/1712 1715/525/1715 1716/527/1716
f 1718/552/1718 1720/558/1720 1719/553/1719
f 1723/555/1723 1722/634/1722 1721/556/1721
f 1720/558/1720 1723/555/1723 1724/557/1724
f 1726/515/1726 1728/521/1728 1727/516/1727
f 1731/518/1731 1730/628/1730 1729/519/1729
f 1728/521/1728 1731/518/1731 1732/520/1732
f 1734/508/1734 1736/514/1736 1735/509/1735
f 1739/511/1739 1738/627/1738 1737/512/1737
f 1736/514/1736 1739/511/1739 1740/513/1740
f 1742/508/1742 1744/560/1744 1743/559/1743
f 1747/511/1747 1746/627/1746 1745/512/1745
f 1744/560/1744 1747/511/1747 1748/513/1748
f 933/328/933 920/395/920 917/404/917
f 496/329/496 495/367/495 508/321/508
f 1294/487/1294 1299/486/1299 1749/561/1749
f 1294/498/1294 1754/566/1754 1750/563/1750
f 1751/567/1751 1754/566/1754 1753/565/1753
f 387/329/387 386/367/386 399/321/399
f 252/329/252 251/367/251 264/321/264
f 342/329/342 341/367/341 354/321/354
f 432/329/432 431/367/431 444/321/444
f 1762/320/1762 1766/338/1766 1770/321/1770
f 1760/323/1760 1772/327/1772 1773/324/1773
f 1762/326/1762 1774/330/1774 1772/327/1772
f 1775/328/1775 1757/367/1757 1758/329/1758
f 1773/324/1773 1772/327/1772 1755/331/1755
f 1772/327/1772 1774/330/1774 1758/329/1758
f 1764/333/1764 1775/328/1775 1774/330/1774
f 1756/332/1756 1755/331/1755 1769/334/1769
f 1769/334/1769 1755/331/1755 1758/329/1758
f 1768/335/1768 1769/334/1769 1760/360/1760
f 1763/362/1763 1767/336/1767 1768/335/1768
f 1760/360/1760 1769/334/1769 1766/338/1766
f 1761/325/1761 1773/324/1773 1759/337/1759
f 1764/322/1764 1770/321/1770 1765/364/1765
f 1764/333/1764 1779/370/1779 1771/366/1771
f 1776/371/1776 1779/370/1779 1778/369/1778
f 1758/329/1758 1757/367/1757 1770/321/1770
f 586/329/586 585/367/585 598/321/598
f 676/329/676 675/367/675 688/321/688
f 1327/329/1327 1326/367/1326 1339/321/1339
f 1787/320/1787 1791/338/1791 1795/321/1795
f 1785/323/1785 1797/327/1797 1798/324/1798
f 1787/326/1787 1799/330/1799 1797/327/1797
f 1800/328/1800 1782/367/1782 1783/329/1783
f 1798/324/1798 1797/327/1797 1780/331/1780
f 1797/327/1797 1799/330/1799 1783/329/1783
f 1789/333/1789 1800/328/1800 1799/330/1799
f 1781/332/1781 1780/331/1780 1794/334/1794
f 1794/334/1794 1780/331/1780 1783/329/1783
f 1793/335/1793 1794/334/1794 1785/360/1785
f 1788/362/1788 1792/336/1792 1793/335/1793
f 1785/360/1785 1794/334/1794 1791/338/1791
f 1786/325/1786 1798/324/1798 1784/337/1784
f 1789/322/1789 1795/321/1795 1790/364/1790
f 1789/333/1789 1804/370/1804 1796/366/1796
f 1801/371/1801 1804/370/1804 1803/369/1803
f 1783/329/1783 1782/367/1782 1795/321/1795
f 785/329/785 784/367/784 797/321/797
f 1827/569/1827 1826/595/1826 1820/570/1820
f 1830/572/1830 1833/584/1833 1808/573/1808
f 1825/575/1825 1832/578/1832 1809/576/1809
f 1832/578/1832 1831/580/1831 1810/579/1810
f 1831/580/1831 1830/572/1830 1811/574/1811
f 1834/581/1834 1829/596/1829 1806/582/1806
f 1833/584/1833 1836/586/1836 1812/585/1812
f 1836/586/1836 1835/588/1835 1813/587/1813
f 1835/588/1835 1834/581/1834 1814/583/1814
f 1821/301/1821 1825/575/1825 1807/577/1807
f 1824/590/1824 1823/593/1823 1815/591/1815
f 1823/593/1823 1822/302/1822 1816/594/1816
f 1822/302/1822 1821/301/1821 1817/589/1817
f 1826/595/1826 1824/590/1824 1805/592/1805
f 1829/596/1829 1828/598/1828 1818/597/1818
f 1828/598/1828 1827/569/1827 1819/571/1819
f 1838/292/1838 1837/291/1837 190/300/190
f 1839/299/1839 1838/292/1838 191/599/191
f 1837/291/1837 1842/298/1842 195/600/195
f 1840/296/1840 1839/299/1839 192/601/192
f 1843/297/1843 1840/296/1840 193/602/193
f 1842/298/1842 1841/295/1841 194/603/194
f 1841/295/1841 1844/294/1844 197/604/197
f 1844/294/1844 1843/297/1843 196/605/196
f 1819/571/1819 1820/570/1820 1858/265/1858
f 1811/574/1811 1808/573/1808 1860/281/1860
f 1807/577/1807 1809/576/1809 1847/287/1847
f 1809/576/1809 1810/579/1810 1848/284/1848
f 1810/579/1810 1811/574/1811 1849/290/1849
f 1814/583/1814 1806/582/1806 1859/263/1859
f 1808/573/1808 1812/585/1812 1850/279/1850
f 1812/585/1812 1813/587/1813 1851/276/1851
f 1813/587/1813 1814/583/1814 1852/283/1852
f 1817/589/1817 1807/577/1807 1846/289/1846
f 1805/592/1805 1815/591/1815 1853/271/1853
f 1815/591/1815 1816/594/1816 1854/268/1854
f 1816/594/1816 1817/589/1817 1855/274/1855
f 1820/570/1820 1805/592/1805 1845/273/1845
f 1806/582/1806 1818/597/1818 1856/260/1856
f 1818/597/1818 1819/571/1819 1857/319/1857
f 37/154/37 109/159/109 1865/160/1865
f 113/169/113 1868/171/1868 1861/166/1861
f 38/158/38 112/151/112 1868/171/1868
f 114/175/114 1867/167/1867 1862/168/1862
f 44/173/44 1861/166/1861 1867/167/1867
f 115/606/115 1866/164/1866 1863/165/1863
f 39/156/39 110/155/110 1866/607/1866
f 116/187/116 1865/160/1865 1864/161/1864
f 42/170/42 113/169/113 1873/172/1873
f 98/184/98 1876/186/1876 1871/179/1871
f 41/177/41 116/187/116 1876/186/1876
f 99/608/99 1875/182/1875 1870/183/1870
f 43/163/43 115/162/115 1875/609/1875
f 100/610/100 1874/176/1874 1869/178/1869
f 29/611/29 1872/174/1872 1874/176/1874
f 101/188/101 1873/172/1873 1872/174/1872
f 244/345/244 261/612/261 240/346/240
f 952/415/952 949/418/949 948/416/948
