# Blender 4.2.0
# www.blender.org
o Sunflower_03
v -0.080996 1.760893 -1.968051
v 0.010826 -0.013892 -2.011752
v -0.081682 1.761423 -1.955276
v 0.010826 -0.013892 -1.988699
v -0.094425 1.761391 -1.968533
v -0.012208 -0.013822 -2.011735
v -0.095116 1.761932 -1.955734
v -0.012207 -0.013822 -1.988714
v 0.005505 0.115252 -2.016827
v -0.014643 0.115151 -1.996486
v 0.005587 0.115518 -1.996590
v -0.014726 0.114886 -2.016730
v -0.076976 1.630253 -1.939433
v -0.061897 1.631630 -1.954057
v -0.062266 1.632682 -1.939195
v -0.076605 1.629218 -1.954279
v -0.074547 1.807746 -1.972550
v -0.075018 1.808989 -1.960056
v -0.083411 1.815118 -1.973682
v -0.083882 1.816363 -1.961088
v -0.031919 1.833338 -1.958184
v -0.037730 1.849275 -1.958843
v -0.032172 1.832996 -1.975074
v -0.037966 1.848955 -1.975728
v -0.013330 0.327648 -1.986251
v -0.013520 0.329950 -2.005398
v 0.005913 0.328507 -1.986352
v 0.005721 0.330807 -2.005501
v -0.031579 1.408383 -1.944933
v -0.015326 1.410855 -1.928512
v -0.015425 1.411126 -1.944977
v -0.031484 1.408122 -1.928467
v -0.005983 1.099515 -1.943402
v 0.012586 1.099867 -1.924786
v 0.012586 1.100311 -1.943424
v -0.005989 1.099070 -1.924783
v 0.000108 0.827375 -1.956760
v 0.019479 0.825212 -1.937900
v 0.019331 0.826646 -1.957116
v 0.000253 0.825952 -1.937681
v -0.016499 -0.013806 -2.000224
v -0.000697 -0.013857 -2.016042
v -0.014175 0.200132 -1.996541
v -0.091017 1.713402 -1.950327
v -0.088528 1.761694 -1.953122
v -0.078850 1.761103 -1.961585
v -0.000697 -0.013857 -1.984408
v -0.097288 1.762016 -1.962233
v -0.087572 1.760962 -1.970664
v 0.015133 -0.013905 -2.000226
v 0.005547 0.201119 -2.016483
v 0.005647 0.200710 -1.996643
v -0.014275 0.200541 -2.016382
v -0.004625 0.115020 -2.020553
v 0.009317 0.115453 -2.006727
v -0.018460 0.114950 -2.006589
v -0.004511 0.115384 -1.992764
v -0.056689 1.530674 -1.931855
v -0.076344 1.711151 -1.963606
v -0.076757 1.712410 -1.949809
v -0.090580 1.712157 -1.964120
v -0.069186 1.630233 -1.956931
v -0.059338 1.632605 -1.946584
v -0.079525 1.629284 -1.946899
v -0.069694 1.631662 -1.936550
v -0.079632 1.812781 -1.958245
v -0.073128 1.807032 -1.966103
v -0.084882 1.817547 -1.967621
v -0.078989 1.811077 -1.975427
v -0.079890 1.788555 -1.970442
v -0.091695 1.791839 -1.971136
v -0.092553 1.792320 -1.958599
v -0.080738 1.789014 -1.957958
v -0.069803 1.829691 -1.974261
v -0.070429 1.830874 -1.960860
v -0.064291 1.820170 -1.959645
v -0.063677 1.818980 -1.973083
v -0.034870 1.841609 -1.955025
v -0.030850 1.829890 -1.966210
v -0.039057 1.852419 -1.967700
v -0.035029 1.840637 -1.978887
v -0.048877 1.826249 -1.974067
v -0.052809 1.840226 -1.975253
v -0.049935 1.827428 -1.958355
v -0.053870 1.841402 -1.959800
v 0.006373 0.045981 -2.012122
v 0.006448 0.048146 -1.991795
v -0.014019 0.047380 -2.012189
v -0.013941 0.049554 -1.991859
v -0.003935 0.330807 -2.009018
v 0.009405 0.329818 -1.995946
v -0.017013 0.328638 -1.995805
v -0.003673 0.327648 -1.982732
v -0.056646 1.530332 -1.947165
v -0.041688 1.532138 -1.931813
v -0.041675 1.531782 -1.947134
v -0.023387 1.409440 -1.925425
v -0.034543 1.407742 -1.936692
v -0.012365 1.411499 -1.936753
v -0.023521 1.409807 -1.948020
v 0.003304 1.099993 -1.946882
v 0.016047 1.100240 -1.934101
v -0.009450 1.099148 -1.934092
v 0.003299 1.099382 -1.921315
v 0.009892 0.825315 -1.934234
v -0.003402 0.826803 -1.947178
v 0.022991 0.825789 -1.947522
v 0.009691 0.827275 -1.960491
v -0.083938 1.713101 -1.947498
v -0.093503 1.713039 -1.957318
v -0.073875 1.711602 -1.956613
v -0.083357 1.711383 -1.966432
v -0.004245 0.200345 -1.992893
v -0.003837 0.046276 -2.015947
v 0.010213 0.046802 -2.001946
v -0.017785 0.048731 -2.002037
v -0.049196 1.530974 -1.949997
v -0.038892 1.532233 -1.939467
v -0.059385 1.530263 -1.939517
v -0.049227 1.531456 -1.928985
v -0.085675 1.789984 -1.973092
v -0.086855 1.790625 -1.955952
v -0.094144 1.793126 -1.965023
v -0.078112 1.788200 -1.964084
v -0.070804 1.832507 -1.967797
v -0.067567 1.825676 -1.957789
v -0.066720 1.824050 -1.976128
v -0.062805 1.817563 -1.966139
v -0.050775 1.833029 -1.977570
v -0.048598 1.824202 -1.965958
v -0.053810 1.843437 -1.967768
v -0.052192 1.834643 -1.956186
v -0.004382 0.200906 -2.020132
v 0.009292 0.201023 -2.006583
v -0.017922 0.200228 -2.006441
v -0.003732 0.049254 -1.988036
v -0.025307 1.859930 -1.986405
v -0.025247 1.862808 -1.952535
v -0.013716 1.831801 -1.948084
v -0.013486 1.828341 -1.982461
v -0.020558 1.869828 -1.996775
v -0.022447 1.884788 -1.935445
v 0.002622 1.817105 -1.925223
v -0.002320 1.821003 -1.990669
v 0.013100 1.806348 -2.004329
v 0.009049 1.805855 -2.004735
v 0.012290 1.815443 -1.917697
v 0.008304 1.814725 -1.920267
v 0.002910 1.866029 -1.979976
v 0.014024 1.835261 -1.978991
v 0.004574 1.866021 -1.952641
v 0.012446 1.843311 -1.948622
v -0.020391 1.884325 -2.014126
v -0.017210 1.886782 -2.013908
v -0.019837 1.890719 -1.931650
v -0.016463 1.893425 -1.929329
v -0.022920 1.879122 -2.009058
v -0.020215 1.873847 -1.945035
v -0.002733 1.826468 -1.937864
v 0.003251 1.809204 -2.000520
v -0.026911 1.864957 -1.979345
v -0.027391 1.867112 -1.970358
v -0.026836 1.866445 -1.960884
v -0.022643 1.856216 -1.946755
v -0.019542 1.847979 -1.943852
v -0.016386 1.839354 -1.944222
v -0.016164 1.835056 -1.988113
v -0.019409 1.843574 -1.990789
v -0.022644 1.852373 -1.990269
v -0.012023 1.826616 -1.955291
v -0.011404 1.824176 -1.964532
v -0.011877 1.824685 -1.974141
v -0.026523 1.890380 -1.993420
v -0.027440 1.894933 -1.973892
v -0.025953 1.892876 -1.953754
v -0.017067 1.870861 -1.922053
v -0.010397 1.852966 -1.915511
v -0.003414 1.833914 -1.916489
v -0.002804 1.824145 -2.012442
v -0.009781 1.842596 -2.018882
v -0.016856 1.861983 -2.017168
v 0.006712 1.804876 -1.941548
v 0.008186 1.799371 -1.961943
v 0.006996 1.800986 -1.982828
v 0.001402 1.848516 -1.965884
v 0.015912 1.833677 -1.961228
v 0.008472 1.851491 -1.988281
v 0.008657 1.854254 -1.945999
v 0.002025 1.871228 -1.967140
v -0.013872 1.875270 -1.916454
v -0.006420 1.855080 -1.909222
v 0.001534 1.833666 -1.910400
v -0.010119 1.877686 -1.913729
v -0.002909 1.856843 -1.906309
v 0.005718 1.835021 -1.907545
v -0.024407 1.897040 -1.996569
v -0.025562 1.902220 -1.974584
v -0.023765 1.899785 -1.952185
v -0.020946 1.899997 -1.995876
v -0.022558 1.905160 -1.973315
v -0.020282 1.902792 -1.950384
v 0.013008 1.800806 -1.938671
v 0.014526 1.794593 -1.961531
v 0.013263 1.796692 -1.984852
v 0.017534 1.801276 -1.936597
v 0.018578 1.794737 -1.960019
v 0.017778 1.797096 -1.983919
v 0.002274 1.822612 -2.018064
v -0.005745 1.843486 -2.025412
v -0.013567 1.865256 -2.022974
v 0.006501 1.823643 -2.018020
v -0.002225 1.844977 -2.025579
v -0.009805 1.867440 -2.022946
v -0.000036 1.818381 -1.949064
v 0.000992 1.814527 -1.963361
v 0.000264 1.815266 -1.978163
v -0.006504 1.831443 -1.999177
v -0.011479 1.844546 -2.003435
v -0.016452 1.858087 -2.002785
v -0.016303 1.863799 -1.936010
v -0.011667 1.851330 -1.931345
v -0.006866 1.838143 -1.931860
v -0.022992 1.877547 -1.985939
v -0.023594 1.880659 -1.972317
v -0.022669 1.879500 -1.957862
v 0.137147 0.288651 -2.096843
v 0.060126 0.314681 -2.162208
v 0.092189 0.340855 -2.025357
v 0.009484 0.361490 -2.092536
v 0.121263 0.317004 -2.043446
v 0.022979 0.356736 -2.127974
v 0.066925 0.344018 -2.042960
v 0.034358 0.354484 -2.071672
v 0.046583 0.344495 -2.107158
v 0.095418 0.328534 -2.065740
v 0.069442 0.321820 -2.087850
v 0.096559 0.294302 -2.126701
v 0.112583 0.297207 -2.117368
v 0.082891 0.310648 -2.143225
v 0.117077 0.250752 -2.168187
v 0.027119 0.338581 -2.030254
v 0.037598 0.341180 -2.042037
v 0.006075 0.324101 -2.005119
v 0.016702 0.332712 -2.019041
v 0.047913 0.338586 -2.059378
v 0.026962 0.335374 -2.031043
v 0.037174 0.337881 -2.042454
v 0.017447 0.329580 -2.020749
v 0.049519 0.336682 -2.057868
v 0.011863 0.322783 -2.013425
v 0.008181 0.314225 -2.000411
v 0.018644 0.330836 -2.018620
v 0.051748 0.337579 -2.056277
v 0.038820 0.339277 -2.041095
v 0.028454 0.336668 -2.029481
v 0.012923 0.324113 -2.010579
v -0.001816 0.317631 -2.009357
v 0.025635 0.337453 -2.031769
v 0.035993 0.340018 -2.043377
v 0.015487 0.331523 -2.021118
v 0.009242 0.324888 -2.013582
v 0.000493 0.305196 -2.009564
v 0.007037 0.305324 -2.004127
v 0.009883 0.312824 -2.010366
v 0.006296 0.313623 -2.013360
v 0.130018 0.309469 -2.075408
v 0.127716 0.275378 -2.137270
v 0.084371 0.282812 -2.164386
v -0.163886 0.406958 -1.879310
v -0.036639 0.408127 -1.787750
v -0.128202 0.514530 -1.932812
v 0.004422 0.508208 -1.844454
v -0.160188 0.472210 -1.925006
v -0.001981 0.478809 -1.805374
v -0.088279 0.511110 -1.911314
v -0.035701 0.509768 -1.872563
v -0.039890 0.475022 -1.836594
v -0.119074 0.475422 -1.893319
v -0.074878 0.459215 -1.871824
v -0.096519 0.402326 -1.840822
v -0.123249 0.408018 -1.850432
v -0.073673 0.411503 -1.812157
v -0.107550 0.334375 -1.812501
v -0.036923 0.519431 -1.929912
v -0.048051 0.513896 -1.914166
v -0.007895 0.511305 -1.970221
v -0.025190 0.518297 -1.946365
v -0.056882 0.498274 -1.896034
v -0.036435 0.515586 -1.930401
v -0.047175 0.510207 -1.915381
v -0.025734 0.514494 -1.945568
v -0.058772 0.496900 -1.898483
v -0.017317 0.509300 -1.957988
v -0.009988 0.503478 -1.975726
v -0.027259 0.516463 -1.947233
v -0.061746 0.498319 -1.899436
v -0.049438 0.512172 -1.915980
v -0.038467 0.517564 -1.931425
v -0.018654 0.511403 -1.960246
v -0.003324 0.503991 -1.966012
v -0.034926 0.517656 -1.928851
v -0.045864 0.512166 -1.913459
v -0.023665 0.516447 -1.944717
v -0.014758 0.511384 -1.957416
v -0.004647 0.490964 -1.967495
v -0.009187 0.492379 -1.973761
v -0.014686 0.498575 -1.965909
v -0.010202 0.498583 -1.962566
v -0.162648 0.443221 -1.892950
v -0.015334 0.437649 -1.797406
v -0.135367 0.371545 -1.837813
v -0.066262 0.370984 -1.802088
v -0.084020 0.429670 -1.857558
v -0.050311 0.498537 -2.183626
v -0.183861 0.493283 -2.086914
v 0.001885 0.590035 -2.112511
v -0.132103 0.581159 -2.009355
v 0.000552 0.554719 -2.153744
v -0.171109 0.558617 -2.033610
v -0.033780 0.584894 -2.080365
v -0.090504 0.583182 -2.040400
v -0.127969 0.554676 -2.062351
v -0.044985 0.557026 -2.122559
v -0.082892 0.537640 -2.088991
v -0.111229 0.488613 -2.131302
v -0.092522 0.497423 -2.152915
v -0.146246 0.499072 -2.116060
v -0.142076 0.423658 -2.163623
v -0.030604 0.583228 -2.020897
v -0.043700 0.581989 -2.038468
v -0.000990 0.563598 -1.981684
v -0.017794 0.577129 -2.003542
v -0.061221 0.570179 -2.056243
v -0.030752 0.578966 -2.020880
v -0.043212 0.577716 -2.037786
v -0.018896 0.573291 -2.005018
v -0.058155 0.568544 -2.057676
v -0.009502 0.564049 -1.993216
v 0.003402 0.552533 -1.984130
v -0.016385 0.575307 -2.005714
v -0.055940 0.570326 -2.060175
v -0.041536 0.580021 -2.039606
v -0.028716 0.581176 -2.022320
v -0.006432 0.566078 -1.993465
v -0.006125 0.556401 -1.977860
v -0.032642 0.581248 -2.019471
v -0.045431 0.579966 -2.036723
v -0.020284 0.575237 -2.002811
v -0.010769 0.566005 -1.990348
v -0.006254 0.542021 -1.980563
v 0.001123 0.541157 -1.985253
v -0.003373 0.550591 -1.989940
v -0.008450 0.550523 -1.986377
v -0.033598 0.532158 -2.171284
v -0.178274 0.519045 -2.057558
v -0.104367 0.464089 -2.175650
v -0.162875 0.456855 -2.119374
v -0.096484 0.511525 -2.108379
v 0.220516 0.520909 -2.025236
v 0.130549 0.528373 -2.151827
v 0.145651 0.604108 -1.968190
v 0.044473 0.606305 -2.101364
v 0.182795 0.569252 -1.978108
v 0.073554 0.587008 -2.134607
v 0.113590 0.602038 -2.004316
v 0.074436 0.604951 -2.060441
v 0.099609 0.580074 -2.095288
v 0.153831 0.575317 -2.019877
v 0.124027 0.561433 -2.055243
v 0.172329 0.516891 -2.082403
v 0.191162 0.523989 -2.065840
v 0.159253 0.529868 -2.113897
v 0.203511 0.461169 -2.123254
v 0.053258 0.601261 -2.001140
v 0.071162 0.600878 -2.014061
v 0.016566 0.582261 -1.975282
v 0.035763 0.594473 -1.988884
v 0.089477 0.590743 -2.032033
v 0.053313 0.597106 -2.001527
v 0.070538 0.596700 -2.013821
v 0.037316 0.590769 -1.990199
v 0.090901 0.588914 -2.029087
v 0.025478 0.581017 -1.981563
v 0.017421 0.571103 -1.966504
v 0.037972 0.592552 -1.987568
v 0.093392 0.590425 -2.026745
v 0.072322 0.598792 -2.012009
v 0.054711 0.599100 -1.999364
v 0.025691 0.582773 -1.978364
v 0.012314 0.574971 -1.980263
v 0.051872 0.599491 -2.003291
v 0.069449 0.599063 -2.015912
v 0.035079 0.592808 -1.991475
v 0.022587 0.583072 -1.982704
v 0.014006 0.559490 -1.980883
v 0.017419 0.557983 -1.973259
v 0.022360 0.567221 -1.976451
v 0.018811 0.567612 -1.981532
v 0.204874 0.551453 -2.007395
v 0.098496 0.552361 -2.145122
v 0.214210 0.494611 -2.081571
v 0.161323 0.493161 -2.137057
v 0.145975 0.538271 -2.067163
v -0.230647 0.656599 -2.033545
v -0.207533 0.649133 -1.838532
v -0.116466 0.773898 -2.043102
v -0.093163 0.752264 -1.837718
v -0.167998 0.740945 -2.066375
v -0.142083 0.703257 -1.821112
v -0.106800 0.763724 -1.984744
v -0.101515 0.760722 -1.901278
v -0.147967 0.724135 -1.878226
v -0.154172 0.719615 -2.004586
v -0.144253 0.703701 -1.941560
v -0.203522 0.632618 -1.944617
v -0.220955 0.657622 -1.977762
v -0.213812 0.649441 -1.905161
v -0.273563 0.575254 -1.938375
v -0.182652 0.681978 -1.829230
v -0.201021 0.685894 -2.047197
v -0.248733 0.609751 -1.985661
v -0.232701 0.609217 -1.884104
v 0.178381 0.682568 -1.733814
v 0.286647 0.694615 -1.919852
v 0.083744 0.814303 -1.779910
v 0.188384 0.818278 -1.974822
v 0.105517 0.760924 -1.735488
v 0.246318 0.786279 -1.968864
v 0.109189 0.812016 -1.837966
v 0.154928 0.816164 -1.916041
v 0.209764 0.775889 -1.912878
v 0.143515 0.769623 -1.796588
v 0.170076 0.747967 -1.859233
v 0.223549 0.679474 -1.829603
v 0.212700 0.687139 -1.792831
v 0.257275 0.696383 -1.864807
v 0.277622 0.598232 -1.815892
v 0.074259 0.814524 -1.908320
v 0.098920 0.812090 -1.894077
v 0.018587 0.792879 -1.940351
v 0.049738 0.807036 -1.923268
v 0.128617 0.795148 -1.883276
v 0.074326 0.808728 -1.908888
v 0.097889 0.806237 -1.895123
v 0.051759 0.801796 -1.922477
v 0.125741 0.792592 -1.880148
v 0.034086 0.790017 -1.932943
v 0.010613 0.777926 -1.938597
v 0.049210 0.804313 -1.920089
v 0.124475 0.794728 -1.875751
v 0.096929 0.809160 -1.891792
v 0.072740 0.811500 -1.905838
v 0.030616 0.792548 -1.930797
v 0.021941 0.779424 -1.949869
v 0.075860 0.812063 -1.911329
v 0.099991 0.809550 -1.897318
v 0.052238 0.804689 -1.925660
v 0.034059 0.792964 -1.936844
v 0.021374 0.761474 -1.950336
v 0.013398 0.760865 -1.941132
v 0.024751 0.772154 -1.935253
v 0.028840 0.772653 -1.942221
v 0.153732 0.729204 -1.735286
v 0.265544 0.730168 -1.948862
v 0.237894 0.642404 -1.776336
v 0.278696 0.645391 -1.874753
v 0.195087 0.710873 -1.846425
v -0.056501 0.893647 -1.666915
v 0.144862 0.906896 -1.697186
v -0.083729 0.991292 -1.797496
v 0.125037 1.011547 -1.827068
v -0.101387 0.948848 -1.743232
v 0.153491 0.981162 -1.777190
v -0.022961 0.992752 -1.811015
v 0.058632 1.006972 -1.818260
v 0.089962 0.978774 -1.765628
v -0.027202 0.962098 -1.752079
v 0.031269 0.945857 -1.761999
v 0.038854 0.888590 -1.692165
v 0.004808 0.897854 -1.678170
v 0.085727 0.908052 -1.688971
v 0.059486 0.814281 -1.626368
v 0.009295 0.990577 -1.875532
v 0.012496 0.992335 -1.848717
v 0.004130 0.972418 -1.928126
v 0.006781 0.982745 -1.900775
v 0.021931 0.982583 -1.816157
v 0.010001 0.985117 -1.874861
v 0.012994 0.986727 -1.848938
v 0.007527 0.977738 -1.898222
v 0.017974 0.979744 -1.816157
v 0.005560 0.967277 -1.916197
v -0.001816 0.957359 -1.931138
v 0.004113 0.979916 -1.899147
v 0.013746 0.981525 -1.815094
v 0.009734 0.989290 -1.848397
v 0.006617 0.987505 -1.874843
v 0.001813 0.969471 -1.917930
v 0.013062 0.961298 -1.930256
v 0.012642 0.988486 -1.875571
v 0.015757 0.990135 -1.849172
v 0.010162 0.980654 -1.899924
v 0.008464 0.970235 -1.918685
v 0.011553 0.941525 -1.930434
v 0.001362 0.941288 -1.930881
v 0.002238 0.950883 -1.923292
v 0.009977 0.951772 -1.924078
v -0.067139 0.930121 -1.698622
v 0.152920 0.938229 -1.736793
v 0.006499 0.857019 -1.642771
v 0.105836 0.857446 -1.668654
v 0.035546 0.916351 -1.727327
v -0.173050 0.952811 -2.097534
v -0.235183 0.935746 -1.930284
v -0.063229 1.029819 -2.055299
v -0.123667 1.003267 -1.882904
v -0.096782 1.000812 -2.095368
v -0.177786 0.987361 -1.883574
v -0.076826 1.019142 -2.005847
v -0.104194 1.010846 -1.935933
v -0.156833 0.987962 -1.936458
v -0.118072 0.999453 -2.040179
v -0.136024 0.974311 -1.990016
v -0.198060 0.936225 -2.015370
v -0.192296 0.948316 -2.044908
v -0.217655 0.945469 -1.979030
v -0.261027 0.883536 -2.030078
v -0.038978 1.004097 -1.955246
v -0.061334 1.007309 -1.963005
v 0.001926 0.977231 -1.942324
v -0.018321 0.992982 -1.948579
v -0.090009 0.999588 -1.969714
v -0.039950 0.999551 -1.955780
v -0.061351 1.002607 -1.963338
v -0.021006 0.989251 -1.949801
v -0.088460 0.998054 -1.973068
v -0.007550 0.976003 -1.946408
v 0.010383 0.962507 -1.948343
v -0.018743 0.991467 -1.951666
v -0.087597 1.000374 -1.976395
v -0.060475 1.005390 -1.965650
v -0.038548 1.002154 -1.957988
v -0.004514 0.978091 -1.948239
v -0.000732 0.964693 -1.935748
v -0.040345 1.001742 -1.953015
v -0.062248 1.004843 -1.960684
v -0.020504 0.990891 -1.946682
v -0.006532 0.977499 -1.942795
v 0.001172 0.949168 -1.939970
v 0.005734 0.948923 -1.947261
v -0.003049 0.960321 -1.949136
v -0.005454 0.959699 -1.942830
v -0.142901 0.983184 -2.093064
v -0.206839 0.953865 -1.905163
v -0.224641 0.921444 -2.060666
v -0.244553 0.906754 -1.975494
v -0.165715 0.952971 -2.001847
v 0.272580 0.870501 -2.074737
v 0.124796 0.947394 -2.218617
v 0.192341 0.964997 -1.953637
v 0.035065 1.023631 -2.102204
v 0.244747 0.917406 -1.979964
v 0.059985 1.018468 -2.163124
v 0.143519 0.977930 -1.994484
v 0.081913 1.005923 -2.056920
v 0.103597 0.991888 -2.119119
v 0.195900 0.948070 -2.028925
v 0.144477 0.945171 -2.078543
v 0.193267 0.897410 -2.143591
v 0.225266 0.896690 -2.120561
v 0.168708 0.932396 -2.176854
v 0.227015 0.829200 -2.217781
v 0.066496 0.971629 -1.981561
v 0.086607 0.975570 -2.001401
v 0.019110 0.940162 -1.944591
v 0.044189 0.958343 -1.963004
v 0.106345 0.974146 -2.030977
v 0.065923 0.965857 -1.983448
v 0.085516 0.969498 -2.002614
v 0.045491 0.953522 -1.966391
v 0.109031 0.970238 -2.028334
v 0.029646 0.937347 -1.954903
v 0.019036 0.919938 -1.938669
v 0.047182 0.955026 -1.962368
v 0.112852 0.971470 -2.024909
v 0.088460 0.971750 -1.999702
v 0.068547 0.967820 -1.980177
v 0.030828 0.938605 -1.950047
v 0.011075 0.928077 -1.954079
v 0.063913 0.969966 -1.984742
v 0.083731 0.973761 -2.004218
v 0.042484 0.956992 -1.966927
v 0.025729 0.940817 -1.955188
v 0.011588 0.907707 -1.955094
v 0.018558 0.903481 -1.950304
v 0.024328 0.916508 -1.951540
v 0.018473 0.919185 -1.957561
v 0.261035 0.906576 -2.035473
v 0.088409 0.975894 -2.194481
v 0.251556 0.858494 -2.155118
v 0.168278 0.887971 -2.217946
v 0.166391 0.919171 -2.110983
v 0.138923 1.164562 -1.738372
v 0.238088 1.169000 -1.879593
v 0.039253 1.243024 -1.798810
v 0.140762 1.237021 -1.952526
v 0.063347 1.212470 -1.751444
v 0.192573 1.225868 -1.938692
v 0.065334 1.237670 -1.844226
v 0.109045 1.238196 -1.905704
v 0.160502 1.219061 -1.892852
v 0.097910 1.217973 -1.800995
v 0.128625 1.196677 -1.846634
v 0.182711 1.158615 -1.812008
v 0.170382 1.167368 -1.785480
v 0.209073 1.174105 -1.837562
v 0.241066 1.099486 -1.778160
v 0.041850 1.221752 -1.903767
v 0.061420 1.226974 -1.890348
v 0.006761 1.191516 -1.928085
v 0.024298 1.208771 -1.915769
v 0.088022 1.221465 -1.876659
v 0.042926 1.217102 -1.903139
v 0.061641 1.221995 -1.890164
v 0.026755 1.205129 -1.914047
v 0.085811 1.219340 -1.873840
v 0.015254 1.190804 -1.921141
v -0.000312 1.175026 -1.922150
v 0.024012 1.207000 -1.912724
v 0.084040 1.221444 -1.870757
v 0.060072 1.224628 -1.888058
v 0.040877 1.219452 -1.901274
v 0.011785 1.192492 -1.920053
v 0.009739 1.178643 -1.933418
v 0.043856 1.219659 -1.905655
v 0.063010 1.224681 -1.892444
v 0.026973 1.207023 -1.917128
v 0.015111 1.192534 -1.924838
v 0.010108 1.162675 -1.931093
v 0.003807 1.160761 -1.923274
v 0.010809 1.174714 -1.920177
v 0.014722 1.174835 -1.925698
v 0.109711 1.197760 -1.746819
v 0.216119 1.189035 -1.911197
v 0.198143 1.137237 -1.759246
v 0.237087 1.134145 -1.834812
v 0.154788 1.175393 -1.831078
v -0.066813 1.227529 -2.131522
v -0.179646 1.210480 -2.027349
v -0.012858 1.320793 -2.058816
v -0.129550 1.280941 -1.950717
v -0.019542 1.295885 -2.103415
v -0.160560 1.244907 -1.976311
v -0.043786 1.305525 -2.026798
v -0.093603 1.293878 -1.984632
v -0.127664 1.264472 -2.005175
v -0.050707 1.272265 -2.067959
v -0.085006 1.254422 -2.033722
v -0.116626 1.214292 -2.079518
v -0.099808 1.229006 -2.101715
v -0.142673 1.218883 -2.064206
v -0.149834 1.169696 -2.119062
v -0.173900 1.231659 -2.006107
v -0.044191 1.249520 -2.118060
v -0.106557 1.192183 -2.123370
v -0.163318 1.187124 -2.066472
v 0.208196 1.246782 -2.037193
v 0.080272 1.247129 -2.157372
v 0.125940 1.332345 -1.950851
v -0.006379 1.315351 -2.072274
v 0.177021 1.299970 -1.967450
v 0.015291 1.304829 -2.121299
v 0.086520 1.323506 -1.982975
v 0.033678 1.319850 -2.034622
v 0.054828 1.301055 -2.083133
v 0.134358 1.304329 -2.008235
v 0.095758 1.279844 -2.045243
v 0.142537 1.236938 -2.092238
v 0.167473 1.248200 -2.075170
v 0.117401 1.253302 -2.123109
v 0.177521 1.176974 -2.142747
v 0.026988 1.303993 -1.969675
v 0.042336 1.309846 -1.986460
v 0.000148 1.272148 -1.939382
v 0.013665 1.290411 -1.954767
v 0.059572 1.304615 -2.010123
v 0.028038 1.299315 -1.970728
v 0.042864 1.304779 -1.986741
v 0.015762 1.286808 -1.956958
v 0.062122 1.302589 -2.007584
v 0.007494 1.272182 -1.947182
v 0.003123 1.257119 -1.933290
v 0.016588 1.288761 -1.954070
v 0.064720 1.304919 -2.005363
v 0.044491 1.307579 -1.984849
v 0.029388 1.301801 -1.968416
v 0.007997 1.273918 -1.943626
v -0.004239 1.260259 -1.944224
v 0.025595 1.301766 -1.971942
v 0.040700 1.307390 -1.988363
v 0.012794 1.288582 -1.957592
v 0.003889 1.273799 -1.947558
v -0.000477 1.244304 -1.943306
v 0.003388 1.243115 -1.937671
v 0.008083 1.255807 -1.943163
v 0.003350 1.255785 -1.947775
v 0.192483 1.283212 -2.010629
v 0.046694 1.268718 -2.141093
v 0.193219 1.216329 -2.098238
v 0.123444 1.208846 -2.149184
v 0.117902 1.256287 -2.068252
v -0.172982 1.259497 -1.833361
v -0.065722 1.291970 -1.742847
v -0.134822 1.328120 -1.907600
v -0.023958 1.363497 -1.816296
v -0.163899 1.294793 -1.891950
v -0.033529 1.348694 -1.775181
v -0.100634 1.335874 -1.883973
v -0.057225 1.351976 -1.844835
v -0.064046 1.332723 -1.804541
v -0.129684 1.309797 -1.861098
v -0.091729 1.306650 -1.833683
v -0.115951 1.269330 -1.792687
v -0.138901 1.270207 -1.804915
v -0.097866 1.285773 -1.768776
v -0.131125 1.223728 -1.748015
v -0.050943 1.343238 -1.899062
v -0.063207 1.342004 -1.884217
v -0.023488 1.332074 -1.926365
v -0.037490 1.338265 -1.912541
v -0.072948 1.333041 -1.863994
v -0.050115 1.339682 -1.898327
v -0.061936 1.338462 -1.884151
v -0.037816 1.334990 -1.910746
v -0.074359 1.330883 -1.865997
v -0.028039 1.326977 -1.919618
v -0.023976 1.317360 -1.931363
v -0.039210 1.336094 -1.912995
v -0.077167 1.331517 -1.867585
v -0.064167 1.339761 -1.885498
v -0.052076 1.340912 -1.900042
v -0.029122 1.328063 -1.922446
v -0.015730 1.321584 -1.923582
v -0.049036 1.342201 -1.897376
v -0.061080 1.340939 -1.882849
v -0.036101 1.337262 -1.910343
v -0.025739 1.329345 -1.919480
v -0.014759 1.306920 -1.923389
v -0.020621 1.307301 -1.926131
v -0.024205 1.314602 -1.923272
v -0.020313 1.316087 -1.919787
v -0.169536 1.282320 -1.855905
v -0.045837 1.314718 -1.758025
v -0.152400 1.246047 -1.784039
v -0.092653 1.256629 -1.746895
v -0.101811 1.286497 -1.813882
v 0.165719 1.430174 -1.906590
v 0.148570 1.448264 -2.040768
v 0.056987 1.494992 -1.884834
v 0.039854 1.484854 -2.030868
v 0.097165 1.462663 -1.874974
v 0.080887 1.474639 -2.054854
v 0.052218 1.499704 -1.930428
v 0.046767 1.492422 -1.987966
v 0.088158 1.479647 -2.010325
v 0.098262 1.484908 -1.921820
v 0.099699 1.471398 -1.962672
v 0.158747 1.433544 -1.972829
v 0.166319 1.446874 -1.950853
v 0.159305 1.454383 -2.005544
v 0.221998 1.395681 -1.993242
v 0.008927 1.480528 -1.944873
v 0.028520 1.487040 -1.948990
v -0.022072 1.454438 -1.936977
v -0.006734 1.468556 -1.940772
v 0.053022 1.486622 -1.957578
v 0.010667 1.476975 -1.945004
v 0.029426 1.483091 -1.948828
v -0.003724 1.465921 -1.941157
v 0.053701 1.485212 -1.954429
v -0.012826 1.453992 -1.938468
v -0.022049 1.441984 -1.929474
v -0.004810 1.467481 -1.938729
v 0.054249 1.487191 -1.951550
v 0.029412 1.485396 -1.946697
v 0.010217 1.478992 -1.942709
v -0.014259 1.455591 -1.935716
v -0.021490 1.444089 -1.942633
v 0.009305 1.478705 -1.947164
v 0.028507 1.485009 -1.951140
v -0.005727 1.467087 -1.943182
v -0.015309 1.455226 -1.940599
v -0.017867 1.429698 -1.941099
v -0.018145 1.429960 -1.932570
v -0.013941 1.440212 -1.934484
v -0.015115 1.439862 -1.940170
v 0.136016 1.456620 -1.893550
v 0.116432 1.450553 -2.051098
v 0.198102 1.423180 -1.954474
v 0.181498 1.424611 -2.020750
v 0.131315 1.455295 -1.965680
v -0.081701 1.419157 -1.756944
v 0.051365 1.420788 -1.780773
v -0.095806 1.494025 -1.833601
v 0.035410 1.494126 -1.856592
v -0.107266 1.469254 -1.796517
v 0.053454 1.482923 -1.820286
v -0.059144 1.486314 -1.846908
v -0.006401 1.487162 -1.854730
v 0.012859 1.470679 -1.820196
v -0.063224 1.468797 -1.807590
v -0.025985 1.449341 -1.819533
v -0.017594 1.413635 -1.773432
v -0.039545 1.420478 -1.764795
v 0.012974 1.424500 -1.773196
v -0.003746 1.364826 -1.732503
v -0.037914 1.480751 -1.892372
v -0.036971 1.480027 -1.873820
v -0.042634 1.465379 -1.929820
v -0.039153 1.474854 -1.909032
v -0.032413 1.472809 -1.854160
v -0.037646 1.477242 -1.891580
v -0.036930 1.476466 -1.874003
v -0.038471 1.471929 -1.907084
v -0.034375 1.471422 -1.854408
v -0.040265 1.463805 -1.919730
v -0.041790 1.454517 -1.931860
v -0.040695 1.473261 -1.907522
v -0.036523 1.472671 -1.853449
v -0.038886 1.478308 -1.873441
v -0.039565 1.479063 -1.891077
v -0.042974 1.465503 -1.920767
v -0.033928 1.462308 -1.927206
v -0.036046 1.479104 -1.892903
v -0.035030 1.478493 -1.874327
v -0.037004 1.473593 -1.908631
v -0.037762 1.466237 -1.921268
v -0.029515 1.446401 -1.927123
v -0.037084 1.443791 -1.928815
v -0.039097 1.452775 -1.923401
v -0.034290 1.454329 -1.922912
v -0.086308 1.453432 -1.770092
v 0.056359 1.440347 -1.806814
v -0.037313 1.395595 -1.740601
v 0.026303 1.390595 -1.760990
v -0.021382 1.430022 -1.797840
v -0.145738 1.613210 -2.068264
v -0.197156 1.615152 -2.014229
v -0.094812 1.665221 -2.026106
v -0.145952 1.664372 -1.969071
v -0.106985 1.644773 -2.049956
v -0.173404 1.654510 -1.982831
v -0.107668 1.663033 -2.008344
v -0.129890 1.664177 -1.986141
v -0.156749 1.649910 -1.998965
v -0.124702 1.648077 -2.032455
v -0.139821 1.636601 -2.014484
v -0.168391 1.608261 -2.039686
v -0.162209 1.613798 -2.051339
v -0.182944 1.617196 -2.030602
v -0.196202 1.569188 -2.059536
v -0.091073 1.658815 -1.972777
v -0.104493 1.659923 -1.985294
v -0.118635 1.654496 -1.995300
v -0.078239 1.652713 -1.957853
v -0.091713 1.656045 -1.973130
v -0.104463 1.657113 -1.985092
v -0.117307 1.653270 -1.996340
v -0.081867 1.649085 -1.961604
v -0.072654 1.642391 -1.957906
v -0.116339 1.654359 -1.997847
v -0.103425 1.658534 -1.986381
v -0.090301 1.657324 -1.974143
v -0.079759 1.650157 -1.962089
v -0.080219 1.645769 -1.954146
v -0.092471 1.657547 -1.971779
v -0.105551 1.658691 -1.984033
v -0.080713 1.650325 -1.955383
v -0.078692 1.633922 -1.951550
v -0.073690 1.633687 -1.956035
v -0.079195 1.639307 -1.961149
v -0.081978 1.639479 -1.958205
v -0.130954 1.633414 -2.060301
v -0.185611 1.630399 -1.997188
v -0.175851 1.593850 -2.065104
v -0.195606 1.590464 -2.033809
v -0.153656 1.621333 -2.026127
v -0.138547 1.779898 -1.894299
v -0.108604 1.790645 -1.886734
v -0.120833 1.768303 -1.942526
v -0.089444 1.777088 -1.933308
v -0.137746 1.774437 -1.920529
v -0.092673 1.786483 -1.913041
v -0.115312 1.776163 -1.911232
v -0.123610 1.782440 -1.889184
v -0.135385 1.788547 -1.859462
v -0.104691 1.763242 -1.929796
v -0.098085 1.751934 -1.943069
v -0.106052 1.761877 -1.928969
v -0.098136 1.749720 -1.940826
v -0.099714 1.750332 -1.942500
v -0.107466 1.762246 -1.930457
v -0.096516 1.751395 -1.941461
v -0.088511 1.737099 -1.952585
v -0.092054 1.736091 -1.945184
v -0.092195 1.729943 -1.955157
v -0.093491 1.738421 -1.948763
v -0.084544 1.730836 -1.951242
v -0.088821 1.738756 -1.946255
v -0.084800 1.722662 -1.948619
v -0.090833 1.721338 -1.950873
v -0.092180 1.726172 -1.947680
v -0.088364 1.726560 -1.945750
v -0.109052 1.788976 -2.017541
v -0.129749 1.785530 -2.006256
v -0.089909 1.781723 -1.986374
v -0.110079 1.777010 -1.974305
v -0.095269 1.789241 -2.005220
v -0.122329 1.781329 -1.985679
v -0.110322 1.781996 -1.999216
v -0.119067 1.785123 -2.012900
v -0.129422 1.787556 -2.034339
v -0.101758 1.771527 -1.987232
v -0.095582 1.762947 -1.978011
v -0.100912 1.770719 -1.988230
v -0.096179 1.761447 -1.979677
v -0.094705 1.762336 -1.979346
v -0.099755 1.771716 -1.988125
v -0.097033 1.762110 -1.978297
v -0.092434 1.755766 -1.968537
v -0.092643 1.754198 -1.973060
v -0.086634 1.751497 -1.967532
v -0.091553 1.755608 -1.972492
v -0.093720 1.750043 -1.966946
v -0.094065 1.754767 -1.971963
v -0.090684 1.743205 -1.967505
v -0.086233 1.744644 -1.968153
v -0.088532 1.748265 -1.970520
v -0.091482 1.747310 -1.969933
v -0.124869 1.844556 -1.978623
v -0.124520 1.846722 -1.958176
v -0.092980 1.836558 -1.979011
v -0.092462 1.837590 -1.957713
v -0.109573 1.841511 -1.983838
v -0.105002 1.843388 -1.954553
v -0.110639 1.839725 -1.968695
v -0.125514 1.843858 -1.968605
v -0.144815 1.852688 -1.970160
v -0.097776 1.830783 -1.969710
v -0.091043 1.820962 -1.968027
v -0.098406 1.830331 -1.968645
v -0.093230 1.820101 -1.967751
v -0.092208 1.820392 -1.969194
v -0.097629 1.831021 -1.967835
v -0.092002 1.820703 -1.966601
v -0.084559 1.810399 -1.966549
v -0.090654 1.812954 -1.967153
v -0.086533 1.807643 -1.970075
v -0.088999 1.813652 -1.968567
v -0.087640 1.808450 -1.964352
v -0.089463 1.813606 -1.965296
v -0.089982 1.803418 -1.964978
v -0.088291 1.804448 -1.969009
v -0.089989 1.807063 -1.968552
v -0.090754 1.807141 -1.966377
v -0.012322 1.852639 -1.930625
v -0.032482 1.880555 -1.900723
v -0.021273 1.877410 -1.950013
v -0.036588 1.885780 -1.906677
v -0.004920 1.829222 -1.935972
v -0.016717 1.845276 -1.884265
v -0.015523 1.860424 -1.938907
v -0.022690 1.853193 -1.887511
v -0.000519 1.818424 -1.944093
v -0.005621 1.800412 -1.904338
v -0.007240 1.840213 -1.929126
v -0.003474 1.805251 -1.899945
v -0.004221 1.782081 -1.930578
v -0.004013 1.830628 -1.938754
v -0.005368 1.778883 -1.938362
v -0.002484 1.815321 -1.969189
v -0.018277 1.859767 -2.000139
v -0.022290 1.840968 -2.045981
v -0.007512 1.831572 -1.997172
v -0.018283 1.833439 -2.045431
v 0.005758 1.771349 -1.968268
v -0.000043 1.816534 -1.953710
v 0.010178 1.770830 -1.975093
v -0.001529 1.818662 -1.984535
v -0.003932 1.779084 -2.001519
v -0.003819 1.819657 -1.971106
v -0.006406 1.783052 -2.008859
v -0.006170 1.830074 -2.001625
v -0.039733 1.915481 -1.937969
v -0.025033 1.881059 -1.973068
v -0.041507 1.909353 -1.929673
v -0.020492 1.866804 -1.940817
v -0.040523 1.900249 -2.018264
v -0.018354 1.860543 -2.001339
v -0.043184 1.904184 -2.011148
v -0.023514 1.879002 -1.974301
v -0.043234 1.919043 -1.981035
v -0.024755 1.879873 -1.989125
v -0.042816 1.919483 -1.972888
v -0.024356 1.880921 -1.960543
v -0.023273 1.874859 -1.995791
v -0.028332 1.878981 -2.039192
v -0.012696 1.846486 -2.010880
v -0.026707 1.870486 -2.043196
v -0.006253 1.797167 -2.038556
v -0.000268 1.814769 -1.993028
v -0.008429 1.803766 -2.042928
v -0.007900 1.838304 -2.008577
v -0.019344 1.868336 -1.914144
v -0.027151 1.885796 -1.928882
v -0.007136 1.832879 -1.914330
v -0.016761 1.859518 -1.919183
v -0.001556 1.811703 -1.928656
v -0.003431 1.828715 -1.915923
v -0.004039 1.815066 -1.934283
v -0.000928 1.800823 -1.960064
v -0.019602 1.854263 -2.015245
v -0.008725 1.831171 -2.012992
v 0.002480 1.799598 -1.957322
v 0.007228 1.800382 -1.983935
v 0.001626 1.802723 -1.979309
v -0.006548 1.815868 -2.003613
v -0.032072 1.897038 -1.961581
v -0.023832 1.884838 -1.940057
v -0.024484 1.877642 -2.011780
v -0.032893 1.890000 -1.989556
v -0.031346 1.894546 -1.986553
v -0.030099 1.895883 -1.962305
v -0.023781 1.879131 -2.010238
v -0.017820 1.853762 -2.023448
v -0.000901 1.807399 -2.008127
v -0.007641 1.828090 -2.021808
v -0.026885 1.889421 -1.951821
v -0.018677 1.947429 -1.955378
v -0.027402 1.890214 -1.981616
v -0.018884 1.947773 -1.967376
v -0.020336 1.916495 -1.951341
v -0.020783 1.917218 -1.977466
v -0.027245 1.901871 -1.979891
v -0.026747 1.901101 -1.951171
v -0.022254 1.880340 -1.941056
v -0.020178 1.935503 -1.931221
v -0.027595 1.891278 -1.970705
v -0.022892 1.939776 -1.943388
v -0.025291 1.901294 -1.934700
v -0.029484 1.910361 -1.960085
v -0.028127 1.892470 -1.962109
v -0.024986 1.943253 -1.976701
v -0.026257 1.885982 -1.991181
v -0.024815 1.941526 -1.989781
v -0.029629 1.911050 -1.965806
v -0.027899 1.907797 -1.991414
v -0.027619 1.892862 -1.972537
v -0.023670 1.944222 -1.999420
v -0.024451 1.881997 -2.000103
v -0.019029 1.940013 -2.009656
v -0.024657 1.918365 -1.983079
v -0.018449 1.910784 -2.004731
v -0.024350 1.893388 -2.003125
v -0.027403 1.903855 -1.976554
v -0.025923 1.882718 -1.995679
v -0.016210 1.916791 -2.043005
v -0.018410 1.860238 -2.013588
v -0.013200 1.907703 -2.050221
v -0.018919 1.900589 -2.015877
v -0.012331 1.880884 -2.031581
v -0.017575 1.868742 -2.021750
v -0.024817 1.890409 -2.004488
v -0.025240 1.886115 -1.981197
v -0.023538 1.928233 -2.017621
v -0.021395 1.869243 -2.008190
v -0.019563 1.922047 -2.028565
v -0.029164 1.901445 -1.995969
v -0.019547 1.889170 -2.018367
v -0.024076 1.876497 -2.004308
v -0.012269 1.896842 -2.051969
v -0.015160 1.850497 -2.015485
v -0.008793 1.885749 -2.058079
v -0.022718 1.884821 -2.021447
v -0.014562 1.863409 -2.033203
v -0.020775 1.868805 -2.010500
v -0.004560 1.880492 -2.061926
v -0.011418 1.841514 -2.017048
v -0.000812 1.869481 -2.064563
v -0.009342 1.878056 -2.034650
v -0.001175 1.854088 -2.040392
v -0.009415 1.846176 -2.027743
v -0.018419 1.872499 -2.021432
v -0.010132 1.841003 -2.020673
v 0.016990 1.824772 -2.059679
v -0.000615 1.815886 -2.009766
v 0.019037 1.813704 -2.055954
v 0.002703 1.838718 -2.037302
v 0.007165 1.814591 -2.029188
v -0.013729 1.854695 -2.010416
v 0.005983 1.848959 -2.063015
v -0.004347 1.824353 -2.009563
v 0.009277 1.836352 -2.062573
v -0.010390 1.853047 -2.032367
v -0.002156 1.827323 -2.031264
v -0.007184 1.831045 -2.014195
v 0.019780 1.806481 -2.052775
v 0.001562 1.809144 -1.996330
v 0.023616 1.796084 -2.045948
v -0.000133 1.822249 -2.029616
v 0.008608 1.802378 -2.016049
v -0.004805 1.823213 -2.010126
v 0.028323 1.789678 -2.045670
v 0.002907 1.804364 -1.988659
v 0.030433 1.781606 -2.037221
v 0.013894 1.810942 -2.027591
v 0.018494 1.793334 -2.009188
v 0.008385 1.798831 -1.997574
v 0.000930 1.816964 -2.018260
v 0.003515 1.807905 -1.990710
v 0.034401 1.759632 -1.999099
v 0.004855 1.801228 -1.961739
v 0.034961 1.756971 -1.987439
v 0.022425 1.788384 -1.996087
v 0.023598 1.782543 -1.970685
v 0.011321 1.792222 -1.965648
v 0.010031 1.798653 -1.993571
v -0.002488 1.818787 -2.000080
v 0.029308 1.777761 -2.021358
v 0.003331 1.802351 -1.973337
v 0.032708 1.772305 -2.009923
v 0.004895 1.800127 -2.010966
v 0.013213 1.789491 -1.987353
v 0.004617 1.802779 -1.981314
v 0.035798 1.760804 -1.976517
v 0.003911 1.803421 -1.951486
v 0.035581 1.759796 -1.963374
v 0.013735 1.786239 -1.981356
v 0.014532 1.784868 -1.955546
v 0.005723 1.800722 -1.971147
v 0.036353 1.757242 -1.958325
v 0.003627 1.805896 -1.941861
v 0.036219 1.759634 -1.946562
v 0.024118 1.782616 -1.967952
v 0.023834 1.787846 -1.942342
v 0.010072 1.797284 -1.942123
v 0.010385 1.791530 -1.970275
v 0.000600 1.807340 -1.943772
v 0.028265 1.780177 -1.904286
v -0.004793 1.828034 -1.923220
v 0.026073 1.788460 -1.896001
v 0.019541 1.795917 -1.926808
v 0.014811 1.814021 -1.908781
v 0.001673 1.806319 -1.958590
v 0.032948 1.772089 -1.926978
v -0.002436 1.819598 -1.929694
v 0.032668 1.779117 -1.915869
v 0.009126 1.788209 -1.946478
v 0.009934 1.803361 -1.923851
v 0.000239 1.812697 -1.934938
v 0.024390 1.798883 -1.890366
v -0.006787 1.837638 -1.920618
v 0.023857 1.810450 -1.884342
v 0.004531 1.804407 -1.917910
v 0.004774 1.827378 -1.906572
v -0.001482 1.820624 -1.927935
v 0.020097 1.813843 -1.875324
v -0.009394 1.847304 -1.918036
v 0.016880 1.824533 -1.871331
v 0.014464 1.817322 -1.905029
v 0.007492 1.840654 -1.896340
v -0.003938 1.843815 -1.908127
v 0.003707 1.818125 -1.917672
v -0.009394 1.842691 -1.919647
v 0.007918 1.864118 -1.867230
v -0.017950 1.870312 -1.925501
v 0.004475 1.875214 -1.869584
v 0.002148 1.851483 -1.895753
v -0.005348 1.875672 -1.900882
v -0.014291 1.872288 -1.914386
v -0.006046 1.845675 -1.908745
v -0.004988 1.831000 -1.927732
v 0.009681 1.837052 -1.875284
v -0.015324 1.860618 -1.922587
v 0.002970 1.847800 -1.872108
v 0.001464 1.832064 -1.907096
v -0.011200 1.855133 -1.900746
v -0.013195 1.852467 -1.918744
v 0.000075 1.882287 -1.876893
v -0.021212 1.877705 -1.931943
v -0.006406 1.893159 -1.880151
v -0.008192 1.861787 -1.903226
v -0.019720 1.883659 -1.910013
v -0.015491 1.862574 -1.920766
v -0.006284 1.902853 -1.879000
v -0.023001 1.885375 -1.938092
v -0.009296 1.912026 -1.885974
v -0.008502 1.879990 -1.900740
v -0.015062 1.899979 -1.915928
v -0.020768 1.891642 -1.928284
v -0.013547 1.869659 -1.911586
v -0.019488 1.871100 -1.925428
v -0.014070 1.915262 -1.896504
v -0.025343 1.888883 -1.948505
v -0.014473 1.923768 -1.906500
v -0.021816 1.886068 -1.912713
v -0.021239 1.902743 -1.932325
v -0.021359 1.879225 -1.931610
v -0.019625 1.930916 -1.908177
v -0.026239 1.893162 -1.957412
v -0.021576 1.936548 -1.918561
v -0.018475 1.903264 -1.919907
v -0.022743 1.915498 -1.942527
v -0.025224 1.902818 -1.950680
v -0.020520 1.889384 -1.925811
v 0.057969 0.684524 -2.201244
v -0.122046 0.705397 -2.168660
v 0.090334 0.743780 -2.074117
v -0.092987 0.753189 -2.047451
v 0.102160 0.726384 -2.127615
v -0.119475 0.729934 -2.100134
v 0.037451 0.742223 -2.065283
v -0.035639 0.751888 -2.055789
v -0.064820 0.738153 -2.102990
v 0.043906 0.715853 -2.118101
v -0.014059 0.710797 -2.109641
v -0.027680 0.686573 -2.182384
v 0.007579 0.697213 -2.190273
v -0.060520 0.701648 -2.180966
v -0.048565 0.651263 -2.260498
v 0.003587 0.695049 -1.973908
v 0.009940 0.693663 -1.974843
v 0.009453 0.681678 -1.968500
v 0.000096 0.684367 -1.966526
v 0.007283 0.711447 -1.975468
v 0.007111 0.723838 -1.989593
v 0.002401 0.736710 -2.032195
v 0.005626 0.733905 -2.009702
v 0.002884 0.700850 -1.965529
v 0.012753 0.710283 -1.976325
v 0.010565 0.732692 -2.010516
v 0.007357 0.735633 -2.033031
v 0.002301 0.730579 -2.061291
v 0.012085 0.722797 -1.990451
v 0.015606 0.695861 -1.965637
v 0.009356 0.709157 -1.977949
v -0.001369 0.729444 -2.060369
v 0.008993 0.721507 -1.991404
v 0.004411 0.733760 -2.032603
v -0.120026 0.724464 -2.138656
v 0.074593 0.695626 -2.168266
v 0.001940 0.663611 -2.226305
v -0.087303 0.675190 -2.204857
v -0.191985 1.056652 -1.894592
v -0.114954 1.075634 -1.762632
v -0.138376 1.163631 -1.945637
v -0.054423 1.181999 -1.812945
v -0.170229 1.119402 -1.943995
v -0.076753 1.156669 -1.776010
v -0.111361 1.166884 -1.909300
v -0.079474 1.175009 -1.853697
v -0.098416 1.143667 -1.817738
v -0.147295 1.138033 -1.895956
v -0.115438 1.119811 -1.860281
v -0.149235 1.058573 -1.830312
v -0.169428 1.064583 -1.848213
v -0.139949 1.070325 -1.798942
v -0.169458 0.985290 -1.802373
v -0.055897 1.176108 -1.908755
v -0.073070 1.171724 -1.897460
v -0.013214 1.165265 -1.931648
v -0.037742 1.173680 -1.919272
v -0.089026 1.157565 -1.881111
v -0.055157 1.172162 -1.908345
v -0.071659 1.167848 -1.897599
v -0.038531 1.169875 -1.918077
v -0.089777 1.155536 -1.883958
v -0.025248 1.163618 -1.925400
v -0.011611 1.156483 -1.938845
v -0.039302 1.171444 -1.920617
v -0.092201 1.156515 -1.886365
v -0.073583 1.169507 -1.899434
v -0.056683 1.173783 -1.910487
v -0.025567 1.165266 -1.928452
v -0.010706 1.158526 -1.926179
v -0.054423 1.174699 -1.906628
v -0.071267 1.170315 -1.895595
v -0.036965 1.172231 -1.916770
v -0.023073 1.166108 -1.924182
v -0.009495 1.144731 -1.925542
v -0.011857 1.143454 -1.932827
v -0.019332 1.151851 -1.929924
v -0.016505 1.152807 -1.924912
v -0.186447 1.098171 -1.908230
v -0.092103 1.110013 -1.768096
v -0.184109 1.023152 -1.840271
v -0.136308 1.029730 -1.781837
v -0.130067 1.086672 -1.846316
v -0.165933 1.420134 -2.025117
v -0.190549 1.425088 -1.905875
v -0.107456 1.493670 -2.013662
v -0.127219 1.492235 -1.893521
v -0.130142 1.466865 -2.034643
v -0.160994 1.476856 -1.886722
v -0.109953 1.490897 -1.978152
v -0.119566 1.490859 -1.930974
v -0.151413 1.470897 -1.923277
v -0.138085 1.470087 -1.994580
v -0.139993 1.455335 -1.959148
v -0.172752 1.417609 -1.965720
v -0.173554 1.422214 -1.987260
v -0.184580 1.426780 -1.940614
v -0.205519 1.372156 -1.964883
v -0.076864 1.488905 -1.949514
v -0.092788 1.487944 -1.952727
v -0.044730 1.477368 -1.942579
v -0.061314 1.484551 -1.945998
v -0.111403 1.479413 -1.953351
v -0.076988 1.485785 -1.949256
v -0.092230 1.484798 -1.952411
v -0.062702 1.481736 -1.946104
v -0.110448 1.478023 -1.955553
v -0.051774 1.475013 -1.943852
v -0.040096 1.467711 -1.946729
v -0.061639 1.483091 -1.947811
v -0.110445 1.479162 -1.958106
v -0.092183 1.486366 -1.954331
v -0.076554 1.487277 -1.951138
v -0.050194 1.476383 -1.945588
v -0.045462 1.470202 -1.937052
v -0.077303 1.487581 -1.947648
v -0.092900 1.486584 -1.950833
v -0.062344 1.483286 -1.944297
v -0.051032 1.476599 -1.941742
v -0.044806 1.459414 -1.937654
v -0.042957 1.459046 -1.944222
v -0.046902 1.464996 -1.944517
v -0.047921 1.465264 -1.940060
v -0.157718 1.450716 -2.026181
v -0.177088 1.447373 -1.894278
v -0.191054 1.397804 -1.992165
v -0.194707 1.397422 -1.932091
v -0.157488 1.436362 -1.961821
v -0.053711 1.637699 -1.824184
v 0.006237 1.644007 -1.846739
v -0.082293 1.660762 -1.883031
v -0.019115 1.662598 -1.906425
v -0.080324 1.650975 -1.856918
v -0.002521 1.663913 -1.885265
v -0.065178 1.658687 -1.890869
v -0.039389 1.660555 -1.899621
v -0.022196 1.657721 -1.878337
v -0.060092 1.654400 -1.864529
v -0.039931 1.646280 -1.869715
v -0.023741 1.635482 -1.836529
v -0.034171 1.639525 -1.831382
v -0.010961 1.643924 -1.840295
v -0.003950 1.617703 -1.804789
v -0.062633 1.646987 -1.920139
v -0.058458 1.652010 -1.908934
v -0.068196 1.627584 -1.938167
v -0.065759 1.638322 -1.929439
v -0.050974 1.652534 -1.894427
v -0.067677 1.630215 -1.935755
v -0.062004 1.644839 -1.919123
v -0.058055 1.649615 -1.908345
v -0.064921 1.636842 -1.927619
v -0.052185 1.651396 -1.893833
v -0.066445 1.628299 -1.932930
v -0.071466 1.619095 -1.937315
v -0.066676 1.637496 -1.928009
v -0.053587 1.652347 -1.893363
v -0.059584 1.650790 -1.908112
v -0.063650 1.645826 -1.919113
v -0.068465 1.628747 -1.933607
v -0.063360 1.622585 -1.937992
v -0.061018 1.646119 -1.920196
v -0.056947 1.651002 -1.909188
v -0.064033 1.637720 -1.929096
v -0.065559 1.629047 -1.934759
v -0.061670 1.614005 -1.936817
v -0.067585 1.611999 -1.935819
v -0.067006 1.619745 -1.932363
v -0.063629 1.620168 -1.933680
v -0.064802 1.648725 -1.839179
v 0.002664 1.650347 -1.865709
v -0.025818 1.630171 -1.812778
v 0.001924 1.629222 -1.828109
v -0.031727 1.639750 -1.853655
v 0.021427 1.797833 -1.975527
v 0.019367 1.799060 -1.949613
v 0.034012 1.773185 -1.975784
v 0.037292 1.776805 -1.949082
v 0.042950 1.734050 -1.962677
v 0.045838 1.736729 -1.952763
v 0.041923 1.761661 -1.950448
v 0.039111 1.758709 -1.971767
v 0.019916 1.798419 -1.982576
v 0.018237 1.797555 -1.963947
v 0.035878 1.776901 -1.985008
v 0.039749 1.777437 -1.965836
v 0.049675 1.742829 -1.978867
v 0.052783 1.743977 -1.971714
v 0.046187 1.764650 -1.968089
v 0.042895 1.764187 -1.983393
v 0.015622 1.801153 -1.991213
v 0.019161 1.794944 -1.969391
v 0.034027 1.783023 -2.001338
v 0.036320 1.775445 -1.979374
v 0.040427 1.742460 -2.008162
v 0.044007 1.741315 -1.998733
v 0.040576 1.762580 -1.986830
v 0.036169 1.767675 -2.006450
v 0.015251 1.805084 -1.998216
v 0.017641 1.798131 -1.981964
v 0.030363 1.788220 -2.010282
v 0.037166 1.782412 -1.993295
v 0.042923 1.756345 -2.026444
v 0.046667 1.755257 -2.018508
v 0.044091 1.770430 -2.003429
v 0.038619 1.775549 -2.018125
v 0.014638 1.811772 -2.006558
v 0.014897 1.800966 -1.987442
v 0.029162 1.787856 -2.023485
v 0.033200 1.784646 -2.005125
v 0.035498 1.742954 -2.025650
v 0.038967 1.743122 -2.017105
v 0.037176 1.770793 -2.012154
v 0.033915 1.773184 -2.026202
v 0.010592 1.815550 -2.013135
v 0.013315 1.805927 -1.999264
v 0.025257 1.803620 -2.030576
v 0.029435 1.791843 -2.016909
v 0.041482 1.778653 -2.047228
v 0.045379 1.775797 -2.041990
v 0.036128 1.784575 -2.027227
v 0.032741 1.793822 -2.037262
v 0.008974 1.825117 -2.014915
v 0.010828 1.804140 -2.005681
v 0.020409 1.816835 -2.040680
v 0.025722 1.798481 -2.030995
v 0.026873 1.797039 -2.076609
v 0.030652 1.788859 -2.071711
v 0.029090 1.795130 -2.049050
v 0.025178 1.810919 -2.056337
v 0.003789 1.832833 -2.017276
v 0.009679 1.817114 -2.011198
v 0.017758 1.832228 -2.042761
v 0.026975 1.817786 -2.038116
v 0.027483 1.819588 -2.078696
v 0.032607 1.814596 -2.076626
v 0.030550 1.816995 -2.053288
v 0.023201 1.829351 -2.056849
v 0.002951 1.840447 -2.022702
v 0.005939 1.816516 -2.013415
v 0.016762 1.839285 -2.048492
v 0.021420 1.814868 -2.039740
v 0.007001 1.812536 -2.084152
v 0.011994 1.804885 -2.079647
v 0.022886 1.812935 -2.055500
v 0.018961 1.832390 -2.062504
v 0.000205 1.850646 -2.024137
v 0.002513 1.828224 -2.018633
v 0.011602 1.850249 -2.048272
v 0.015582 1.827949 -2.044800
v 0.023681 1.838160 -2.079031
v 0.028159 1.830608 -2.076596
v 0.019346 1.828096 -2.058651
v 0.016717 1.845966 -2.060997
v -0.002927 1.860049 -2.020761
v 0.000123 1.834620 -2.024423
v 0.002310 1.867787 -2.048210
v 0.011010 1.843077 -2.051465
v 0.002606 1.863389 -2.091263
v 0.007717 1.854578 -2.091728
v 0.011059 1.847865 -2.067132
v 0.003930 1.867560 -2.064531
v -0.005832 1.872341 -2.020151
v -0.005268 1.850903 -2.021996
v 0.006521 1.881179 -2.043996
v -0.000542 1.860392 -2.046536
v -0.003728 1.875912 -2.083344
v -0.005495 1.867855 -2.084560
v -0.001199 1.863564 -2.062066
v 0.002775 1.879843 -2.061903
v -0.009925 1.875648 -2.013943
v -0.008795 1.861327 -2.022265
v -0.000460 1.893158 -2.036726
v 0.004573 1.880540 -2.040358
v 0.003163 1.898909 -2.074398
v 0.007087 1.893535 -2.075330
v 0.007180 1.888006 -2.052756
v 0.003179 1.897609 -2.049959
v -0.014628 1.896332 -2.004163
v -0.013574 1.873288 -2.010834
v -0.007154 1.908892 -2.031257
v -0.000195 1.886736 -2.039180
v -0.005057 1.912723 -2.072862
v -0.000525 1.904796 -2.075629
v 0.001079 1.894109 -2.053736
v -0.004673 1.911771 -2.047351
v -0.017258 1.898385 -1.995649
v -0.016184 1.882106 -2.008911
v -0.006938 1.919407 -2.011772
v -0.011035 1.904034 -2.024045
v -0.012792 1.936448 -2.046264
v -0.013844 1.930614 -2.051130
v -0.010826 1.916594 -2.035711
v -0.007113 1.928995 -2.026498
v -0.020614 1.902655 -1.987041
v -0.020397 1.891621 -2.005316
v -0.013643 1.929904 -1.999038
v -0.007699 1.920527 -2.018122
v -0.012468 1.961079 -2.025789
v -0.008351 1.957758 -2.032718
v -0.006586 1.935530 -2.023961
v -0.011531 1.942922 -2.008706
v -0.020921 1.905478 -1.977112
v -0.020897 1.896642 -1.997063
v -0.018956 1.930988 -1.985761
v -0.013757 1.922893 -2.006178
v -0.020948 1.961501 -2.007057
v -0.017204 1.958339 -2.014408
v -0.015206 1.937298 -2.010235
v -0.019535 1.943701 -1.993933
v -0.021312 1.903905 -1.969247
v -0.022484 1.898831 -1.985996
v -0.014207 1.933860 -1.975145
v -0.009540 1.930672 -1.992552
v -0.013774 1.972090 -1.992288
v -0.010083 1.971036 -1.998680
v -0.008356 1.946916 -1.995049
v -0.012286 1.949364 -1.981141
v -0.018019 1.904544 -1.960092
v -0.026416 1.899925 -1.979239
v -0.011155 1.932334 -1.962393
v -0.016462 1.926148 -1.979111
v -0.014470 1.967999 -1.970080
v -0.016468 1.967368 -1.977699
v -0.013187 1.944113 -1.980251
v -0.010416 1.947325 -1.966208
v -0.020613 1.901130 -1.949167
v -0.022734 1.901835 -1.970305
v -0.013913 1.930927 -1.946286
v -0.012063 1.934235 -1.965058
v -0.014460 1.973700 -1.950806
v -0.011226 1.974895 -1.959021
v -0.009568 1.949262 -1.963318
v -0.012285 1.947166 -1.947680
v -0.021486 1.896971 -1.941494
v -0.018220 1.902581 -1.960499
v -0.021867 1.924188 -1.930559
v -0.013622 1.931406 -1.950665
v -0.030197 1.965797 -1.928942
v -0.024556 1.968859 -1.937574
v -0.016512 1.946422 -1.945501
v -0.023751 1.940177 -1.928305
v -0.012677 1.895050 -1.937650
v -0.025002 1.899763 -1.947822
v -0.006598 1.919601 -1.927011
v -0.015368 1.927713 -1.939890
v -0.007348 1.952922 -1.914715
v -0.009323 1.956593 -1.920567
v -0.013262 1.939851 -1.932183
v -0.006398 1.933244 -1.921826
v -0.015780 1.888173 -1.926738
v -0.019866 1.899105 -1.945127
v -0.013645 1.911009 -1.912136
v -0.012090 1.920288 -1.929179
v -0.024584 1.954781 -1.896352
v -0.021492 1.959277 -1.903950
v -0.012682 1.936281 -1.916815
v -0.014606 1.928024 -1.904676
v -0.011878 1.883059 -1.923798
v -0.015085 1.891572 -1.932225
v -0.002883 1.900906 -1.900454
v -0.002276 1.916559 -1.913738
v -0.018323 1.924014 -1.876882
v -0.016206 1.930185 -1.882185
v -0.003772 1.924851 -1.900565
v -0.004471 1.912253 -1.889986
v -0.010224 1.871649 -1.913722
v -0.014860 1.891043 -1.929971
v -0.006227 1.889065 -1.890546
v -0.005369 1.910247 -1.907733
v -0.011779 1.922773 -1.864277
v -0.009507 1.930725 -1.871272
v -0.005667 1.918615 -1.893600
v -0.006549 1.901653 -1.879881
v -0.003277 1.855862 -1.909187
v -0.010648 1.878093 -1.919060
v 0.002865 1.867213 -1.883038
v 0.000809 1.891805 -1.894102
v -0.000746 1.892764 -1.848353
v 0.000353 1.902263 -1.853304
v 0.001925 1.896373 -1.878355
v 0.003355 1.876667 -1.869512
v -0.000641 1.851344 -1.908812
v -0.003978 1.866743 -1.913249
v 0.010634 1.854733 -1.880668
v 0.011133 1.880871 -1.887351
v -0.002195 1.866435 -1.847895
v -0.000149 1.876579 -1.850786
v 0.010844 1.881506 -1.871512
v 0.010243 1.860579 -1.866210
v 0.002454 1.837295 -1.910871
v -0.001263 1.863579 -1.911820
v 0.009569 1.837610 -1.882046
v 0.011540 1.865775 -1.883639
v 0.008807 1.850007 -1.839220
v 0.011470 1.860845 -1.840615
v 0.012885 1.864183 -1.866926
v 0.011109 1.841662 -1.865655
v 0.005454 1.834525 -1.912589
v 0.000680 1.849693 -1.910360
v 0.017475 1.831200 -1.887740
v 0.016889 1.851977 -1.884571
v 0.022653 1.835547 -1.850058
v 0.024130 1.843912 -1.849257
v 0.021003 1.849290 -1.870634
v 0.021283 1.832652 -1.873197
v 0.010834 1.827163 -1.916425
v 0.000818 1.844241 -1.908876
v 0.019918 1.820586 -1.886237
v 0.015273 1.838737 -1.884722
v 0.016415 1.824373 -1.842122
v 0.015998 1.833624 -1.842517
v 0.017931 1.835301 -1.869040
v 0.021360 1.821339 -1.870204
v 0.011043 1.819544 -1.917219
v 0.006662 1.837410 -1.910691
v 0.030780 1.814245 -1.894701
v 0.021007 1.823947 -1.883665
v 0.028841 1.789831 -1.860020
v 0.023821 1.793658 -1.855167
v 0.022868 1.811139 -1.868981
v 0.031355 1.801896 -1.878499
v 0.015595 1.808004 -1.930604
v 0.012434 1.818216 -1.922218
v 0.031571 1.791454 -1.912880
v 0.032354 1.809296 -1.899342
v 0.025382 1.771273 -1.881663
v 0.027409 1.778749 -1.876973
v 0.034806 1.798147 -1.888881
v 0.033997 1.783871 -1.899715
v 0.019228 1.802415 -1.939532
v 0.013837 1.818700 -1.920298
v 0.030155 1.783374 -1.922297
v 0.030047 1.802324 -1.902825
v 0.034806 1.760471 -1.886403
v 0.036461 1.768662 -1.879649
v 0.033798 1.789677 -1.893760
v 0.033751 1.774526 -1.909319
v 0.020683 1.800314 -1.948161
v 0.017478 1.807696 -1.932616
v 0.037633 1.779479 -1.939124
v 0.039429 1.790270 -1.919589
v 0.050847 1.752218 -1.913946
v 0.053246 1.757210 -1.906855
v 0.046207 1.777713 -1.914501
v 0.044578 1.769070 -1.930114
v 0.023201 1.797559 -1.959816
v 0.015620 1.805455 -1.936442
v 0.035391 1.774771 -1.949771
v 0.032814 1.785462 -1.925032
v 0.041045 1.741355 -1.923872
v 0.041723 1.746712 -1.914666
v 0.037538 1.770917 -1.920746
v 0.039408 1.762320 -1.940529
v 0.021300 1.797452 -1.964465
v 0.018948 1.800169 -1.947367
v 0.043830 1.779532 -1.963604
v 0.034026 1.779649 -1.948213
v 0.045822 1.746444 -1.951787
v 0.040016 1.745230 -1.947387
v 0.035069 1.763704 -1.948740
v 0.045890 1.764614 -1.958486
v 0.007504 0.731021 -2.010592
v -0.004435 0.731945 -2.060141
v 0.010159 0.725015 -1.988705
v 0.010557 0.709764 -1.966686
v 0.005295 0.738279 -2.032585
v 0.008629 0.735341 -2.009658
v -0.047436 0.753980 -1.947009
v -0.070719 0.755020 -1.945630
v -0.003328 0.730804 -1.951881
v -0.025850 0.745265 -1.949061
v -0.098693 0.745243 -1.941419
v -0.048230 0.749535 -1.947299
v -0.070565 0.750504 -1.946102
v -0.028425 0.741446 -1.949299
v -0.098449 0.743735 -1.945100
v -0.014244 0.730090 -1.951719
v -0.002497 0.720357 -1.960955
v -0.027247 0.743642 -1.951746
v -0.099065 0.745879 -1.948357
v -0.070800 0.753126 -1.948406
v -0.047940 0.752026 -1.949714
v -0.012358 0.732236 -1.954427
v -0.001565 0.719445 -1.947870
v -0.047702 0.751730 -1.944578
v -0.070535 0.752700 -1.943291
v -0.026965 0.743193 -1.946616
v -0.012136 0.731764 -1.948788
v -0.002298 0.704477 -1.950547
v -0.003949 0.705673 -1.959688
v -0.010121 0.715475 -1.956533
v -0.009925 0.714958 -1.949975
v -0.045096 1.303547 -1.975117
v -0.055441 1.300014 -1.989115
v -0.019765 1.292900 -1.941567
v -0.034438 1.301460 -1.961084
v -0.065859 1.286800 -2.003831
v -0.044387 1.299008 -1.975213
v -0.054140 1.296090 -1.988389
v -0.034665 1.297016 -1.962585
v -0.062784 1.285226 -2.004577
v -0.026635 1.291579 -1.953288
v -0.012467 1.285867 -1.945813
v -0.032577 1.299754 -1.963290
v -0.061691 1.287685 -2.006933
v -0.053052 1.298570 -1.990104
v -0.042786 1.301821 -1.976586
v -0.023529 1.294799 -1.953489
v -0.019578 1.280923 -1.939354
v -0.046736 1.301067 -1.973728
v -0.056637 1.297812 -1.987464
v -0.036515 1.298888 -1.960357
v -0.028549 1.293702 -1.949871
v -0.018335 1.274963 -1.941324
v -0.012853 1.275277 -1.945132
v -0.019524 1.282162 -1.950750
v -0.024353 1.281250 -1.947318
v 0.015230 1.814742 -1.924894
v 0.008474 1.825690 -1.915145
v 0.026728 1.801315 -1.903524
v 0.024070 1.813648 -1.892403
v 0.030719 1.784218 -1.871335
v 0.031061 1.790875 -1.865946
v 0.027940 1.805667 -1.880220
v 0.029913 1.795006 -1.893231
v -0.138825 0.253530 -2.074351
v -0.155505 0.246889 -2.026725
v -0.077955 0.300148 -2.043654
v -0.093399 0.287897 -1.994731
v -0.107888 0.282075 -2.071033
v -0.124161 0.271905 -2.000040
v -0.115711 0.266108 -2.037529
v -0.144854 0.245936 -2.051373
v -0.181417 0.216472 -2.070891
v -0.079721 0.275902 -2.026197
v -0.054834 0.275256 -2.014027
v -0.080702 0.273441 -2.024629
v -0.054819 0.270779 -2.015347
v -0.053925 0.273728 -2.017022
v -0.081128 0.275112 -2.022044
v -0.055739 0.272451 -2.012324
v -0.017177 0.261842 -2.002197
v -0.029352 0.260041 -2.007742
v -0.014217 0.259281 -2.010619
v -0.028776 0.263900 -2.009330
v -0.015523 0.256072 -1.998544
v -0.030537 0.261975 -2.003397
v -0.017147 0.246360 -2.003869
v -0.012648 0.249508 -2.012743
v -0.019885 0.253654 -2.012619
v -0.022166 0.250681 -2.005997
v -0.002299 0.628558 -1.973226
v 0.017269 0.626029 -1.954260
v 0.017076 0.627926 -1.973587
v -0.002107 0.626672 -1.954025
v 0.007615 0.625999 -1.950563
v -0.005814 0.627735 -1.963581
v 0.020787 0.626856 -1.963943
v 0.007351 0.628593 -1.976983
v -0.016883 1.253154 -1.924818
v -0.016901 1.253417 -1.942525
v 0.000652 1.254897 -1.924814
v 0.000629 1.255161 -1.942518
v -0.008111 1.253974 -1.921518
v -0.020162 1.252962 -1.933672
v 0.003908 1.255355 -1.933665
v -0.008139 1.254338 -1.945819
v 0.014468 1.809183 -2.003287
v -0.014836 1.886980 -2.012586
v 0.013692 1.817975 -1.919475
v -0.014101 1.893362 -1.930780
v 0.007317 1.836893 -1.909668
v -0.000927 1.857906 -1.908598
v -0.007920 1.878029 -1.915809
v -0.017809 1.902418 -1.951153
v -0.019972 1.904698 -1.973369
v -0.018462 1.899721 -1.995167
v 0.018968 1.800219 -1.983539
v 0.020415 1.798039 -1.960636
v 0.019363 1.804353 -1.937975
v -0.007616 1.868277 -2.021492
v -0.000247 1.846562 -2.023955
v 0.008064 1.825906 -2.016548
v -0.004689 1.873910 -1.991995
v -0.002953 1.875904 -1.943562
v 0.013960 1.823063 -1.989190
v 0.012560 1.832117 -1.934757
v 0.008526 1.843765 -1.929907
v 0.004268 1.855569 -1.931233
v 0.000587 1.867098 -1.935145
v -0.005864 1.881527 -1.954698
v -0.007353 1.883772 -1.968086
v -0.006923 1.881342 -1.981447
v 0.016762 1.817245 -1.975395
v 0.018171 1.817870 -1.960107
v 0.017054 1.822383 -1.945183
v -0.000204 1.862910 -1.999556
v 0.004582 1.849037 -2.003045
v 0.009345 1.834923 -1.997760
v 0.017995 1.828553 -1.947186
v 0.019130 1.824535 -1.960041
v 0.018098 1.823227 -1.973314
v 0.015761 1.828182 -1.985567
v 0.014190 1.837309 -1.939142
v 0.011638 1.838708 -1.992877
v 0.007847 1.851027 -1.997588
v 0.003771 1.862750 -1.993796
v 0.000036 1.871637 -1.986511
v 0.004272 1.865248 -1.940393
v 0.007634 1.856239 -1.937673
v 0.010799 1.846963 -1.935667
v 0.001457 1.872263 -1.947040
v -0.001817 1.877611 -1.977804
v -0.001590 1.879393 -1.966896
v -0.000286 1.877157 -1.956001
v 0.008485 1.837959 -1.962899
v 0.007030 1.838672 -1.974255
v 0.006010 1.844285 -1.954546
v 0.003282 1.849748 -1.980681
v -0.000464 1.859519 -1.974759
v 0.003426 1.851680 -1.952743
v 0.000664 1.859043 -1.956789
v -0.001184 1.862718 -1.966930
v 0.016285 1.815039 -1.998488
v 0.015162 1.824248 -1.927272
v 0.009791 1.840021 -1.919697
v 0.003340 1.856955 -1.919828
v -0.001944 1.873351 -1.925683
v -0.010600 1.893319 -1.953952
v -0.012484 1.895654 -1.972311
v -0.011484 1.891832 -1.990339
v 0.020053 1.807411 -1.981190
v 0.021759 1.806609 -1.961611
v 0.020640 1.812196 -1.942300
v -0.002420 1.866095 -2.013232
v 0.003852 1.847731 -2.016303
v 0.010599 1.829789 -2.009754
v -0.008460 1.881423 -2.004736
v -0.006960 1.885806 -1.937754
vn 0.7188 -0.0440 -0.6939
vn 0.7163 0.0482 -0.6961
vn 0.6566 0.1006 0.7475
vn 0.7075 0.0846 0.7016
vn -0.6765 -0.0592 -0.7341
vn -0.7038 -0.0258 -0.7099
vn -0.7363 0.0653 0.6735
vn -0.6966 0.0161 0.7173
vn 0.6988 -0.0184 -0.7151
vn -0.7098 0.0234 0.7040
vn 0.7140 0.0292 0.6995
vn -0.7065 -0.0244 -0.7073
vn -0.7152 -0.0614 0.6962
vn 0.7161 0.0717 -0.6943
vn 0.6669 0.2021 0.7173
vn -0.6797 -0.1941 -0.7074
vn 0.6293 -0.4108 -0.6597
vn 0.5675 -0.2942 0.7690
vn -0.6243 0.3171 -0.7139
vn -0.6848 0.4421 0.5794
vn -0.1500 -0.7027 0.6955
vn -0.6019 0.5050 0.6186
vn -0.1452 -0.7720 -0.6188
vn -0.6264 0.4423 -0.6418
vn -0.7044 -0.0510 0.7080
vn -0.7151 0.0824 -0.6941
vn 0.7141 -0.0798 0.6955
vn 0.6966 0.0550 -0.7154
vn -0.6933 -0.1163 -0.7112
vn 0.7054 0.1295 0.6969
vn 0.7062 0.1016 -0.7007
vn -0.6935 -0.0845 0.7155
vn -0.7071 -0.0136 -0.7070
vn 0.7074 0.0192 0.7066
vn 0.7122 0.0558 -0.6998
vn -0.7000 -0.0496 0.7124
vn -0.7140 0.0421 -0.6989
vn 0.7124 -0.0408 0.7006
vn 0.7035 0.0521 -0.7088
vn -0.6956 -0.0498 0.7167
vn -0.9998 -0.0208 0.0068
vn 0.0116 0.0024 -0.9999
vn -0.7088 -0.0236 0.7051
vn -0.7249 -0.0082 0.6888
vn -0.0476 0.1052 0.9933
vn 0.9980 0.0390 0.0495
vn 0.0106 0.0579 0.9983
vn -0.9986 0.0053 -0.0524
vn 0.0184 -0.0840 -0.9963
vn 0.9968 0.0798 0.0054
vn 0.6979 0.0313 -0.7155
vn 0.7167 -0.0291 0.6968
vn -0.7061 0.0349 -0.7073
vn -0.0057 -0.0308 -0.9995
vn 0.9999 0.0061 -0.0121
vn -1.0000 -0.0023 -0.0036
vn 0.0028 0.0367 0.9993
vn -0.7038 -0.1072 0.7023
vn 0.7121 0.0243 -0.7016
vn 0.6710 0.1836 0.7184
vn -0.6792 -0.1573 -0.7169
vn 0.0261 -0.0889 -0.9957
vn 0.9812 0.1920 0.0170
vn -0.9832 -0.1823 -0.0067
vn -0.0346 0.0969 0.9947
vn -0.1023 0.0985 0.9899
vn 0.8707 -0.4855 0.0788
vn -0.8415 0.5318 -0.0951
vn -0.0180 -0.0828 -0.9964
vn 0.7201 -0.1811 -0.6698
vn -0.6885 0.0843 -0.7203
vn -0.7415 0.2203 0.6338
vn 0.6576 -0.0238 0.7530
vn -0.4645 0.5081 -0.7253
vn -0.5327 0.6133 0.5832
vn 0.3401 -0.5279 0.7782
vn 0.4280 -0.6394 -0.6387
vn -0.3504 -0.0876 0.9325
vn -0.0555 -0.9977 0.0379
vn -0.7053 0.7088 -0.0082
vn -0.3803 -0.1711 -0.9089
vn 0.2862 -0.7216 -0.6304
vn -0.3712 0.5629 -0.7384
vn 0.2102 -0.5993 0.7724
vn -0.4166 0.6869 0.5955
vn 0.7052 0.0057 -0.7090
vn 0.7045 0.0720 0.7060
vn -0.7141 -0.0410 -0.6989
vn -0.7054 0.0295 0.7082
vn -0.0135 0.0967 -0.9952
vn 0.9997 -0.0184 -0.0149
vn -0.9997 0.0211 0.0095
vn 0.0058 -0.0932 0.9956
vn -0.7004 -0.1738 -0.6923
vn 0.6875 0.1804 0.7034
vn 0.7028 0.1177 -0.7016
vn 0.0104 0.0287 0.9995
vn -0.9893 -0.1456 0.0038
vn 0.9872 0.1593 -0.0030
vn 0.0120 -0.0134 -0.9998
vn 0.0036 0.0287 -0.9996
vn 0.9987 0.0515 0.0063
vn -0.9989 -0.0461 0.0039
vn 0.0065 -0.0226 0.9997
vn 0.0125 -0.0641 0.9979
vn -0.9999 -0.0059 0.0112
vn 1.0000 0.0071 -0.0026
vn -0.0110 0.0664 -0.9977
vn -0.0362 0.1176 0.9924
vn -0.9925 -0.1203 -0.0223
vn 0.9893 0.1450 0.0137
vn 0.0206 -0.1000 -0.9948
vn 0.0061 -0.0393 0.9992
vn -0.0045 -0.0329 -0.9994
vn 0.9988 0.0479 -0.0032
vn -0.9998 -0.0148 0.0090
vn 0.0031 -0.0423 -0.9991
vn 0.9782 0.2078 0.0015
vn -0.9801 -0.1983 0.0069
vn -0.0102 0.0501 0.9987
vn 0.0033 -0.0948 -0.9955
vn -0.0548 0.1115 0.9922
vn -0.9720 0.2234 -0.0725
vn 0.9881 -0.1351 0.0741
vn -0.6319 0.7689 -0.0975
vn -0.1330 0.0760 0.9882
vn -0.0205 -0.0807 -0.9965
vn 0.5770 -0.8106 0.1005
vn -0.0351 -0.0870 -0.9956
vn 0.3750 -0.9226 0.0900
vn -0.5149 0.8530 -0.0851
vn -0.1204 0.0795 0.9895
vn -0.0062 0.0449 -0.9990
vn 0.9999 0.0004 -0.0142
vn -1.0000 0.0069 -0.0035
vn -0.0023 0.0640 0.9979
vn -0.8570 0.1382 -0.4964
vn -0.8443 0.2840 0.4544
vn -0.5671 -0.6402 0.5182
vn -0.5509 -0.7422 -0.3817
vn -0.9678 -0.1583 -0.1956
vn -0.9678 -0.0277 0.2503
vn -0.7886 -0.5343 0.3044
vn -0.8277 -0.5416 -0.1471
vn 0.5455 -0.5860 -0.5992
vn -0.2404 -0.7899 -0.5642
vn 0.3384 -0.5260 0.7802
vn -0.4637 -0.6765 0.5722
vn 0.9744 0.1837 0.1297
vn 0.8718 0.4847 0.0705
vn 0.9705 0.1662 -0.1746
vn 0.8586 0.4613 -0.2236
vn -0.6570 0.3113 -0.6866
vn -0.0437 0.6444 -0.7634
vn -0.8268 0.3399 0.4483
vn -0.2411 0.7505 0.6153
vn -0.9591 -0.1074 -0.2617
vn -0.9713 -0.0881 0.2210
vn -0.8348 -0.4962 0.2386
vn -0.7822 -0.5890 -0.2032
vn -0.9000 0.3396 -0.2733
vn -0.8992 0.4363 -0.0322
vn -0.8853 0.4130 0.2139
vn -0.7726 0.0740 0.6306
vn -0.7113 -0.1723 0.6814
vn -0.6571 -0.3949 0.6421
vn -0.6114 -0.5491 -0.5698
vn -0.6803 -0.3371 -0.6508
vn -0.7718 -0.1042 -0.6272
vn -0.5016 -0.8085 0.3079
vn -0.4735 -0.8764 0.0881
vn -0.4983 -0.8545 -0.1468
vn -0.9923 -0.0041 -0.1237
vn -0.9997 0.0236 0.0116
vn -0.9903 0.0240 0.1369
vn -0.9320 -0.1397 0.3345
vn -0.8862 -0.2689 0.3772
vn -0.8347 -0.4043 0.3738
vn -0.8254 -0.4824 -0.2932
vn -0.8696 -0.3674 -0.3298
vn -0.9119 -0.2354 -0.3361
vn -0.7624 -0.6200 0.1852
vn -0.7588 -0.6488 0.0577
vn -0.7550 -0.6515 -0.0736
vn 0.9334 0.3558 -0.0465
vn 0.8283 0.5476 -0.1189
vn 0.9330 0.3191 0.1666
vn 0.9236 0.2907 -0.2498
vn 0.9916 0.1159 -0.0566
vn -0.7675 0.1169 0.6303
vn -0.6973 -0.1530 0.7003
vn -0.5703 -0.4138 0.7096
vn -0.0908 0.4879 0.8682
vn 0.0097 0.1440 0.9895
vn 0.2116 -0.1934 0.9580
vn -0.7788 0.5115 -0.3630
vn -0.8480 0.5280 -0.0466
vn -0.8427 0.4869 0.2295
vn -0.1931 0.8898 -0.4135
vn -0.3018 0.9527 -0.0352
vn -0.2784 0.9117 0.3021
vn -0.3398 -0.8725 0.3510
vn -0.2862 -0.9561 0.0623
vn -0.2171 -0.9451 -0.2441
vn 0.4519 -0.7620 0.4638
vn 0.4917 -0.8648 0.1016
vn 0.6069 -0.7530 -0.2542
vn -0.3076 -0.5450 -0.7799
vn -0.4120 -0.2591 -0.8735
vn -0.5127 0.0494 -0.8572
vn 0.4615 -0.3011 -0.8345
vn 0.2898 -0.0059 -0.9571
vn 0.1419 0.3211 -0.9364
vn -0.8066 -0.5712 0.1520
vn -0.7962 -0.6025 0.0562
vn -0.8045 -0.5922 -0.0454
vn -0.8550 -0.4624 -0.2348
vn -0.8894 -0.3682 -0.2710
vn -0.9292 -0.2627 -0.2600
vn -0.9384 -0.1801 0.2949
vn -0.9043 -0.2838 0.3189
vn -0.8684 -0.3940 0.3012
vn -0.9929 -0.0682 -0.0972
vn -0.9998 -0.0192 0.0096
vn -0.9927 -0.0249 0.1184
vn 0.5911 0.6883 -0.4205
vn 0.5362 0.6813 -0.4983
vn 0.4080 0.8818 -0.2364
vn 0.2862 0.9580 -0.0195
vn 0.5024 0.8530 -0.1413
vn 0.4831 0.8627 -0.1499
vn 0.1706 0.9162 -0.3627
vn 0.6007 0.7992 0.0179
vn 0.6096 0.7911 -0.0514
vn 0.3191 0.8882 -0.3305
vn 0.4577 0.8617 -0.2190
vn 0.5387 0.7660 -0.3508
vn 0.3427 0.7969 -0.4975
vn 0.6811 0.6673 -0.3012
vn 0.4840 0.6708 -0.5619
vn -0.0176 0.9459 0.3239
vn 0.1154 0.9801 0.1616
vn -0.0060 0.8979 0.4401
vn -0.1847 0.8861 0.4251
vn 0.4003 0.8835 -0.2433
vn 0.0245 -0.9378 -0.3463
vn -0.1121 -0.9826 -0.1482
vn 0.1715 -0.8580 -0.4842
vn -0.1918 -0.9799 -0.0550
vn 0.4623 -0.5982 -0.6545
vn 0.9461 -0.0579 0.3186
vn 0.8026 -0.0723 0.5921
vn 0.3961 0.8957 -0.2021
vn 0.7583 -0.1031 0.6437
vn 0.7575 -0.1277 0.6402
vn 0.8949 -0.0527 0.4431
vn -0.5143 0.2595 -0.8174
vn -0.7601 0.2724 -0.5899
vn -0.7529 0.2814 -0.5950
vn -0.7963 0.1992 -0.5712
vn -0.6751 0.1800 -0.7154
vn 0.1320 -0.5092 -0.8505
vn 0.7993 -0.5335 -0.2767
vn 0.8457 -0.4127 -0.3383
vn 0.0494 -0.2409 -0.9693
vn 0.4539 0.8315 -0.3202
vn 0.3023 0.7481 -0.5907
vn 0.5002 0.5408 -0.6763
vn -0.5497 0.3448 0.7609
vn -0.4761 0.4082 0.7789
vn -0.4351 0.5875 0.6823
vn -0.3404 0.7774 0.5290
vn -0.5162 0.6025 0.6087
vn -0.5475 0.5263 0.6506
vn -0.2159 0.6059 0.7657
vn -0.6321 0.6098 0.4781
vn -0.6137 0.5499 0.5666
vn -0.3391 0.5739 0.7454
vn -0.4793 0.5505 0.6835
vn -0.5019 0.5027 0.7038
vn -0.3371 0.4659 0.8181
vn -0.6260 0.4022 0.6682
vn -0.4562 0.3314 0.8259
vn -0.0868 0.9929 0.0811
vn -0.2401 0.9112 0.3347
vn 0.0050 0.9622 -0.2723
vn 0.1067 0.9838 -0.1438
vn -0.3975 0.5888 0.7038
vn 0.0836 -0.9940 -0.0706
vn 0.2399 -0.9030 -0.3564
vn -0.1061 -0.9816 0.1588
vn 0.3129 -0.8301 -0.4616
vn -0.3543 -0.8377 0.4156
vn -0.8476 0.1071 -0.5197
vn -0.8166 0.0786 -0.5718
vn -0.4656 0.6238 0.6278
vn -0.8371 0.0907 -0.5395
vn -0.8153 0.0808 -0.5733
vn -0.8631 0.0168 -0.5048
vn 0.6248 0.1448 0.7672
vn 0.8021 0.1307 0.5827
vn 0.7940 0.1058 0.5986
vn 0.8204 0.0750 0.5669
vn 0.7136 -0.0190 0.7003
vn -0.2187 -0.7242 0.6540
vn -0.8036 -0.5868 -0.0998
vn -0.8867 -0.4540 0.0876
vn 0.0311 -0.4547 0.8901
vn -0.4635 0.5233 0.7150
vn -0.4886 0.4675 0.7366
vn -0.3516 0.4083 0.8424
vn -0.4289 0.1432 0.8919
vn -0.4875 0.5654 0.6654
vn -0.5054 0.5373 -0.6752
vn -0.5544 0.5754 -0.6012
vn -0.4240 0.7545 -0.5010
vn -0.3001 0.8897 -0.3442
vn -0.3330 0.7707 -0.5432
vn -0.3806 0.6944 -0.6106
vn -0.5759 0.7534 -0.3174
vn -0.1775 0.7611 -0.6239
vn -0.2794 0.7148 -0.6411
vn -0.5260 0.7356 -0.4269
vn -0.4254 0.7187 -0.5501
vn -0.4613 0.6664 -0.5858
vn -0.6209 0.6288 -0.4681
vn -0.3933 0.5818 -0.7120
vn -0.6108 0.5000 -0.6139
vn 0.0769 0.9945 0.0710
vn -0.1232 0.9794 -0.1600
vn 0.3898 0.8806 0.2694
vn 0.2222 0.9219 0.3175
vn -0.4614 0.7499 -0.4740
vn -0.0880 -0.9928 -0.0809
vn 0.1400 -0.9760 0.1666
vn -0.2366 -0.9165 -0.3224
vn 0.2346 -0.9326 0.2742
vn -0.4062 -0.6951 -0.5931
vn 0.7165 0.0879 -0.6920
vn 0.8068 0.0851 -0.5847
vn -0.3663 0.7782 -0.5102
vn 0.7873 0.1047 -0.6076
vn 0.8097 0.0840 -0.5808
vn 0.7327 0.0691 -0.6771
vn -0.8919 0.1929 0.4090
vn -0.7849 0.1251 0.6069
vn -0.8012 0.1061 0.5890
vn -0.7835 0.0616 0.6183
vn -0.8705 0.0083 0.4921
vn -0.7829 -0.4708 -0.4067
vn -0.0792 -0.4736 -0.8772
vn 0.0941 -0.3013 -0.9489
vn -0.9019 -0.3245 -0.2850
vn -0.4626 0.7013 -0.5424
vn -0.4974 0.6353 -0.5908
vn -0.6578 0.5697 -0.4926
vn -0.6946 0.3240 -0.6423
vn -0.4107 0.7310 -0.5449
vn 0.6533 0.6267 -0.4248
vn 0.5832 0.6642 -0.4676
vn 0.5029 0.7865 -0.3585
vn 0.3476 0.9104 -0.2244
vn 0.5295 0.8108 -0.2495
vn 0.5801 0.7607 -0.2913
vn 0.3147 0.8071 -0.4996
vn 0.5946 0.7977 -0.1008
vn 0.6152 0.7653 -0.1895
vn 0.4156 0.7862 -0.4573
vn 0.5374 0.7746 -0.3335
vn 0.5422 0.7430 -0.3925
vn 0.4425 0.7128 -0.5441
vn 0.6948 0.6577 -0.2909
vn 0.5929 0.6005 -0.5365
vn -0.0707 0.9876 0.1402
vn 0.1553 0.9866 -0.0509
vn -0.2654 0.9151 0.3035
vn -0.3157 0.9071 0.2786
vn 0.4582 0.8058 -0.3752
vn 0.0787 -0.9853 -0.1519
vn -0.1596 -0.9849 0.0672
vn 0.3185 -0.9011 -0.2942
vn -0.2668 -0.9509 0.1566
vn 0.6143 -0.6393 -0.4626
vn 0.8089 0.0024 0.5880
vn 0.5797 0.0308 0.8142
vn 0.4955 0.8215 -0.2821
vn 0.5925 0.0502 0.8040
vn 0.5717 0.0287 0.8199
vn 0.7011 0.0391 0.7120
vn -0.2835 0.1987 -0.9382
vn -0.5953 0.1766 -0.7839
vn -0.5761 0.1552 -0.8025
vn -0.6114 0.1170 -0.7826
vn -0.4594 0.0737 -0.8852
vn 0.5436 -0.4207 -0.7263
vn 0.8717 -0.4865 -0.0585
vn 0.9405 -0.3397 -0.0113
vn 0.3480 -0.2336 -0.9079
vn 0.5246 0.7640 -0.3756
vn 0.5677 0.7176 -0.4033
vn 0.4720 0.6744 -0.5678
vn 0.6283 0.4402 -0.6415
vn 0.5146 0.7929 -0.3265
vn -0.7482 0.6529 0.1180
vn -0.8301 0.5517 0.0808
vn -0.5964 0.7682 0.2327
vn -0.5827 0.7727 0.2517
vn -0.7019 0.6287 0.3349
vn -0.5447 0.7680 0.3369
vn -0.6550 0.6754 0.3388
vn -0.6478 0.7540 -0.1088
vn -0.6660 0.7459 0.0118
vn -0.6994 0.6396 0.3190
vn -0.7339 0.6790 0.0191
vn -0.6374 0.7591 0.1319
vn -0.6324 0.6656 0.3962
vn -0.7492 0.6420 -0.1626
vn -0.7560 0.6434 0.1204
vn -0.7015 0.6984 0.1420
vn -0.6913 0.6961 0.1939
vn -0.8640 0.5034 -0.0125
vn -0.8412 0.5012 0.2028
vn 0.7505 0.4624 0.4722
vn 0.7431 0.5516 0.3788
vn 0.6209 0.6963 0.3599
vn 0.4415 0.8518 0.2819
vn 0.5535 0.7043 0.4445
vn 0.6155 0.6269 0.4776
vn 0.6895 0.7140 0.1217
vn 0.4382 0.6897 0.5765
vn 0.5365 0.6415 0.5484
vn 0.6870 0.6828 0.2486
vn 0.6432 0.6547 0.3970
vn 0.6538 0.6381 0.4066
vn 0.7658 0.5948 0.2446
vn 0.6472 0.5328 0.5453
vn 0.7907 0.4852 0.3734
vn -0.1097 0.9933 0.0373
vn 0.1796 0.9681 0.1748
vn -0.4227 0.9047 0.0529
vn -0.3400 0.9312 -0.1314
vn 0.6476 0.6963 0.3096
vn 0.1287 -0.9912 -0.0318
vn -0.2006 -0.9644 -0.1724
vn 0.3615 -0.9231 0.1312
vn -0.3425 -0.9108 -0.2308
vn 0.6006 -0.7290 0.3285
vn -0.3294 -0.0284 0.9438
vn -0.5105 0.0082 0.8598
vn 0.5719 0.7215 0.3904
vn -0.4839 0.0425 0.8741
vn -0.5193 0.0160 0.8545
vn -0.3355 -0.1241 0.9338
vn 0.6730 0.1680 -0.7203
vn 0.4779 0.1947 -0.8566
vn 0.5056 0.1737 -0.8451
vn 0.4711 0.1325 -0.8721
vn 0.6003 0.0784 -0.7959
vn 0.7831 -0.6195 0.0539
vn 0.2293 -0.6210 0.7495
vn 0.2937 -0.4423 0.8474
vn 0.9245 -0.3503 -0.1501
vn 0.6717 0.6318 0.3869
vn 0.7098 0.5797 0.4002
vn 0.7848 0.5484 0.2886
vn 0.8898 0.3082 0.3366
vn 0.6176 0.6758 0.4023
vn 0.0907 0.6638 0.7424
vn 0.1155 0.6653 0.7376
vn 0.0020 0.8423 0.5390
vn 0.0095 0.8564 0.5163
vn -0.0880 0.8449 0.5276
vn 0.0702 0.7836 0.6173
vn 0.2075 0.8613 0.4639
vn -0.2345 0.7847 0.5738
vn -0.1063 0.7893 0.6048
vn 0.1546 0.8347 0.5285
vn -0.0405 0.7943 0.6062
vn 0.0757 0.7302 0.6790
vn 0.2667 0.7108 0.6508
vn -0.0671 0.6419 0.7639
vn 0.1751 0.6080 0.7744
vn -0.1552 0.9747 -0.1608
vn -0.1105 0.9904 0.0831
vn -0.2035 0.9349 -0.2908
vn -0.1373 0.9194 -0.3685
vn 0.0223 0.8165 0.5769
vn 0.1603 -0.9730 0.1661
vn 0.0941 -0.9905 -0.0998
vn 0.1505 -0.9117 0.3823
vn 0.0738 -0.9693 -0.2344
vn 0.1110 -0.6708 0.7333
vn -0.9430 -0.0184 0.3322
vn -0.9904 -0.0380 0.1331
vn -0.0895 0.8257 0.5570
vn -0.9914 -0.0226 0.1286
vn -0.9915 -0.0556 0.1176
vn -0.9604 -0.0656 0.2707
vn 0.9397 0.1334 0.3149
vn 0.9653 0.2155 -0.1477
vn 0.9678 0.2180 -0.1262
vn 0.9764 0.1500 -0.1553
vn 0.9912 0.1029 0.0836
vn 0.3385 -0.5078 0.7922
vn -0.3793 -0.5525 0.7422
vn -0.5002 -0.3749 0.7805
vn 0.6180 -0.2905 0.7305
vn 0.0616 0.8018 0.5944
vn 0.1279 0.7217 0.6803
vn 0.2326 0.6425 0.7301
vn 0.2651 0.4481 0.8538
vn 0.0019 0.7823 0.6229
vn -0.6577 0.7320 -0.1780
vn -0.6369 0.7672 -0.0760
vn -0.4958 0.8665 -0.0581
vn -0.2822 0.9588 0.0334
vn -0.4377 0.8870 -0.1470
vn -0.5150 0.8417 -0.1624
vn -0.5123 0.8408 0.1748
vn -0.3566 0.8904 -0.2830
vn -0.4431 0.8631 -0.2423
vn -0.5259 0.8490 0.0520
vn -0.5093 0.8560 -0.0885
vn -0.5321 0.8406 -0.1012
vn -0.6087 0.7910 0.0615
vn -0.5758 0.7787 -0.2492
vn -0.6937 0.7166 -0.0717
vn 0.2580 0.9535 0.1555
vn -0.0361 0.9964 0.0768
vn 0.5126 0.8392 0.1817
vn 0.5090 0.8196 0.2630
vn -0.5065 0.8623 -0.0002
vn -0.2703 -0.9499 -0.1568
vn 0.0563 -0.9950 -0.0824
vn -0.5236 -0.8115 -0.2593
vn 0.1948 -0.9801 -0.0380
vn -0.7858 -0.4767 -0.3941
vn 0.1261 0.0920 -0.9877
vn 0.3681 0.1588 -0.9161
vn -0.4400 0.8942 -0.0827
vn 0.3291 0.1865 -0.9257
vn 0.3658 0.1614 -0.9166
vn 0.2319 0.1386 -0.9628
vn -0.7183 -0.0044 0.6957
vn -0.3018 0.0400 0.9525
vn -0.3234 0.0222 0.9460
vn -0.3030 -0.0159 0.9528
vn -0.5126 0.0174 0.8585
vn -0.8117 -0.5732 -0.1123
vn -0.4309 -0.4598 -0.7765
vn -0.5054 -0.2209 -0.8341
vn -0.9360 -0.3236 0.1384
vn -0.5332 0.8422 -0.0798
vn -0.5879 0.8039 -0.0901
vn -0.6501 0.7587 0.0406
vn -0.8223 0.5657 -0.0619
vn -0.4813 0.8716 -0.0924
vn 0.6845 0.6461 -0.3376
vn 0.5762 0.7438 -0.3388
vn 0.5153 0.8410 -0.1647
vn 0.3127 0.9487 0.0475
vn 0.5806 0.8110 -0.0714
vn 0.5768 0.8049 -0.1393
vn 0.2975 0.9117 -0.2832
vn 0.6255 0.7766 0.0744
vn 0.6403 0.7668 -0.0440
vn 0.4330 0.8643 -0.2560
vn 0.5507 0.8155 -0.1780
vn 0.6035 0.7626 -0.2328
vn 0.4710 0.7911 -0.3903
vn 0.7158 0.6667 -0.2077
vn 0.5982 0.6675 -0.4433
vn 0.0130 0.9166 0.3995
vn 0.1522 0.9563 0.2496
vn -0.1405 0.8320 0.5366
vn -0.1963 0.8161 0.5435
vn 0.4502 0.8748 -0.1789
vn -0.0029 -0.9100 -0.4147
vn -0.1469 -0.9620 -0.2301
vn 0.2014 -0.8034 -0.5603
vn -0.2010 -0.9617 -0.1863
vn 0.5579 -0.4295 -0.7101
vn 0.8067 -0.1903 0.5594
vn 0.7036 -0.2000 0.6819
vn 0.5035 0.8583 -0.0992
vn 0.7087 -0.2157 0.6717
vn 0.6946 -0.2056 0.6893
vn 0.8071 -0.1153 0.5791
vn -0.3906 0.2880 -0.8743
vn -0.7049 0.3799 -0.5989
vn -0.7074 0.3445 -0.6172
vn -0.7217 0.3273 -0.6099
vn -0.5105 0.3238 -0.7966
vn 0.2596 -0.2651 -0.9286
vn 0.7585 -0.3859 -0.5251
vn 0.8898 -0.4062 -0.2080
vn 0.1466 -0.1631 -0.9757
vn 0.5696 0.7913 -0.2222
vn 0.5685 0.7778 -0.2680
vn 0.4952 0.7451 -0.4468
vn 0.6002 0.5400 -0.5900
vn 0.5596 0.8149 -0.1512
vn 0.5778 0.6954 0.4273
vn 0.5672 0.7677 0.2983
vn 0.3888 0.8895 0.2400
vn 0.1838 0.9779 0.1000
vn 0.3213 0.8902 0.3230
vn 0.3934 0.8472 0.3570
vn 0.4818 0.8762 0.0059
vn 0.1874 0.8816 0.4332
vn 0.3049 0.8497 0.4302
vn 0.4730 0.8697 0.1408
vn 0.4276 0.8578 0.2852
vn 0.4356 0.8265 0.3566
vn 0.5914 0.7899 0.1621
vn 0.4340 0.7575 0.4877
vn 0.6360 0.7009 0.3229
vn -0.3163 0.9306 -0.1841
vn -0.0550 0.9980 -0.0314
vn -0.4483 0.8018 -0.3953
vn -0.5054 0.7883 -0.3508
vn 0.4179 0.8864 0.1990
vn 0.3331 -0.9236 0.1897
vn 0.0369 -0.9988 0.0335
vn 0.5244 -0.7767 0.3490
vn -0.0939 -0.9942 -0.0519
vn 0.7244 -0.4571 0.5160
vn -0.2733 0.0407 0.9611
vn -0.5844 0.0722 0.8083
vn 0.3337 0.9051 0.2635
vn -0.5712 0.0988 0.8149
vn -0.5938 0.0675 0.8018
vn -0.4621 0.1150 0.8793
vn 0.7953 0.0850 -0.6002
vn 0.5124 0.1210 -0.8502
vn 0.5416 0.1113 -0.8332
vn 0.5196 0.0528 -0.8528
vn 0.7148 0.0018 -0.6994
vn 0.8820 -0.4199 0.2138
vn 0.4723 -0.4101 0.7802
vn 0.3679 -0.2092 0.9060
vn 0.9776 -0.2095 0.0186
vn 0.4678 0.8346 0.2908
vn 0.5164 0.8002 0.3051
vn 0.6340 0.7496 0.1900
vn 0.7597 0.5558 0.3374
vn 0.3875 0.8700 0.3047
vn -0.4803 0.6709 -0.5649
vn -0.6325 0.5918 -0.4996
vn -0.6501 0.7007 -0.2939
vn -0.5895 0.7673 -0.2525
vn -0.7508 0.5767 -0.3220
vn -0.6075 0.7768 -0.1659
vn -0.7274 0.6265 -0.2799
vn -0.3763 0.7825 -0.4961
vn -0.4437 0.7907 -0.4218
vn -0.6894 0.6474 -0.3248
vn -0.4616 0.7643 -0.4503
vn -0.4944 0.7858 -0.3717
vn -0.6080 0.7089 -0.3574
vn -0.4528 0.7020 -0.5497
vn -0.5637 0.6430 -0.5185
vn -0.5691 0.7453 -0.3473
vn -0.5498 0.7182 -0.4265
vn -0.4205 0.5160 -0.7463
vn -0.7308 0.5077 -0.4562
vn 0.5205 0.6670 -0.5332
vn 0.3995 0.7234 -0.5632
vn 0.2787 0.8785 -0.3880
vn 0.0620 0.9811 -0.1832
vn 0.3699 0.8817 -0.2927
vn 0.3732 0.8573 -0.3547
vn 0.0445 0.8583 -0.5113
vn 0.4136 0.9007 -0.1329
vn 0.4493 0.8566 -0.2538
vn 0.1999 0.8518 -0.4842
vn 0.3389 0.8484 -0.4066
vn 0.4082 0.7931 -0.4521
vn 0.2650 0.7535 -0.6017
vn 0.5509 0.7303 -0.4039
vn 0.4243 0.6533 -0.6270
vn -0.2818 0.9149 0.2890
vn -0.0873 0.9953 0.0416
vn -0.3911 0.7528 0.5295
vn -0.4559 0.7616 0.4605
vn 0.2268 0.8830 -0.4110
vn 0.2902 -0.9076 -0.3034
vn 0.0823 -0.9964 -0.0188
vn 0.4624 -0.7483 -0.4756
vn -0.0261 -0.9943 0.1033
vn 0.6433 -0.4397 -0.6268
vn 0.8578 0.0437 0.5121
vn 0.7039 0.0858 0.7051
vn 0.2783 0.9053 -0.3210
vn 0.7159 0.1415 0.6837
vn 0.6971 0.1051 0.7093
vn 0.8079 0.0695 0.5852
vn -0.5138 0.0781 -0.8544
vn -0.7689 0.0823 -0.6341
vn -0.7468 0.0737 -0.6610
vn -0.7632 0.0288 -0.6455
vn -0.6270 0.0424 -0.7779
vn 0.4337 -0.4747 -0.7659
vn 0.8840 -0.4178 -0.2097
vn 0.9701 -0.1890 -0.1525
vn 0.1352 -0.2168 -0.9668
vn 0.3579 0.8166 -0.4529
vn 0.3734 0.7900 -0.4863
vn 0.3058 0.7079 -0.6367
vn 0.4423 0.4977 -0.7461
vn 0.3570 0.8507 -0.3859
vn -0.6060 0.6264 0.4902
vn -0.5527 0.6415 0.5319
vn -0.5355 0.7639 0.3602
vn -0.4696 0.8599 0.2003
vn -0.5815 0.7667 0.2720
vn -0.6548 0.6619 0.3648
vn -0.3381 0.8207 0.4606
vn -0.7248 0.6678 0.1694
vn -0.6931 0.6684 0.2700
vn -0.4340 0.7909 0.4314
vn -0.5693 0.7327 0.3729
vn -0.5455 0.7363 0.4004
vn -0.4021 0.7483 0.5276
vn -0.6812 0.6079 0.4080
vn -0.5143 0.6266 0.5856
vn -0.1651 0.9502 -0.2644
vn -0.3406 0.9400 -0.0214
vn 0.0160 0.9535 -0.3009
vn 0.0579 0.8930 -0.4464
vn -0.5109 0.7648 0.3925
vn 0.1569 -0.9475 0.2786
vn 0.3390 -0.9408 0.0042
vn -0.0637 -0.8798 0.4711
vn 0.4155 -0.9026 -0.1126
vn -0.3651 -0.6256 0.6894
vn -0.9413 -0.2307 -0.2463
vn -0.7416 -0.1922 -0.6428
vn -0.5699 0.7650 0.3001
vn -0.7578 -0.1813 -0.6268
vn -0.7345 -0.1981 -0.6491
vn -0.8700 -0.2214 -0.4406
vn 0.5242 0.2431 0.8162
vn 0.7083 0.3984 0.5827
vn 0.6994 0.3785 0.6063
vn 0.7386 0.3379 0.5833
vn 0.5934 0.1789 0.7848
vn -0.0977 -0.3950 0.9135
vn -0.6314 -0.5312 0.5649
vn -0.8147 -0.4594 0.3537
vn 0.0368 -0.1901 0.9811
vn -0.5350 0.7506 0.3878
vn -0.5803 0.6618 0.4746
vn -0.3963 0.7170 0.5735
vn -0.5056 0.4583 0.7309
vn -0.5525 0.7583 0.3460
vn 0.6704 0.6912 0.2699
vn 0.3205 0.9120 -0.2561
vn 0.4188 0.8791 0.2276
vn 0.1297 0.9727 -0.1925
vn 0.4254 0.8136 0.3963
vn 0.3968 0.9002 -0.1795
vn 0.2830 0.9408 -0.1865
vn 0.2802 0.9599 -0.0040
vn 0.3452 0.9350 -0.0816
vn 0.4172 0.9084 0.0272
vn 0.3876 0.9141 -0.1190
vn 0.5432 0.8352 -0.0857
vn 0.5255 0.8372 -0.1514
vn 0.5449 0.8384 0.0096
vn 0.5909 0.7990 -0.1116
vn -0.4594 0.8877 0.0325
vn -0.2108 0.9769 -0.0347
vn -0.6048 0.7866 0.1243
vn -0.6788 0.7302 0.0770
vn 0.2707 0.9262 -0.2625
vn 0.4609 -0.8864 -0.0436
vn 0.2008 -0.9777 0.0616
vn 0.6919 -0.7178 -0.0777
vn 0.0883 -0.9930 0.0784
vn 0.9152 -0.3796 -0.1356
vn 0.4487 0.1384 0.8829
vn 0.1526 0.1407 0.9782
vn 0.2862 0.9499 -0.1256
vn 0.1730 0.1657 0.9709
vn 0.1464 0.1521 0.9775
vn 0.3358 0.1268 0.9334
vn 0.2361 0.0969 -0.9669
vn -0.2435 0.0306 -0.9694
vn -0.2301 0.0039 -0.9732
vn -0.2326 -0.0152 -0.9725
vn -0.0152 0.0234 -0.9996
vn 0.9048 -0.2852 -0.3162
vn 0.8783 -0.2889 0.3810
vn 0.9042 -0.0880 0.4178
vn 0.7658 -0.1058 -0.6344
vn 0.5156 0.8171 0.2581
vn 0.3769 0.8790 -0.2920
vn 0.5907 0.8035 -0.0731
vn 0.6796 0.6649 -0.3099
vn 0.4375 0.8949 -0.0880
vn 0.1460 0.4806 0.8647
vn 0.2066 0.6571 0.7249
vn 0.2435 0.8307 0.5006
vn -0.1383 0.9249 0.3541
vn 0.1370 0.8492 0.5100
vn -0.1493 0.6202 0.7701
vn 0.4512 0.8021 0.3911
vn -0.3120 0.7953 0.5198
vn -0.2060 0.7068 0.6768
vn 0.3748 0.7899 0.4853
vn 0.0841 0.7941 0.6019
vn 0.1133 0.7489 0.6529
vn 0.3540 0.6803 0.6418
vn 0.0071 0.6415 0.7671
vn 0.2575 0.6003 0.7572
vn -0.0669 0.9867 -0.1481
vn -0.0213 0.9885 0.1499
vn -0.7767 0.5640 -0.2805
vn -0.1470 0.9200 -0.3632
vn 0.1265 0.8247 0.5512
vn 0.0934 -0.9858 0.1392
vn -0.0150 -0.9873 -0.1581
vn 0.2207 -0.8907 0.3974
vn -0.0052 -0.9648 -0.2631
vn -0.0148 -0.6436 0.7652
vn -0.9431 -0.2593 0.2082
vn -0.9824 -0.0737 0.1715
vn 0.0915 0.8526 0.5145
vn -0.9918 0.0702 0.1066
vn -0.9968 0.0534 0.0596
vn -0.9488 -0.1814 0.2587
vn 0.7943 0.5049 0.3380
vn 0.9788 0.1814 -0.0950
vn 0.9907 0.1211 -0.0618
vn 0.9686 0.1951 -0.1543
vn 0.9638 0.2590 0.0629
vn 0.2523 -0.3598 0.8983
vn -0.4121 -0.5362 0.7367
vn -0.5597 -0.4096 0.7204
vn 0.4950 -0.0865 0.8646
vn 0.2754 0.7195 0.6375
vn 0.1501 0.6147 0.7744
vn 0.3486 0.6693 0.6562
vn 0.3316 0.4323 0.8385
vn 0.0866 0.7792 0.6208
vn -0.5344 0.6481 -0.5426
vn -0.6115 0.6511 -0.4495
vn -0.4147 0.8466 -0.3337
vn -0.2276 0.9474 -0.2250
vn -0.2944 0.8396 -0.4566
vn -0.3529 0.7724 -0.5281
vn -0.5589 0.8251 -0.0822
vn -0.1106 0.8105 -0.5752
vn -0.2274 0.7629 -0.6051
vn -0.5148 0.8222 -0.2428
vn -0.4149 0.8019 -0.4299
vn -0.4754 0.7467 -0.4651
vn -0.6516 0.7135 -0.2576
vn -0.4019 0.6613 -0.6334
vn -0.6978 0.5919 -0.4034
vn 0.1930 0.9791 0.0640
vn -0.0284 0.9950 -0.0955
vn -0.4079 0.8376 -0.3634
vn 0.4670 0.8832 -0.0429
vn -0.2154 -0.9675 -0.1325
vn 0.0381 -0.9954 0.0876
vn 0.1454 -0.9727 0.1811
vn -0.5645 -0.6880 -0.4560
vn 0.5146 -0.0430 -0.8564
vn -0.3687 0.8582 -0.3572
vn 0.6649 0.0534 -0.7450
vn 0.6946 0.0054 -0.7194
vn 0.5944 -0.0908 -0.7990
vn -0.9573 0.0238 0.2881
vn -0.7208 0.1613 0.6742
vn -0.6724 0.1525 0.7243
vn -0.8871 0.1782 0.4259
vn -0.7278 -0.6634 -0.1741
vn -0.0806 -0.7129 -0.6966
vn -0.1351 -0.4131 -0.9006
vn -0.9177 -0.3643 -0.1586
vn -0.4885 0.7867 -0.3774
vn -0.5202 0.7418 -0.4233
vn -0.7314 0.6476 -0.2136
vn -0.8096 0.4313 -0.3981
vn -0.3964 0.8137 -0.4251
vn -0.0494 0.9683 -0.2449
vn -0.4036 0.8384 -0.3662
vn 0.3839 0.9226 0.0378
vn -0.6652 0.6314 -0.3987
vn 0.1459 0.9537 -0.2629
vn -0.4700 0.7353 -0.4883
vn -0.1655 0.8694 -0.4656
vn -0.2436 0.9163 -0.3178
vn -0.2523 0.9233 -0.2896
vn -0.0048 0.8700 -0.4930
vn 0.0502 0.6278 -0.7768
vn 0.0513 -0.6842 0.7275
vn -0.1068 -0.5283 0.8423
vn -0.9053 -0.2184 -0.3644
vn -0.2594 0.7985 -0.5433
vn 0.8881 0.3889 0.2449
vn 0.3182 0.7127 -0.6251
vn -0.3512 -0.3225 0.8790
vn -0.9798 0.0352 -0.1968
vn -0.9031 -0.0957 -0.4186
vn 0.7902 0.2433 0.5625
vn 0.8199 0.2416 0.5190
vn 0.2810 -0.3337 0.8998
vn -0.6484 -0.5371 0.5396
vn -0.7936 -0.3565 0.4931
vn 0.1876 -0.2457 0.9510
vn -0.2524 0.9221 0.2933
vn 0.1093 0.9865 0.1219
vn -0.6800 0.5937 0.4303
vn 0.4207 0.9004 -0.1112
vn -0.3285 0.8040 0.4957
vn 0.3138 0.9348 0.1667
vn 0.0480 0.9104 0.4110
vn -0.0572 0.9790 0.1959
vn -0.0870 0.9843 0.1537
vn 0.0342 0.8573 0.5137
vn 0.2180 0.7341 0.6430
vn -0.2251 -0.7194 -0.6571
vn -0.2253 -0.7173 -0.6594
vn 0.9127 0.1023 -0.3955
vn 0.1730 0.8580 0.4837
vn -0.9090 -0.0634 0.4118
vn -0.2232 0.8701 0.4394
vn -0.0124 -0.5297 -0.8481
vn 0.7748 0.2908 -0.5614
vn 0.8960 0.2521 -0.3657
vn -0.9401 -0.2415 -0.2406
vn -0.9564 -0.2823 -0.0751
vn -0.2931 -0.5398 -0.7891
vn 0.3487 -0.3475 -0.8704
vn 0.4303 -0.1884 -0.8828
vn -0.5153 -0.4736 -0.7142
vn 0.3120 0.9448 0.1000
vn 0.3065 0.9057 -0.2929
vn 0.0847 0.8263 0.5568
vn 0.2039 0.7704 -0.6041
vn 0.3195 0.9174 0.2374
vn 0.3230 0.8401 -0.4358
vn 0.4013 0.9079 -0.1215
vn 0.3451 0.9331 -0.1013
vn 0.4205 0.9019 -0.0983
vn 0.4817 0.8518 -0.2061
vn 0.8825 0.4549 -0.1196
vn -0.8899 -0.4386 0.1256
vn -0.9149 -0.3843 0.1233
vn -0.0557 -0.0705 -0.9960
vn 0.5362 0.8438 -0.0198
vn 0.1005 0.1723 0.9799
vn 0.8246 0.5628 0.0572
vn -0.9777 -0.1845 -0.1002
vn -0.1194 0.1852 -0.9754
vn -0.0083 0.0478 -0.9988
vn -0.2959 0.1939 0.9353
vn -0.2282 0.1370 0.9639
vn -0.9709 -0.1998 0.1324
vn -0.6503 -0.3004 -0.6978
vn -0.7311 -0.1109 -0.6732
vn -0.9666 -0.0337 0.2541
vn -0.9282 -0.3695 -0.0436
vn -0.7279 -0.6792 -0.0941
vn -0.9093 -0.4123 -0.0554
vn -0.7385 -0.6424 -0.2046
vn -0.9448 -0.3250 -0.0418
vn -0.8248 -0.5239 -0.2126
vn -0.9385 -0.3400 -0.0608
vn -0.7152 -0.6475 -0.2632
vn -0.9691 -0.1956 -0.1503
vn -0.9885 0.1163 0.0972
vn -0.9807 -0.1955 0.0015
vn -0.9475 0.1812 0.2636
vn -0.9903 0.0209 0.1373
vn -0.9989 -0.0112 -0.0446
vn -0.9993 0.0359 0.0072
vn -0.9944 -0.0954 -0.0450
vn -0.9087 -0.3806 0.1714
vn -0.8749 -0.4242 0.2338
vn -0.9340 -0.3481 0.0804
vn -0.8670 -0.4450 0.2243
vn -0.8297 0.1153 -0.5461
vn -0.9872 -0.1549 0.0369
vn -0.9243 -0.0116 -0.3815
vn -0.9376 -0.3343 -0.0961
vn -0.9545 -0.0517 0.2938
vn -0.9554 -0.2942 -0.0268
vn -0.9545 -0.0514 0.2937
vn -0.9750 -0.1317 0.1792
vn -0.9636 -0.0701 -0.2579
vn -0.9318 -0.3553 0.0746
vn -0.9375 -0.3103 -0.1575
vn -0.9813 -0.1841 0.0568
vn -0.8173 -0.5761 0.0130
vn -0.8966 -0.4429 0.0010
vn -0.8173 -0.5761 0.0121
vn -0.8544 -0.4904 0.1718
vn -0.8912 -0.4483 0.0700
vn -0.9172 -0.3949 0.0530
vn -0.8911 -0.4484 0.0702
vn -0.9343 -0.3555 0.0260
vn -0.9603 -0.2780 0.0228
vn -0.9428 -0.2858 0.1716
vn -0.9036 -0.4073 0.1326
vn -0.9426 -0.2718 0.1940
vn -0.9599 -0.1673 0.2251
vn -0.9653 -0.2165 0.1461
vn -0.9601 -0.1660 0.2250
vn -0.9651 -0.2164 0.1474
vn -0.8501 -0.5061 -0.1458
vn -0.8412 -0.5150 -0.1646
vn -0.9336 -0.3457 -0.0943
vn -0.9170 -0.3819 -0.1157
vn -0.9890 -0.1083 -0.1007
vn -0.9952 -0.0935 0.0279
vn -0.9979 -0.0094 -0.0647
vn -0.9945 -0.0519 -0.0913
vn -0.8883 -0.3956 0.2335
vn -0.9073 -0.3815 0.1766
vn -0.9724 -0.1977 -0.1236
vn -0.9352 -0.3072 -0.1759
vn -0.9742 -0.1462 0.1719
vn -0.9523 -0.0311 0.3034
vn -0.8834 -0.4684 0.0139
vn -0.9172 -0.3968 0.0347
vn -0.8757 -0.4784 -0.0652
vn -0.8581 -0.5115 0.0451
vn -0.8993 -0.4318 0.0700
vn -0.9118 -0.4073 0.0531
vn -0.9676 -0.2490 0.0415
vn -0.9356 -0.3314 0.1215
vn -0.9642 -0.1945 0.1804
vn -0.9640 -0.1934 0.1824
vn -0.9998 0.0108 0.0177
vn -0.9983 0.0560 0.0188
vn -0.9998 0.0108 0.0176
vn -0.9983 0.0560 0.0187
vn -0.9720 0.2337 0.0231
vn -0.9688 0.2467 0.0234
vn -0.9822 0.1863 0.0220
vn -0.9793 0.2014 0.0224
vn -0.9799 -0.1679 0.1074
vn -0.9597 0.1175 0.2554
vn -0.9799 -0.1619 0.1168
vn -0.9662 0.1126 0.2318
vn -0.9872 -0.0457 0.1529
vn -0.9874 -0.0459 0.1512
vn -0.9951 -0.0844 -0.0519
vn -0.9907 0.1325 -0.0305
vn -0.9960 -0.0754 -0.0472
vn -0.9918 0.1171 -0.0503
vn -0.9981 -0.0026 -0.0611
vn -0.9980 -0.0015 -0.0635
vn -0.9941 -0.0194 -0.1066
vn -0.9216 -0.1816 -0.3431
vn -0.9422 -0.1326 -0.3076
vn -0.9580 -0.0134 -0.2863
vn -0.9631 0.0925 -0.2529
vn -0.9796 0.1214 -0.1604
vn -0.9803 0.0661 -0.1861
vn -0.9624 -0.1329 -0.2369
vn -0.9667 -0.1652 -0.1952
vn -0.9666 -0.1661 -0.1954
vn -0.9442 -0.0569 -0.3244
vn -0.9416 -0.0494 -0.3331
vn -0.9427 -0.0527 -0.3294
vn -0.9407 -0.0468 -0.3359
vn -0.9619 -0.2176 -0.1652
vn -0.9480 -0.0544 -0.3136
vn -0.9885 0.0150 -0.1502
vn -0.9424 -0.0762 -0.3257
vn -0.9314 -0.2682 -0.2461
vn -0.9609 -0.1254 -0.2469
vn -0.9483 -0.2457 -0.2009
vn -0.9297 -0.0954 -0.3558
vn -0.9495 -0.2374 -0.2051
vn -0.9269 -0.1202 -0.3554
vn -0.9412 -0.2031 -0.2701
vn -0.9401 -0.2043 -0.2728
vn -0.9261 -0.2490 -0.2833
vn -0.9424 -0.2753 -0.1898
vn -0.9262 -0.2498 -0.2823
vn -0.9424 -0.2755 -0.1898
vn -0.8849 -0.2008 -0.4203
vn -0.8795 -0.1961 -0.4337
vn -0.8785 -0.1964 -0.4356
vn -0.8739 -0.1915 -0.4467
vn -0.8069 -0.3837 -0.4491
vn -0.8783 -0.2903 -0.3799
vn -0.8387 -0.4506 -0.3059
vn -0.8783 -0.2902 -0.3799
vn -0.8234 -0.3117 -0.4742
vn -0.8469 -0.3552 -0.3956
vn -0.9446 -0.3024 -0.1273
vn -0.8688 -0.2422 -0.4318
vn -0.9454 -0.2961 -0.1360
vn -0.8685 -0.2640 -0.4195
vn -0.9199 -0.2993 -0.2534
vn -0.9192 -0.3009 -0.2541
vn -0.8712 -0.4710 -0.1385
vn -0.7923 -0.5112 -0.3332
vn -0.8701 -0.4696 -0.1498
vn -0.7923 -0.5236 -0.3133
vn -0.8393 -0.5029 -0.2065
vn -0.8382 -0.5046 -0.2068
vn -0.8266 -0.5358 -0.1722
vn -0.8805 -0.4328 -0.1936
vn -0.8257 -0.5365 -0.1744
vn -0.8804 -0.4328 -0.1937
vn -0.7634 -0.5513 -0.3366
vn -0.7739 -0.5614 -0.2933
vn -0.7740 -0.5873 -0.2366
vn -0.7488 -0.5954 -0.2913
vn -0.8271 -0.5549 -0.0896
vn -0.9239 -0.3804 -0.0425
vn -0.8270 -0.5549 -0.0897
vn -0.9237 -0.3806 -0.0435
vn -0.8013 -0.5901 -0.0984
vn -0.7865 -0.6088 -0.1038
vn -0.7518 -0.6493 -0.1148
vn -0.7442 -0.6577 -0.1170
vn -0.8843 -0.4667 0.0166
vn -0.6990 -0.7036 -0.1279
vn -0.8494 -0.5115 -0.1296
vn -0.7014 -0.7051 -0.1040
vn -0.8229 -0.5675 0.0277
vn -0.8087 -0.5862 -0.0487
vn -0.8727 -0.4882 -0.0035
vn -0.7479 -0.6608 -0.0630
vn -0.8687 -0.4952 -0.0099
vn -0.7562 -0.6530 -0.0415
vn -0.8284 -0.5601 -0.0100
vn -0.8278 -0.5609 -0.0079
vn -0.8743 -0.4796 0.0742
vn -0.9089 -0.4105 0.0731
vn -0.7989 -0.5995 0.0487
vn -0.9090 -0.4103 0.0734
vn -0.7514 -0.6481 0.1239
vn -0.7322 -0.6688 0.1285
vn -0.7142 -0.6921 0.1043
vn -0.7440 -0.6562 0.1258
vn -0.7089 -0.5817 0.3990
vn -0.9279 -0.3561 0.1105
vn -0.7093 -0.5812 0.3990
vn -0.9283 -0.3550 0.1109
vn -0.8334 -0.4839 0.2668
vn -0.8188 -0.4979 0.2857
vn -0.9025 -0.3905 0.1814
vn -0.7079 -0.6048 0.3648
vn -0.8115 -0.5661 0.1448
vn -0.7179 -0.5841 0.3787
vn -0.8645 -0.4066 0.2956
vn -0.8209 -0.5015 0.2732
vn -0.9302 -0.2434 0.2747
vn -0.8004 -0.3055 0.5158
vn -0.8243 -0.4381 0.3585
vn -0.8088 -0.2817 0.5163
vn -0.9193 -0.1719 0.3541
vn -0.8685 -0.2865 0.4044
vn -0.8591 -0.3820 0.3407
vn -0.9330 -0.3324 0.1380
vn -0.8600 -0.3810 0.3394
vn -0.9333 -0.3315 0.1378
vn -0.8366 -0.3925 0.3820
vn -0.8294 -0.3946 0.3955
vn -0.7957 -0.4040 0.4512
vn -0.7896 -0.4063 0.4599
vn -0.9164 -0.2120 0.3394
vn -0.9300 -0.2273 0.2888
vn -0.9165 -0.2120 0.3394
vn -0.9301 -0.2272 0.2887
vn -0.8786 -0.1784 0.4430
vn -0.8733 -0.1742 0.4550
vn -0.8757 -0.1760 0.4496
vn -0.8716 -0.1728 0.4588
vn -0.8737 -0.4449 0.1967
vn -0.7716 -0.5670 0.2882
vn -0.9353 -0.3421 0.0907
vn -0.7892 -0.5466 0.2798
vn -0.8048 -0.5251 0.2767
vn -0.8604 -0.4634 0.2122
vn -0.9093 -0.2771 0.3104
vn -0.7997 -0.3256 0.5045
vn -0.9626 -0.2378 0.1300
vn -0.8139 -0.3135 0.4892
vn -0.8334 -0.3024 0.4627
vn -0.8929 -0.2808 0.3520
vn -0.9546 -0.1008 0.2804
vn -0.9617 -0.1341 0.2391
vn -0.9543 -0.1004 0.2815
vn -0.9617 -0.1340 0.2391
vn -0.9416 -0.0569 0.3319
vn -0.9390 -0.0497 0.3403
vn -0.9384 -0.0486 0.3422
vn -0.9367 -0.0437 0.3474
vn -0.9975 -0.0432 0.0554
vn -0.9713 0.1603 0.1755
vn -0.9693 -0.0001 0.2459
vn -0.9746 0.1648 0.1519
vn -0.9992 0.0391 0.0118
vn -0.9909 0.0610 0.1197
vn -0.9842 -0.0191 0.1758
vn -0.9864 -0.0972 0.1326
vn -0.9863 -0.0973 0.1330
vn -0.9843 -0.0180 0.1758
vn -0.9836 -0.0100 0.1803
vn -0.9810 0.0146 0.1935
vn -0.9808 0.0167 0.1944
vn 0.1117 0.8656 -0.4882
vn -0.0673 0.8096 -0.5832
vn -0.0820 0.9423 -0.3245
vn -0.0848 0.9501 -0.3002
vn -0.1955 0.8772 -0.4386
vn -0.1563 0.9629 -0.2199
vn -0.2007 0.9026 -0.3809
vn 0.2554 0.8745 -0.4123
vn 0.1281 0.9240 -0.3604
vn -0.1489 0.9048 -0.3989
vn 0.1260 0.9165 -0.3798
vn 0.0364 0.9353 -0.3520
vn -0.0942 0.9179 -0.3855
vn 0.1290 0.8518 -0.5078
vn -0.0074 0.8441 -0.5362
vn -0.6928 -0.1015 -0.7140
vn 0.3815 -0.3248 -0.8654
vn 0.1104 -0.4684 -0.8766
vn -0.5833 -0.3020 -0.7540
vn -0.9791 0.2026 -0.0181
vn -0.9431 0.2580 0.2100
vn -0.9374 0.3035 0.1710
vn -0.9258 0.3195 0.2021
vn -0.9370 0.3193 -0.1416
vn 0.9561 -0.0991 -0.2758
vn 0.9821 -0.1234 -0.1422
vn 0.9805 -0.1024 -0.1679
vn 0.1027 0.9099 -0.4020
vn 0.9820 -0.1177 -0.1474
vn 0.9172 -0.0942 -0.3871
vn -0.2189 -0.5029 -0.8362
vn -0.1533 -0.9680 0.1989
vn -0.2630 -0.8049 -0.5320
vn -0.1831 -0.9812 0.0613
vn -0.0448 0.9260 -0.3750
vn 0.0147 0.9209 -0.3896
vn 0.2185 0.6964 -0.6836
vn -0.2137 0.7650 -0.6075
vn -0.8799 0.2865 0.3790
vn -0.7724 0.4283 0.4691
vn -0.6795 0.6947 0.2359
vn -0.5626 0.8000 0.2086
vn -0.7613 0.6380 0.1160
vn -0.7886 0.5479 0.2790
vn -0.4323 0.7495 0.5013
vn -0.7895 0.6093 0.0734
vn -0.8215 0.5408 0.1808
vn -0.5819 0.6740 0.4550
vn -0.7041 0.5889 0.3968
vn -0.7274 0.5277 0.4387
vn -0.6539 0.4784 0.5861
vn -0.8573 0.4019 0.3219
vn -0.7571 0.3355 0.5606
vn -0.1442 0.9801 -0.1365
vn -0.3811 0.9235 0.0444
vn 0.1645 0.9480 -0.2726
vn 0.1230 0.9583 -0.2580
vn -0.6743 0.6440 0.3613
vn 0.1386 -0.9798 0.1439
vn 0.3904 -0.9183 -0.0655
vn -0.1258 -0.9544 0.2707
vn 0.4981 -0.8557 -0.1405
vn -0.4761 -0.7912 0.3838
vn -0.6170 -0.0297 -0.7864
vn -0.5213 -0.0865 -0.8490
vn -0.6891 0.6627 0.2933
vn -0.5458 -0.0744 -0.8346
vn -0.5162 -0.0888 -0.8518
vn -0.5812 -0.0873 -0.8091
vn 0.2440 0.2559 0.9354
vn 0.4927 0.2952 0.8186
vn 0.4776 0.2709 0.8357
vn 0.5198 0.2376 0.8206
vn 0.3671 0.1350 0.9203
vn -0.5009 -0.5490 0.6691
vn -0.7618 -0.6366 -0.1200
vn -0.8558 -0.4920 -0.1596
vn -0.3264 -0.2924 0.8989
vn -0.7736 0.5315 0.3450
vn -0.7739 0.4796 0.4136
vn -0.7444 0.3703 0.5556
vn -0.7464 0.2004 0.6346
vn -0.6965 0.5930 0.4041
vn -0.9108 0.3594 -0.2031
vn -0.8724 0.4721 -0.1269
vn -0.6410 0.7627 -0.0863
vn -0.4314 0.8940 -0.1210
vn -0.6037 0.7762 -0.1821
vn -0.6761 0.6909 -0.2560
vn -0.6254 0.7548 0.1977
vn -0.5317 0.7448 -0.4032
vn -0.6352 0.6886 -0.3498
vn -0.6915 0.7198 0.0616
vn -0.6789 0.7246 -0.1181
vn -0.7755 0.6075 -0.1720
vn -0.8223 0.5684 0.0286
vn -0.7974 0.5217 -0.3033
vn -0.8569 0.5092 -0.0800
vn 0.1130 0.9916 -0.0626
vn -0.1861 0.9772 -0.1018
vn 0.3670 0.9259 -0.0898
vn 0.3556 0.9339 0.0373
vn -0.6456 0.7571 -0.0995
vn -0.1259 -0.9900 0.0635
vn 0.2038 -0.9746 0.0932
vn -0.3951 -0.9185 -0.0193
vn 0.3437 -0.9321 0.1139
vn -0.7454 -0.6482 -0.1559
vn -0.1648 -0.0311 -0.9858
vn 0.1776 0.0215 -0.9839
vn -0.6088 0.7866 -0.1027
vn 0.1833 0.0374 -0.9824
vn 0.2166 0.0178 -0.9761
vn 0.0254 -0.0448 -0.9987
vn -0.6271 0.0878 0.7739
vn -0.1809 0.1887 0.9652
vn -0.2036 0.1705 0.9641
vn -0.1698 0.1265 0.9773
vn -0.3713 0.1068 0.9224
vn -0.8868 -0.4539 0.0868
vn -0.6715 -0.4734 -0.5700
vn -0.6549 -0.3608 -0.6640
vn -0.9041 -0.3097 0.2944
vn -0.7840 0.6175 -0.0633
vn -0.7927 0.5783 -0.1930
vn -0.8138 0.5810 0.0122
vn -0.9468 0.3212 -0.0185
vn -0.7308 0.6608 -0.1711
vn 0.1029 0.8612 0.4977
vn 0.1604 0.8838 0.4394
vn 0.0938 0.9707 0.2212
vn -0.0958 0.9953 0.0133
vn -0.0574 0.9587 0.2787
vn -0.1044 0.9138 0.3925
vn 0.3163 0.9465 0.0640
vn -0.2882 0.9071 0.3067
vn -0.2120 0.8924 0.3983
vn 0.2041 0.9615 0.1841
vn 0.0428 0.9529 0.3001
vn 0.0384 0.9346 0.3536
vn 0.2842 0.9204 0.2685
vn -0.0760 0.8617 0.5017
vn 0.2455 0.8641 0.4394
vn -0.2763 0.8446 -0.4587
vn -0.1568 0.9669 -0.2014
vn -0.3916 0.6796 -0.6203
vn -0.3155 0.6722 -0.6698
vn 0.1024 0.9701 0.2201
vn -0.3250 0.6404 -0.6959
vn 0.2831 -0.8386 0.4654
vn 0.1502 -0.9672 0.2049
vn 0.3301 -0.6503 0.6842
vn 0.0977 -0.9924 0.0746
vn 0.3379 -0.2613 0.9042
vn -0.8003 -0.0426 0.5980
vn -0.9361 -0.0008 0.3518
vn 0.0096 0.9784 0.2063
vn -0.9330 0.0314 0.3585
vn -0.9426 -0.0046 0.3339
vn -0.8852 -0.0000 0.4652
vn 0.9429 0.3271 0.0631
vn 0.8819 0.1776 -0.4368
vn 0.9029 0.1717 -0.3941
vn 0.8974 0.1296 -0.4218
vn 0.9387 0.2523 -0.2351
vn 0.5709 -0.2517 0.7815
vn -0.1184 -0.3972 0.9101
vn -0.2150 -0.1384 0.9668
vn 0.7434 0.0281 0.6682
vn 0.1152 0.9468 0.3006
vn 0.0745 0.9214 0.3813
vn 0.3316 0.8942 0.3007
vn 0.3720 0.7635 0.5278
vn 0.0128 0.9580 0.2865
vn 0.8898 0.4538 0.0492
vn 0.8394 0.5397 -0.0639
vn 0.8974 0.4264 -0.1134
vn 0.8636 0.4736 -0.1729
vn 0.9602 0.1423 -0.2405
vn 0.9313 0.1759 -0.3188
vn 0.9587 0.2230 -0.1764
vn 0.9656 0.2105 -0.1529
vn 0.8045 0.5855 0.0997
vn 0.7587 0.6514 -0.0033
vn 0.8017 0.5847 -0.1240
vn 0.7763 0.6051 -0.1769
vn 0.8865 0.3109 -0.3426
vn 0.8406 0.3419 -0.4202
vn 0.8961 0.3807 -0.2281
vn 0.9052 0.3741 -0.2018
vn 0.7212 0.6882 0.0788
vn 0.7470 0.6569 0.1025
vn 0.9092 0.4153 0.0295
vn 0.8821 0.4700 0.0312
vn 0.9358 0.2532 -0.2453
vn 0.8994 0.3148 -0.3032
vn 0.9410 0.3019 -0.1527
vn 0.9709 0.2074 -0.1196
vn 0.7855 0.6023 0.1421
vn 0.7284 0.6792 0.0895
vn 0.7512 0.6595 -0.0290
vn 0.7240 0.6881 -0.0484
vn 0.8736 0.3941 -0.2855
vn 0.8243 0.4633 -0.3254
vn 0.8602 0.4806 -0.1708
vn 0.8759 0.4489 -0.1769
vn 0.8946 0.3941 0.2107
vn 0.8387 0.5261 0.1406
vn 0.8806 0.4720 -0.0417
vn 0.7959 0.6011 -0.0725
vn 0.9387 0.1030 -0.3291
vn 0.9182 0.1266 -0.3753
vn 0.9555 0.2152 -0.2016
vn 0.9611 0.2059 -0.1841
vn 0.7731 0.5820 0.2520
vn 0.7757 0.5781 0.2532
vn 0.8073 0.5468 0.2220
vn 0.8092 0.5439 0.2222
vn 0.7516 0.6596 0.0059
vn 0.6384 0.7677 -0.0564
vn 0.8450 0.5180 0.1325
vn 0.8619 0.4834 0.1531
vn 0.9151 0.2275 0.3330
vn 0.8805 0.3143 0.3550
vn 0.9007 0.3516 0.2552
vn 0.8788 0.3893 0.2760
vn 0.9453 0.3216 -0.0538
vn 0.9171 0.3959 -0.0463
vn 0.9594 0.2789 0.0416
vn 0.9612 0.2724 0.0434
vn 0.7848 0.4562 0.4194
vn 0.7496 0.5014 0.4320
vn 0.7616 0.5604 0.3253
vn 0.7532 0.5740 0.3212
vn 0.7637 0.6451 -0.0263
vn 0.7002 0.7139 -0.0117
vn 0.8359 0.5447 0.0672
vn 0.8415 0.5348 0.0762
vn 0.8518 0.2785 0.4436
vn 0.8391 0.3000 0.4537
vn 0.9306 0.2602 0.2574
vn 0.9140 0.2818 0.2918
vn 0.8625 0.1592 -0.4804
vn 0.8401 0.2717 -0.4695
vn 0.9693 0.1514 -0.1940
vn 0.9747 0.1260 -0.1844
vn 0.8884 0.1936 0.4163
vn 0.8815 0.2072 0.4243
vn 0.9050 0.2122 0.3687
vn 0.9089 0.2085 0.3611
vn 0.8372 0.3984 0.3748
vn 0.7105 0.5591 0.4273
vn 0.9282 0.2274 0.2945
vn 0.9388 0.1898 0.2874
vn 0.9738 0.0865 0.2102
vn 0.9341 0.1653 0.3164
vn 0.9436 0.2494 0.2178
vn 0.9165 0.2888 0.2769
vn 0.8984 0.4379 -0.0330
vn 0.8653 0.5009 0.0191
vn 0.9343 0.3556 0.0244
vn 0.9418 0.3361 0.0100
vn 0.8902 -0.0158 0.4553
vn 0.9431 -0.1525 0.2955
vn 0.9667 -0.2544 0.0263
vn 0.9527 -0.3023 -0.0296
vn 0.9539 -0.1962 -0.2272
vn 0.9598 -0.1778 -0.2172
vn 0.9611 -0.2272 -0.1568
vn 0.9492 -0.2538 -0.1862
vn 0.9445 -0.1061 0.3109
vn 0.9072 -0.0477 0.4180
vn 0.8813 0.1572 0.4457
vn 0.8265 0.1786 0.5339
vn 0.8463 0.5220 0.1059
vn 0.8112 0.5687 0.1359
vn 0.9161 0.3448 0.2047
vn 0.9250 0.3232 0.1997
vn 0.9670 -0.0291 0.2533
vn 0.9367 0.0311 0.3487
vn 0.9447 0.1397 0.2968
vn 0.9250 0.1723 0.3386
vn 0.9145 0.3944 0.0905
vn 0.8800 0.4491 0.1548
vn 0.9492 0.2886 0.1256
vn 0.9571 0.2673 0.1122
vn 0.9234 -0.2040 0.3251
vn 0.9557 -0.2221 0.1931
vn 0.9805 -0.1966 -0.0028
vn 0.9749 -0.2104 -0.0722
vn 0.9709 -0.0302 -0.2376
vn 0.9797 -0.0095 -0.2004
vn 0.9695 -0.1149 -0.2166
vn 0.9702 -0.1230 -0.2089
vn 0.9729 -0.1926 0.1279
vn 0.9500 -0.2061 0.2346
vn 0.9524 -0.0934 0.2903
vn 0.9366 -0.0891 0.3388
vn 0.9139 0.2341 0.3315
vn 0.8810 0.2323 0.4120
vn 0.9534 0.1340 0.2702
vn 0.9610 0.1251 0.2465
vn 0.9973 -0.0664 0.0306
vn 0.9827 -0.1056 0.1522
vn 0.9819 0.0149 0.1888
vn 0.9681 -0.0030 0.2507
vn 0.9368 0.1831 0.2981
vn 0.9057 0.1635 0.3911
vn 0.9619 0.1723 0.2123
vn 0.9668 0.1788 0.1824
vn 0.9731 -0.2305 0.0017
vn 0.9602 -0.2591 0.1040
vn 0.9567 -0.1669 0.2383
vn 0.9446 -0.1611 0.2861
vn 0.9020 0.1497 0.4048
vn 0.8676 0.1342 0.4789
vn 0.9567 0.0710 0.2822
vn 0.9643 0.0633 0.2571
vn 0.9072 -0.2520 -0.3370
vn 0.9169 -0.2884 -0.2758
vn 0.9467 -0.1974 -0.2545
vn 0.9444 -0.2741 -0.1816
vn 0.9555 0.1575 -0.2493
vn 0.9509 0.1630 -0.2630
vn 0.9813 -0.0456 -0.1871
vn 0.9760 -0.0021 -0.2177
vn 0.9724 -0.2085 -0.1045
vn 0.9670 -0.2492 -0.0534
vn 0.9794 -0.1996 0.0293
vn 0.9713 -0.2248 0.0773
vn 0.9510 0.0330 0.3074
vn 0.9306 -0.0012 0.3662
vn 0.9813 -0.0494 0.1859
vn 0.9894 -0.0315 0.1420
vn 0.9867 -0.0485 0.1552
vn 0.9677 -0.1333 0.2140
vn 0.9455 -0.0661 0.3189
vn 0.9318 -0.1014 0.3486
vn 0.8409 0.1495 0.5201
vn 0.8181 0.0928 0.5676
vn 0.8911 0.1132 0.4394
vn 0.8983 0.1269 0.4207
vn 0.6632 0.1532 -0.7326
vn 0.7188 0.0597 -0.6926
vn 0.8148 0.0684 -0.5758
vn 0.8368 0.0301 -0.5467
vn 0.9265 0.0738 -0.3689
vn 0.9474 -0.0007 -0.3202
vn 0.8788 0.1557 -0.4510
vn 0.8668 0.1804 -0.4649
vn 0.9798 0.0345 -0.1972
vn 0.9838 -0.0980 -0.1502
vn 0.9972 -0.0729 -0.0162
vn 0.9853 -0.1704 0.0089
vn 0.9071 0.1473 0.3944
vn 0.8979 0.1048 0.4275
vn 0.9697 0.0818 0.2304
vn 0.9751 0.0953 0.2002
vn 0.9338 -0.0025 -0.3579
vn 0.9383 -0.1024 -0.3303
vn 0.9905 -0.0877 -0.1063
vn 0.9896 -0.1159 -0.0856
vn 0.8198 0.2548 0.5127
vn 0.8385 0.1598 0.5209
vn 0.9490 0.1555 0.2743
vn 0.9306 0.2073 0.3017
vn 0.9759 0.0566 -0.2108
vn 0.9733 -0.0748 -0.2169
vn 0.9938 -0.0553 -0.0967
vn 0.9878 -0.1221 -0.0971
vn 0.9788 -0.0036 0.2045
vn 0.9725 -0.0886 0.2153
vn 0.9941 0.0110 0.1075
vn 0.9939 0.0366 0.1037
vn 0.9378 0.1787 -0.2978
vn 0.9400 0.0506 -0.3373
vn 0.9753 0.0392 -0.2172
vn 0.9719 -0.0270 -0.2337
vn 0.9959 0.0111 0.0900
vn 0.9941 -0.0735 0.0797
vn 0.9987 0.0512 -0.0015
vn 0.9970 0.0772 0.0016
vn 0.9207 0.0901 -0.3797
vn 0.9108 -0.0113 -0.4127
vn 0.9778 -0.0395 -0.2059
vn 0.9734 -0.0767 -0.2157
vn 0.8656 0.0341 0.4996
vn 0.8871 -0.0480 0.4591
vn 0.9755 0.0127 0.2196
vn 0.9595 0.0464 0.2777
vn 0.9626 0.1275 -0.2390
vn 0.9460 0.0239 -0.3233
vn 0.9763 -0.0298 -0.2141
vn 0.9637 -0.0843 -0.2534
vn 0.9847 -0.1633 0.0614
vn 0.9715 -0.2358 0.0224
vn 0.9952 -0.0974 -0.0096
vn 0.9972 -0.0752 0.0017
vn 0.8669 0.3280 -0.3755
vn 0.8630 0.2395 -0.4449
vn 0.9129 0.1270 -0.3880
vn 0.9132 0.0836 -0.3989
vn 0.9873 -0.0836 -0.1351
vn 0.9714 -0.1541 -0.1809
vn 0.9822 0.0228 -0.1863
vn 0.9823 0.0482 -0.1810
vn 0.8288 0.5439 -0.1309
vn 0.8551 0.4583 -0.2425
vn 0.9232 0.3212 -0.2108
vn 0.9166 0.2580 -0.3055
vn 0.9900 0.1025 0.0974
vn 0.9960 0.0482 0.0756
vn 0.9754 0.2205 0.0066
vn 0.9705 0.2408 0.0075
vn 0.7373 0.3839 -0.5559
vn 0.7592 0.5217 -0.3892
vn 0.8149 0.5776 0.0476
vn 0.7842 0.5998 0.1589
vn 0.8015 0.4084 0.4368
vn 0.7758 0.4167 0.4738
vn 0.8334 0.4317 0.3451
vn 0.8368 0.4318 0.3366
vn 0.8239 0.4895 -0.2855
vn 0.8084 0.4426 -0.3881
vn 0.9155 0.2453 -0.3190
vn 0.9121 0.2193 -0.3465
vn 0.9436 -0.2860 0.1671
vn 0.9472 -0.3095 0.0841
vn 0.9973 -0.0735 -0.0021
vn 0.9947 -0.0900 0.0499
vn 0.9005 0.4219 -0.1048
vn 0.8742 0.4179 -0.2472
vn 0.9291 0.3019 -0.2134
vn 0.9121 0.2952 -0.2846
vn 0.9912 0.0009 -0.1322
vn 0.9765 -0.0204 -0.2146
vn 0.9868 0.1002 -0.1268
vn 0.9887 0.1076 -0.1045
vn 0.7948 0.5951 -0.1188
vn 0.7638 0.6003 -0.2371
vn 0.8198 0.4905 -0.2955
vn 0.8091 0.4781 -0.3417
vn 0.9311 0.1624 -0.3266
vn 0.8978 0.1544 -0.4124
vn 0.9230 0.2712 -0.2729
vn 0.9272 0.2808 -0.2480
vn 0.8563 0.5052 0.1070
vn 0.8343 0.5505 -0.0299
vn 0.9003 0.4340 -0.0343
vn 0.8853 0.4527 -0.1063
vn 0.9903 0.1241 -0.0624
vn 0.9800 0.1320 -0.1490
vn 0.9756 0.2183 -0.0235
vn 0.9762 0.2170 0.0018
vn 0.6229 0.7813 -0.0385
vn 0.6853 0.7143 0.1423
vn 0.7843 0.4655 0.4101
vn 0.7530 0.3667 0.5463
vn 0.5903 0.2313 0.7733
vn 0.5624 0.2092 0.7999
vn 0.6476 0.1331 0.7503
vn 0.7083 0.2094 0.6742
vn -0.2652 -0.9296 -0.2559
vn 0.0234 0.9072 -0.4200
vn 0.2516 0.8139 0.5237
vn 0.2208 0.8250 0.5203
vn 0.1971 0.9794 -0.0445
vn 0.2595 0.9331 0.2490
vn 0.2129 0.9755 0.0552
vn -0.0880 0.9917 0.0940
vn 0.5406 0.8275 0.1518
vn 0.4966 0.8660 0.0587
vn -0.6829 0.7157 0.1466
vn -0.2206 -0.9741 -0.0496
vn 0.1070 -0.9886 -0.1055
vn -0.5063 -0.8611 -0.0465
vn 0.2457 -0.9629 -0.1120
vn -0.8267 -0.5626 -0.0037
vn -0.4059 0.1714 -0.8977
vn -0.0397 0.1753 -0.9837
vn -0.6501 0.7577 0.0579
vn -0.0617 0.1892 -0.9800
vn -0.0354 0.1713 -0.9846
vn -0.1797 0.2261 -0.9574
vn -0.1381 -0.0045 0.9904
vn 0.0857 0.0367 0.9956
vn 0.0550 0.0158 0.9984
vn 0.0980 -0.0274 0.9948
vn -0.0695 -0.0841 0.9940
vn -0.7366 -0.5259 0.4252
vn -0.8507 -0.4460 -0.2782
vn -0.8410 -0.2464 -0.4817
vn -0.7183 -0.3379 0.6082
vn -0.1380 0.9892 0.0487
vn -0.3437 0.9198 -0.1895
vn -0.0793 0.8007 0.5937
vn 0.0042 0.9599 0.2804
vn -0.6389 0.6696 -0.3787
vn 0.1345 -0.9883 -0.0725
vn 0.3213 -0.9236 0.2091
vn -0.0336 -0.9502 -0.3098
vn 0.4395 -0.8356 0.3296
vn -0.2723 -0.7535 -0.5985
vn 0.6641 0.2268 -0.7124
vn 0.7775 0.2430 -0.5800
vn -0.4165 0.7684 -0.4859
vn 0.7495 0.2731 -0.6030
vn 0.7663 0.2492 -0.5922
vn 0.7218 0.3412 -0.6022
vn -0.8330 -0.1694 0.5266
vn -0.8011 -0.0367 0.5974
vn -0.8301 -0.0544 0.5550
vn -0.8072 -0.0860 0.5840
vn -0.8613 -0.0948 0.4991
vn -0.6305 -0.7514 -0.1945
vn 0.0353 -0.6111 -0.7908
vn 0.1124 -0.3805 -0.9179
vn -0.8666 -0.4868 -0.1100
vn 0.8156 0.5733 -0.0787
vn 0.8255 0.5403 -0.1632
vn 0.8917 0.4134 -0.1843
vn 0.9008 0.3818 -0.2067
vn 0.9924 0.0977 -0.0745
vn 0.9870 0.0674 -0.1460
vn 0.9775 0.2049 -0.0503
vn 0.9688 0.2420 -0.0530
vn -0.6428 0.7569 0.1183
vn -0.4905 0.8364 -0.2444
vn -0.7369 0.4296 0.5220
vn -0.3231 0.7930 -0.5164
vn -0.6088 0.7260 0.3198
vn -0.3387 0.8908 -0.3029
vn -0.4417 0.8970 0.0145
vn -0.5709 0.8170 -0.0805
vn -0.5946 0.7987 -0.0919
vn -0.3348 0.9409 -0.0518
vn 0.1011 0.9485 0.3001
vn -0.0181 -0.9766 -0.2142
vn -0.1482 -0.9336 -0.3262
vn 0.3660 0.3306 -0.8699
vn -0.4000 0.8933 0.2050
vn -0.3683 -0.1741 0.9133
vn 0.1159 0.8700 0.4792
vn -0.4739 -0.7834 -0.4021
vn 0.0843 0.5841 -0.8073
vn 0.2711 0.3189 -0.9082
vn -0.4721 -0.1108 0.8745
vn -0.4049 -0.2572 0.8775
vn -0.6770 -0.7254 0.1244
vn -0.2694 -0.4448 -0.8542
vn -0.3528 -0.1979 -0.9145
vn -0.7316 -0.6690 0.1310
vn -0.7144 0.0838 -0.6947
vn 0.7129 -0.0837 0.6962
vn 0.7013 0.0504 -0.7111
vn -0.6957 -0.0507 0.7165
vn 0.0119 -0.0947 0.9954
vn -0.9996 0.0234 0.0150
vn 0.9997 -0.0239 -0.0085
vn -0.0120 0.0951 -0.9954
vn -0.7035 -0.0496 0.7090
vn -0.7050 -0.0618 -0.7065
vn 0.7045 0.0716 0.7061
vn 0.7089 0.0604 -0.7027
vn 0.0012 0.0132 0.9999
vn -0.9967 -0.0809 0.0023
vn 0.9959 0.0909 0.0025
vn 0.0034 -0.0034 -1.0000
vn 0.8967 -0.1373 -0.4209
vn 0.5560 0.6456 -0.5235
vn 0.9072 -0.0108 0.4206
vn 0.5535 0.7556 0.3504
vn 0.8388 0.1821 0.5131
vn 0.7568 0.3720 0.5374
vn 0.6685 0.5682 0.4798
vn 0.5109 0.8475 0.1441
vn 0.4773 0.8766 -0.0610
vn 0.5026 0.8120 -0.2966
vn 0.9548 -0.2270 -0.1922
vn 0.9413 -0.3372 0.0148
vn 0.9368 -0.2325 0.2616
vn 0.6238 0.4306 -0.6522
vn 0.7008 0.2042 -0.6835
vn 0.8255 0.0199 -0.5641
vn 0.8493 0.4917 -0.1920
vn 0.8532 0.5118 0.1005
vn 0.9666 0.1738 -0.1882
vn 0.9517 0.2262 0.2077
vn 0.9289 0.3007 0.2160
vn 0.8985 0.3646 0.2447
vn 0.8862 0.4263 0.1813
vn 0.8245 0.5646 0.0368
vn 0.8123 0.5821 -0.0365
vn 0.8409 0.5250 -0.1314
vn 0.9850 0.1280 -0.1159
vn 0.9942 0.1041 -0.0274
vn 0.9779 0.1692 0.1230
vn 0.8601 0.4409 -0.2565
vn 0.9097 0.3048 -0.2820
vn 0.9476 0.2051 -0.2451
vn 0.9779 0.1221 0.1697
vn 0.9968 0.0796 -0.0095
vn 0.9918 0.0362 -0.1223
vn 0.9640 0.0901 -0.2500
vn 0.9425 0.2051 0.2637
vn 0.9403 0.1649 -0.2977
vn 0.8789 0.2961 -0.3739
vn 0.8286 0.4769 -0.2932
vn 0.8119 0.5391 -0.2240
vn 0.8583 0.4588 0.2297
vn 0.8900 0.3795 0.2528
vn 0.9078 0.3006 0.2926
vn 0.8169 0.5519 0.1677
vn 0.7916 0.5891 -0.1623
vn 0.7684 0.6394 -0.0267
vn 0.7838 0.6129 0.1001
vn 0.6600 0.7288 -0.1824
vn 0.7154 0.6679 0.2055
vn 0.7307 0.5445 -0.4119
vn 0.8478 0.2985 0.4384
vn 0.9634 -0.0028 0.2679
vn 0.8424 0.2291 -0.4878
vn 0.9326 -0.0379 -0.3589
vn 0.9884 -0.1454 -0.0447
vn 0.9676 0.1327 -0.2149
vn 0.9573 0.2270 0.1789
vn 0.9383 0.2965 0.1782
vn 0.9150 0.3582 0.1857
vn 0.8906 0.4221 0.1691
vn 0.8586 0.5126 0.0067
vn 0.8476 0.5292 -0.0397
vn 0.8576 0.5011 -0.1159
vn 0.9886 0.0975 -0.1149
vn 0.9976 0.0620 -0.0313
vn 0.9863 0.1227 0.1102
vn 0.8797 0.4013 -0.2552
vn 0.9009 0.2962 -0.3174
vn 0.9450 0.2127 -0.2486
vn 0.8647 0.4647 -0.1908
vn 0.8625 0.4973 0.0934
vt 0.765349 0.849446
vt 0.864977 0.873578
vt 0.765349 0.873578
vt 0.864977 0.849446
vt 0.923467 0.873578
vt 0.923467 0.892884
vt 0.864977 0.892884
vt 0.765349 0.892884
vt 0.864977 0.912402
vt 0.765349 0.912402
vt 0.923467 0.912402
vt 0.923467 0.931852
vt 0.864977 0.931852
vt 0.765349 0.931852
vt 0.765349 0.970519
vt 0.864977 0.990075
vt 0.765349 0.990075
vt 0.864977 0.970519
vt 0.923467 0.990075
vt 0.864977 0.829958
vt 0.923467 0.849446
vt 0.765349 0.829958
vt 0.864977 0.951220
vt 0.765349 0.951220
vt 0.923467 0.951220
vt 0.923467 0.970519
vt 0.226357 0.679691
vt 0.369744 0.703043
vt 0.226357 0.703043
vt 0.369744 0.679691
vt 0.586269 0.703043
vt 0.586269 0.721726
vt 0.369744 0.721726
vt 0.226357 0.721726
vt 0.008700 0.759435
vt 0.112017 0.778177
vt 0.008700 0.778177
vt 0.112017 0.759435
vt 0.226357 0.778177
vt 0.226357 0.796853
vt 0.112017 0.796853
vt 0.008701 0.796853
vt 0.112017 0.815777
vt 0.008700 0.815777
vt 0.226357 0.815777
vt 0.112017 0.660832
vt 0.112017 0.679690
vt 0.008700 0.660832
vt 0.008700 0.679691
vt 0.008700 0.721726
vt 0.112017 0.740613
vt 0.008700 0.740613
vt 0.112017 0.721726
vt 0.226357 0.740613
vt 0.226357 0.759435
vt 0.494401 0.931852
vt 0.640910 0.951220
vt 0.494401 0.951220
vt 0.640910 0.931852
vt 0.640910 0.970519
vt 0.494401 0.970519
vt 0.640910 0.990075
vt 0.494401 0.990075
vt 0.640910 0.829958
vt 0.640910 0.849446
vt 0.494401 0.829958
vt 0.494401 0.849446
vt 0.494401 0.892884
vt 0.640910 0.912402
vt 0.494401 0.912402
vt 0.640910 0.892884
vt 0.640910 0.873578
vt 0.494401 0.873578
vt 0.606330 0.796302
vt 0.660433 0.783807
vt 0.660433 0.796302
vt 0.606330 0.783807
vt 0.660433 0.771267
vt 0.702786 0.771267
vt 0.702786 0.783807
vt 0.702786 0.796302
vt 0.606330 0.746038
vt 0.660433 0.733538
vt 0.660433 0.746038
vt 0.606330 0.733538
vt 0.660433 0.717914
vt 0.702786 0.717914
vt 0.702786 0.733538
vt 0.702786 0.746038
vt 0.606330 0.771267
vt 0.660433 0.758674
vt 0.606330 0.758674
vt 0.702786 0.758674
vt 0.606330 0.717914
vt 0.660433 0.705297
vt 0.606330 0.808962
vt 0.660433 0.808962
vt 0.702786 0.808962
vt 0.702786 0.705297
vt 0.735538 0.758674
vt 0.735538 0.771267
vt 0.735538 0.746038
vt 0.789932 0.771267
vt 0.789932 0.783807
vt 0.735538 0.783807
vt 0.735538 0.733538
vt 0.735538 0.717914
vt 0.789932 0.746038
vt 0.735538 0.796302
vt 0.789932 0.808962
vt 0.735538 0.808962
vt 0.789932 0.796302
vt 0.735538 0.705297
vt 0.789932 0.717914
vt 0.789932 0.758674
vt 0.823259 0.771267
vt 0.823259 0.783807
vt 0.823259 0.796302
vt 0.823259 0.808962
vt 0.823259 0.705297
vt 0.823259 0.717914
vt 0.823259 0.746038
vt 0.823259 0.758674
vt 0.789932 0.733538
vt 0.823259 0.733538
vt 0.369744 0.778177
vt 0.369744 0.759435
vt 0.586269 0.778177
vt 0.586269 0.796853
vt 0.369744 0.796853
vt 0.369744 0.815777
vt 0.586269 0.815777
vt 0.369744 0.660832
vt 0.586269 0.679691
vt 0.226357 0.660832
vt 0.369744 0.740613
vt 0.586269 0.740613
vt 0.586269 0.759435
vt 0.112017 0.703043
vt 0.008700 0.703043
vt 0.314793 0.873578
vt 0.314793 0.892884
vt 0.314793 0.912402
vt 0.314793 0.931852
vt 0.314793 0.970519
vt 0.135445 0.990075
vt 0.135445 0.970519
vt 0.314793 0.829958
vt 0.314793 0.849446
vt 0.135445 0.951220
vt 0.135445 0.931852
vt 0.314793 0.951220
vt -0.185212 0.951220
vt -0.185213 0.970519
vt -0.185212 0.990075
vt -0.185212 0.829958
vt 0.135445 0.849446
vt -0.185212 0.849446
vt -0.185212 0.892884
vt 0.135445 0.912402
vt -0.185213 0.912402
vt -0.185213 0.931852
vt -0.185213 0.873578
vt 0.135445 0.892884
vt -0.420077 0.873578
vt -0.420077 0.892884
vt -0.420077 0.912401
vt -0.420077 0.931852
vt -0.420077 0.970519
vt -0.773493 0.990075
vt -0.773493 0.970519
vt -0.420077 0.829958
vt -0.420077 0.849446
vt -0.773493 0.951220
vt -0.773493 0.931852
vt -0.420077 0.951220
vt -0.773493 0.873578
vt -0.773493 0.849446
vt 0.135445 0.873578
vt 0.809831 0.387419
vt 0.796699 0.377836
vt 0.821457 0.363050
vt 0.842737 0.347208
vt 0.836007 0.339370
vt 0.858443 0.326954
vt 0.788757 0.364708
vt 0.787387 0.349638
vt 0.815151 0.354707
vt 0.817070 0.343959
vt 0.802045 0.322413
vt 0.825526 0.338027
vt 0.830437 0.313644
vt 0.825360 0.392213
vt 0.868516 0.354206
vt 0.864045 0.369423
vt 0.841276 0.358005
vt 0.840985 0.390528
vt 0.832629 0.364448
vt 0.854287 0.382447
vt 0.866414 0.339576
vt 0.792247 0.334678
vt 0.770925 0.399463
vt 0.845143 0.318380
vt 0.856329 0.295642
vt 0.900185 0.292354
vt 0.878579 0.310529
vt 0.868286 0.270161
vt 0.909291 0.284469
vt 0.830207 0.260297
vt 0.873527 0.259132
vt 0.830197 0.287966
vt 0.803361 0.290403
vt 0.756659 0.282476
vt 0.790867 0.264124
vt 0.830657 0.248242
vt 0.931284 0.320643
vt 0.920061 0.324291
vt 0.763244 0.324509
vt 0.780421 0.303504
vt 0.731943 0.313253
vt 0.747574 0.273407
vt 0.720039 0.351123
vt 0.720080 0.308264
vt 0.754723 0.350305
vt 0.847258 0.421479
vt 0.886783 0.433376
vt 0.853871 0.454537
vt 0.723712 0.389376
vt 0.706911 0.350927
vt 0.786258 0.252873
vt 0.887499 0.384503
vt 0.870193 0.407009
vt 0.912331 0.401569
vt 0.894242 0.443598
vt 0.923226 0.362542
vt 0.923127 0.407362
vt 0.895529 0.358179
vt 0.757103 0.376538
vt 0.743764 0.424018
vt 0.857116 0.467127
vt 0.892463 0.332258
vt 0.793641 0.416329
vt 0.776521 0.448503
vt 0.733852 0.433355
vt 0.815733 0.459397
vt 0.770555 0.460672
vt 0.820591 0.424614
vt 0.739807 0.264466
vt 0.711378 0.394048
vt 0.665013 0.044137
vt 0.618828 0.016834
vt 0.668650 0.038957
vt 0.697981 0.076300
vt 0.703268 0.072091
vt 0.567244 0.025488
vt 0.518691 0.034095
vt 0.566220 0.017854
vt 0.469272 0.118546
vt 0.456835 0.170288
vt 0.461574 0.116792
vt 0.490024 0.073643
vt 0.484376 0.068657
vt 0.522879 0.040451
vt 0.464598 0.169509
vt 0.472780 0.223659
vt 0.717328 0.171948
vt 0.725328 0.117857
vt 0.724388 0.173122
vt 0.695528 0.220781
vt 0.701633 0.226329
vt 0.662125 0.259869
vt 0.665022 0.264554
vt 0.718238 0.119066
vt 0.563129 0.277478
vt 0.617270 0.287231
vt 0.562089 0.285672
vt 0.515492 0.257116
vt 0.509831 0.263490
vt 0.480050 0.218993
vt 0.616105 0.278960
vt 0.616235 0.124914
vt 0.618486 0.144410
vt 0.588974 0.136753
vt 0.602597 0.164682
vt 0.582127 0.166961
vt 0.566536 0.156256
vt 0.569233 0.112933
vt 0.596778 0.108081
vt 0.559376 0.134768
vt 0.709970 0.303115
vt 0.700441 0.397541
vt 0.782667 0.241824
vt 0.917991 0.276552
vt 0.878402 0.249021
vt 0.831501 0.236546
vt 0.941748 0.316894
vt 0.724849 0.441198
vt 0.814427 0.472544
vt 0.765583 0.470787
vt 0.860681 0.477708
vt 0.902148 0.452860
vt 0.934817 0.363310
vt 0.933011 0.412069
vt 0.946559 0.363843
vt 0.814843 0.315108
vt 0.555808 0.167299
vt 0.535546 0.184509
vt 0.522163 0.160130
vt 0.617852 0.024282
vt 0.689668 0.649673
vt 0.650010 0.652796
vt 0.652777 0.645293
vt 0.733184 0.676463
vt 0.778940 0.670060
vt 0.778851 0.677383
vt 0.689636 0.676534
vt 0.733676 0.669558
vt 0.650030 0.673633
vt 0.688645 0.663130
vt 0.689081 0.669710
vt 0.733993 0.663070
vt 0.778771 0.663187
vt 0.652752 0.681173
vt 0.733602 0.656569
vt 0.778946 0.656317
vt 0.839000 0.655366
vt 0.839077 0.671212
vt 0.689055 0.656537
vt 0.407750 0.269861
vt 0.320058 0.363836
vt 0.303313 0.273194
vt 0.012484 0.134597
vt 0.054703 0.024840
vt 0.154831 0.022049
vt 0.232104 0.128617
vt 0.297443 0.013900
vt 0.336997 0.113225
vt 0.126383 0.121596
vt 0.227067 0.023923
vt 0.444258 0.107610
vt 0.397224 0.008750
vt 0.168823 0.278609
vt 0.247178 0.275049
vt 0.425025 0.193087
vt 0.246402 0.442769
vt 0.154632 0.361932
vt 0.733217 0.649667
vt 0.778874 0.649028
vt 0.838656 0.646923
vt 0.838638 0.679601
vt 0.619775 0.651511
vt 0.626446 0.639450
vt 0.624593 0.671055
vt 0.636780 0.663386
vt 0.607510 0.638965
vt 0.628794 0.686332
vt 0.627579 0.680092
vt 0.606041 0.673781
vt 0.605713 0.685232
vt 0.067924 0.285554
vt 0.239950 0.204841
vt 0.042093 0.215219
vt 0.321222 0.362589
vt 0.422355 0.204955
vt 0.182164 0.278003
vt 0.042839 0.217249
vt 0.148013 0.356101
vt 0.731862 0.677360
vt 0.732222 0.670211
vt 0.732430 0.663026
vt 0.732165 0.656002
vt 0.731887 0.648805
vt 0.651236 0.652663
vt 0.651418 0.644563
vt 0.782243 0.670352
vt 0.782033 0.677823
vt 0.649853 0.663374
vt 0.781967 0.663162
vt 0.651358 0.681261
vt 0.782176 0.656052
vt 0.782023 0.648635
vt 0.648352 0.673475
vt 0.723207 0.670075
vt 0.723556 0.677030
vt 0.723431 0.649004
vt 0.723434 0.663305
vt 0.723138 0.655989
vt 0.734096 0.674090
vt 0.807278 0.666579
vt 0.807569 0.670264
vt 0.732217 0.668151
vt 0.730790 0.662495
vt 0.807290 0.658901
vt 0.080894 0.313059
vt 0.131017 0.425010
vt 0.087866 0.430978
vt 0.086187 0.591863
vt 0.160998 0.533166
vt 0.158903 0.608267
vt 0.086859 0.512324
vt 0.037311 0.423214
vt 0.676586 0.677125
vt 0.674435 0.671700
vt 0.806513 0.651709
vt 0.731807 0.656821
vt 0.732816 0.651072
vt 0.003574 0.520667
vt 0.076195 0.591449
vt 0.017107 0.600994
vt 0.675418 0.651700
vt 0.626026 0.658999
vt 0.636459 0.640099
vt 0.630813 0.663697
vt 0.647194 0.662495
vt 0.617779 0.639581
vt 0.645272 0.682048
vt 0.638677 0.674052
vt 0.618093 0.673366
vt 0.626762 0.683889
vt 0.673367 0.658312
vt 0.086859 0.512324
vt 0.086859 0.512324
vt 0.470298 0.367777
vt 0.383042 0.317150
vt 0.480914 0.322086
vt 0.480547 0.373871
vt 0.511584 0.476487
vt 0.488942 0.476487
vt 0.560535 0.373770
vt 0.480736 0.321448
vt 0.561764 0.320883
vt 0.653981 0.316069
vt 0.575069 0.354893
vt 0.570062 0.313459
vt 0.575219 0.356134
vt 0.618786 0.454856
vt 0.596144 0.454856
vt 0.479461 0.322674
vt 0.386961 0.365722
vt 0.384001 0.318280
vt 0.388181 0.359674
vt 0.437765 0.453575
vt 0.414741 0.453575
vt 0.579141 0.367577
vt 0.440292 0.446146
vt 0.417650 0.446146
vt 0.387654 0.367292
vt 0.437853 0.452073
vt 0.415212 0.452073
vt 0.650156 0.369017
vt 0.651092 0.372202
vt 0.386960 0.364125
vt 0.472158 0.367229
vt 0.384073 0.318273
vt 0.480286 0.322149
vt 0.479761 0.364273
vt 0.649064 0.376530
vt 0.572965 0.315350
vt 0.652801 0.315350
vt 0.577111 0.364207
vt 0.389140 0.367711
vt 0.599311 0.454552
vt 0.574241 0.376530
vt 0.559797 0.382885
vt 0.489355 0.476348
vt 0.480829 0.382870
vt 0.564458 0.344101
vt 0.480209 0.344100
vt 0.564113 0.316675
vt 0.480514 0.316675
vt 0.650274 0.366742
vt 0.597020 0.455072
vt 0.573428 0.366904
vt 0.653093 0.314436
vt 0.569495 0.314436
vt 0.652697 0.321791
vt 0.560146 0.381900
vt 0.489570 0.475860
vt 0.481255 0.381885
vt 0.564283 0.330213
vt 0.480364 0.330213
vt 0.379122 0.532159
vt 0.440659 0.489478
vt 0.380858 0.493816
vt 0.474939 0.529755
vt 0.528868 0.509769
vt 0.475126 0.496283
vt 0.440421 0.530629
vt 0.192605 0.584742
vt 0.249815 0.550573
vt 0.194019 0.553508
vt 0.286810 0.585564
vt 0.346579 0.565640
vt 0.286969 0.557144
vt 0.249608 0.586204
vt 0.377818 0.577921
vt 0.435272 0.547413
vt 0.379232 0.546687
vt 0.473488 0.588753
vt 0.534234 0.572246
vt 0.473647 0.560332
vt 0.435065 0.583045
vt 0.292486 0.584994
vt 0.292799 0.557948
vt 0.193665 0.529215
vt 0.255446 0.490196
vt 0.195400 0.490871
vt 0.293951 0.528289
vt 0.351467 0.503650
vt 0.294197 0.496026
vt 0.255207 0.531347
vt 0.191653 0.589388
vt 0.253190 0.546707
vt 0.193389 0.551044
vt 0.287470 0.586984
vt 0.346049 0.563897
vt 0.287657 0.553512
vt 0.252951 0.587858
vt 0.289481 0.528520
vt 0.289669 0.495048
vt 0.433980 0.489482
vt 0.433775 0.530694
vt 0.194079 0.582418
vt 0.255485 0.546541
vt 0.195552 0.549870
vt 0.288788 0.587794
vt 0.343693 0.563902
vt 0.288975 0.554323
vt 0.255246 0.587692
vt 0.195901 0.530628
vt 0.250612 0.487145
vt 0.197636 0.492285
vt 0.291702 0.530885
vt 0.354436 0.500425
vt 0.291920 0.492091
vt 0.250353 0.531854
vt 0.077522 0.592303
vt -0.773493 0.829957
vt -0.420077 0.990075
vt -0.773493 0.912401
vt -0.773493 0.892884
vt 0.135445 0.829958
vt 0.314793 0.990075
vt 0.614532 0.041113
vt 0.611359 0.253500
vt 0.499228 0.207613
vt 0.529232 0.238219
vt 0.568456 0.252294
vt 0.697292 0.124273
vt 0.648664 0.238147
vt 0.676540 0.207767
vt 0.695491 0.167898
vt 0.483916 0.166357
vt 0.531967 0.054700
vt 0.503759 0.083944
vt 0.487369 0.122859
vt 0.570738 0.042366
vt 0.681207 0.087960
vt 0.654232 0.059384
vt 0.632757 0.088249
vt 0.609676 0.063243
vt 0.639744 0.078788
vt 0.648872 0.108920
vt 0.659239 0.102129
vt 0.577398 0.075279
vt 0.544379 0.073492
vt 0.575242 0.064535
vt 0.523459 0.131364
vt 0.509785 0.161861
vt 0.511855 0.128328
vt 0.531423 0.103440
vt 0.522480 0.097066
vt 0.550286 0.082522
vt 0.523600 0.191913
vt 0.653535 0.158681
vt 0.670090 0.130046
vt 0.667484 0.161885
vt 0.640482 0.181707
vt 0.652475 0.190476
vt 0.623491 0.198584
vt 0.631754 0.211010
vt 0.656835 0.133237
vt 0.578219 0.204549
vt 0.605265 0.221740
vt 0.574954 0.220231
vt 0.554809 0.201145
vt 0.546407 0.213210
vt 0.602299 0.206982
vt 0.607360 0.073969
vt 0.545057 0.134457
vt 0.560899 0.100610
vt 0.611354 0.179036
vt 0.633588 0.150308
vt 0.601265 0.093490
vt 0.630190 0.118205
vt 0.578859 0.182923
vt 0.239578 0.023844
vt 0.085789 0.592085
vt 0.923467 0.829958
vt 0.606330 0.705297
vt 0.789932 0.705297
vt 0.586269 0.660832
vt 0.695038 0.349919
vt 0.813727 0.484636
vt 0.652648 0.361059
vt 0.652487 0.361926
vt 0.470863 0.364745
vt 0.473890 0.359827
vt 0.470928 0.363148
vt 0.561595 0.364087
vt 0.622336 0.454552
vt 0.511996 0.476348
vt 0.619661 0.455072
vt 0.512392 0.475860
vt 0.528765 0.528242
vt 0.346486 0.582205
vt 0.534141 0.588812
vt 0.351364 0.522124
vt 0.345946 0.582371
vt 0.343590 0.582375
vt 0.354332 0.518899
s 1
f 15/1/15 109/2/109 65/3/65
f 60/4/60 45/5/45 109/2/109
f 109/2/109 7/6/7 44/7/44
f 65/3/65 44/7/44 13/8/13
f 13/8/13 110/9/110 64/10/64
f 44/7/44 48/11/48 110/9/110
f 110/9/110 5/12/5 61/13/61
f 64/10/64 61/13/61 16/14/16
f 14/15/14 111/16/111 63/17/63
f 59/18/59 46/19/46 111/16/111
f 111/20/111 3/21/3 60/4/60
f 63/22/63 60/4/60 15/1/15
f 16/14/16 112/23/112 62/24/62
f 61/13/61 49/25/49 112/23/112
f 112/23/112 1/26/1 59/18/59
f 62/24/62 59/18/59 14/15/14
f 11/27/11 113/28/113 57/29/57
f 52/30/52 93/31/93 113/28/113
f 113/28/113 25/32/25 43/33/43
f 57/29/57 43/33/43 10/34/10
f 6/35/6 114/36/114 42/37/42
f 88/38/88 54/39/54 114/36/114
f 114/36/114 9/40/9 86/41/86
f 42/37/42 86/41/86 2/42/2
f 2/42/2 115/43/115 50/44/50
f 86/41/86 55/45/55 115/43/115
f 115/46/115 11/27/11 87/47/87
f 50/48/50 87/47/87 4/49/4
f 8/50/8 116/51/116 41/52/41
f 89/53/89 56/54/56 116/51/116
f 116/51/116 12/55/12 88/38/88
f 41/52/41 88/38/88 6/35/6
f 29/56/29 117/57/117 100/58/100
f 94/59/94 62/24/62 117/57/117
f 117/57/117 14/15/14 96/60/96
f 100/58/100 96/60/96 31/61/31
f 31/61/31 118/62/118 99/63/99
f 96/60/96 63/17/63 118/62/118
f 118/64/118 15/1/15 95/65/95
f 99/66/99 95/65/95 30/67/30
f 32/68/32 119/69/119 98/70/98
f 58/71/58 64/10/64 119/69/119
f 119/69/119 16/14/16 94/59/94
f 98/70/98 94/59/94 29/56/29
f 30/67/30 120/72/120 97/73/97
f 95/65/95 65/3/65 120/72/120
f 120/72/120 13/8/13 58/71/58
f 97/73/97 58/71/58 32/68/32
f 1/74/1 121/75/121 70/76/70
f 49/77/49 71/78/71 121/75/121
f 121/75/121 19/79/19 69/80/69
f 70/76/70 69/80/69 17/81/17
f 7/82/7 122/83/122 72/84/72
f 45/85/45 73/86/73 122/83/122
f 122/83/122 18/87/18 66/88/66
f 72/84/72 66/88/66 20/89/20
f 5/90/5 123/91/123 71/78/71
f 48/92/48 72/84/72 123/91/123
f 123/91/123 20/89/20 68/93/68
f 71/78/71 68/93/68 19/79/19
f 3/94/3 124/95/124 73/86/73
f 46/96/46 70/76/70 124/97/124
f 124/97/124 17/81/17 67/98/67
f 73/86/73 67/99/67 18/87/18
f 19/79/19 125/100/125 74/101/74
f 68/93/68 75/102/75 125/100/125
f 125/100/125 83/103/83 74/101/74
f 74/101/74 129/104/129 127/105/127
f 20/89/20 126/106/126 75/102/75
f 66/88/66 76/107/76 126/106/126
f 126/106/126 85/108/85 75/102/75
f 77/109/77 130/110/130 128/111/128
f 17/81/17 127/105/127 77/109/77
f 69/80/69 74/101/74 127/105/127
f 127/105/127 82/112/82 77/109/77
f 18/87/18 128/113/128 76/107/76
f 67/98/67 77/109/77 128/111/128
f 128/113/128 84/114/84 76/107/76
f 75/102/75 131/115/131 125/100/125
f 129/104/129 24/116/24 81/117/81
f 82/112/82 81/117/81 23/118/23
f 130/110/130 23/118/23 79/119/79
f 84/114/84 79/120/79 21/121/21
f 131/115/131 22/122/22 80/123/80
f 83/103/83 80/123/80 24/116/24
f 132/124/132 21/121/21 78/125/78
f 85/108/85 78/125/78 22/122/22
f 12/55/12 133/126/133 54/39/54
f 53/127/53 90/128/90 133/126/133
f 133/126/133 28/129/28 51/130/51
f 54/39/54 51/130/51 9/40/9
f 9/40/9 134/131/134 55/45/55
f 51/130/51 91/132/91 134/131/134
f 134/133/134 27/134/27 52/30/52
f 55/135/55 52/30/52 11/27/11
f 10/34/10 135/136/135 56/54/56
f 43/33/43 92/137/92 135/136/135
f 135/136/135 26/138/26 53/127/53
f 56/54/56 53/127/53 12/55/12
f 4/49/4 136/139/136 47/140/47
f 87/47/87 57/29/57 136/139/136
f 136/139/136 10/34/10 89/53/89
f 47/140/47 89/53/89 8/50/8
f 1780/141/1777 32/68/32 1776/142/1773
f 1776/142/1773 98/70/98 1781/143/1778
f 1781/143/1778 29/56/29 1777/144/1774
f 1779/145/1776 102/146/102 35/147/35
f 1782/148/1779 30/67/30 1778/149/1775
f 1777/144/1774 101/150/101 33/151/33
f 1783/152/1780 31/61/31 1779/145/1776
f 108/153/108 35/147/35 39/154/39
f 35/147/35 107/155/107 39/154/39
f 107/156/107 34/157/34 38/158/38
f 40/159/40 103/160/103 106/161/106
f 106/161/106 33/151/33 37/162/37
f 34/157/34 105/163/105 38/158/38
f 105/163/105 36/164/36 40/159/40
f 1772/165/1769 40/159/40 1771/166/1768
f 1771/166/1768 106/161/106 1773/167/1770
f 1773/167/1770 37/162/37 1768/168/1765
f 1770/169/1767 91/170/91 28/171/28
f 1774/172/1771 38/158/38 1769/173/1766
f 1768/168/1765 90/174/90 26/175/26
f 1775/176/1772 39/154/39 1770/169/1767
f 33/151/33 108/153/108 37/162/37
f 1769/173/1766 93/177/93 27/178/27
f 1778/149/1775 104/179/104 34/157/34
f 171/180/171 170/181/170 79/182/79
f 24/183/24 80/184/80 161/185/161
f 139/186/139 166/187/166 21/188/21
f 78/189/78 164/190/164 22/191/22
f 80/184/80 22/191/22 163/192/163
f 172/193/172 171/180/171 79/182/79
f 169/194/169 168/195/168 81/196/81
f 140/197/140 172/193/172 23/198/23
f 167/199/167 140/197/140 23/198/23
f 137/200/137 169/194/169 24/183/24
f 165/201/165 164/190/164 78/189/78
f 171/180/171 214/202/214 170/181/170
f 162/203/162 161/185/161 80/184/80
f 224/204/224 173/205/173 223/206/223
f 174/207/174 196/208/196 173/205/173
f 175/209/175 197/210/197 174/207/174
f 225/211/225 174/207/174 224/204/224
f 158/212/158 176/213/176 142/214/142
f 142/214/142 198/215/198 175/209/175
f 173/205/173 153/216/153 157/217/157
f 221/218/221 176/213/176 220/219/220
f 177/220/177 190/221/190 176/213/176
f 178/222/178 191/223/191 177/220/177
f 222/224/222 177/220/177 221/218/221
f 144/225/144 179/226/179 160/227/160
f 143/228/143 192/229/192 178/222/178
f 176/213/176 155/230/155 142/214/142
f 158/212/158 175/209/175 225/211/225
f 218/231/218 179/226/179 217/232/217
f 180/233/180 208/234/208 179/226/179
f 181/235/181 209/236/209 180/233/180
f 219/237/219 180/233/180 218/231/218
f 159/238/159 182/239/182 143/228/143
f 153/216/153 181/235/181 157/217/157
f 179/226/179 146/240/146 160/227/160
f 141/241/141 173/205/173 157/217/157
f 159/238/159 178/222/178 222/224/222
f 215/242/215 182/239/182 214/202/214
f 183/243/183 202/244/202 182/239/182
f 184/245/184 203/246/203 183/243/183
f 216/247/216 183/243/183 215/242/215
f 191/223/191 193/248/193 190/221/190
f 146/240/146 184/245/184 160/227/160
f 182/239/182 148/249/148 143/228/143
f 181/235/181 141/241/141 157/217/157
f 1797/250/1794 212/251/212 213/252/213
f 1785/253/1782 213/252/213 154/254/154
f 1799/255/1796 145/256/145 211/257/211
f 1795/258/1792 205/259/205 206/260/206
f 1794/261/1791 206/260/206 207/262/207
f 1784/263/1781 207/262/207 145/256/145
f 1796/264/1793 147/265/147 205/259/205
f 1792/266/1789 199/267/199 200/268/200
f 1791/269/1788 200/268/200 201/270/201
f 1787/271/1784 201/270/201 156/272/156
f 1793/273/1790 154/254/154 199/267/199
f 1789/274/1786 193/275/193 194/276/194
f 1788/277/1785 194/276/194 195/278/195
f 1786/279/1783 195/278/195 147/265/147
f 1790/280/1787 156/272/156 193/275/193
f 1836/281/1833 1839/282/1836 185/283/185
f 1839/282/1836 1838/284/1835 185/283/185
f 185/283/185 1838/284/1835 1837/285/1834
f 1837/285/1834 1834/286/1831 185/283/185
f 1833/287/1830 1835/288/1832 185/283/185
f 1836/281/1833 185/283/185 1835/288/1832
f 185/283/185 1834/286/1831 1832/289/1829
f 192/229/192 194/290/194 191/223/191
f 147/291/147 192/229/192 148/249/148
f 155/230/155 193/248/193 156/292/156
f 197/210/197 199/293/199 196/208/196
f 198/215/198 200/294/200 197/210/197
f 155/230/155 201/295/201 198/215/198
f 153/216/153 199/293/199 154/296/154
f 203/246/203 205/297/205 202/244/202
f 204/298/204 206/299/206 203/246/203
f 145/300/145 204/298/204 146/240/146
f 148/249/148 205/297/205 147/291/147
f 209/236/209 211/301/211 208/234/208
f 210/302/210 212/303/212 209/236/209
f 153/216/153 213/304/213 210/302/210
f 146/240/146 211/301/211 145/300/145
f 172/193/172 215/242/215 171/180/171
f 140/197/140 216/247/216 172/193/172
f 170/181/170 159/238/159 139/186/139
f 168/195/168 217/232/217 167/199/167
f 169/194/169 218/231/218 168/195/168
f 137/200/137 219/237/219 169/194/169
f 167/199/167 144/225/144 140/197/140
f 165/201/165 220/219/220 164/190/164
f 166/187/166 221/218/221 165/201/165
f 139/186/139 222/224/222 166/187/166
f 164/190/164 158/212/158 138/305/138
f 162/203/162 223/206/223 161/185/161
f 163/192/163 224/204/224 162/203/162
f 138/305/138 225/211/225 163/192/163
f 161/185/161 141/241/141 137/200/137
f 184/245/184 144/225/144 160/227/160
f 152/306/152 1820/307/1817 1816/308/1813
f 1798/309/1795 211/257/211 212/251/212
f 137/200/137 24/183/24 161/185/161
f 138/305/138 163/192/163 22/191/22
f 168/195/168 167/199/167 81/196/81
f 162/203/162 80/184/80 163/192/163
f 170/181/170 139/186/139 21/188/21
f 21/188/21 165/201/165 78/189/78
f 164/190/164 138/305/138 22/191/22
f 24/183/24 169/194/169 81/196/81
f 81/196/81 167/199/167 23/198/23
f 23/198/23 172/193/172 79/182/79
f 79/182/79 170/181/170 21/188/21
f 248/310/248 256/311/256 250/312/250
f 246/313/246 259/314/259 247/315/247
f 248/316/248 258/317/258 246/313/246
f 261/318/261 244/319/244 260/320/260
f 259/314/259 241/321/241 242/322/242
f 258/317/258 244/319/244 241/321/241
f 250/323/250 260/320/260 248/316/248
f 242/322/242 255/324/255 254/325/254
f 253/326/253 245/327/245 242/322/242
f 255/324/255 244/319/244 252/328/252
f 226/329/226 267/330/267 238/331/238
f 231/332/231 229/333/229 233/334/233
f 279/335/279 275/336/275 278/337/278
f 234/338/234 245/339/245 236/335/236
f 230/340/230 235/337/235 228/341/228
f 239/342/239 236/335/236 237/343/237
f 238/331/238 235/337/235 266/344/266
f 238/331/238 240/345/240 237/343/237
f 239/342/239 231/332/231 234/338/234
f 240/345/240 239/342/239 237/343/237
f 239/342/239 240/345/240 268/346/268
f 242/322/242 245/327/245 259/314/259
f 254/325/254 246/347/246 247/348/247
f 249/349/249 254/325/254 247/348/247
f 246/347/246 252/328/252 248/310/248
f 247/315/247 245/327/245 249/350/249
f 250/312/250 251/351/251 264/352/264
f 250/323/250 257/353/257 261/318/261
f 261/318/261 257/353/257 243/354/243
f 264/352/264 251/351/251 263/355/263
f 264/356/264 265/357/265 250/323/250
f 262/358/262 264/356/264 263/359/263
f 262/358/262 257/353/257 265/357/265
f 254/325/254 253/326/253 242/322/242
f 226/329/226 238/331/238 266/344/266
f 266/344/266 235/337/235 230/340/230
f 238/331/238 267/330/267 240/345/240
f 268/346/268 227/360/227 239/342/239
f 237/343/237 235/337/235 238/331/238
f 228/341/228 235/337/235 232/336/232
f 234/338/234 231/332/231 233/334/233
f 291/310/291 299/311/299 293/312/293
f 289/313/289 302/314/302 290/315/290
f 291/316/291 301/317/301 289/313/289
f 304/318/304 287/319/287 303/320/303
f 302/314/302 284/321/284 285/322/285
f 301/317/301 287/319/287 284/321/284
f 293/323/293 303/320/303 291/316/291
f 285/322/285 298/324/298 297/325/297
f 296/326/296 288/327/288 285/322/285
f 298/324/298 287/319/287 295/328/295
f 269/329/269 311/330/311 281/331/281
f 274/332/274 272/333/272 276/334/276
f 324/335/324 320/336/320 323/337/323
f 277/338/277 288/339/288 279/335/279
f 273/340/273 278/337/278 271/341/271
f 313/361/313 281/331/281 280/343/280
f 282/342/282 313/361/313 280/343/280
f 281/331/281 278/337/278 309/344/309
f 281/331/281 283/345/283 280/343/280
f 277/338/277 282/342/282 310/362/310
f 283/345/283 282/342/282 280/343/280
f 282/342/282 283/345/283 312/346/312
f 285/322/285 288/327/288 302/314/302
f 297/325/297 289/347/289 290/348/290
f 292/349/292 297/325/297 290/348/290
f 289/347/289 295/328/295 291/310/291
f 290/315/290 288/327/288 292/350/292
f 293/312/293 294/351/294 307/352/307
f 293/323/293 300/353/300 304/318/304
f 304/318/304 300/353/300 286/354/286
f 307/352/307 294/351/294 306/355/306
f 307/356/307 308/357/308 293/323/293
f 305/358/305 307/356/307 306/359/306
f 305/358/305 300/353/300 308/357/308
f 297/325/297 296/326/296 285/322/285
f 269/329/269 281/331/281 309/344/309
f 309/344/309 278/337/278 273/340/273
f 310/362/310 282/342/282 270/360/270
f 310/362/310 274/332/274 277/338/277
f 281/331/281 311/330/311 283/345/283
f 312/346/312 270/360/270 282/342/282
f 313/361/313 278/337/278 281/331/281
f 313/361/313 277/338/277 279/335/279
f 278/337/278 313/361/313 279/335/279
f 282/342/282 277/338/277 313/361/313
f 271/341/271 278/337/278 275/336/275
f 277/338/277 274/332/274 276/334/276
f 336/310/336 344/311/344 338/312/338
f 334/313/334 347/314/347 335/315/335
f 336/316/336 346/317/346 334/313/334
f 349/318/349 332/319/332 348/320/348
f 347/314/347 329/321/329 330/322/330
f 346/317/346 332/319/332 329/321/329
f 338/323/338 348/320/348 336/316/336
f 330/322/330 343/324/343 342/325/342
f 341/326/341 333/327/333 330/322/330
f 343/324/343 332/319/332 340/328/340
f 314/329/314 356/330/356 326/331/326
f 319/332/319 317/333/317 321/334/321
f 369/335/369 365/336/365 368/337/368
f 322/338/322 333/339/333 324/335/324
f 318/340/318 323/337/323 316/341/316
f 358/361/358 326/331/326 325/343/325
f 327/342/327 358/361/358 325/343/325
f 326/331/326 323/337/323 354/344/354
f 326/331/326 328/345/328 325/343/325
f 322/338/322 327/342/327 355/362/355
f 328/345/328 327/342/327 325/343/325
f 327/342/327 328/345/328 357/346/357
f 330/322/330 333/327/333 347/314/347
f 342/325/342 334/347/334 335/348/335
f 337/349/337 342/325/342 335/348/335
f 251/351/251 256/311/256 243/354/243
f 334/347/334 340/328/340 336/310/336
f 335/315/335 333/327/333 337/350/337
f 338/312/338 339/351/339 352/352/352
f 338/323/338 345/353/345 349/318/349
f 244/319/244 256/311/256 252/328/252
f 349/318/349 345/353/345 331/354/331
f 352/352/352 339/351/339 351/355/351
f 352/356/352 353/357/353 338/323/338
f 350/358/350 352/356/352 351/359/351
f 350/358/350 345/353/345 353/357/353
f 342/325/342 341/326/341 330/322/330
f 314/329/314 326/331/326 354/344/354
f 354/344/354 323/337/323 318/340/318
f 355/362/355 327/342/327 315/360/315
f 355/362/355 319/332/319 322/338/322
f 326/331/326 356/330/356 328/345/328
f 357/346/357 315/360/315 327/342/327
f 358/361/358 323/337/323 326/331/326
f 358/361/358 322/338/322 324/335/324
f 323/337/323 358/361/358 324/335/324
f 327/342/327 322/338/322 358/361/358
f 316/341/316 323/337/323 320/336/320
f 322/338/322 319/332/319 321/334/321
f 381/310/381 389/311/389 383/312/383
f 379/313/379 392/314/392 380/315/380
f 381/316/381 391/317/391 379/313/379
f 394/318/394 377/319/377 393/320/393
f 392/314/392 374/321/374 375/322/375
f 391/317/391 377/319/377 374/321/374
f 383/323/383 393/320/393 381/316/381
f 375/322/375 388/324/388 387/325/387
f 386/326/386 378/327/378 375/322/375
f 388/324/388 377/319/377 385/328/385
f 359/329/359 401/330/401 371/331/371
f 364/332/364 362/333/362 366/334/366
f 414/335/414 410/336/410 413/337/413
f 367/338/367 378/339/378 369/335/369
f 363/340/363 368/337/368 361/341/361
f 403/361/403 371/331/371 370/343/370
f 372/342/372 403/361/403 370/343/370
f 371/331/371 368/337/368 399/344/399
f 371/331/371 373/345/373 370/343/370
f 367/338/367 372/342/372 400/362/400
f 373/345/373 372/342/372 370/343/370
f 372/342/372 373/345/373 402/346/402
f 375/322/375 378/327/378 392/314/392
f 387/325/387 379/347/379 380/348/380
f 382/349/382 387/325/387 380/348/380
f 379/347/379 385/328/385 381/310/381
f 380/315/380 378/327/378 382/350/382
f 383/312/383 384/351/384 397/352/397
f 383/323/383 390/353/390 394/318/394
f 394/318/394 390/353/390 376/354/376
f 397/352/397 384/351/384 396/355/396
f 397/356/397 398/357/398 383/323/383
f 395/358/395 397/356/397 396/359/396
f 395/358/395 390/353/390 398/357/398
f 387/325/387 386/326/386 375/322/375
f 359/329/359 371/331/371 399/344/399
f 399/344/399 368/337/368 363/340/363
f 400/362/400 372/342/372 360/360/360
f 400/362/400 364/332/364 367/338/367
f 371/331/371 401/330/401 373/345/373
f 402/346/402 360/360/360 372/342/372
f 403/361/403 368/337/368 371/331/371
f 403/361/403 367/338/367 369/335/369
f 368/337/368 403/361/403 369/335/369
f 372/342/372 367/338/367 403/361/403
f 361/341/361 368/337/368 365/336/365
f 367/338/367 364/332/364 366/334/366
f 404/329/404 421/363/421 416/331/416
f 412/338/412 407/333/407 411/334/411
f 433/335/433 429/336/429 432/337/432
f 412/338/412 1688/339/1685 414/335/414
f 408/340/408 410/336/410 406/341/406
f 415/343/415 413/337/413 416/331/416
f 415/343/415 412/338/412 414/335/414
f 416/331/416 413/337/413 420/364/420
f 416/331/416 418/345/418 415/343/415
f 412/338/412 417/365/417 419/366/419
f 418/345/418 417/365/417 415/343/415
f 417/365/417 418/345/418 422/367/422
f 419/366/419 417/365/417 405/360/405
f 419/366/419 409/332/409 412/338/412
f 420/364/420 413/337/413 408/340/408
f 420/364/420 404/329/404 416/331/416
f 416/331/416 421/363/421 418/345/418
f 422/367/422 405/360/405 417/365/417
f 445/310/445 453/311/453 447/312/447
f 443/313/443 456/314/456 444/315/444
f 445/316/445 455/317/455 443/313/443
f 458/318/458 441/319/441 457/320/457
f 456/314/456 438/321/438 439/322/439
f 455/317/455 441/319/441 438/321/438
f 447/323/447 457/320/457 445/316/445
f 439/322/439 452/324/452 451/325/451
f 450/326/450 442/327/442 439/322/439
f 452/324/452 441/319/441 449/328/449
f 423/329/423 465/330/465 435/331/435
f 428/332/428 426/333/426 430/334/430
f 478/335/478 474/336/474 477/337/477
f 431/338/431 442/339/442 433/335/433
f 427/340/427 432/337/432 425/341/425
f 467/361/467 435/331/435 434/343/434
f 436/342/436 467/361/467 434/343/434
f 435/331/435 432/337/432 463/344/463
f 435/331/435 437/345/437 434/343/434
f 431/338/431 436/342/436 464/362/464
f 437/345/437 436/342/436 434/343/434
f 436/342/436 437/345/437 466/346/466
f 439/322/439 442/327/442 456/314/456
f 451/325/451 443/347/443 444/348/444
f 446/349/446 451/325/451 444/348/444
f 443/347/443 449/328/449 445/310/445
f 444/315/444 442/327/442 446/350/446
f 447/312/447 448/351/448 461/352/461
f 447/323/447 454/353/454 458/318/458
f 458/318/458 454/353/454 440/354/440
f 461/352/461 448/351/448 460/355/460
f 461/356/461 462/357/462 447/323/447
f 459/358/459 461/356/461 460/359/460
f 459/358/459 454/353/454 462/357/462
f 451/325/451 450/326/450 439/322/439
f 423/329/423 435/331/435 463/344/463
f 463/344/463 432/337/432 427/340/427
f 464/362/464 436/342/436 424/360/424
f 464/362/464 428/332/428 431/338/431
f 435/331/435 465/330/465 437/345/437
f 466/346/466 424/360/424 436/342/436
f 467/361/467 432/337/432 435/331/435
f 467/361/467 431/338/431 433/335/433
f 432/337/432 467/361/467 433/335/433
f 436/342/436 431/338/431 467/361/467
f 425/341/425 432/337/432 429/336/429
f 431/338/431 428/332/428 430/334/430
f 490/310/490 498/311/498 492/312/492
f 488/313/488 501/314/501 489/315/489
f 490/316/490 500/317/500 488/313/488
f 486/319/486 502/320/502 503/318/503
f 501/314/501 483/321/483 484/322/484
f 500/317/500 486/319/486 483/321/483
f 492/323/492 502/320/502 490/316/490
f 484/322/484 497/324/497 496/325/496
f 495/326/495 487/327/487 484/322/484
f 497/324/497 486/319/486 494/328/494
f 468/329/468 510/330/510 480/331/480
f 473/332/473 471/333/471 475/334/475
f 523/335/523 519/336/519 522/337/522
f 476/338/476 487/339/487 478/335/478
f 472/340/472 477/337/477 470/341/470
f 512/361/512 480/331/480 479/343/479
f 481/342/481 512/361/512 479/343/479
f 480/331/480 477/337/477 508/344/508
f 480/331/480 482/345/482 479/343/479
f 476/338/476 481/342/481 509/362/509
f 482/345/482 481/342/481 479/343/479
f 481/342/481 482/345/482 511/346/511
f 484/322/484 487/327/487 501/314/501
f 496/325/496 488/347/488 489/348/489
f 491/349/491 496/325/496 489/348/489
f 503/318/503 499/353/499 485/354/485
f 488/347/488 494/328/494 490/310/490
f 489/315/489 487/327/487 491/350/491
f 492/312/492 493/351/493 506/352/506
f 492/323/492 499/353/499 503/318/503
f 494/328/494 486/319/486 498/311/498
f 485/354/485 486/319/486 503/318/503
f 506/352/506 493/351/493 505/355/505
f 506/356/506 507/357/507 492/323/492
f 504/358/504 506/356/506 505/359/505
f 504/358/504 499/353/499 507/357/507
f 496/325/496 495/326/495 484/322/484
f 468/329/468 480/331/480 508/344/508
f 508/344/508 477/337/477 472/340/472
f 509/362/509 481/342/481 469/360/469
f 509/362/509 473/332/473 476/338/476
f 480/331/480 510/330/510 482/345/482
f 511/346/511 469/360/469 481/342/481
f 512/361/512 477/337/477 480/331/480
f 512/361/512 476/338/476 478/335/478
f 477/337/477 512/361/512 478/335/478
f 481/342/481 476/338/476 512/361/512
f 470/341/470 477/337/477 474/336/474
f 476/338/476 473/332/473 475/334/475
f 535/310/535 543/311/543 537/312/537
f 533/313/533 546/314/546 534/315/534
f 535/316/535 545/317/545 533/313/533
f 548/318/548 531/319/531 547/320/547
f 546/314/546 528/321/528 529/322/529
f 545/317/545 531/319/531 528/321/528
f 537/323/537 547/320/547 535/316/535
f 529/322/529 542/324/542 541/325/541
f 540/326/540 532/327/532 529/322/529
f 542/324/542 531/319/531 539/328/539
f 513/329/513 555/330/555 525/331/525
f 518/332/518 516/333/516 520/334/520
f 568/335/568 564/336/564 567/337/567
f 521/338/521 532/339/532 523/335/523
f 517/340/517 522/337/522 515/341/515
f 557/361/557 525/331/525 524/343/524
f 526/342/526 557/361/557 524/343/524
f 525/331/525 522/337/522 553/344/553
f 525/331/525 527/345/527 524/343/524
f 521/338/521 526/342/526 554/362/554
f 527/345/527 526/342/526 524/343/524
f 526/342/526 527/345/527 556/346/556
f 529/322/529 532/327/532 546/314/546
f 541/325/541 533/347/533 534/348/534
f 536/349/536 541/325/541 534/348/534
f 533/347/533 539/328/539 535/310/535
f 534/315/534 532/327/532 536/350/536
f 537/312/537 538/351/538 551/352/551
f 537/323/537 544/353/544 548/318/548
f 548/318/548 544/353/544 530/354/530
f 551/352/551 538/351/538 550/355/550
f 551/356/551 552/357/552 537/323/537
f 549/358/549 551/356/551 550/359/550
f 549/358/549 544/353/544 552/357/552
f 541/325/541 540/326/540 529/322/529
f 513/329/513 525/331/525 553/344/553
f 553/344/553 522/337/522 517/340/517
f 554/362/554 526/342/526 514/360/514
f 554/362/554 518/332/518 521/338/521
f 525/331/525 555/330/555 527/345/527
f 556/346/556 514/360/514 526/342/526
f 557/361/557 522/337/522 525/331/525
f 557/361/557 521/338/521 523/335/523
f 522/337/522 557/361/557 523/335/523
f 526/342/526 521/338/521 557/361/557
f 515/341/515 522/337/522 519/336/519
f 521/338/521 518/332/518 520/334/520
f 580/310/580 588/311/588 582/312/582
f 578/313/578 591/314/591 579/315/579
f 580/316/580 590/317/590 578/313/578
f 576/319/576 592/320/592 593/318/593
f 591/314/591 573/321/573 574/322/574
f 590/317/590 576/319/576 573/321/573
f 582/323/582 592/320/592 580/316/580
f 574/322/574 587/324/587 586/325/586
f 585/326/585 577/327/577 574/322/574
f 587/324/587 576/319/576 584/328/584
f 558/329/558 600/330/600 570/331/570
f 563/332/563 561/333/561 565/334/565
f 613/335/613 609/336/609 612/337/612
f 566/338/566 577/339/577 568/335/568
f 562/340/562 567/337/567 560/341/560
f 602/361/602 570/331/570 569/343/569
f 571/342/571 602/361/602 569/343/569
f 570/331/570 567/337/567 598/344/598
f 570/331/570 572/345/572 569/343/569
f 566/338/566 571/342/571 599/362/599
f 572/345/572 571/342/571 569/343/569
f 571/342/571 572/345/572 601/346/601
f 574/322/574 577/327/577 591/314/591
f 586/325/586 578/347/578 579/348/579
f 581/349/581 586/325/586 579/348/579
f 593/318/593 589/353/589 575/354/575
f 578/347/578 584/328/584 580/310/580
f 579/315/579 577/327/577 581/350/581
f 588/311/588 583/351/583 596/352/596
f 597/357/597 589/353/589 593/318/593
f 584/328/584 576/319/576 588/311/588
f 575/354/575 576/319/576 593/318/593
f 596/352/596 583/351/583 595/355/595
f 596/356/596 597/357/597 582/323/582
f 594/358/594 596/356/596 595/359/595
f 594/358/594 589/353/589 597/357/597
f 586/325/586 585/326/585 574/322/574
f 558/329/558 570/331/570 598/344/598
f 598/344/598 567/337/567 562/340/562
f 599/362/599 571/342/571 559/360/559
f 599/362/599 563/332/563 566/338/566
f 570/331/570 600/330/600 572/345/572
f 601/346/601 559/360/559 571/342/571
f 602/361/602 567/337/567 570/331/570
f 602/361/602 566/338/566 568/335/568
f 567/337/567 602/361/602 568/335/568
f 571/342/571 566/338/566 602/361/602
f 560/341/560 567/337/567 564/336/564
f 566/338/566 563/332/563 565/334/565
f 625/310/625 633/311/633 627/312/627
f 623/313/623 636/314/636 624/315/624
f 625/316/625 635/317/635 623/313/623
f 638/318/638 621/319/621 637/320/637
f 636/314/636 618/321/618 619/322/619
f 635/317/635 621/319/621 618/321/618
f 627/323/627 637/320/637 625/316/625
f 619/322/619 632/324/632 631/325/631
f 630/326/630 622/327/622 619/322/619
f 632/324/632 621/319/621 629/328/629
f 603/329/603 645/330/645 615/331/615
f 608/332/608 606/333/606 610/334/610
f 658/335/658 654/336/654 657/337/657
f 611/338/611 622/339/622 613/335/613
f 607/340/607 612/337/612 605/341/605
f 647/361/647 615/331/615 614/343/614
f 616/342/616 647/361/647 614/343/614
f 615/331/615 612/337/612 643/344/643
f 615/331/615 617/345/617 614/343/614
f 611/338/611 616/342/616 644/362/644
f 617/345/617 616/342/616 614/343/614
f 616/342/616 617/345/617 646/346/646
f 619/322/619 622/327/622 636/314/636
f 631/325/631 623/347/623 624/348/624
f 626/349/626 631/325/631 624/348/624
f 623/347/623 629/328/629 625/310/625
f 624/315/624 622/327/622 626/350/626
f 627/312/627 628/351/628 641/352/641
f 627/323/627 634/353/634 638/318/638
f 638/318/638 634/353/634 620/354/620
f 641/352/641 628/351/628 640/355/640
f 641/356/641 642/357/642 627/323/627
f 639/358/639 641/356/641 640/359/640
f 639/358/639 634/353/634 642/357/642
f 631/325/631 630/326/630 619/322/619
f 603/329/603 615/331/615 643/344/643
f 643/344/643 612/337/612 607/340/607
f 644/362/644 616/342/616 604/360/604
f 644/362/644 608/332/608 611/338/611
f 615/331/615 645/330/645 617/345/617
f 646/346/646 604/360/604 616/342/616
f 647/361/647 612/337/612 615/331/615
f 647/361/647 611/338/611 613/335/613
f 612/337/612 647/361/647 613/335/613
f 616/342/616 611/338/611 647/361/647
f 605/341/605 612/337/612 609/336/609
f 611/338/611 608/332/608 610/334/610
f 648/329/648 665/363/665 660/331/660
f 656/338/656 651/333/651 655/334/655
f 677/335/677 673/336/673 676/337/676
f 656/338/656 1713/339/1710 658/335/658
f 652/340/652 654/336/654 650/341/650
f 659/343/659 657/337/657 660/331/660
f 659/343/659 656/338/656 658/335/658
f 660/331/660 657/337/657 664/364/664
f 660/331/660 662/345/662 659/343/659
f 656/338/656 661/365/661 663/366/663
f 662/345/662 661/365/661 659/343/659
f 661/365/661 662/345/662 666/367/666
f 663/366/663 661/365/661 649/360/649
f 663/366/663 653/332/653 656/338/656
f 664/364/664 657/337/657 652/340/652
f 664/364/664 648/329/648 660/331/660
f 660/331/660 665/363/665 662/345/662
f 666/367/666 649/360/649 661/365/661
f 689/310/689 697/311/697 691/312/691
f 687/313/687 700/314/700 688/315/688
f 689/316/689 699/317/699 687/313/687
f 702/318/702 685/319/685 701/320/701
f 700/314/700 682/321/682 683/322/683
f 699/317/699 685/319/685 682/321/682
f 691/323/691 701/320/701 689/316/689
f 683/322/683 696/324/696 695/325/695
f 694/326/694 686/327/686 683/322/683
f 696/324/696 685/319/685 693/328/693
f 667/329/667 709/330/709 679/331/679
f 672/332/672 670/333/670 674/334/674
f 722/335/722 718/336/718 721/337/721
f 675/338/675 686/339/686 677/335/677
f 671/340/671 676/337/676 669/341/669
f 711/361/711 679/331/679 678/343/678
f 680/342/680 711/361/711 678/343/678
f 679/331/679 676/337/676 707/344/707
f 679/331/679 681/345/681 678/343/678
f 675/338/675 680/342/680 708/362/708
f 681/345/681 680/342/680 678/343/678
f 680/342/680 681/345/681 710/346/710
f 683/322/683 686/327/686 700/314/700
f 695/325/695 687/347/687 688/348/688
f 690/349/690 695/325/695 688/348/688
f 687/347/687 693/328/693 689/310/689
f 688/315/688 686/327/686 690/350/690
f 691/312/691 692/351/692 705/352/705
f 691/323/691 698/353/698 702/318/702
f 775/319/775 787/311/787 783/328/783
f 702/318/702 698/353/698 684/354/684
f 705/352/705 692/351/692 704/355/704
f 705/356/705 706/357/706 691/323/691
f 703/358/703 705/356/705 704/359/704
f 703/358/703 698/353/698 706/357/706
f 695/325/695 694/326/694 683/322/683
f 667/329/667 679/331/679 707/344/707
f 707/344/707 676/337/676 671/340/671
f 708/362/708 680/342/680 668/360/668
f 708/362/708 672/332/672 675/338/675
f 679/331/679 709/330/709 681/345/681
f 710/346/710 668/360/668 680/342/680
f 711/361/711 676/337/676 679/331/679
f 711/361/711 675/338/675 677/335/677
f 676/337/676 711/361/711 677/335/677
f 680/342/680 675/338/675 711/361/711
f 669/341/669 676/337/676 673/336/673
f 675/338/675 672/332/672 674/334/674
f 734/310/734 742/311/742 736/312/736
f 732/313/732 745/314/745 733/315/733
f 734/316/734 744/317/744 732/313/732
f 747/318/747 730/319/730 746/320/746
f 745/314/745 727/321/727 728/322/728
f 744/317/744 730/319/730 727/321/727
f 736/323/736 746/320/746 734/316/734
f 728/322/728 741/324/741 740/325/740
f 739/326/739 731/327/731 728/322/728
f 741/324/741 730/319/730 738/328/738
f 712/329/712 754/330/754 724/331/724
f 717/332/717 715/333/715 719/334/719
f 767/335/767 763/336/763 766/337/766
f 720/338/720 731/339/731 722/335/722
f 716/340/716 721/337/721 714/341/714
f 756/361/756 724/331/724 723/343/723
f 725/342/725 756/361/756 723/343/723
f 724/331/724 721/337/721 752/344/752
f 724/331/724 726/345/726 723/343/723
f 720/338/720 725/342/725 753/362/753
f 726/345/726 725/342/725 723/343/723
f 725/342/725 726/345/726 755/346/755
f 728/322/728 731/327/731 745/314/745
f 740/325/740 732/347/732 733/348/733
f 735/349/735 740/325/740 733/348/733
f 692/351/692 697/311/697 684/354/684
f 732/347/732 738/328/738 734/310/734
f 733/315/733 731/327/731 735/350/735
f 736/312/736 737/351/737 750/352/750
f 736/323/736 743/353/743 747/318/747
f 685/319/685 697/311/697 693/328/693
f 747/318/747 743/353/743 729/354/729
f 750/352/750 737/351/737 749/355/749
f 750/356/750 751/357/751 736/323/736
f 748/358/748 750/356/750 749/359/749
f 748/358/748 743/353/743 751/357/751
f 740/325/740 739/326/739 728/322/728
f 712/329/712 724/331/724 752/344/752
f 752/344/752 721/337/721 716/340/716
f 753/362/753 725/342/725 713/360/713
f 753/362/753 717/332/717 720/338/720
f 724/331/724 754/330/754 726/345/726
f 755/346/755 713/360/713 725/342/725
f 756/361/756 721/337/721 724/331/724
f 756/361/756 720/338/720 722/335/722
f 721/337/721 756/361/756 722/335/722
f 725/342/725 720/338/720 756/361/756
f 714/341/714 721/337/721 718/336/718
f 720/338/720 717/332/717 719/334/719
f 779/310/779 787/311/787 781/312/781
f 777/368/777 790/314/790 778/315/778
f 779/316/779 789/369/789 777/368/777
f 792/318/792 775/319/775 791/320/791
f 790/314/790 772/370/772 773/322/773
f 789/369/789 775/319/775 772/370/772
f 781/323/781 791/320/791 779/316/779
f 773/322/773 786/371/786 785/325/785
f 784/326/784 776/327/776 773/322/773
f 786/371/786 775/319/775 783/328/783
f 757/329/757 799/330/799 769/331/769
f 762/332/762 760/333/760 764/334/764
f 812/335/812 808/336/808 811/337/811
f 765/338/765 776/339/776 767/335/767
f 761/340/761 766/337/766 759/341/759
f 801/361/801 769/331/769 768/343/768
f 770/342/770 801/361/801 768/343/768
f 769/331/769 766/337/766 797/344/797
f 769/331/769 771/345/771 768/343/768
f 765/338/765 770/342/770 798/362/798
f 771/345/771 770/342/770 768/343/768
f 770/342/770 771/345/771 800/346/800
f 773/322/773 776/327/776 790/314/790
f 785/325/785 777/372/777 778/348/778
f 780/349/780 785/325/785 778/348/778
f 777/372/777 783/328/783 779/310/779
f 778/315/778 776/327/776 780/350/780
f 781/312/781 782/351/782 795/352/795
f 781/323/781 788/353/788 792/318/792
f 792/318/792 788/353/788 774/354/774
f 795/352/795 782/351/782 794/355/794
f 795/356/795 796/357/796 781/323/781
f 793/358/793 795/356/795 794/359/794
f 793/358/793 788/353/788 796/357/796
f 785/325/785 784/326/784 773/322/773
f 757/329/757 769/331/769 797/344/797
f 797/344/797 766/337/766 761/340/761
f 798/362/798 770/342/770 758/360/758
f 798/362/798 762/332/762 765/338/765
f 769/331/769 799/330/799 771/345/771
f 800/346/800 758/360/758 770/342/770
f 801/361/801 766/337/766 769/331/769
f 801/361/801 765/338/765 767/335/767
f 766/337/766 801/361/801 767/335/767
f 770/342/770 765/338/765 801/361/801
f 759/341/759 766/337/766 763/336/763
f 765/338/765 762/332/762 764/334/764
f 824/310/824 832/373/832 826/374/826
f 822/313/822 835/375/835 823/376/823
f 824/316/824 834/317/834 822/313/822
f 828/328/828 819/377/819 832/373/832
f 835/375/835 817/321/817 818/378/818
f 834/317/834 820/319/820 817/321/817
f 826/379/826 836/320/836 824/316/824
f 818/378/818 831/324/831 830/380/830
f 829/326/829 821/327/821 818/378/818
f 831/324/831 820/319/820 828/328/828
f 802/329/802 844/330/844 814/331/814
f 807/332/807 805/333/805 809/334/809
f 857/335/857 853/336/853 856/337/856
f 810/338/810 821/339/821 812/335/812
f 806/340/806 811/337/811 804/341/804
f 846/361/846 814/331/814 813/343/813
f 815/342/815 846/361/846 813/343/813
f 814/331/814 811/337/811 842/344/842
f 814/331/814 816/345/816 813/343/813
f 810/338/810 815/342/815 843/362/843
f 816/345/816 815/342/815 813/343/813
f 815/342/815 816/345/816 845/346/845
f 818/378/818 821/327/821 835/375/835
f 830/380/830 822/347/822 823/381/823
f 825/349/825 830/380/830 823/381/823
f 820/319/820 837/382/837 819/377/819
f 822/347/822 828/328/828 824/310/824
f 823/376/823 821/327/821 825/350/825
f 826/374/826 827/351/827 840/352/840
f 826/379/826 833/353/833 837/382/837
f 832/373/832 819/354/819 827/351/827
f 837/382/837 833/353/833 819/377/819
f 840/352/840 827/351/827 839/355/839
f 840/356/840 841/357/841 826/379/826
f 838/358/838 840/356/840 839/359/839
f 838/358/838 833/353/833 841/357/841
f 830/380/830 829/326/829 818/378/818
f 802/329/802 814/331/814 842/344/842
f 842/344/842 811/337/811 806/340/806
f 843/362/843 815/342/815 803/360/803
f 843/362/843 807/332/807 810/338/810
f 814/331/814 844/330/844 816/345/816
f 845/346/845 803/360/803 815/342/815
f 846/361/846 811/337/811 814/331/814
f 846/361/846 810/338/810 812/335/812
f 811/337/811 846/361/846 812/335/812
f 815/342/815 810/338/810 846/361/846
f 804/341/804 811/337/811 808/336/808
f 810/338/810 807/332/807 809/334/809
f 869/323/869 876/383/876 866/384/866
f 866/384/866 877/314/877 867/315/867
f 866/385/866 874/311/874 869/312/869
f 877/314/877 862/386/862 863/322/863
f 873/387/873 865/377/865 874/311/874
f 863/322/863 873/387/873 872/325/872
f 871/326/871 864/327/864 863/322/863
f 847/329/847 885/330/885 859/331/859
f 852/332/852 850/333/850 854/334/854
f 1226/335/1223 1222/336/1219 1225/337/1222
f 855/338/855 864/339/864 857/335/857
f 851/340/851 856/337/856 849/341/849
f 887/361/887 859/331/859 858/343/858
f 860/342/860 887/361/887 858/343/858
f 859/331/859 856/337/856 883/344/883
f 859/331/859 861/345/861 858/343/858
f 855/338/855 860/342/860 884/362/884
f 861/345/861 860/342/860 858/343/858
f 860/342/860 861/345/861 886/346/886
f 863/322/863 864/327/864 877/314/877
f 872/325/872 866/385/866 867/348/867
f 868/349/868 872/325/872 867/348/867
f 867/315/867 864/327/864 868/350/868
f 869/312/869 870/351/870 881/352/881
f 869/323/869 875/353/875 878/318/878
f 870/351/870 874/311/874 865/377/865
f 881/352/881 870/351/870 880/355/880
f 881/356/881 882/357/882 869/323/869
f 879/358/879 881/356/881 880/359/880
f 879/358/879 875/353/875 882/357/882
f 872/325/872 871/326/871 863/322/863
f 847/329/847 859/331/859 883/344/883
f 883/344/883 856/337/856 851/340/851
f 884/362/884 860/342/860 848/360/848
f 884/362/884 852/332/852 855/338/855
f 859/331/859 885/330/885 861/345/861
f 886/346/886 848/360/848 860/342/860
f 887/361/887 856/337/856 859/331/859
f 887/361/887 855/338/855 857/335/857
f 856/337/856 887/361/887 857/335/857
f 860/342/860 855/338/855 887/361/887
f 849/341/849 856/337/856 853/336/853
f 855/338/855 852/332/852 854/334/854
f 900/388/900 897/389/897 899/390/899
f 897/389/897 903/391/903 898/392/898
f 902/393/902 897/389/897 898/392/898
f 896/394/896 889/395/889 895/396/895
f 923/397/923 919/398/919 917/399/917
f 894/400/894 888/401/888 895/396/895
f 889/395/889 894/400/894 895/396/895
f 896/394/896 895/396/895 888/401/888
f 903/391/903 905/402/905 909/403/909
f 899/404/899 901/405/901 900/406/900
f 892/407/892 902/408/902 890/409/890
f 901/405/901 905/410/905 900/406/900
f 905/410/905 906/411/906 912/412/912
f 905/402/905 908/413/908 909/403/909
f 909/403/909 908/413/908 904/414/904
f 904/414/904 898/392/898 909/403/909
f 912/412/912 906/411/906 911/415/911
f 912/416/912 913/417/913 905/402/905
f 910/418/910 912/416/912 911/419/911
f 910/418/910 908/413/908 913/417/913
f 898/392/898 903/391/903 909/403/909
f 907/420/907 901/405/901 898/392/898
f 926/388/926 923/389/923 925/390/925
f 923/389/923 929/391/929 924/392/924
f 928/393/928 923/389/923 924/392/924
f 922/394/922 915/395/915 921/396/921
f 954/397/954 945/398/945 943/399/943
f 920/421/920 914/401/914 921/396/921
f 915/395/915 920/421/920 921/396/921
f 922/394/922 921/396/921 914/401/914
f 929/391/929 931/402/931 935/403/935
f 925/404/925 927/405/927 926/406/926
f 918/407/918 928/408/928 916/409/916
f 927/405/927 931/410/931 926/406/926
f 931/410/931 932/411/932 938/412/938
f 931/402/931 934/413/934 935/403/935
f 933/420/933 930/414/930 932/411/932
f 935/403/935 934/413/934 930/414/930
f 938/412/938 932/411/932 937/415/937
f 938/416/938 939/417/939 931/402/931
f 936/418/936 938/416/938 937/419/937
f 936/418/936 934/413/934 939/417/939
f 924/392/924 929/391/929 935/403/935
f 924/392/924 930/414/930 933/420/933
f 952/388/952 954/389/954 951/390/951
f 954/389/954 955/391/955 950/392/950
f 949/393/949 950/392/950 953/405/953
f 948/394/948 941/395/941 947/396/947
f 946/422/946 940/401/940 947/396/947
f 941/395/941 946/422/946 947/396/947
f 948/394/948 947/396/947 940/401/940
f 955/391/955 957/402/957 961/403/961
f 951/404/951 953/405/953 952/406/952
f 944/407/944 949/408/949 942/409/942
f 953/405/953 957/410/957 952/406/952
f 957/410/957 958/411/958 964/412/964
f 957/402/957 960/413/960 961/403/961
f 959/420/959 956/414/956 958/411/958
f 961/403/961 960/413/960 956/414/956
f 964/412/964 958/411/958 963/415/963
f 964/416/964 965/417/965 957/402/957
f 962/418/962 964/416/964 963/419/963
f 962/418/962 960/413/960 965/417/965
f 950/392/950 955/391/955 961/403/961
f 950/392/950 956/414/956 959/420/959
f 1016/423/1016 972/424/972 970/425/970
f 1019/426/1019 975/427/975 977/428/977
f 1018/429/1018 976/430/976 974/431/974
f 981/432/981 1020/433/1020 979/434/979
f 982/432/982 1023/435/1023 984/434/984
f 1020/433/1020 980/436/980 978/437/978
f 989/438/989 1024/439/1024 987/440/987
f 1023/435/1023 983/436/983 985/437/985
f 993/425/993 1026/441/1026 991/424/991
f 1024/439/1024 988/442/988 986/443/986
f 1030/444/1030 1000/436/1000 998/437/998
f 1026/441/1026 992/445/992 990/446/990
f 1032/447/1032 1004/448/1004 1002/449/1002
f 1029/450/1029 995/434/995 997/432/997
f 1031/451/1031 999/434/999 1001/432/1001
f 1035/452/1035 1007/442/1007 1009/443/1009
f 1033/453/1033 1003/454/1003 1005/455/1005
f 1006/438/1006 1035/452/1035 1008/440/1008
f 1013/431/1013 1036/456/1036 1011/430/1011
f 1036/456/1036 1012/427/1012 1010/428/1010
f 1014/457/1014 968/458/968 966/459/966
f 1028/460/1028 996/436/996 994/437/994
f 1017/461/1017 971/445/971 973/446/973
f 1014/457/1014 969/462/969 1015/463/1015
f 1042/464/1042 1041/465/1041 1043/466/1043
f 1045/467/1045 1043/466/1043 1044/468/1044
f 1038/469/1038 1044/468/1044 1040/470/1040
f 1050/471/1050 1049/472/1049 1051/473/1051
f 1046/474/1046 1051/473/1051 1048/475/1048
f 1056/471/1056 1055/472/1055 1057/473/1057
f 1052/476/1052 1057/473/1057 1054/475/1054
f 1062/464/1061 1061/465/1060 1063/466/1062
f 1065/467/1064 1063/466/1062 1064/468/1063
f 1058/469/1058 1064/468/1063 1060/470/1058
f 1070/464/1068 1069/465/1067 1071/466/1069
f 1073/467/1071 1071/466/1069 1072/468/1070
f 1066/469/1065 1072/468/1070 1068/470/1065
f 1078/471/1076 1077/472/1075 1079/473/1077
f 1074/474/1072 1079/473/1077 1076/475/1074
f 1084/471/1082 1083/472/1081 1085/473/1083
f 1080/476/1078 1085/473/1083 1082/475/1080
f 1090/464/1088 1089/465/1087 1091/466/1089
f 1093/467/1091 1091/466/1089 1092/468/1090
f 1086/469/1084 1092/468/1090 1088/470/1086
f 1098/464/1096 1097/465/1095 1099/466/1097
f 1104/471/1102 1103/472/1101 1105/473/1103
f 1100/474/1098 1105/473/1103 1102/475/1100
f 1110/471/1108 1109/472/1107 1111/473/1109
f 1106/476/1104 1111/473/1109 1108/475/1106
f 1116/464/1114 1115/465/1113 1117/466/1115
f 1119/467/1117 1117/466/1115 1118/468/1116
f 1112/469/1110 1118/468/1116 1114/470/1112
f 1124/464/1122 1123/465/1121 1125/466/1123
f 1127/467/1125 1125/466/1123 1126/468/1124
f 1120/469/1118 1126/468/1124 1122/470/1120
f 1132/471/1130 1131/472/1129 1133/473/1131
f 1128/474/1126 1133/473/1131 1130/475/1128
f 1138/471/1136 1137/472/1135 1139/473/1137
f 1134/476/1132 1139/473/1137 1136/475/1134
f 1144/464/1142 1143/465/1141 1145/466/1143
f 1147/467/1145 1145/466/1143 1146/468/1144
f 1140/469/1138 1146/468/1144 1142/470/1140
f 1152/464/1150 1151/465/1149 1153/466/1151
f 1158/471/1156 1157/472/1155 1159/473/1157
f 1154/474/1152 1159/473/1157 1156/475/1154
f 1164/471/1162 1163/472/1161 1165/473/1163
f 1160/476/1158 1165/473/1163 1162/475/1160
f 1170/464/1168 1169/465/1167 1171/466/1169
f 1173/467/1171 1171/466/1169 1172/468/1170
f 1166/469/1164 1172/468/1170 1168/470/1166
f 1178/464/1176 1177/465/1175 1179/466/1177
f 1181/467/1179 1179/466/1177 1180/468/1178
f 1174/469/1172 1180/468/1178 1176/470/1174
f 1186/471/1184 1185/472/1183 1187/473/1185
f 1182/474/1180 1187/473/1185 1184/475/1182
f 1192/471/1190 1191/472/1189 1193/473/1191
f 1188/476/1186 1193/473/1191 1190/475/1188
f 1198/477/1196 1197/478/1195 1199/479/1197
f 1201/467/1199 1199/479/1197 1200/468/1198
f 1194/469/1192 1200/468/1198 1196/470/1194
f 1206/471/1204 1205/472/1203 1207/473/1205
f 1202/476/1200 1207/473/1205 1204/475/1202
f 1212/464/1209 1211/465/1208 1213/466/1210
f 1215/467/1212 1213/466/1210 1214/468/1211
f 1208/469/1206 1214/468/1211 1210/470/1206
f 1094/480/1092 1099/466/1097 1096/481/1094
f 1148/469/1146 1153/466/1151 1150/470/1148
f 1246/323/1243 1236/320/1233 1248/316/1245
f 1682/322/1679 1679/327/1676 1237/314/1234
f 1247/349/1244 1242/325/1239 1249/348/1246
f 1246/323/1243 1239/353/1236 1235/318/1232
f 1242/325/1239 1243/326/1240 1682/322/1679
f 1245/351/1242 1240/311/1237 1681/354/1678
f 1682/322/1679 1241/324/1238 1242/325/1239
f 1234/358/1231 1232/356/1229 1233/359/1230
f 1232/352/1229 1245/351/1242 1233/355/1230
f 1234/358/1231 1239/353/1236 1231/357/1228
f 1216/329/1213 1252/363/1249 1228/331/1225
f 1224/338/1221 1219/333/1216 1223/334/1220
f 1264/335/1261 1260/336/1257 1263/337/1260
f 1224/338/1221 1679/339/1676 1226/335/1223
f 1220/340/1217 1222/336/1219 1218/341/1215
f 1227/343/1224 1225/337/1222 1228/331/1225
f 1227/343/1224 1224/338/1221 1226/335/1223
f 1228/331/1225 1225/337/1222 1251/364/1248
f 1228/331/1225 1230/345/1227 1227/343/1224
f 1224/338/1221 1229/365/1226 1250/366/1247
f 1230/345/1227 1229/365/1226 1227/343/1224
f 1229/365/1226 1230/345/1227 1253/367/1250
f 1232/356/1229 1231/357/1228 1246/323/1243
f 1242/325/1239 1678/347/1675 1249/348/1246
f 1243/326/1240 1679/327/1676 1682/322/1679
f 1235/318/1232 1239/353/1236 1681/354/1678
f 1678/347/1675 1244/328/1241 1248/310/1245
f 1241/324/1238 1680/319/1677 1244/328/1241
f 1250/366/1247 1229/365/1226 1217/360/1214
f 1250/366/1247 1221/332/1218 1224/338/1221
f 1251/364/1248 1225/337/1222 1220/340/1217
f 1251/364/1248 1216/329/1213 1228/331/1225
f 1228/331/1225 1252/363/1249 1230/345/1227
f 1253/367/1250 1217/360/1214 1229/365/1226
f 1276/310/1273 1284/311/1281 1278/312/1275
f 1274/313/1271 1287/314/1284 1275/315/1272
f 1276/316/1273 1286/317/1283 1274/313/1271
f 1289/318/1286 1272/319/1269 1288/320/1285
f 1287/314/1284 1269/321/1266 1270/322/1267
f 1286/317/1283 1272/319/1269 1269/321/1266
f 1278/323/1275 1288/320/1285 1276/316/1273
f 1270/322/1267 1283/324/1280 1282/325/1279
f 1281/326/1278 1273/327/1270 1270/322/1267
f 1283/324/1280 1272/319/1269 1280/328/1277
f 1254/329/1251 1296/330/1293 1266/331/1263
f 1259/332/1256 1257/333/1254 1261/334/1258
f 1309/335/1306 1305/336/1302 1308/337/1305
f 1262/338/1259 1273/339/1270 1264/335/1261
f 1258/340/1255 1263/337/1260 1256/341/1253
f 1298/361/1295 1266/331/1263 1265/343/1262
f 1267/342/1264 1298/361/1295 1265/343/1262
f 1266/331/1263 1263/337/1260 1294/344/1291
f 1266/331/1263 1268/345/1265 1265/343/1262
f 1262/338/1259 1267/342/1264 1295/362/1292
f 1268/345/1265 1267/342/1264 1265/343/1262
f 1267/342/1264 1268/345/1265 1297/346/1294
f 1270/322/1267 1273/327/1270 1287/314/1284
f 1282/325/1279 1274/347/1271 1275/348/1272
f 1277/349/1274 1282/325/1279 1275/348/1272
f 1274/347/1271 1280/328/1277 1276/310/1273
f 1275/315/1272 1273/327/1270 1277/350/1274
f 1278/312/1275 1279/351/1276 1292/352/1289
f 1278/323/1275 1285/353/1282 1289/318/1286
f 1289/318/1286 1285/353/1282 1271/354/1268
f 1292/352/1289 1279/351/1276 1291/355/1288
f 1292/356/1289 1293/357/1290 1278/323/1275
f 1290/358/1287 1292/356/1289 1291/359/1288
f 1290/358/1287 1285/353/1282 1293/357/1290
f 1282/325/1279 1281/326/1278 1270/322/1267
f 1254/329/1251 1266/331/1263 1294/344/1291
f 1294/344/1291 1263/337/1260 1258/340/1255
f 1295/362/1292 1267/342/1264 1255/360/1252
f 1295/362/1292 1259/332/1256 1262/338/1259
f 1266/331/1263 1296/330/1293 1268/345/1265
f 1297/346/1294 1255/360/1252 1267/342/1264
f 1298/361/1295 1263/337/1260 1266/331/1263
f 1298/361/1295 1262/338/1259 1264/335/1261
f 1263/337/1260 1298/361/1295 1264/335/1261
f 1267/342/1264 1262/338/1259 1298/361/1295
f 1256/341/1253 1263/337/1260 1260/336/1257
f 1262/338/1259 1259/332/1256 1261/334/1258
f 1321/310/1318 1329/311/1326 1323/312/1320
f 1319/313/1316 1332/314/1329 1320/315/1317
f 1321/316/1318 1331/317/1328 1319/313/1316
f 1325/328/1322 1316/377/1313 1329/311/1326
f 1332/314/1329 1314/321/1311 1315/322/1312
f 1331/317/1328 1317/319/1314 1314/321/1311
f 1323/323/1320 1333/320/1330 1321/316/1318
f 1315/322/1312 1328/324/1325 1327/325/1324
f 1326/326/1323 1318/327/1315 1315/322/1312
f 1328/324/1325 1317/319/1314 1325/328/1322
f 1299/329/1296 1341/330/1338 1311/331/1308
f 1304/332/1301 1302/333/1299 1306/334/1303
f 1354/335/1351 1350/336/1347 1353/337/1350
f 1307/338/1304 1318/339/1315 1309/335/1306
f 1303/340/1300 1308/337/1305 1301/341/1298
f 1343/361/1340 1311/331/1308 1310/343/1307
f 1312/342/1309 1343/361/1340 1310/343/1307
f 1311/331/1308 1308/337/1305 1339/344/1336
f 1311/331/1308 1313/345/1310 1310/343/1307
f 1307/338/1304 1312/342/1309 1340/362/1337
f 1313/345/1310 1312/342/1309 1310/343/1307
f 1312/342/1309 1313/345/1310 1342/346/1339
f 1315/322/1312 1318/327/1315 1332/314/1329
f 1327/325/1324 1319/347/1316 1320/348/1317
f 1322/349/1319 1327/325/1324 1320/348/1317
f 1317/319/1314 1334/318/1331 1316/377/1313
f 1319/347/1316 1325/328/1322 1321/310/1318
f 1320/315/1317 1318/327/1315 1322/350/1319
f 1323/312/1320 1324/351/1321 1337/352/1334
f 1323/323/1320 1330/353/1327 1334/318/1331
f 1329/311/1326 1316/354/1313 1324/351/1321
f 1334/318/1331 1330/353/1327 1316/377/1313
f 1337/352/1334 1324/351/1321 1336/355/1333
f 1337/356/1334 1338/357/1335 1323/323/1320
f 1335/358/1332 1337/356/1334 1336/359/1333
f 1335/358/1332 1330/353/1327 1338/357/1335
f 1327/325/1324 1326/326/1323 1315/322/1312
f 1299/329/1296 1311/331/1308 1339/344/1336
f 1339/344/1336 1308/337/1305 1303/340/1300
f 1340/362/1337 1312/342/1309 1300/360/1297
f 1340/362/1337 1304/332/1301 1307/338/1304
f 1311/331/1308 1341/330/1338 1313/345/1310
f 1342/346/1339 1300/360/1297 1312/342/1309
f 1343/361/1340 1308/337/1305 1311/331/1308
f 1343/361/1340 1307/338/1304 1309/335/1306
f 1308/337/1305 1343/361/1340 1309/335/1306
f 1312/342/1309 1307/338/1304 1343/361/1340
f 1301/341/1298 1308/337/1305 1305/336/1302
f 1307/338/1304 1304/332/1301 1306/334/1303
f 1367/310/1364 1375/311/1372 1369/312/1366
f 1365/313/1362 1378/314/1375 1366/315/1363
f 1367/316/1364 1377/317/1374 1365/313/1362
f 1371/328/1368 1364/377/1361 1375/311/1372
f 1378/314/1375 1359/321/1356 1360/322/1357
f 1377/317/1374 1362/319/1359 1359/321/1356
f 1369/323/1366 1379/320/1376 1367/316/1364
f 1360/322/1357 1374/324/1371 1373/325/1370
f 1372/326/1369 1363/327/1360 1360/322/1357
f 1374/324/1371 1362/319/1359 1371/328/1368
f 1344/329/1341 1387/330/1384 1356/331/1353
f 1349/332/1346 1347/333/1344 1351/334/1348
f 1352/338/1349 1363/339/1360 1354/335/1351
f 1348/340/1345 1353/337/1350 1346/341/1343
f 1389/361/1386 1356/331/1353 1355/343/1352
f 1357/342/1354 1389/361/1386 1355/343/1352
f 1356/331/1353 1353/337/1350 1385/344/1382
f 1356/331/1353 1358/345/1355 1355/343/1352
f 1352/338/1349 1357/342/1354 1386/362/1383
f 1358/345/1355 1357/342/1354 1355/343/1352
f 1357/342/1354 1358/345/1355 1388/346/1385
f 1360/322/1357 1363/327/1360 1378/314/1375
f 1373/325/1370 1365/347/1362 1366/348/1363
f 1368/349/1365 1373/325/1370 1366/348/1363
f 1362/319/1359 1380/318/1377 1364/377/1361
f 1365/347/1362 1371/328/1368 1367/310/1364
f 1366/315/1363 1363/327/1360 1368/350/1365
f 1369/312/1366 1370/351/1367 1383/352/1380
f 1369/323/1366 1376/353/1373 1380/318/1377
f 1375/311/1372 1361/354/1358 1370/351/1367
f 1380/318/1377 1361/354/1358 1364/377/1361
f 1383/352/1380 1370/351/1367 1382/355/1379
f 1383/356/1380 1384/357/1381 1369/323/1366
f 1381/358/1378 1383/356/1380 1382/359/1379
f 1381/358/1378 1376/353/1373 1384/357/1381
f 1373/325/1370 1372/326/1369 1360/322/1357
f 1344/329/1341 1356/331/1353 1385/344/1382
f 1385/344/1382 1353/337/1350 1348/340/1345
f 1386/362/1383 1357/342/1354 1345/360/1342
f 1386/362/1383 1349/332/1346 1352/338/1349
f 1356/331/1353 1387/330/1384 1358/345/1355
f 1388/346/1385 1345/360/1342 1357/342/1354
f 1389/361/1386 1353/337/1350 1356/331/1353
f 1389/361/1386 1352/338/1349 1354/335/1351
f 1353/337/1350 1389/361/1386 1354/335/1351
f 1357/342/1354 1352/338/1349 1389/361/1386
f 1346/341/1343 1353/337/1350 1350/336/1347
f 1352/338/1349 1349/332/1346 1351/334/1348
f 1391/482/1388 1392/483/1389 1390/484/1387
f 1396/485/1393 1394/486/1391 1397/487/1394
f 1393/488/1390 1397/487/1394 1392/483/1389
f 1399/489/1396 1400/490/1397 1398/491/1395
f 1404/492/1401 1402/493/1399 1405/494/1402
f 1401/495/1398 1405/494/1402 1400/490/1397
f 1407/496/1404 1408/497/1405 1406/498/1403
f 1412/499/1409 1410/500/1407 1413/501/1410
f 1409/502/1406 1413/501/1410 1408/497/1405
f 1415/489/1412 1416/490/1413 1414/491/1411
f 1420/503/1417 1418/493/1415 1421/504/1418
f 1417/495/1414 1421/504/1418 1416/490/1413
f 1423/482/1420 1424/483/1421 1422/484/1419
f 1428/485/1425 1426/486/1423 1429/487/1426
f 1425/488/1422 1429/487/1426 1424/483/1421
f 1431/482/1428 1432/483/1429 1430/484/1427
f 1436/485/1433 1434/486/1431 1437/487/1434
f 1433/488/1430 1437/487/1434 1432/483/1429
f 1439/505/1436 1440/506/1437 1438/507/1435
f 1444/508/1441 1442/509/1439 1445/510/1442
f 1441/511/1438 1445/510/1442 1440/506/1437
f 1447/496/1444 1448/497/1445 1446/498/1443
f 1452/499/1449 1450/500/1447 1453/501/1450
f 1449/502/1446 1453/501/1450 1448/497/1445
f 1455/512/1452 1456/513/1453 1454/514/1451
f 1460/515/1457 1458/516/1455 1461/517/1458
f 1457/518/1454 1461/517/1458 1456/513/1453
f 1463/482/1460 1464/483/1461 1462/484/1459
f 1468/485/1465 1466/486/1463 1469/487/1466
f 1465/488/1462 1469/487/1466 1464/483/1461
f 1471/482/1468 1472/483/1469 1470/484/1467
f 1476/485/1473 1474/486/1471 1477/487/1474
f 1473/488/1470 1477/487/1474 1472/483/1469
f 1479/482/1476 1480/483/1477 1478/484/1475
f 1484/485/1481 1482/486/1479 1485/487/1482
f 1481/488/1478 1485/487/1482 1480/483/1477
f 1487/505/1484 1488/506/1485 1486/507/1483
f 1492/519/1489 1490/509/1487 1493/520/1490
f 1489/511/1486 1493/520/1490 1488/506/1485
f 1495/496/1492 1496/497/1493 1494/498/1491
f 1500/499/1497 1498/500/1495 1501/501/1498
f 1497/502/1494 1501/501/1498 1496/497/1493
f 1503/482/1500 1504/483/1501 1502/484/1499
f 1508/485/1505 1506/486/1503 1509/487/1506
f 1505/488/1502 1509/487/1506 1504/483/1501
f 1511/489/1508 1512/490/1509 1510/491/1507
f 1516/492/1513 1514/493/1511 1517/494/1514
f 1513/495/1510 1517/494/1514 1512/490/1509
f 1519/505/1516 1520/506/1517 1518/507/1515
f 1524/519/1521 1522/509/1519 1525/520/1522
f 1521/511/1518 1525/520/1522 1520/506/1517
f 1527/496/1524 1528/497/1525 1526/498/1523
f 1532/499/1529 1530/500/1527 1533/501/1530
f 1529/502/1526 1533/501/1530 1528/497/1525
f 1535/482/1532 1536/483/1533 1534/484/1531
f 1540/485/1537 1538/486/1535 1541/487/1538
f 1537/488/1534 1541/487/1538 1536/483/1533
f 1543/496/1540 1544/497/1541 1542/498/1539
f 1548/499/1545 1546/500/1543 1549/501/1546
f 1545/502/1542 1549/501/1546 1544/497/1541
f 1551/489/1548 1552/490/1549 1550/491/1547
f 1556/492/1553 1554/493/1551 1557/494/1554
f 1553/495/1550 1557/494/1554 1552/490/1549
f 1559/482/1556 1560/483/1557 1558/484/1555
f 1564/485/1561 1562/486/1559 1565/487/1562
f 1561/488/1558 1565/487/1562 1560/483/1557
f 1567/482/1564 1568/521/1565 1566/484/1563
f 1572/485/1569 1570/486/1567 1573/487/1570
f 1569/522/1566 1573/487/1570 1568/521/1565
f 1575/496/1572 1576/497/1573 1574/498/1571
f 1580/499/1577 1578/500/1575 1581/501/1578
f 1577/502/1574 1581/501/1578 1576/497/1573
f 1583/496/1580 1584/497/1581 1582/498/1579
f 1588/499/1585 1586/500/1583 1589/501/1586
f 1585/502/1582 1589/501/1586 1584/497/1581
f 1591/482/1588 1592/483/1589 1590/484/1587
f 1596/485/1593 1594/486/1591 1597/487/1594
f 1593/488/1590 1597/487/1594 1592/483/1589
f 1599/496/1596 1600/497/1597 1598/498/1595
f 1604/499/1601 1602/500/1599 1605/501/1602
f 1601/502/1598 1605/501/1602 1600/497/1597
f 1607/482/1604 1608/483/1605 1606/484/1603
f 1612/485/1609 1610/486/1607 1613/487/1610
f 1609/488/1606 1613/487/1610 1608/483/1605
f 1615/489/1612 1616/490/1613 1614/491/1611
f 1620/492/1617 1618/493/1615 1621/494/1618
f 1617/495/1614 1621/494/1618 1616/490/1613
f 1623/523/1620 1624/524/1621 1622/525/1619
f 1628/526/1625 1626/527/1623 1629/528/1626
f 1625/529/1622 1629/528/1626 1624/524/1621
f 1631/482/1628 1632/483/1629 1630/484/1627
f 1636/485/1633 1634/486/1631 1637/487/1634
f 1633/488/1630 1637/487/1634 1632/483/1629
f 1639/496/1636 1640/497/1637 1638/498/1635
f 1644/499/1641 1642/500/1639 1645/501/1642
f 1641/502/1638 1645/501/1642 1640/497/1637
f 1647/530/1644 1648/531/1645 1646/532/1643
f 1652/533/1649 1650/534/1647 1653/535/1650
f 1649/536/1646 1653/535/1650 1648/531/1645
f 1655/489/1652 1656/490/1653 1654/491/1651
f 1660/492/1657 1658/493/1655 1661/494/1658
f 1657/495/1654 1661/494/1658 1656/490/1653
f 1663/482/1660 1664/483/1661 1662/484/1659
f 1668/485/1665 1666/486/1663 1669/487/1666
f 1665/488/1662 1669/487/1666 1664/483/1661
f 1671/482/1668 1672/483/1669 1670/484/1667
f 1676/485/1673 1674/486/1671 1677/487/1674
f 1673/488/1670 1677/487/1674 1672/483/1669
f 878/318/878 862/386/862 876/383/876
f 448/351/448 453/311/453 440/354/440
f 441/319/441 453/311/453 449/328/449
f 575/354/575 583/351/583 588/311/588
f 576/319/576 575/354/575 588/311/588
f 582/323/582 597/357/597 593/318/593
f 582/312/582 588/311/588 596/352/596
f 485/354/485 493/351/493 498/311/498
f 486/319/486 485/354/485 498/311/498
f 898/392/898 904/414/904 907/420/907
f 904/414/904 906/411/906 907/420/907
f 1238/317/1235 1680/319/1677 1683/321/1680
f 1237/314/1234 1683/321/1680 1682/322/1679
f 1249/315/1246 1679/327/1676 1247/350/1244
f 1248/316/1245 1238/317/1235 1678/313/1675
f 1235/318/1232 1680/319/1677 1236/320/1233
f 1248/310/1245 1240/311/1237 1246/312/1243
f 1678/313/1675 1237/314/1234 1249/315/1246
f 1246/312/1243 1245/351/1242 1232/352/1229
f 339/351/339 344/311/344 331/354/331
f 332/319/332 344/311/344 340/328/340
f 294/351/294 299/311/299 286/354/286
f 287/319/287 299/311/299 295/328/295
f 384/351/384 389/311/389 376/354/376
f 377/319/377 389/311/389 385/328/385
f 1691/310/1688 1699/311/1696 1693/312/1690
f 1689/313/1686 1702/314/1699 1690/315/1687
f 1691/316/1688 1701/317/1698 1689/313/1686
f 1704/318/1701 1687/319/1684 1703/320/1700
f 1702/314/1699 1684/321/1681 1685/322/1682
f 1701/317/1698 1687/319/1684 1684/321/1681
f 1693/323/1690 1703/320/1700 1691/316/1688
f 1685/322/1682 1698/324/1695 1697/325/1694
f 1696/326/1693 1688/327/1685 1685/322/1682
f 1698/324/1695 1687/319/1684 1695/328/1692
f 1685/322/1682 1688/327/1685 1702/314/1699
f 1697/325/1694 1689/347/1686 1690/348/1687
f 1692/349/1689 1697/325/1694 1690/348/1687
f 1689/347/1686 1695/328/1692 1691/310/1688
f 1690/315/1687 1688/327/1685 1692/350/1689
f 1693/312/1690 1694/351/1691 1707/352/1704
f 1693/323/1690 1700/353/1697 1704/318/1701
f 1704/318/1701 1700/353/1697 1686/354/1683
f 1707/352/1704 1694/351/1691 1706/355/1703
f 1707/356/1704 1708/357/1705 1693/323/1690
f 1705/358/1702 1707/356/1704 1706/359/1703
f 1705/358/1702 1700/353/1697 1708/357/1705
f 1697/325/1694 1696/326/1693 1685/322/1682
f 1694/351/1691 1699/311/1696 1686/354/1683
f 1687/319/1684 1699/311/1696 1695/328/1692
f 538/351/538 543/311/543 530/354/530
f 531/319/531 543/311/543 539/328/539
f 628/351/628 633/311/633 620/354/620
f 621/319/621 633/311/633 629/328/629
f 1279/351/1276 1284/311/1281 1271/354/1268
f 1272/319/1269 1284/311/1281 1280/328/1277
f 1716/310/1713 1724/311/1721 1718/312/1715
f 1714/313/1711 1727/314/1724 1715/315/1712
f 1716/316/1713 1726/317/1723 1714/313/1711
f 1729/318/1726 1712/319/1709 1728/320/1725
f 1727/314/1724 1709/321/1706 1710/322/1707
f 1726/317/1723 1712/319/1709 1709/321/1706
f 1718/323/1715 1728/320/1725 1716/316/1713
f 1710/322/1707 1723/324/1720 1722/325/1719
f 1721/326/1718 1713/327/1710 1710/322/1707
f 1723/324/1720 1712/319/1709 1720/328/1717
f 1710/322/1707 1713/327/1710 1727/314/1724
f 1722/325/1719 1714/347/1711 1715/348/1712
f 1717/349/1714 1722/325/1719 1715/348/1712
f 1714/347/1711 1720/328/1717 1716/310/1713
f 1715/315/1712 1713/327/1710 1717/350/1714
f 1718/312/1715 1719/351/1716 1732/352/1729
f 1718/323/1715 1725/353/1722 1729/318/1726
f 1729/318/1726 1725/353/1722 1711/354/1708
f 1732/352/1729 1719/351/1716 1731/355/1728
f 1732/356/1729 1733/357/1730 1718/323/1715
f 1730/358/1727 1732/356/1729 1731/359/1728
f 1730/358/1727 1725/353/1722 1733/357/1730
f 1722/325/1719 1721/326/1718 1710/322/1707
f 1719/351/1716 1724/311/1721 1711/354/1708
f 1712/319/1709 1724/311/1721 1720/328/1717
f 737/351/737 742/311/742 729/354/729
f 782/351/782 787/311/787 774/354/774
f 730/319/730 742/311/742 738/328/738
f 1735/489/1732 1736/490/1733 1734/491/1731
f 1740/492/1737 1738/493/1735 1741/494/1738
f 1737/495/1734 1741/494/1738 1736/490/1733
f 1754/388/1751 1756/389/1753 1753/390/1750
f 1756/389/1753 1757/391/1754 1752/392/1749
f 1751/393/1748 1752/392/1749 1755/405/1752
f 1750/394/1747 1743/395/1740 1749/396/1746
f 1748/400/1745 1742/401/1739 1749/396/1746
f 1743/395/1740 1748/400/1745 1749/396/1746
f 1750/394/1747 1749/396/1746 1742/401/1739
f 1757/391/1754 1759/402/1756 1763/403/1760
f 1753/404/1750 1755/405/1752 1754/406/1751
f 1746/407/1743 1751/537/1748 1744/409/1741
f 1755/405/1752 1759/410/1756 1754/406/1751
f 1759/410/1756 1760/411/1757 1766/412/1763
f 1759/402/1756 1762/413/1759 1763/403/1760
f 1763/403/1760 1762/413/1759 1758/414/1755
f 1755/405/1752 1752/392/1749 1761/420/1758
f 1766/412/1763 1760/411/1757 1765/415/1762
f 1766/416/1763 1767/417/1764 1759/402/1756
f 1764/418/1761 1766/416/1763 1765/419/1762
f 1764/418/1761 1762/413/1759 1767/417/1764
f 1763/403/1760 1758/414/1755 1752/392/1749
f 1758/414/1755 1760/411/1757 1761/420/1758
f 1680/319/1677 1240/311/1237 1244/328/1241
f 38/158/38 1772/165/1769 1769/173/1766
f 90/174/90 1770/169/1767 28/171/28
f 37/162/37 1775/176/1772 1768/168/1765
f 91/538/91 1769/173/1766 27/178/27
f 39/154/39 1774/539/1771 1770/169/1767
f 92/540/92 1768/168/1765 26/175/26
f 25/541/25 1773/167/1770 92/540/92
f 93/177/93 1771/166/1768 25/541/25
f 30/67/30 1780/141/1777 1778/149/1775
f 101/150/101 1779/145/1776 35/147/35
f 29/56/29 1783/152/1780 1777/144/1774
f 102/542/102 1778/149/1775 34/157/34
f 31/61/31 1782/543/1779 1779/145/1776
f 103/160/103 1777/144/1774 33/151/33
f 36/164/36 1781/143/1778 103/160/103
f 104/179/104 1776/142/1773 36/164/36
f 76/107/76 132/124/132 126/106/126
f 1852/544/1849 1799/255/1796 1798/309/1795
f 1844/545/1841 1787/271/1784 1790/280/1787
f 1841/546/1838 1788/277/1785 1786/279/1783
f 1842/547/1839 1789/274/1786 1788/277/1785
f 1843/548/1840 1790/280/1787 1789/274/1786
f 1847/549/1844 1785/253/1782 1793/273/1790
f 1855/550/1852 1791/269/1788 1787/271/1784
f 1845/551/1842 1792/266/1789 1791/269/1788
f 1846/552/1843 1793/273/1790 1792/266/1789
f 1850/553/1847 1786/279/1783 1796/264/1793
f 1840/554/1837 1794/261/1791 1784/263/1781
f 1848/555/1845 1795/258/1792 1794/261/1791
f 1849/556/1846 1796/264/1793 1795/258/1792
f 1853/557/1850 1784/263/1781 1799/255/1796
f 1854/558/1851 1797/250/1794 1785/253/1782
f 1851/559/1848 1798/309/1795 1797/250/1794
f 1823/560/1820 1814/561/1811 1813/562/1810
f 1824/563/1821 1813/562/1810 1800/564/1797
f 1821/565/1818 1802/566/1799 1815/567/1812
f 1817/568/1814 1812/569/1809 1811/570/1808
f 1818/571/1815 1811/570/1808 1810/572/1807
f 1819/573/1816 1810/572/1807 1802/566/1799
f 1816/308/1813 1803/574/1800 1812/569/1809
f 1830/575/1827 1809/576/1806 1808/577/1805
f 1831/578/1828 1808/577/1805 1807/579/1804
f 1828/580/1825 1807/579/1804 1801/581/1798
f 1829/582/1826 1800/564/1797 1809/576/1806
f 1826/583/1823 1806/584/1803 1805/585/1802
f 1827/586/1824 1805/585/1802 1804/587/1801
f 1820/307/1817 1804/587/1801 1803/574/1800
f 1825/588/1822 1801/581/1798 1806/584/1803
f 1822/589/1819 1815/567/1812 1814/561/1811
f 186/590/186 1817/568/1814 1818/571/1815
f 150/591/150 1819/573/1816 1821/565/1818
f 151/592/151 189/593/189 1831/578/1828
f 187/594/187 1822/589/1819 1823/560/1820
f 151/592/151 1828/580/1825 1825/588/1822
f 189/593/189 149/595/149 1829/582/1826
f 1828/580/1825 151/592/151 1831/578/1828
f 188/596/188 1826/583/1823 1827/586/1824
f 149/595/149 1824/563/1821 1829/582/1826
f 152/306/152 188/596/188 1827/586/1824
f 1830/575/1827 189/593/189 1829/582/1826
f 189/593/189 1830/575/1827 1831/578/1828
f 1832/289/1829 152/306/152 186/590/186
f 188/596/188 151/592/151 1825/588/1822
f 1820/307/1817 152/306/152 1827/586/1824
f 1833/287/1830 186/590/186 150/591/150
f 1835/288/1832 150/591/150 187/594/187
f 149/595/149 187/594/187 1823/560/1820
f 1826/583/1823 188/596/188 1825/588/1822
f 1836/281/1833 187/594/187 149/595/149
f 1837/285/1834 151/592/151 188/596/188
f 187/594/187 150/591/150 1821/565/1818
f 1824/563/1821 149/595/149 1823/560/1820
f 1834/286/1831 188/596/188 152/306/152
f 1839/282/1836 149/595/149 189/593/189
f 150/591/150 186/590/186 1818/571/1815
f 1822/589/1819 187/594/187 1821/565/1818
f 1838/284/1835 189/593/189 151/592/151
f 1817/568/1814 186/590/186 1816/308/1813
f 186/590/186 152/306/152 1816/308/1813
f 1819/573/1816 150/591/150 1818/571/1815
f 1813/562/1810 1852/544/1849 1851/559/1848
f 1800/564/1797 1851/559/1848 1854/558/1851
f 1815/567/1812 1840/554/1837 1853/557/1850
f 1811/570/1808 1850/553/1847 1849/556/1846
f 1810/572/1807 1849/556/1846 1848/555/1845
f 1802/566/1799 1848/555/1845 1840/554/1837
f 1812/569/1809 1841/546/1838 1850/553/1847
f 1808/577/1805 1847/549/1844 1846/552/1843
f 1807/579/1804 1846/552/1843 1845/551/1842
f 1801/581/1798 1845/551/1842 1855/550/1852
f 1809/576/1806 1854/558/1851 1847/549/1844
f 1805/585/1802 1844/545/1841 1843/548/1840
f 1804/587/1801 1843/548/1840 1842/547/1839
f 1803/574/1800 1842/547/1839 1841/546/1838
f 1806/584/1803 1855/550/1852 1844/545/1841
f 1814/561/1811 1853/557/1850 1852/544/1849
f 1833/287/1830 185/283/185 1832/289/1829
f 253/597/253 236/335/236 245/339/245
f 296/597/296 279/335/279 288/339/288
f 341/597/341 324/335/324 333/339/333
f 386/597/386 369/335/369 378/339/378
f 1696/597/1693 414/335/414 1688/339/1685
f 450/597/450 433/335/433 442/339/442
f 495/597/495 478/335/478 487/339/487
f 540/597/540 523/335/523 532/339/532
f 585/597/585 568/335/568 577/339/577
f 630/597/630 613/335/613 622/339/622
f 1721/597/1718 658/335/658 1713/339/1710
f 694/597/694 677/335/677 686/339/686
f 739/597/739 722/335/722 731/339/731
f 784/597/784 767/335/767 776/339/776
f 829/597/829 812/335/812 821/339/821
f 871/597/871 857/335/857 864/339/864
f 1243/597/1240 1226/335/1223 1679/339/1676
f 1281/597/1278 1264/335/1261 1273/339/1270
f 1326/597/1323 1309/335/1306 1318/339/1315
f 1372/597/1369 1354/335/1351 1363/339/1360
f 236/335/236 232/336/232 235/337/235
f 901/405/901 902/393/902 898/392/898
f 927/405/927 928/393/928 924/392/924
f 953/405/953 950/392/950 959/420/959
f 956/414/956 950/392/950 961/403/961
f 902/408/902 894/400/894 897/397/897
f 928/408/928 920/421/920 923/397/923
f 949/408/949 946/422/946 954/397/954
f 897/397/897 893/398/893 891/399/891
f 1751/393/1748 1756/389/1753 1752/392/1749
f 1751/537/1748 1748/400/1745 1756/598/1753
f 1756/598/1753 1747/398/1744 1745/399/1742
f 1752/392/1749 1758/414/1755 1761/420/1758
f 1757/391/1754 1763/403/1760 1752/392/1749
f 930/414/930 924/392/924 935/403/935
f 927/405/927 924/392/924 933/420/933
f 949/393/949 954/389/954 950/392/950
f 15/1/15 60/4/60 109/2/109
f 60/4/60 3/21/3 45/5/45
f 109/2/109 45/5/45 7/6/7
f 65/3/65 109/2/109 44/7/44
f 13/8/13 44/7/44 110/9/110
f 44/7/44 7/6/7 48/11/48
f 110/9/110 48/11/48 5/12/5
f 64/10/64 110/9/110 61/13/61
f 14/15/14 59/18/59 111/16/111
f 59/18/59 1/26/1 46/19/46
f 111/20/111 46/599/46 3/21/3
f 63/22/63 111/20/111 60/4/60
f 16/14/16 61/13/61 112/23/112
f 61/13/61 5/12/5 49/25/49
f 112/23/112 49/25/49 1/26/1
f 62/24/62 112/23/112 59/18/59
f 11/27/11 52/30/52 113/28/113
f 52/30/52 27/134/27 93/31/93
f 113/28/113 93/31/93 25/32/25
f 57/29/57 113/28/113 43/33/43
f 6/35/6 88/38/88 114/36/114
f 88/38/88 12/55/12 54/39/54
f 114/36/114 54/39/54 9/40/9
f 42/37/42 114/36/114 86/41/86
f 2/42/2 86/41/86 115/43/115
f 86/41/86 9/40/9 55/45/55
f 115/46/115 55/135/55 11/27/11
f 50/48/50 115/46/115 87/47/87
f 8/50/8 89/53/89 116/51/116
f 89/53/89 10/34/10 56/54/56
f 116/51/116 56/54/56 12/55/12
f 41/52/41 116/51/116 88/38/88
f 29/56/29 94/59/94 117/57/117
f 94/59/94 16/14/16 62/24/62
f 117/57/117 62/24/62 14/15/14
f 100/58/100 117/57/117 96/60/96
f 31/61/31 96/60/96 118/62/118
f 96/60/96 14/15/14 63/17/63
f 118/64/118 63/22/63 15/1/15
f 99/66/99 118/64/118 95/65/95
f 32/68/32 58/71/58 119/69/119
f 58/71/58 13/8/13 64/10/64
f 119/69/119 64/10/64 16/14/16
f 98/70/98 119/69/119 94/59/94
f 30/67/30 95/65/95 120/72/120
f 95/65/95 15/1/15 65/3/65
f 120/72/120 65/3/65 13/8/13
f 97/73/97 120/72/120 58/71/58
f 1/74/1 49/77/49 121/75/121
f 49/77/49 5/90/5 71/78/71
f 121/75/121 71/78/71 19/79/19
f 70/76/70 121/75/121 69/80/69
f 7/82/7 45/85/45 122/83/122
f 45/85/45 3/94/3 73/86/73
f 122/83/122 73/86/73 18/87/18
f 72/84/72 122/83/122 66/88/66
f 5/90/5 48/92/48 123/91/123
f 48/92/48 7/82/7 72/84/72
f 123/91/123 72/84/72 20/89/20
f 71/78/71 123/91/123 68/93/68
f 3/94/3 46/600/46 124/95/124
f 46/96/46 1/74/1 70/76/70
f 124/97/124 70/76/70 17/81/17
f 73/86/73 124/95/124 67/99/67
f 19/79/19 68/93/68 125/100/125
f 68/93/68 20/89/20 75/102/75
f 125/100/125 131/115/131 83/103/83
f 74/101/74 83/103/83 129/104/129
f 20/89/20 66/88/66 126/106/126
f 66/88/66 18/87/18 76/107/76
f 126/106/126 132/124/132 85/108/85
f 77/109/77 82/112/82 130/110/130
f 17/81/17 69/80/69 127/105/127
f 69/80/69 19/79/19 74/101/74
f 127/105/127 129/104/129 82/112/82
f 18/87/18 67/99/67 128/113/128
f 67/98/67 17/81/17 77/109/77
f 128/113/128 130/601/130 84/114/84
f 75/102/75 85/108/85 131/115/131
f 129/104/129 83/103/83 24/116/24
f 82/112/82 129/104/129 81/117/81
f 130/110/130 82/112/82 23/118/23
f 84/114/84 130/601/130 79/120/79
f 131/115/131 85/108/85 22/122/22
f 83/103/83 131/115/131 80/123/80
f 132/124/132 84/114/84 21/121/21
f 85/108/85 132/124/132 78/125/78
f 12/55/12 53/127/53 133/126/133
f 53/127/53 26/138/26 90/128/90
f 133/126/133 90/128/90 28/129/28
f 54/39/54 133/126/133 51/130/51
f 9/40/9 51/130/51 134/131/134
f 51/130/51 28/129/28 91/132/91
f 134/133/134 91/602/91 27/134/27
f 55/135/55 134/133/134 52/30/52
f 10/34/10 43/33/43 135/136/135
f 43/33/43 25/32/25 92/137/92
f 135/136/135 92/137/92 26/138/26
f 56/54/56 135/136/135 53/127/53
f 4/49/4 87/47/87 136/139/136
f 87/47/87 11/27/11 57/29/57
f 136/139/136 57/29/57 10/34/10
f 47/140/47 136/139/136 89/53/89
f 1780/141/1777 97/73/97 32/68/32
f 1776/142/1773 32/68/32 98/70/98
f 1781/143/1778 98/70/98 29/56/29
f 1779/145/1776 1782/543/1779 102/146/102
f 1782/148/1779 99/66/99 30/67/30
f 1777/144/1774 1783/152/1780 101/150/101
f 1783/152/1780 100/58/100 31/61/31
f 108/153/108 101/150/101 35/147/35
f 35/147/35 102/146/102 107/155/107
f 107/156/107 102/542/102 34/157/34
f 40/159/40 36/164/36 103/160/103
f 106/161/106 103/160/103 33/151/33
f 34/157/34 104/179/104 105/163/105
f 105/163/105 104/179/104 36/164/36
f 1772/165/1769 105/163/105 40/159/40
f 1771/166/1768 40/159/40 106/161/106
f 1773/167/1770 106/161/106 37/162/37
f 1770/169/1767 1774/539/1771 91/170/91
f 1774/172/1771 107/156/107 38/158/38
f 1768/168/1765 1775/176/1772 90/174/90
f 1775/176/1772 108/153/108 39/154/39
f 33/151/33 101/150/101 108/153/108
f 1769/173/1766 1772/165/1769 93/177/93
f 1778/149/1775 1780/141/1777 104/179/104
f 171/180/171 215/242/215 214/202/214
f 224/204/224 174/207/174 173/205/173
f 174/207/174 197/210/197 196/208/196
f 175/209/175 198/215/198 197/210/197
f 225/211/225 175/209/175 174/207/174
f 158/212/158 220/219/220 176/213/176
f 142/214/142 155/230/155 198/215/198
f 173/205/173 196/208/196 153/216/153
f 221/218/221 177/220/177 176/213/176
f 177/220/177 191/223/191 190/221/190
f 178/222/178 192/229/192 191/223/191
f 222/224/222 178/222/178 177/220/177
f 144/225/144 217/232/217 179/226/179
f 143/228/143 148/249/148 192/229/192
f 176/213/176 190/221/190 155/230/155
f 158/212/158 142/214/142 175/209/175
f 218/231/218 180/233/180 179/226/179
f 180/233/180 209/236/209 208/234/208
f 181/235/181 210/302/210 209/236/209
f 219/237/219 181/235/181 180/233/180
f 159/238/159 214/202/214 182/239/182
f 153/216/153 210/302/210 181/235/181
f 179/226/179 208/234/208 146/240/146
f 141/241/141 223/206/223 173/205/173
f 159/238/159 143/228/143 178/222/178
f 215/242/215 183/243/183 182/239/182
f 183/243/183 203/246/203 202/244/202
f 184/245/184 204/298/204 203/246/203
f 216/247/216 184/245/184 183/243/183
f 191/223/191 194/290/194 193/248/193
f 146/240/146 204/298/204 184/245/184
f 182/239/182 202/244/202 148/249/148
f 181/235/181 219/237/219 141/241/141
f 1797/250/1794 1798/309/1795 212/251/212
f 1785/253/1782 1797/250/1794 213/252/213
f 1799/255/1796 1784/263/1781 145/256/145
f 1795/258/1792 1796/264/1793 205/259/205
f 1794/261/1791 1795/258/1792 206/260/206
f 1784/263/1781 1794/261/1791 207/262/207
f 1796/264/1793 1786/279/1783 147/265/147
f 1792/266/1789 1793/273/1790 199/267/199
f 1791/269/1788 1792/266/1789 200/268/200
f 1787/271/1784 1791/269/1788 201/270/201
f 1793/273/1790 1785/253/1782 154/254/154
f 1789/274/1786 1790/280/1787 193/275/193
f 1788/277/1785 1789/274/1786 194/276/194
f 1786/279/1783 1788/277/1785 195/278/195
f 1790/280/1787 1787/271/1784 156/272/156
f 192/229/192 195/603/195 194/290/194
f 147/291/147 195/603/195 192/229/192
f 155/230/155 190/221/190 193/248/193
f 197/210/197 200/294/200 199/293/199
f 198/215/198 201/295/201 200/294/200
f 155/230/155 156/292/156 201/295/201
f 153/216/153 196/208/196 199/293/199
f 203/246/203 206/299/206 205/297/205
f 204/298/204 207/604/207 206/299/206
f 145/300/145 207/604/207 204/298/204
f 148/249/148 202/244/202 205/297/205
f 209/236/209 212/303/212 211/301/211
f 210/302/210 213/304/213 212/303/212
f 153/216/153 154/296/154 213/304/213
f 146/240/146 208/234/208 211/301/211
f 172/193/172 216/247/216 215/242/215
f 140/197/140 144/225/144 216/247/216
f 170/181/170 214/202/214 159/238/159
f 168/195/168 218/231/218 217/232/217
f 169/194/169 219/237/219 218/231/218
f 137/200/137 141/241/141 219/237/219
f 167/199/167 217/232/217 144/225/144
f 165/201/165 221/218/221 220/219/220
f 166/187/166 222/224/222 221/218/221
f 139/186/139 159/238/159 222/224/222
f 164/190/164 220/219/220 158/212/158
f 162/203/162 224/204/224 223/206/223
f 163/192/163 225/211/225 224/204/224
f 138/305/138 158/212/158 225/211/225
f 161/185/161 223/206/223 141/241/141
f 184/245/184 216/247/216 144/225/144
f 1798/309/1795 1799/255/1796 211/257/211
f 21/188/21 166/187/166 165/201/165
f 248/310/248 252/328/252 256/311/256
f 246/313/246 258/317/258 259/314/259
f 248/316/248 260/320/260 258/317/258
f 261/318/261 243/354/243 244/319/244
f 259/314/259 258/317/258 241/321/241
f 258/317/258 260/320/260 244/319/244
f 250/323/250 261/318/261 260/320/260
f 242/322/242 241/321/241 255/324/255
f 255/324/255 241/321/241 244/319/244
f 279/335/279 296/597/296 275/336/275
f 234/338/234 233/334/233 245/339/245
f 239/342/239 234/338/234 236/335/236
f 239/342/239 227/360/227 231/332/231
f 254/325/254 255/324/255 246/347/246
f 249/349/249 253/326/253 254/325/254
f 246/347/246 255/324/255 252/328/252
f 247/315/247 259/314/259 245/327/245
f 250/312/250 256/311/256 251/351/251
f 250/323/250 265/357/265 257/353/257
f 262/358/262 265/357/265 264/356/264
f 237/343/237 236/335/236 235/337/235
f 291/310/291 295/328/295 299/311/299
f 289/313/289 301/317/301 302/314/302
f 291/316/291 303/320/303 301/317/301
f 304/318/304 286/354/286 287/319/287
f 302/314/302 301/317/301 284/321/284
f 301/317/301 303/320/303 287/319/287
f 293/323/293 304/318/304 303/320/303
f 285/322/285 284/321/284 298/324/298
f 298/324/298 284/321/284 287/319/287
f 324/335/324 341/597/341 320/336/320
f 277/338/277 276/334/276 288/339/288
f 297/325/297 298/324/298 289/347/289
f 292/349/292 296/326/296 297/325/297
f 289/347/289 298/324/298 295/328/295
f 290/315/290 302/314/302 288/327/288
f 293/312/293 299/311/299 294/351/294
f 293/323/293 308/357/308 300/353/300
f 305/358/305 308/357/308 307/356/307
f 336/310/336 340/328/340 344/311/344
f 334/313/334 346/317/346 347/314/347
f 336/316/336 348/320/348 346/317/346
f 349/318/349 331/354/331 332/319/332
f 347/314/347 346/317/346 329/321/329
f 346/317/346 348/320/348 332/319/332
f 338/323/338 349/318/349 348/320/348
f 330/322/330 329/321/329 343/324/343
f 343/324/343 329/321/329 332/319/332
f 369/335/369 386/597/386 365/336/365
f 322/338/322 321/334/321 333/339/333
f 342/325/342 343/324/343 334/347/334
f 337/349/337 341/326/341 342/325/342
f 334/347/334 343/324/343 340/328/340
f 335/315/335 347/314/347 333/327/333
f 338/312/338 344/311/344 339/351/339
f 338/323/338 353/357/353 345/353/345
f 244/319/244 243/354/243 256/311/256
f 350/358/350 353/357/353 352/356/352
f 381/310/381 385/328/385 389/311/389
f 379/313/379 391/317/391 392/314/392
f 381/316/381 393/320/393 391/317/391
f 394/318/394 376/354/376 377/319/377
f 392/314/392 391/317/391 374/321/374
f 391/317/391 393/320/393 377/319/377
f 383/323/383 394/318/394 393/320/393
f 375/322/375 374/321/374 388/324/388
f 388/324/388 374/321/374 377/319/377
f 414/335/414 1696/597/1693 410/336/410
f 367/338/367 366/334/366 378/339/378
f 387/325/387 388/324/388 379/347/379
f 382/349/382 386/326/386 387/325/387
f 379/347/379 388/324/388 385/328/385
f 380/315/380 392/314/392 378/327/378
f 383/312/383 389/311/389 384/351/384
f 383/323/383 398/357/398 390/353/390
f 395/358/395 398/357/398 397/356/397
f 412/338/412 409/332/409 407/333/407
f 433/335/433 450/597/450 429/336/429
f 412/338/412 411/334/411 1688/339/1685
f 408/340/408 413/337/413 410/336/410
f 415/343/415 414/335/414 413/337/413
f 415/343/415 417/365/417 412/338/412
f 445/310/445 449/328/449 453/311/453
f 443/313/443 455/317/455 456/314/456
f 445/316/445 457/320/457 455/317/455
f 458/318/458 440/354/440 441/319/441
f 456/314/456 455/317/455 438/321/438
f 455/317/455 457/320/457 441/319/441
f 447/323/447 458/318/458 457/320/457
f 439/322/439 438/321/438 452/324/452
f 452/324/452 438/321/438 441/319/441
f 478/335/478 495/597/495 474/336/474
f 431/338/431 430/334/430 442/339/442
f 451/325/451 452/324/452 443/347/443
f 446/349/446 450/326/450 451/325/451
f 443/347/443 452/324/452 449/328/449
f 444/315/444 456/314/456 442/327/442
f 447/312/447 453/311/453 448/351/448
f 447/323/447 462/357/462 454/353/454
f 459/358/459 462/357/462 461/356/461
f 490/310/490 494/328/494 498/311/498
f 488/313/488 500/317/500 501/314/501
f 490/316/490 502/320/502 500/317/500
f 501/314/501 500/317/500 483/321/483
f 500/317/500 502/320/502 486/319/486
f 492/323/492 503/318/503 502/320/502
f 484/322/484 483/321/483 497/324/497
f 497/324/497 483/321/483 486/319/486
f 523/335/523 540/597/540 519/336/519
f 476/338/476 475/334/475 487/339/487
f 496/325/496 497/324/497 488/347/488
f 491/349/491 495/326/495 496/325/496
f 488/347/488 497/324/497 494/328/494
f 489/315/489 501/314/501 487/327/487
f 492/312/492 498/311/498 493/351/493
f 492/323/492 507/357/507 499/353/499
f 504/358/504 507/357/507 506/356/506
f 535/310/535 539/328/539 543/311/543
f 533/313/533 545/317/545 546/314/546
f 535/316/535 547/320/547 545/317/545
f 548/318/548 530/354/530 531/319/531
f 546/314/546 545/317/545 528/321/528
f 545/317/545 547/320/547 531/319/531
f 537/323/537 548/318/548 547/320/547
f 529/322/529 528/321/528 542/324/542
f 542/324/542 528/321/528 531/319/531
f 568/335/568 585/597/585 564/336/564
f 521/338/521 520/334/520 532/339/532
f 541/325/541 542/324/542 533/347/533
f 536/349/536 540/326/540 541/325/541
f 533/347/533 542/324/542 539/328/539
f 534/315/534 546/314/546 532/327/532
f 537/312/537 543/311/543 538/351/538
f 537/323/537 552/357/552 544/353/544
f 549/358/549 552/357/552 551/356/551
f 580/310/580 584/328/584 588/311/588
f 578/313/578 590/317/590 591/314/591
f 580/316/580 592/320/592 590/317/590
f 591/314/591 590/317/590 573/321/573
f 590/317/590 592/320/592 576/319/576
f 582/323/582 593/318/593 592/320/592
f 574/322/574 573/321/573 587/324/587
f 587/324/587 573/321/573 576/319/576
f 613/335/613 630/597/630 609/336/609
f 566/338/566 565/334/565 577/339/577
f 586/325/586 587/324/587 578/347/578
f 581/349/581 585/326/585 586/325/586
f 578/347/578 587/324/587 584/328/584
f 579/315/579 591/314/591 577/327/577
f 594/358/594 597/357/597 596/356/596
f 625/310/625 629/328/629 633/311/633
f 623/313/623 635/317/635 636/314/636
f 625/316/625 637/320/637 635/317/635
f 638/318/638 620/354/620 621/319/621
f 636/314/636 635/317/635 618/321/618
f 635/317/635 637/320/637 621/319/621
f 627/323/627 638/318/638 637/320/637
f 619/322/619 618/321/618 632/324/632
f 632/324/632 618/321/618 621/319/621
f 658/335/658 1721/597/1718 654/336/654
f 611/338/611 610/334/610 622/339/622
f 631/325/631 632/324/632 623/347/623
f 626/349/626 630/326/630 631/325/631
f 623/347/623 632/324/632 629/328/629
f 624/315/624 636/314/636 622/327/622
f 627/312/627 633/311/633 628/351/628
f 627/323/627 642/357/642 634/353/634
f 639/358/639 642/357/642 641/356/641
f 656/338/656 653/332/653 651/333/651
f 677/335/677 694/597/694 673/336/673
f 656/338/656 655/334/655 1713/339/1710
f 652/340/652 657/337/657 654/336/654
f 659/343/659 658/335/658 657/337/657
f 659/343/659 661/365/661 656/338/656
f 689/310/689 693/328/693 697/311/697
f 687/313/687 699/317/699 700/314/700
f 689/316/689 701/320/701 699/317/699
f 702/318/702 684/354/684 685/319/685
f 700/314/700 699/317/699 682/321/682
f 699/317/699 701/320/701 685/319/685
f 691/323/691 702/318/702 701/320/701
f 683/322/683 682/321/682 696/324/696
f 696/324/696 682/321/682 685/319/685
f 722/335/722 739/597/739 718/336/718
f 675/338/675 674/334/674 686/339/686
f 695/325/695 696/324/696 687/347/687
f 690/349/690 694/326/694 695/325/695
f 687/347/687 696/324/696 693/328/693
f 688/315/688 700/314/700 686/327/686
f 691/312/691 697/311/697 692/351/692
f 691/323/691 706/357/706 698/353/698
f 775/319/775 774/354/774 787/311/787
f 703/358/703 706/357/706 705/356/705
f 734/310/734 738/328/738 742/311/742
f 732/313/732 744/317/744 745/314/745
f 734/316/734 746/320/746 744/317/744
f 747/318/747 729/354/729 730/319/730
f 745/314/745 744/317/744 727/321/727
f 744/317/744 746/320/746 730/319/730
f 736/323/736 747/318/747 746/320/746
f 728/322/728 727/321/727 741/324/741
f 741/324/741 727/321/727 730/319/730
f 767/335/767 784/597/784 763/336/763
f 720/338/720 719/334/719 731/339/731
f 740/325/740 741/324/741 732/347/732
f 735/349/735 739/326/739 740/325/740
f 732/347/732 741/324/741 738/328/738
f 733/315/733 745/314/745 731/327/731
f 736/312/736 742/311/742 737/351/737
f 736/323/736 751/357/751 743/353/743
f 685/319/685 684/354/684 697/311/697
f 748/358/748 751/357/751 750/356/750
f 779/310/779 783/328/783 787/311/787
f 777/368/777 789/369/789 790/314/790
f 779/316/779 791/320/791 789/369/789
f 792/318/792 774/354/774 775/319/775
f 790/314/790 789/369/789 772/370/772
f 789/369/789 791/320/791 775/319/775
f 781/323/781 792/318/792 791/320/791
f 773/322/773 772/370/772 786/371/786
f 786/371/786 772/370/772 775/319/775
f 812/335/812 829/597/829 808/336/808
f 765/338/765 764/334/764 776/339/776
f 785/325/785 786/371/786 777/372/777
f 780/349/780 784/326/784 785/325/785
f 777/372/777 786/371/786 783/328/783
f 778/315/778 790/314/790 776/327/776
f 781/312/781 787/311/787 782/351/782
f 781/323/781 796/357/796 788/353/788
f 793/358/793 796/357/796 795/356/795
f 824/310/824 828/328/828 832/373/832
f 822/313/822 834/317/834 835/375/835
f 824/316/824 836/320/836 834/317/834
f 828/328/828 820/319/820 819/377/819
f 835/375/835 834/317/834 817/321/817
f 834/317/834 836/320/836 820/319/820
f 826/379/826 837/382/837 836/320/836
f 818/378/818 817/321/817 831/324/831
f 831/324/831 817/321/817 820/319/820
f 857/335/857 871/597/871 853/336/853
f 810/338/810 809/334/809 821/339/821
f 830/380/830 831/324/831 822/347/822
f 825/349/825 829/326/829 830/380/830
f 820/319/820 836/320/836 837/382/837
f 822/347/822 831/324/831 828/328/828
f 823/376/823 835/375/835 821/327/821
f 826/374/826 832/373/832 827/351/827
f 826/379/826 841/357/841 833/353/833
f 838/358/838 841/357/841 840/356/840
f 869/323/869 878/318/878 876/383/876
f 866/384/866 876/383/876 877/314/877
f 866/385/866 873/387/873 874/311/874
f 877/314/877 876/383/876 862/386/862
f 873/387/873 862/386/862 865/377/865
f 863/322/863 862/386/862 873/387/873
f 1226/335/1223 1243/597/1240 1222/336/1219
f 855/338/855 854/334/854 864/339/864
f 872/325/872 873/387/873 866/385/866
f 868/349/868 871/326/871 872/325/872
f 867/315/867 877/314/877 864/327/864
f 869/312/869 874/311/874 870/351/870
f 869/323/869 882/357/882 875/353/875
f 879/358/879 882/357/882 881/356/881
f 900/388/900 903/391/903 897/389/897
f 923/397/923 920/421/920 919/398/919
f 894/400/894 892/407/892 888/401/888
f 889/395/889 893/398/893 894/400/894
f 903/391/903 900/388/900 905/402/905
f 899/404/899 902/393/902 901/405/901
f 892/407/892 894/400/894 902/408/902
f 901/405/901 907/420/907 905/410/905
f 905/410/905 907/420/907 906/411/906
f 905/402/905 913/417/913 908/413/908
f 910/418/910 913/417/913 912/416/912
f 926/388/926 929/391/929 923/389/923
f 954/397/954 946/422/946 945/398/945
f 920/421/920 918/407/918 914/401/914
f 915/395/915 919/398/919 920/421/920
f 929/391/929 926/388/926 931/402/931
f 925/404/925 928/393/928 927/405/927
f 918/407/918 920/421/920 928/408/928
f 927/405/927 933/420/933 931/410/931
f 931/410/931 933/420/933 932/411/932
f 931/402/931 939/417/939 934/413/934
f 936/418/936 939/417/939 938/416/938
f 952/388/952 955/391/955 954/389/954
f 946/422/946 944/407/944 940/401/940
f 941/395/941 945/398/945 946/422/946
f 955/391/955 952/388/952 957/402/957
f 951/404/951 949/393/949 953/405/953
f 944/407/944 946/422/946 949/408/949
f 953/405/953 959/420/959 957/410/957
f 957/410/957 959/420/959 958/411/958
f 957/402/957 965/417/965 960/413/960
f 962/418/962 965/417/965 964/416/964
f 1016/423/1016 1017/461/1017 972/424/972
f 1019/426/1019 1018/429/1018 975/427/975
f 1018/429/1018 1019/426/1019 976/430/976
f 981/432/981 1021/605/1021 1020/433/1020
f 982/432/982 1022/606/1022 1023/435/1023
f 1020/433/1020 1021/605/1021 980/436/980
f 989/438/989 1025/607/1025 1024/439/1024
f 1023/435/1023 1022/606/1022 983/436/983
f 993/425/993 1027/608/1027 1026/441/1026
f 1024/439/1024 1025/607/1025 988/442/988
f 1030/444/1030 1031/451/1031 1000/436/1000
f 1026/441/1026 1027/608/1027 992/445/992
f 1032/447/1032 1033/453/1033 1004/448/1004
f 1029/450/1029 1028/460/1028 995/434/995
f 1031/451/1031 1030/444/1030 999/434/999
f 1035/452/1035 1034/609/1034 1007/442/1007
f 1033/453/1033 1032/447/1032 1003/454/1003
f 1006/438/1006 1034/609/1034 1035/452/1035
f 1013/431/1013 1037/610/1037 1036/456/1036
f 1036/456/1036 1037/610/1037 1012/427/1012
f 1014/457/1014 1015/463/1015 968/458/968
f 1028/460/1028 1029/450/1029 996/436/996
f 1017/461/1017 1016/423/1016 971/445/971
f 1014/457/1014 967/611/967 969/462/969
f 1042/464/1042 1039/612/1039 1041/465/1041
f 1045/467/1045 1042/464/1042 1043/466/1043
f 1038/469/1038 1045/467/1045 1044/468/1044
f 1050/471/1050 1047/613/1047 1049/472/1049
f 1046/474/1046 1050/471/1050 1051/473/1051
f 1056/471/1056 1053/613/1053 1055/472/1055
f 1052/476/1052 1056/471/1056 1057/473/1057
f 1062/464/1061 1059/612/1059 1061/465/1060
f 1065/467/1064 1062/464/1061 1063/466/1062
f 1058/469/1058 1065/467/1064 1064/468/1063
f 1070/464/1068 1067/612/1066 1069/465/1067
f 1073/467/1071 1070/464/1068 1071/466/1069
f 1066/469/1065 1073/467/1071 1072/468/1070
f 1078/471/1076 1075/613/1073 1077/472/1075
f 1074/474/1072 1078/471/1076 1079/473/1077
f 1084/471/1082 1081/613/1079 1083/472/1081
f 1080/476/1078 1084/471/1082 1085/473/1083
f 1090/464/1088 1087/612/1085 1089/465/1087
f 1093/467/1091 1090/464/1088 1091/466/1089
f 1086/469/1084 1093/467/1091 1092/468/1090
f 1098/464/1096 1095/612/1093 1097/465/1095
f 1104/471/1102 1101/613/1099 1103/472/1101
f 1100/474/1098 1104/471/1102 1105/473/1103
f 1110/471/1108 1107/613/1105 1109/472/1107
f 1106/476/1104 1110/471/1108 1111/473/1109
f 1116/464/1114 1113/612/1111 1115/465/1113
f 1119/467/1117 1116/464/1114 1117/466/1115
f 1112/469/1110 1119/467/1117 1118/468/1116
f 1124/464/1122 1121/612/1119 1123/465/1121
f 1127/467/1125 1124/464/1122 1125/466/1123
f 1120/469/1118 1127/467/1125 1126/468/1124
f 1132/471/1130 1129/613/1127 1131/472/1129
f 1128/474/1126 1132/471/1130 1133/473/1131
f 1138/471/1136 1135/613/1133 1137/472/1135
f 1134/476/1132 1138/471/1136 1139/473/1137
f 1144/464/1142 1141/612/1139 1143/465/1141
f 1147/467/1145 1144/464/1142 1145/466/1143
f 1140/469/1138 1147/467/1145 1146/468/1144
f 1152/464/1150 1149/612/1147 1151/465/1149
f 1158/471/1156 1155/613/1153 1157/472/1155
f 1154/474/1152 1158/471/1156 1159/473/1157
f 1164/471/1162 1161/613/1159 1163/472/1161
f 1160/476/1158 1164/471/1162 1165/473/1163
f 1170/464/1168 1167/612/1165 1169/465/1167
f 1173/467/1171 1170/464/1168 1171/466/1169
f 1166/469/1164 1173/467/1171 1172/468/1170
f 1178/464/1176 1175/612/1173 1177/465/1175
f 1181/467/1179 1178/464/1176 1179/466/1177
f 1174/469/1172 1181/467/1179 1180/468/1178
f 1186/471/1184 1183/613/1181 1185/472/1183
f 1182/474/1180 1186/471/1184 1187/473/1185
f 1192/471/1190 1189/613/1187 1191/472/1189
f 1188/476/1186 1192/471/1190 1193/473/1191
f 1198/477/1196 1195/614/1193 1197/478/1195
f 1201/467/1199 1198/477/1196 1199/479/1197
f 1194/469/1192 1201/467/1199 1200/468/1198
f 1206/471/1204 1203/613/1201 1205/472/1203
f 1202/476/1200 1206/471/1204 1207/473/1205
f 1212/464/1209 1209/612/1207 1211/465/1208
f 1215/467/1212 1212/464/1209 1213/466/1210
f 1208/469/1206 1215/467/1212 1214/468/1211
f 1094/480/1092 1098/464/1096 1099/466/1097
f 1148/469/1146 1152/464/1150 1153/466/1151
f 1246/323/1243 1235/318/1232 1236/320/1233
f 1247/349/1244 1243/326/1240 1242/325/1239
f 1246/323/1243 1231/357/1228 1239/353/1236
f 1682/322/1679 1683/321/1680 1241/324/1238
f 1234/358/1231 1231/357/1228 1232/356/1229
f 1224/338/1221 1221/332/1218 1219/333/1216
f 1264/335/1261 1281/597/1278 1260/336/1257
f 1224/338/1221 1223/334/1220 1679/339/1676
f 1220/340/1217 1225/337/1222 1222/336/1219
f 1227/343/1224 1226/335/1223 1225/337/1222
f 1227/343/1224 1229/365/1226 1224/338/1221
f 1242/325/1239 1241/324/1238 1678/347/1675
f 1678/347/1675 1241/324/1238 1244/328/1241
f 1241/324/1238 1683/321/1680 1680/319/1677
f 1276/310/1273 1280/328/1277 1284/311/1281
f 1274/313/1271 1286/317/1283 1287/314/1284
f 1276/316/1273 1288/320/1285 1286/317/1283
f 1289/318/1286 1271/354/1268 1272/319/1269
f 1287/314/1284 1286/317/1283 1269/321/1266
f 1286/317/1283 1288/320/1285 1272/319/1269
f 1278/323/1275 1289/318/1286 1288/320/1285
f 1270/322/1267 1269/321/1266 1283/324/1280
f 1283/324/1280 1269/321/1266 1272/319/1269
f 1309/335/1306 1326/597/1323 1305/336/1302
f 1262/338/1259 1261/334/1258 1273/339/1270
f 1282/325/1279 1283/324/1280 1274/347/1271
f 1277/349/1274 1281/326/1278 1282/325/1279
f 1274/347/1271 1283/324/1280 1280/328/1277
f 1275/315/1272 1287/314/1284 1273/327/1270
f 1278/312/1275 1284/311/1281 1279/351/1276
f 1278/323/1275 1293/357/1290 1285/353/1282
f 1290/358/1287 1293/357/1290 1292/356/1289
f 1321/310/1318 1325/328/1322 1329/311/1326
f 1319/313/1316 1331/317/1328 1332/314/1329
f 1321/316/1318 1333/320/1330 1331/317/1328
f 1325/328/1322 1317/319/1314 1316/377/1313
f 1332/314/1329 1331/317/1328 1314/321/1311
f 1331/317/1328 1333/320/1330 1317/319/1314
f 1323/323/1320 1334/318/1331 1333/320/1330
f 1315/322/1312 1314/321/1311 1328/324/1325
f 1328/324/1325 1314/321/1311 1317/319/1314
f 1354/335/1351 1372/597/1369 1350/336/1347
f 1307/338/1304 1306/334/1303 1318/339/1315
f 1327/325/1324 1328/324/1325 1319/347/1316
f 1322/349/1319 1326/326/1323 1327/325/1324
f 1317/319/1314 1333/320/1330 1334/318/1331
f 1319/347/1316 1328/324/1325 1325/328/1322
f 1320/315/1317 1332/314/1329 1318/327/1315
f 1323/312/1320 1329/311/1326 1324/351/1321
f 1323/323/1320 1338/357/1335 1330/353/1327
f 1335/358/1332 1338/357/1335 1337/356/1334
f 1367/310/1364 1371/328/1368 1375/311/1372
f 1365/313/1362 1377/317/1374 1378/314/1375
f 1367/316/1364 1379/320/1376 1377/317/1374
f 1371/328/1368 1362/319/1359 1364/377/1361
f 1378/314/1375 1377/317/1374 1359/321/1356
f 1377/317/1374 1379/320/1376 1362/319/1359
f 1369/323/1366 1380/318/1377 1379/320/1376
f 1360/322/1357 1359/321/1356 1374/324/1371
f 1374/324/1371 1359/321/1356 1362/319/1359
f 1352/338/1349 1351/334/1348 1363/339/1360
f 1373/325/1370 1374/324/1371 1365/347/1362
f 1368/349/1365 1372/326/1369 1373/325/1370
f 1362/319/1359 1379/320/1376 1380/318/1377
f 1365/347/1362 1374/324/1371 1371/328/1368
f 1366/315/1363 1378/314/1375 1363/327/1360
f 1369/312/1366 1375/311/1372 1370/351/1367
f 1369/323/1366 1384/357/1381 1376/353/1373
f 1375/311/1372 1364/377/1361 1361/354/1358
f 1380/318/1377 1376/353/1373 1361/354/1358
f 1381/358/1378 1384/357/1381 1383/356/1380
f 1391/482/1388 1393/488/1390 1392/483/1389
f 1396/485/1393 1395/615/1392 1394/486/1391
f 1393/488/1390 1396/485/1393 1397/487/1394
f 1399/489/1396 1401/495/1398 1400/490/1397
f 1404/492/1401 1403/616/1400 1402/493/1399
f 1401/495/1398 1404/492/1401 1405/494/1402
f 1407/496/1404 1409/502/1406 1408/497/1405
f 1412/499/1409 1411/617/1408 1410/500/1407
f 1409/502/1406 1412/499/1409 1413/501/1410
f 1415/489/1412 1417/495/1414 1416/490/1413
f 1420/503/1417 1419/616/1416 1418/493/1415
f 1417/495/1414 1420/503/1417 1421/504/1418
f 1423/482/1420 1425/488/1422 1424/483/1421
f 1428/485/1425 1427/615/1424 1426/486/1423
f 1425/488/1422 1428/485/1425 1429/487/1426
f 1431/482/1428 1433/488/1430 1432/483/1429
f 1436/485/1433 1435/615/1432 1434/486/1431
f 1433/488/1430 1436/485/1433 1437/487/1434
f 1439/505/1436 1441/511/1438 1440/506/1437
f 1444/508/1441 1443/618/1440 1442/509/1439
f 1441/511/1438 1444/508/1441 1445/510/1442
f 1447/496/1444 1449/502/1446 1448/497/1445
f 1452/499/1449 1451/617/1448 1450/500/1447
f 1449/502/1446 1452/499/1449 1453/501/1450
f 1455/512/1452 1457/518/1454 1456/513/1453
f 1460/515/1457 1459/619/1456 1458/516/1455
f 1457/518/1454 1460/515/1457 1461/517/1458
f 1463/482/1460 1465/488/1462 1464/483/1461
f 1468/485/1465 1467/615/1464 1466/486/1463
f 1465/488/1462 1468/485/1465 1469/487/1466
f 1471/482/1468 1473/488/1470 1472/483/1469
f 1476/485/1473 1475/615/1472 1474/486/1471
f 1473/488/1470 1476/485/1473 1477/487/1474
f 1479/482/1476 1481/488/1478 1480/483/1477
f 1484/485/1481 1483/615/1480 1482/486/1479
f 1481/488/1478 1484/485/1481 1485/487/1482
f 1487/505/1484 1489/511/1486 1488/506/1485
f 1492/519/1489 1491/618/1488 1490/509/1487
f 1489/511/1486 1492/519/1489 1493/520/1490
f 1495/496/1492 1497/502/1494 1496/497/1493
f 1500/499/1497 1499/617/1496 1498/500/1495
f 1497/502/1494 1500/499/1497 1501/501/1498
f 1503/482/1500 1505/488/1502 1504/483/1501
f 1508/485/1505 1507/615/1504 1506/486/1503
f 1505/488/1502 1508/485/1505 1509/487/1506
f 1511/489/1508 1513/495/1510 1512/490/1509
f 1516/492/1513 1515/616/1512 1514/493/1511
f 1513/495/1510 1516/492/1513 1517/494/1514
f 1519/505/1516 1521/511/1518 1520/506/1517
f 1524/519/1521 1523/618/1520 1522/509/1519
f 1521/511/1518 1524/519/1521 1525/520/1522
f 1527/496/1524 1529/502/1526 1528/497/1525
f 1532/499/1529 1531/617/1528 1530/500/1527
f 1529/502/1526 1532/499/1529 1533/501/1530
f 1535/482/1532 1537/488/1534 1536/483/1533
f 1540/485/1537 1539/615/1536 1538/486/1535
f 1537/488/1534 1540/485/1537 1541/487/1538
f 1543/496/1540 1545/502/1542 1544/497/1541
f 1548/499/1545 1547/617/1544 1546/500/1543
f 1545/502/1542 1548/499/1545 1549/501/1546
f 1551/489/1548 1553/495/1550 1552/490/1549
f 1556/492/1553 1555/616/1552 1554/493/1551
f 1553/495/1550 1556/492/1553 1557/494/1554
f 1559/482/1556 1561/488/1558 1560/483/1557
f 1564/485/1561 1563/615/1560 1562/486/1559
f 1561/488/1558 1564/485/1561 1565/487/1562
f 1567/482/1564 1569/522/1566 1568/521/1565
f 1572/485/1569 1571/615/1568 1570/486/1567
f 1569/522/1566 1572/485/1569 1573/487/1570
f 1575/496/1572 1577/502/1574 1576/497/1573
f 1580/499/1577 1579/617/1576 1578/500/1575
f 1577/502/1574 1580/499/1577 1581/501/1578
f 1583/496/1580 1585/502/1582 1584/497/1581
f 1588/499/1585 1587/617/1584 1586/500/1583
f 1585/502/1582 1588/499/1585 1589/501/1586
f 1591/482/1588 1593/488/1590 1592/483/1589
f 1596/485/1593 1595/615/1592 1594/486/1591
f 1593/488/1590 1596/485/1593 1597/487/1594
f 1599/496/1596 1601/502/1598 1600/497/1597
f 1604/499/1601 1603/617/1600 1602/500/1599
f 1601/502/1598 1604/499/1601 1605/501/1602
f 1607/482/1604 1609/488/1606 1608/483/1605
f 1612/485/1609 1611/615/1608 1610/486/1607
f 1609/488/1606 1612/485/1609 1613/487/1610
f 1615/489/1612 1617/495/1614 1616/490/1613
f 1620/492/1617 1619/616/1616 1618/493/1615
f 1617/495/1614 1620/492/1617 1621/494/1618
f 1623/523/1620 1625/529/1622 1624/524/1621
f 1628/526/1625 1627/620/1624 1626/527/1623
f 1625/529/1622 1628/526/1625 1629/528/1626
f 1631/482/1628 1633/488/1630 1632/483/1629
f 1636/485/1633 1635/615/1632 1634/486/1631
f 1633/488/1630 1636/485/1633 1637/487/1634
f 1639/496/1636 1641/502/1638 1640/497/1637
f 1644/499/1641 1643/617/1640 1642/500/1639
f 1641/502/1638 1644/499/1641 1645/501/1642
f 1647/530/1644 1649/536/1646 1648/531/1645
f 1652/533/1649 1651/621/1648 1650/534/1647
f 1649/536/1646 1652/533/1649 1653/535/1650
f 1655/489/1652 1657/495/1654 1656/490/1653
f 1660/492/1657 1659/616/1656 1658/493/1655
f 1657/495/1654 1660/492/1657 1661/494/1658
f 1663/482/1660 1665/488/1662 1664/483/1661
f 1668/485/1665 1667/615/1664 1666/486/1663
f 1665/488/1662 1668/485/1665 1669/487/1666
f 1671/482/1668 1673/488/1670 1672/483/1669
f 1676/485/1673 1675/615/1672 1674/486/1671
f 1673/488/1670 1676/485/1673 1677/487/1674
f 878/318/878 865/377/865 862/386/862
f 441/319/441 440/354/440 453/311/453
f 1238/317/1235 1236/320/1233 1680/319/1677
f 1237/314/1234 1238/317/1235 1683/321/1680
f 1249/315/1246 1237/314/1234 1679/327/1676
f 1248/316/1245 1236/320/1233 1238/317/1235
f 1235/318/1232 1681/354/1678 1680/319/1677
f 1248/310/1245 1244/328/1241 1240/311/1237
f 1678/313/1675 1238/317/1235 1237/314/1234
f 1246/312/1243 1240/311/1237 1245/351/1242
f 332/319/332 331/354/331 344/311/344
f 287/319/287 286/354/286 299/311/299
f 377/319/377 376/354/376 389/311/389
f 1691/310/1688 1695/328/1692 1699/311/1696
f 1689/313/1686 1701/317/1698 1702/314/1699
f 1691/316/1688 1703/320/1700 1701/317/1698
f 1704/318/1701 1686/354/1683 1687/319/1684
f 1702/314/1699 1701/317/1698 1684/321/1681
f 1701/317/1698 1703/320/1700 1687/319/1684
f 1693/323/1690 1704/318/1701 1703/320/1700
f 1685/322/1682 1684/321/1681 1698/324/1695
f 1698/324/1695 1684/321/1681 1687/319/1684
f 1697/325/1694 1698/324/1695 1689/347/1686
f 1692/349/1689 1696/326/1693 1697/325/1694
f 1689/347/1686 1698/324/1695 1695/328/1692
f 1690/315/1687 1702/314/1699 1688/327/1685
f 1693/312/1690 1699/311/1696 1694/351/1691
f 1693/323/1690 1708/357/1705 1700/353/1697
f 1705/358/1702 1708/357/1705 1707/356/1704
f 1687/319/1684 1686/354/1683 1699/311/1696
f 531/319/531 530/354/530 543/311/543
f 621/319/621 620/354/620 633/311/633
f 1272/319/1269 1271/354/1268 1284/311/1281
f 1716/310/1713 1720/328/1717 1724/311/1721
f 1714/313/1711 1726/317/1723 1727/314/1724
f 1716/316/1713 1728/320/1725 1726/317/1723
f 1729/318/1726 1711/354/1708 1712/319/1709
f 1727/314/1724 1726/317/1723 1709/321/1706
f 1726/317/1723 1728/320/1725 1712/319/1709
f 1718/323/1715 1729/318/1726 1728/320/1725
f 1710/322/1707 1709/321/1706 1723/324/1720
f 1723/324/1720 1709/321/1706 1712/319/1709
f 1722/325/1719 1723/324/1720 1714/347/1711
f 1717/349/1714 1721/326/1718 1722/325/1719
f 1714/347/1711 1723/324/1720 1720/328/1717
f 1715/315/1712 1727/314/1724 1713/327/1710
f 1718/312/1715 1724/311/1721 1719/351/1716
f 1718/323/1715 1733/357/1730 1725/353/1722
f 1730/358/1727 1733/357/1730 1732/356/1729
f 1712/319/1709 1711/354/1708 1724/311/1721
f 730/319/730 729/354/729 742/311/742
f 1735/489/1732 1737/495/1734 1736/490/1733
f 1740/492/1737 1739/616/1736 1738/493/1735
f 1737/495/1734 1740/492/1737 1741/494/1738
f 1754/388/1751 1757/391/1754 1756/389/1753
f 1748/400/1745 1746/407/1743 1742/401/1739
f 1743/395/1740 1747/398/1744 1748/400/1745
f 1757/391/1754 1754/388/1751 1759/402/1756
f 1753/404/1750 1751/393/1748 1755/405/1752
f 1746/407/1743 1748/400/1745 1751/537/1748
f 1755/405/1752 1761/420/1758 1759/410/1756
f 1759/410/1756 1761/420/1758 1760/411/1757
f 1759/402/1756 1767/417/1764 1762/413/1759
f 1764/418/1761 1767/417/1764 1766/416/1763
f 1680/319/1677 1681/354/1678 1240/311/1237
f 38/158/38 105/163/105 1772/165/1769
f 90/174/90 1775/176/1772 1770/169/1767
f 37/162/37 108/153/108 1775/176/1772
f 91/538/91 1774/172/1771 1769/173/1766
f 39/154/39 107/155/107 1774/539/1771
f 92/540/92 1773/167/1770 1768/168/1765
f 25/541/25 1771/166/1768 1773/167/1770
f 93/177/93 1772/165/1769 1771/166/1768
f 30/67/30 97/73/97 1780/141/1777
f 101/150/101 1783/152/1780 1779/145/1776
f 29/56/29 100/58/100 1783/152/1780
f 102/542/102 1782/148/1779 1778/149/1775
f 31/61/31 99/63/99 1782/543/1779
f 103/160/103 1781/143/1778 1777/144/1774
f 36/164/36 1776/142/1773 1781/143/1778
f 104/179/104 1780/141/1777 1776/142/1773
f 76/107/76 84/114/84 132/124/132
f 1852/544/1849 1853/557/1850 1799/255/1796
f 1844/545/1841 1855/550/1852 1787/271/1784
f 1841/546/1838 1842/547/1839 1788/277/1785
f 1842/547/1839 1843/548/1840 1789/274/1786
f 1843/548/1840 1844/545/1841 1790/280/1787
f 1847/549/1844 1854/558/1851 1785/253/1782
f 1855/550/1852 1845/551/1842 1791/269/1788
f 1845/551/1842 1846/552/1843 1792/266/1789
f 1846/552/1843 1847/549/1844 1793/273/1790
f 1850/553/1847 1841/546/1838 1786/279/1783
f 1840/554/1837 1848/555/1845 1794/261/1791
f 1848/555/1845 1849/556/1846 1795/258/1792
f 1849/556/1846 1850/553/1847 1796/264/1793
f 1853/557/1850 1840/554/1837 1784/263/1781
f 1854/558/1851 1851/559/1848 1797/250/1794
f 1851/559/1848 1852/544/1849 1798/309/1795
f 1823/560/1820 1822/589/1819 1814/561/1811
f 1824/563/1821 1823/560/1820 1813/562/1810
f 1821/565/1818 1819/573/1816 1802/566/1799
f 1817/568/1814 1816/308/1813 1812/569/1809
f 1818/571/1815 1817/568/1814 1811/570/1808
f 1819/573/1816 1818/571/1815 1810/572/1807
f 1816/308/1813 1820/307/1817 1803/574/1800
f 1830/575/1827 1829/582/1826 1809/576/1806
f 1831/578/1828 1830/575/1827 1808/577/1805
f 1828/580/1825 1831/578/1828 1807/579/1804
f 1829/582/1826 1824/563/1821 1800/564/1797
f 1826/583/1823 1825/588/1822 1806/584/1803
f 1827/586/1824 1826/583/1823 1805/585/1802
f 1820/307/1817 1827/586/1824 1804/587/1801
f 1825/588/1822 1828/580/1825 1801/581/1798
f 1822/589/1819 1821/565/1818 1815/567/1812
f 1832/289/1829 1834/286/1831 152/306/152
f 1833/287/1830 1832/289/1829 186/590/186
f 1835/288/1832 1833/287/1830 150/591/150
f 1836/281/1833 1835/288/1832 187/594/187
f 1837/285/1834 1838/284/1835 151/592/151
f 1834/286/1831 1837/285/1834 188/596/188
f 1839/282/1836 1836/281/1833 149/595/149
f 1838/284/1835 1839/282/1836 189/593/189
f 1813/562/1810 1814/561/1811 1852/544/1849
f 1800/564/1797 1813/562/1810 1851/559/1848
f 1815/567/1812 1802/566/1799 1840/554/1837
f 1811/570/1808 1812/569/1809 1850/553/1847
f 1810/572/1807 1811/570/1808 1849/556/1846
f 1802/566/1799 1810/572/1807 1848/555/1845
f 1812/569/1809 1803/574/1800 1841/546/1838
f 1808/577/1805 1809/576/1806 1847/549/1844
f 1807/579/1804 1808/577/1805 1846/552/1843
f 1801/581/1798 1807/579/1804 1845/551/1842
f 1809/576/1806 1800/564/1797 1854/558/1851
f 1805/585/1802 1806/584/1803 1844/545/1841
f 1804/587/1801 1805/585/1802 1843/548/1840
f 1803/574/1800 1804/587/1801 1842/547/1839
f 1806/584/1803 1801/581/1798 1855/550/1852
f 1814/561/1811 1815/567/1812 1853/557/1850
f 236/335/236 253/597/253 232/336/232
f 897/397/897 894/400/894 893/398/893
f 1756/598/1753 1748/400/1745 1747/398/1744
