# Blender 5.2.0 LTS
# www.blender.org
o Cylinder.001
v -0.084057 1.375015 0.798222
v -0.127328 1.375015 0.713962
v 0.000203 1.375015 0.586431
v 0.002909 0.884906 0.598044
v 0.081283 0.884906 0.795042
v 0.121532 0.884906 0.716667
v -0.075466 0.884906 0.795042
v -0.075466 0.884906 0.638293
v 0.084463 1.375015 0.798222
v 0.002909 0.765047 0.716667
v -0.001150 1.511051 0.712609
v -0.006611 0.884906 0.830402
v 0.002909 0.877542 0.828004
v 0.012428 0.884906 0.830402
v 0.002837 0.894959 0.835455
v -0.009317 1.375015 0.836604
v 0.000275 1.364962 0.841329
v 0.009723 1.375015 0.836604
v 0.000128 1.382526 0.834378
v -0.110826 0.884906 0.726187
v -0.116022 0.894956 0.716596
v -0.110826 0.884906 0.707148
v -0.108428 0.877542 0.716667
v 0.122845 1.375015 0.704442
v 0.120619 1.382526 0.713887
v 0.122845 1.375015 0.723482
v 0.127570 1.364962 0.714034
v 0.076320 0.877316 0.643256
v 0.071763 0.884906 0.633404
v 0.081367 0.894958 0.638066
v 0.086172 0.884906 0.647813
v 0.079577 1.382779 0.634433
v 0.089352 1.375015 0.639222
v 0.084379 1.364963 0.629929
v 0.074943 1.375015 0.624813
v -0.079295 1.382829 0.634464
v -0.074537 1.375015 0.624813
v -0.083830 1.364965 0.629929
v -0.088946 1.375015 0.639222
vn 0.6677 -0.6608 0.3429
vn -0.6846 0.6385 0.3516
vn -0.3429 -0.6608 -0.6677
vn -0.0000 -0.3933 0.9194
vn -0.0000 0.3680 0.9298
vn -0.9166 -0.3998 -0.0000
vn 0.9298 0.3680 -0.0000
vn 0.6542 -0.3796 -0.6542
vn 0.6633 0.3465 -0.6633
vn -0.6655 0.3379 -0.6655
vn -0.3429 -0.6608 0.6677
vn -0.4568 -0.0138 0.8895
vn 0.4568 -0.0087 0.8895
vn 0.3429 -0.6608 0.6677
vn -0.3501 0.6424 0.6817
vn 0.3485 0.6465 0.6787
vn -0.8890 -0.0236 -0.4574
vn -0.6677 -0.6608 -0.3429
vn -0.8893 -0.0185 0.4570
vn -0.6677 -0.6608 0.3429
vn 0.6817 0.6424 -0.3501
vn 0.8896 -0.0138 -0.4566
vn 0.8896 -0.0087 0.4567
vn 0.6787 0.6465 0.3485
vn 0.3429 -0.6608 -0.6677
vn 0.4567 -0.0185 -0.8894
vn 0.6677 -0.6608 -0.3429
vn 0.3516 0.6385 -0.6846
vn -0.3532 0.6343 -0.6877
vn -0.4570 -0.0236 -0.8891
vn -0.6877 0.6343 -0.3532
vt 0.088916 0.508390
vt 0.123930 0.634893
vt 0.017751 0.513462
vt 0.689782 0.680700
vt 0.654899 0.508587
vt 0.776002 0.644021
vt 0.596477 0.511225
vt 0.545827 0.636591
vt 0.509092 0.511945
vt 0.173097 0.515050
vt 0.165699 0.507350
vt 0.176315 0.497255
vt 0.182478 0.507818
vt 0.176315 0.140614
vt 0.165699 0.130807
vt 0.173038 0.123790
vt 0.182478 0.131276
vt 0.766308 0.340987
vt 0.770488 0.354644
vt 0.760594 0.358751
vt 0.754621 0.348405
vt 0.363356 0.157144
vt 0.373437 0.161219
vt 0.369377 0.174718
vt 0.357653 0.167618
vt 0.892525 0.335758
vt 0.904552 0.327591
vt 0.912197 0.339807
vt 0.900635 0.345994
vt 0.285828 0.178929
vt 0.276755 0.189304
vt 0.266244 0.179209
vt 0.275697 0.170627
vt 0.513144 0.134492
vt 0.502703 0.144549
vt 0.494037 0.135018
vt 0.504658 0.127202
vt 0.678495 0.338675
vt 0.691062 0.496268
vt 0.608795 0.362678
vt 0.612531 0.352081
vt 0.735343 0.993841
vt 0.722723 0.986548
vt 0.609267 0.696011
vt 0.615556 0.687090
vt 0.803724 0.987954
vt 0.082353 0.131936
vt 0.608795 0.678004
vt 0.116946 0.006159
vt 0.447667 0.515121
vt 0.438862 0.505597
vt 0.427362 0.138465
vt 0.809129 0.390045
vt 0.715972 0.006159
vt 0.809129 0.018066
vt 0.281531 0.006159
vt 0.339216 0.509061
vt 0.327321 0.501989
vt 0.415043 0.497119
vt 0.006159 0.147327
vt 0.014489 0.136773
vt 0.415043 0.123947
vt 0.875245 0.490755
vt 0.821447 0.332508
vt 0.898619 0.006159
vt 0.975772 0.009688
vt 0.983399 0.018754
vt 0.983399 0.365840
vt 0.194797 0.168440
vt 0.539575 0.006159
vt 0.596477 0.133805
vt 0.798504 0.586374
vt 0.803724 0.597092
s 0
usemtl Material.001
f 5/1/1 10/2/1 6/3/1
f 1/4/2 11/5/2 2/6/2
f 4/7/3 10/8/3 8/9/3
f 13/10/4 14/11/4 15/12/4 12/13/4
f 17/14/5 18/15/5 19/16/5 16/17/5
f 21/18/6 22/19/6 23/20/6 20/21/6
f 25/22/7 26/23/7 27/24/7 24/25/7
f 29/26/8 30/27/8 31/28/8 28/29/8
f 33/30/9 34/31/9 35/32/9 32/33/9
f 37/34/10 38/35/10 39/36/10 36/37/10
f 7/38/11 10/39/11 13/40/11 12/41/11
f 12/42/12 15/43/12 17/44/12 16/45/12 1/4/12 7/46/12
f 5/1/13 9/47/13 18/15/13 17/14/13 15/12/13 14/11/13
f 14/11/14 13/10/14 10/2/14 5/1/14
f 16/45/15 19/48/15 11/5/15 1/4/15
f 9/47/16 11/49/16 19/16/16 18/15/16
f 22/50/17 21/51/17 2/52/17 39/36/17 38/35/17 8/9/17
f 8/53/18 10/39/18 23/20/18 22/19/18
f 7/38/19 1/54/19 2/55/19 21/18/19 20/21/19
f 20/21/20 23/20/20 10/39/20 7/38/20
f 33/30/21 32/33/21 11/56/21 25/22/21 24/25/21
f 31/57/22 30/58/22 34/31/22 33/30/22 24/25/22 27/24/22 6/59/22
f 6/3/23 27/60/23 26/61/23 9/47/23 5/1/23
f 26/23/24 25/22/24 11/56/24 9/62/24
f 29/26/25 28/29/25 10/63/25 4/64/25
f 4/64/26 3/65/26 35/66/26 34/67/26 30/27/26 29/26/26
f 6/68/27 10/63/27 28/29/27 31/28/27
f 3/69/28 11/56/28 32/33/28 35/32/28
f 37/34/29 36/37/29 11/70/29 3/71/29
f 8/9/30 38/35/30 37/34/30 3/71/30 4/7/30
f 2/6/31 11/5/31 36/72/31 39/73/31
o Cylinder.004
v 0.000857 1.887878 0.709020
v 0.000857 2.137287 0.709020
v -0.026281 2.003694 0.681882
v -0.013609 1.993345 0.673415
v 0.001338 2.003694 0.670442
v 0.016285 1.993345 0.673415
v 0.028957 2.003694 0.681882
v 0.037424 1.993345 0.694554
v 0.040397 2.003694 0.709501
v 0.037424 1.993345 0.724448
v 0.028957 2.003694 0.737120
v 0.016285 1.993345 0.745587
v 0.001338 2.003694 0.748560
v -0.013609 1.993345 0.745587
v -0.026281 2.003694 0.737120
v -0.034748 1.993345 0.724448
v -0.037721 2.003694 0.709501
v -0.034748 1.993345 0.694554
vn -0.3823 0.2579 -0.8873
vn -0.3572 0.2580 -0.8977
vn 0.3585 0.2602 -0.8965
vn 0.3804 0.2603 -0.8874
vn 0.8876 0.2635 -0.3779
vn 0.8948 0.2635 -0.3604
vn 0.8936 0.2658 0.3618
vn 0.8877 0.2658 0.3760
vn 0.3760 0.2658 0.8877
vn 0.3618 0.2658 0.8936
vn -0.3604 0.2635 0.8948
vn -0.3779 0.2635 0.8876
vn -0.8874 0.2603 0.3804
vn -0.8965 0.2602 0.3585
vn -0.8977 0.2580 -0.3572
vn -0.8873 0.2579 -0.3823
vn -0.6505 -0.3144 -0.6914
vn -0.9483 -0.3160 0.0302
vn -0.9484 -0.3158 -0.0300
vn -0.6464 -0.3196 0.6929
vn -0.6928 -0.3192 0.6466
vn 0.0355 -0.3230 0.9457
vn -0.0353 -0.3228 0.9458
vn 0.6942 -0.3243 0.6425
vn 0.6425 -0.3243 0.6942
vn 0.9458 -0.3228 -0.0353
vn 0.9457 -0.3230 0.0355
vn 0.6466 -0.3192 -0.6928
vn 0.6929 -0.3196 -0.6464
vn -0.0300 -0.3158 -0.9484
vn 0.0302 -0.3160 -0.9483
vn -0.6914 -0.3144 -0.6505
vt 0.289786 0.646305
vt 0.328354 0.521380
vt 0.302400 0.659261
vt 0.318753 0.652416
vt 0.006159 0.768108
vt 0.057299 0.647211
vt 0.013754 0.783712
vt 0.027918 0.779629
vt 0.041430 0.791439
vt 0.057299 0.782386
vt 0.194797 0.642102
vt 0.255491 0.521380
vt 0.202131 0.653125
vt 0.217314 0.645253
vt 0.229946 0.658222
vt 0.246192 0.651521
vt 0.340672 0.641271
vt 0.392636 0.521380
vt 0.348815 0.656921
vt 0.363373 0.652959
vt 0.376938 0.664344
vt 0.392636 0.654987
vt 0.267810 0.642950
vt 0.274830 0.654137
vt 0.278241 0.763237
vt 0.069617 0.765185
vt 0.113825 0.655527
vt 0.121898 0.671509
vt 0.098323 0.658824
vt 0.085531 0.647211
vt 0.069617 0.656143
vt 0.204843 0.762752
vt 0.255491 0.664707
vt 0.427362 0.767398
vt 0.471007 0.657361
vt 0.478364 0.673262
vt 0.456650 0.660867
vt 0.443405 0.648910
vt 0.427362 0.657646
vt 0.328354 0.665429
s 0
usemtl Material.001
f 42/74/32 41/75/32 43/76/32
f 43/76/33 41/75/33 44/77/33
f 44/78/34 41/79/34 45/80/34
f 45/80/35 41/79/35 46/81/35
f 46/81/36 41/79/36 47/82/36
f 47/82/37 41/79/37 48/83/37
f 48/84/38 41/85/38 49/86/38
f 49/86/39 41/85/39 50/87/39
f 50/87/40 41/85/40 51/88/40
f 51/88/41 41/85/41 52/89/41
f 52/90/42 41/91/42 53/92/42
f 53/92/43 41/91/43 54/93/43
f 54/93/44 41/91/44 55/94/44
f 55/94/45 41/91/45 56/95/45
f 56/96/46 41/75/46 57/97/46
f 57/97/47 41/75/47 42/74/47
f 40/98/48 57/97/48 42/74/48
f 40/99/49 56/100/49 57/101/49
f 40/99/50 55/102/50 56/100/50
f 40/99/51 54/103/51 55/102/51
f 40/99/52 53/104/52 54/103/52
f 40/105/53 52/89/53 53/106/53
f 40/105/54 51/88/54 52/89/54
f 40/105/55 50/87/55 51/88/55
f 40/105/56 49/86/56 50/87/56
f 40/107/57 48/108/57 49/109/57
f 40/107/58 47/110/58 48/108/58
f 40/107/59 46/111/59 47/110/59
f 40/107/60 45/112/60 46/111/60
f 40/98/61 44/77/61 45/113/61
f 40/98/62 43/76/62 44/77/62
f 40/98/63 42/74/63 43/76/63
o Cube
v -0.031204 0.409474 0.435374
v 0.000623 0.437749 0.449987
v -0.037376 0.440445 0.375445
v 0.000623 0.474202 0.392891
v 0.000623 0.381199 0.420762
v 0.032451 0.409474 0.435374
v 0.000623 0.406688 0.357999
v 0.038622 0.440445 0.375445
v -0.050561 0.433879 0.390765
v 0.051808 0.433879 0.390765
v 0.000623 0.388408 0.367265
v 0.000623 0.479351 0.414265
v -0.036981 0.437773 0.380616
v 0.038228 0.437773 0.380616
v 0.000623 0.404366 0.363351
v 0.000623 0.471180 0.397881
v 0.000623 0.444215 0.369530
v -0.046497 0.400334 0.480786
v -0.046798 0.438930 0.430883
v -0.046497 0.359605 0.381711
v -0.001384 0.400334 0.480786
v -0.001384 0.379925 0.354623
v -0.001384 0.437914 0.431350
v -0.029159 0.451197 0.414899
v -0.028758 0.379925 0.354623
v -0.046497 0.334375 0.356077
v -0.028758 0.336214 0.328472
v -0.001384 0.336214 0.328472
v -0.001384 0.303497 0.407274
v -0.051474 0.301802 0.406787
v -0.051100 0.330956 0.421167
v -0.052832 0.437914 0.431350
v -0.050977 0.317836 0.413988
v -0.001384 0.328418 0.422301
v -0.051932 0.298502 0.322999
v -0.052832 0.359605 0.381711
v -0.001384 0.299347 0.313036
v -0.052832 0.334375 0.356077
v -0.001384 0.391703 0.484020
v -0.001384 0.315628 0.415156
v -0.030602 0.332700 0.316764
v -0.001384 0.332105 0.306346
v -0.031646 0.344083 0.325753
v -0.001384 0.344796 0.322394
v -0.043537 0.334375 0.356077
v -0.043537 0.359605 0.381711
v -0.027318 0.377764 0.357673
v -0.027869 0.342413 0.327354
v -0.001384 0.377328 0.357921
v -0.001384 0.342269 0.327457
v 0.043730 0.400334 0.480786
v 0.044030 0.438930 0.430883
v 0.043730 0.359605 0.381711
v 0.026392 0.451197 0.414899
v 0.025991 0.379925 0.354623
v 0.043730 0.334375 0.356077
v 0.025991 0.336214 0.328472
v 0.048706 0.301802 0.406787
v 0.048332 0.330956 0.421167
v 0.047115 0.393039 0.483520
v 0.050065 0.437914 0.431350
v 0.048210 0.317836 0.413988
v 0.049165 0.298502 0.322999
v 0.050065 0.359605 0.381711
v 0.050065 0.334375 0.356077
v 0.027835 0.332700 0.316764
v 0.028878 0.344083 0.325753
v 0.040770 0.334375 0.356077
v 0.040770 0.359605 0.381711
v 0.024551 0.377764 0.357673
v 0.025101 0.342413 0.327354
v -0.046725 0.405064 0.409881
v -0.028912 0.420740 0.389168
v -0.052832 0.404470 0.410150
v 0.043957 0.405064 0.409881
v 0.026144 0.420740 0.389168
v 0.050065 0.404470 0.410150
v -0.048735 0.414334 0.409862
v -0.048383 0.440249 0.426079
v -0.001384 0.430708 0.389709
v -0.001384 0.420949 0.389105
v -0.001384 0.454028 0.409878
v -0.001384 0.451565 0.414797
v -0.030525 0.430179 0.389781
v -0.031010 0.453171 0.410010
v -0.056902 0.438121 0.426978
v -0.054375 0.365052 0.461565
v -0.051049 0.365849 0.457108
v -0.050036 0.392677 0.483634
v -0.052832 0.383731 0.482302
v -0.056098 0.413329 0.410144
v -0.001384 0.380987 0.483218
v -0.001384 0.362639 0.458295
v -0.001384 0.360401 0.463141
v 0.045967 0.414334 0.409862
v 0.045616 0.440249 0.426079
v 0.027757 0.430179 0.389781
v 0.028243 0.453171 0.410010
v 0.054135 0.438121 0.426978
v 0.048281 0.365849 0.457108
v 0.051607 0.365052 0.461565
v 0.050065 0.383731 0.482302
v 0.053330 0.413329 0.410144
v -0.275044 0.409474 0.742869
v -0.260431 0.437749 0.711042
v -0.334973 0.440445 0.749040
v -0.317527 0.474202 0.711042
v -0.289656 0.381199 0.711042
v -0.275044 0.409474 0.679214
v -0.352419 0.406688 0.711042
v -0.334973 0.440445 0.673043
v -0.319653 0.433879 0.762226
v -0.319653 0.433879 0.659857
v -0.343153 0.388408 0.711042
v -0.296153 0.479351 0.711042
v -0.329802 0.437773 0.748646
v -0.329802 0.437773 0.673437
v -0.347067 0.404366 0.711042
v -0.312537 0.471180 0.711042
v -0.340888 0.444215 0.711042
v -0.229632 0.400334 0.758162
v -0.279535 0.438930 0.758463
v -0.328707 0.359605 0.758162
v -0.229632 0.400334 0.713049
v -0.355795 0.379925 0.713049
v -0.279068 0.437914 0.713049
v -0.295519 0.451197 0.740824
v -0.355795 0.379925 0.740423
v -0.354341 0.334375 0.758162
v -0.381946 0.336214 0.740423
v -0.381946 0.336214 0.713049
v -0.303144 0.303497 0.713049
v -0.303631 0.301802 0.763139
v -0.289251 0.330956 0.762765
v -0.279068 0.437914 0.764497
v -0.296430 0.317836 0.762642
v -0.288117 0.328418 0.713049
v -0.387419 0.298502 0.763597
v -0.328707 0.359605 0.764497
v -0.397382 0.299347 0.713049
v -0.354341 0.334375 0.764497
v -0.226398 0.391703 0.713049
v -0.295262 0.315628 0.713049
v -0.393654 0.332700 0.742267
v -0.404072 0.332105 0.713049
v -0.384665 0.344083 0.743311
v -0.388024 0.344796 0.713049
v -0.354341 0.334375 0.755202
v -0.328707 0.359605 0.755202
v -0.352745 0.377764 0.738983
v -0.383064 0.342413 0.739534
v -0.352497 0.377328 0.713049
v -0.382961 0.342269 0.713049
v -0.229632 0.400334 0.667935
v -0.279535 0.438930 0.667635
v -0.328707 0.359605 0.667935
v -0.295519 0.451197 0.685273
v -0.355795 0.379925 0.685674
v -0.354341 0.334375 0.667935
v -0.381946 0.336214 0.685674
v -0.303631 0.301802 0.662959
v -0.289251 0.330956 0.663333
v -0.226898 0.393039 0.664550
v -0.279068 0.437914 0.661600
v -0.296430 0.317836 0.663455
v -0.387419 0.298502 0.662500
v -0.328707 0.359605 0.661600
v -0.354341 0.334375 0.661600
v -0.393654 0.332700 0.683830
v -0.384665 0.344083 0.682787
v -0.354341 0.334375 0.670895
v -0.328707 0.359605 0.670895
v -0.352745 0.377764 0.687114
v -0.383064 0.342413 0.686564
v -0.300537 0.405064 0.758390
v -0.321250 0.420740 0.740577
v -0.300268 0.404470 0.764497
v -0.300537 0.405064 0.667708
v -0.321250 0.420740 0.685521
v -0.300268 0.404470 0.661600
v -0.300556 0.414334 0.760400
v -0.284339 0.440249 0.760048
v -0.320709 0.430708 0.713049
v -0.321313 0.420949 0.713049
v -0.300540 0.454028 0.713049
v -0.295621 0.451565 0.713049
v -0.320637 0.430179 0.742190
v -0.300408 0.453171 0.742675
v -0.283440 0.438121 0.768567
v -0.248853 0.365052 0.766040
v -0.253310 0.365849 0.762714
v -0.226784 0.392677 0.761701
v -0.228116 0.383731 0.764497
v -0.300274 0.413329 0.767763
v -0.227200 0.380987 0.713049
v -0.252123 0.362639 0.713049
v -0.247277 0.360401 0.713049
v -0.300556 0.414334 0.665698
v -0.284339 0.440249 0.666049
v -0.320637 0.430179 0.683908
v -0.300408 0.453171 0.683422
v -0.283440 0.438121 0.657530
v -0.253310 0.365849 0.663384
v -0.248853 0.365052 0.660058
v -0.228116 0.383731 0.661600
v -0.300274 0.413329 0.658335
v 0.032451 0.409474 0.986709
v 0.000624 0.437749 0.972096
v 0.038622 0.440445 1.046638
v 0.000624 0.474202 1.029192
v 0.000624 0.381199 1.001322
v -0.031204 0.409474 0.986709
v 0.000624 0.406688 1.064084
v -0.037375 0.440445 1.046638
v 0.051808 0.433879 1.031318
v -0.050561 0.433879 1.031318
v 0.000624 0.388408 1.054818
v 0.000624 0.479351 1.007818
v 0.038228 0.437773 1.041467
v -0.036981 0.437773 1.041467
v 0.000624 0.404366 1.058732
v 0.000624 0.471180 1.024202
v 0.000624 0.444215 1.052553
v 0.047744 0.400334 0.941297
v 0.048045 0.438930 0.991200
v 0.047744 0.359605 1.040372
v 0.002631 0.400334 0.941297
v 0.002631 0.379925 1.067460
v 0.002631 0.437914 0.990733
v 0.030406 0.451197 1.007184
v 0.030005 0.379925 1.067460
v 0.047744 0.334375 1.066006
v 0.030005 0.336214 1.093611
v 0.002631 0.336214 1.093611
v 0.002631 0.303497 1.014809
v 0.052721 0.301802 1.015296
v 0.052347 0.330956 1.000916
v 0.054079 0.437914 0.990733
v 0.052224 0.317836 1.008095
v 0.002631 0.328418 0.999782
v 0.053179 0.298502 1.099084
v 0.054079 0.359605 1.040372
v 0.002631 0.299347 1.109047
v 0.054079 0.334375 1.066006
v 0.002631 0.391703 0.938063
v 0.002631 0.315628 1.006927
v 0.031849 0.332700 1.105319
v 0.002631 0.332105 1.115737
v 0.032893 0.344083 1.096330
v 0.002631 0.344796 1.099689
v 0.044784 0.334375 1.066006
v 0.044784 0.359605 1.040372
v 0.028565 0.377764 1.064410
v 0.029116 0.342413 1.094728
v 0.002631 0.377328 1.064162
v 0.002631 0.342269 1.094626
v -0.042483 0.400334 0.941297
v -0.042783 0.438930 0.991200
v -0.042483 0.359605 1.040372
v -0.025145 0.451197 1.007184
v -0.024744 0.379925 1.067460
v -0.042483 0.334375 1.066006
v -0.024744 0.336214 1.093611
v -0.047459 0.301802 1.015296
v -0.047085 0.330956 1.000916
v -0.045868 0.393039 0.938563
v -0.048818 0.437914 0.990733
v -0.046963 0.317836 1.008095
v -0.047918 0.298502 1.099084
v -0.048818 0.359605 1.040372
v -0.048818 0.334375 1.066006
v -0.026588 0.332700 1.105319
v -0.027631 0.344083 1.096330
v -0.039523 0.334375 1.066006
v -0.039523 0.359605 1.040372
v -0.023304 0.377764 1.064410
v -0.023854 0.342413 1.094729
v 0.047972 0.405064 1.012202
v 0.030159 0.420740 1.032915
v 0.054079 0.404470 1.011933
v -0.042710 0.405064 1.012202
v -0.024897 0.420740 1.032915
v -0.048818 0.404470 1.011933
v 0.049982 0.414334 1.012221
v 0.049630 0.440249 0.996004
v 0.002631 0.430708 1.032374
v 0.002631 0.420949 1.032978
v 0.002631 0.454028 1.012205
v 0.002631 0.451565 1.007286
v 0.031772 0.430179 1.032302
v 0.032257 0.453171 1.012073
v 0.058149 0.438121 0.995105
v 0.055622 0.365052 0.960518
v 0.052296 0.365849 0.964975
v 0.051283 0.392677 0.938449
v 0.054079 0.383731 0.939781
v 0.057345 0.413329 1.011939
v 0.002631 0.380987 0.938865
v 0.002631 0.362639 0.963788
v 0.002631 0.360401 0.958942
v -0.044720 0.414334 1.012221
v -0.044369 0.440249 0.996004
v -0.026510 0.430179 1.032302
v -0.026996 0.453171 1.012073
v -0.052888 0.438121 0.995105
v -0.047034 0.365849 0.964975
v -0.050360 0.365052 0.960518
v -0.048818 0.383731 0.939781
v -0.052083 0.413329 1.011939
v 0.276291 0.409474 0.679214
v 0.261678 0.437749 0.711042
v 0.336220 0.440445 0.673043
v 0.318774 0.474202 0.711042
v 0.290903 0.381199 0.711041
v 0.276291 0.409474 0.742869
v 0.353666 0.406688 0.711042
v 0.336220 0.440445 0.749040
v 0.320900 0.433879 0.659857
v 0.320900 0.433879 0.762226
v 0.344400 0.388408 0.711042
v 0.297400 0.479351 0.711042
v 0.331049 0.437773 0.673437
v 0.331049 0.437773 0.748646
v 0.348314 0.404366 0.711042
v 0.313784 0.471180 0.711042
v 0.342135 0.444215 0.711042
v 0.230879 0.400334 0.663921
v 0.280782 0.438930 0.663620
v 0.329954 0.359605 0.663921
v 0.230879 0.400334 0.709034
v 0.357042 0.379925 0.709034
v 0.280315 0.437914 0.709034
v 0.296766 0.451197 0.681259
v 0.357042 0.379925 0.681660
v 0.355588 0.334375 0.663921
v 0.383193 0.336214 0.681660
v 0.383193 0.336214 0.709034
v 0.304391 0.303497 0.709034
v 0.304878 0.301802 0.658944
v 0.290498 0.330956 0.659318
v 0.280315 0.437914 0.657586
v 0.297677 0.317836 0.659441
v 0.289364 0.328418 0.709034
v 0.388666 0.298502 0.658486
v 0.329954 0.359605 0.657586
v 0.398629 0.299347 0.709034
v 0.355588 0.334375 0.657586
v 0.227645 0.391703 0.709034
v 0.296509 0.315628 0.709034
v 0.394901 0.332700 0.679816
v 0.405319 0.332105 0.709034
v 0.385912 0.344083 0.678772
v 0.389271 0.344796 0.709034
v 0.355588 0.334375 0.666881
v 0.329954 0.359605 0.666881
v 0.353992 0.377764 0.683100
v 0.384310 0.342413 0.682549
v 0.353744 0.377328 0.709034
v 0.384208 0.342269 0.709034
v 0.230879 0.400334 0.754148
v 0.280782 0.438930 0.754448
v 0.329954 0.359605 0.754148
v 0.296766 0.451197 0.736810
v 0.357042 0.379925 0.736409
v 0.355588 0.334375 0.754148
v 0.383193 0.336214 0.736409
v 0.304878 0.301802 0.759124
v 0.290498 0.330956 0.758750
v 0.228145 0.393039 0.757533
v 0.280315 0.437914 0.760483
v 0.297677 0.317836 0.758628
v 0.388666 0.298502 0.759583
v 0.329954 0.359605 0.760483
v 0.355588 0.334375 0.760483
v 0.394901 0.332700 0.738253
v 0.385912 0.344083 0.739296
v 0.355588 0.334375 0.751188
v 0.329954 0.359605 0.751188
v 0.353992 0.377764 0.734969
v 0.384310 0.342413 0.735519
v 0.301784 0.405064 0.663693
v 0.322497 0.420740 0.681506
v 0.301515 0.404470 0.657586
v 0.301784 0.405064 0.754375
v 0.322497 0.420740 0.736562
v 0.301515 0.404470 0.760483
v 0.301803 0.414334 0.661683
v 0.285586 0.440249 0.662035
v 0.321956 0.430708 0.709034
v 0.322560 0.420949 0.709034
v 0.301787 0.454028 0.709034
v 0.296868 0.451565 0.709034
v 0.321884 0.430179 0.679893
v 0.301655 0.453171 0.679408
v 0.284687 0.438121 0.653516
v 0.250100 0.365052 0.656043
v 0.254557 0.365849 0.659369
v 0.228031 0.392677 0.660382
v 0.229363 0.383731 0.657586
v 0.301521 0.413329 0.654320
v 0.228447 0.380987 0.709034
v 0.253370 0.362639 0.709034
v 0.248524 0.360401 0.709034
v 0.301803 0.414334 0.756385
v 0.285586 0.440249 0.756034
v 0.321884 0.430179 0.738175
v 0.301655 0.453171 0.738661
v 0.284687 0.438121 0.764553
v 0.254557 0.365849 0.758699
v 0.250100 0.365052 0.762025
v 0.229363 0.383731 0.760483
v 0.301521 0.413329 0.763748
v -0.202947 0.539717 0.500085
v -0.109572 0.539717 0.438815
v 0.104544 0.539717 0.437209
v 0.206972 0.539717 0.511918
v -0.109572 0.533683 0.438815
v -0.109572 0.486465 0.438815
v -0.114623 0.518358 0.425258
v -0.114623 0.501790 0.425258
v 0.104544 0.533683 0.437209
v 0.104544 0.486465 0.437209
v 0.110769 0.518358 0.423568
v 0.110769 0.501790 0.423568
v 0.206972 0.533683 0.511918
v 0.206972 0.486465 0.511918
v 0.217839 0.518358 0.501432
v 0.217839 0.501790 0.501432
v -0.202947 0.486465 0.500085
v -0.202947 0.533683 0.500085
v -0.212915 0.501790 0.489755
v -0.212915 0.518358 0.489755
v 0.206972 0.450503 0.511918
v 0.206972 0.412481 0.511918
v 0.218087 0.438171 0.501192
v 0.218087 0.424814 0.501192
v 0.104544 0.412481 0.437209
v 0.104544 0.450503 0.437209
v 0.110912 0.424814 0.423256
v 0.110912 0.438171 0.423256
v -0.202947 0.450503 0.500085
v -0.202947 0.412481 0.500085
v -0.213143 0.438171 0.489519
v -0.213143 0.424814 0.489519
v -0.109572 0.412481 0.438815
v -0.109572 0.450503 0.438815
v -0.114739 0.424814 0.424949
v -0.114739 0.438171 0.424949
v -0.202947 0.380867 0.500085
v -0.109572 0.380867 0.438815
v 0.104544 0.380867 0.437209
v 0.206972 0.380867 0.511918
v 0.000623 0.354507 0.711042
v 0.054601 0.539717 0.427576
v -0.058765 0.539717 0.428426
v -0.058787 0.533683 0.428431
v 0.054623 0.533683 0.427580
v 0.054673 0.486465 0.427590
v -0.058837 0.486465 0.428441
v 0.055277 0.518358 0.412864
v -0.058170 0.518358 0.413715
v 0.055293 0.501790 0.412867
v -0.058187 0.501790 0.413718
v -0.058853 0.450503 0.428444
v 0.054688 0.450503 0.427593
v 0.054718 0.412481 0.427598
v -0.058883 0.412481 0.428451
v 0.055350 0.438171 0.412539
v -0.058216 0.438171 0.413391
v 0.055360 0.424814 0.412541
v -0.058226 0.424814 0.413393
v -0.058890 0.380867 0.428452
v 0.054724 0.380867 0.427600
v 0.055218 0.538662 0.413293
v -0.058148 0.538662 0.414144
v -0.058170 0.532628 0.414148
v 0.055239 0.532628 0.413297
v 0.055893 0.517303 0.398581
v -0.057554 0.517303 0.399432
v 0.055909 0.500735 0.398584
v -0.057570 0.500735 0.399435
v 0.055289 0.485410 0.413307
v -0.058221 0.485410 0.414159
v -0.058237 0.449448 0.414162
v 0.055305 0.449448 0.413310
v 0.055967 0.437116 0.398256
v -0.057599 0.437116 0.399108
v 0.055976 0.423759 0.398258
v -0.057609 0.423759 0.399110
v 0.055334 0.411426 0.413316
v -0.058267 0.411426 0.414168
v -0.058274 0.379812 0.414169
v 0.055341 0.379812 0.413317
v -0.185322 0.579879 0.518350
v -0.196258 0.572825 0.507017
v -0.073451 0.583974 0.555044
v -0.110175 0.572825 0.452784
v 0.071498 0.583974 0.550274
v 0.103941 0.572825 0.451178
v 0.199680 0.572825 0.518955
v 0.187758 0.579879 0.530459
v 0.029788 0.583974 0.537886
v 0.053993 0.572824 0.441543
v -0.059362 0.572824 0.442394
v -0.028828 0.583974 0.537917
v -0.060558 0.579512 0.430501
v -0.058745 0.571769 0.428111
v 0.054609 0.571769 0.427261
v 0.054728 0.579512 0.429775
v -0.183918 0.356001 0.519804
v -0.096494 0.356004 0.462435
v 0.089418 0.356004 0.461041
v 0.186228 0.356001 0.531936
v -0.056739 0.355260 0.451548
v 0.050578 0.355260 0.450743
v 0.054296 0.356477 0.437714
v -0.059335 0.356477 0.438567
v -0.096126 0.579879 0.464075
v -0.113756 0.583974 0.592511
v 0.088908 0.579879 0.462687
v -0.051568 0.579879 0.454746
v 0.119418 0.583974 0.596407
v 0.045127 0.579879 0.454021
v -0.113756 0.608543 0.592511
v 0.119418 0.608543 0.596407
v -0.073451 0.608543 0.555044
v 0.071498 0.608543 0.550274
v -0.028828 0.608543 0.537917
v 0.029788 0.608543 0.537886
v -0.091398 0.632543 0.615681
v 0.096349 0.632543 0.618667
v -0.064960 0.632543 0.591621
v 0.059986 0.632543 0.588727
v -0.026670 0.632543 0.577330
v 0.023109 0.632543 0.574501
v -0.115626 0.632543 0.590574
v 0.121563 0.632543 0.594336
v -0.075961 0.632543 0.554059
v 0.074291 0.632543 0.549249
v -0.029875 0.632543 0.536355
v 0.031165 0.632543 0.536306
v -0.064857 0.644469 0.643185
v 0.060115 0.644469 0.653633
v -0.058219 0.644469 0.637069
v 0.035399 0.644469 0.628380
v -0.027040 0.644469 0.618045
v 0.013688 0.644469 0.615694
v -0.091398 0.644469 0.615681
v 0.096349 0.644469 0.618667
v -0.064960 0.644469 0.591621
v 0.059986 0.644469 0.588727
v -0.026670 0.644469 0.577330
v 0.023109 0.644469 0.574501
v -0.056047 0.703440 0.652315
v 0.048602 0.703440 0.664743
v -0.050191 0.703440 0.648321
v 0.024040 0.703440 0.641288
v -0.023434 0.703440 0.631552
v 0.007104 0.703440 0.630771
v -0.064857 0.693315 0.643185
v 0.060115 0.693315 0.653633
v -0.058219 0.693315 0.637069
v 0.035399 0.693315 0.628380
v -0.027040 0.693315 0.618045
v 0.013688 0.693315 0.615694
v -0.035645 0.765297 0.673457
v 0.025898 0.765297 0.686652
v -0.031927 0.765297 0.669228
v 0.008403 0.765297 0.668682
v -0.013793 0.765297 0.659333
v -0.001416 0.765297 0.661828
v -0.059883 0.735755 0.648339
v -0.063427 0.725370 0.644667
v -0.063906 0.735303 0.644170
v 0.060170 0.725501 0.653580
v 0.058909 0.736153 0.654797
v 0.062264 0.735473 0.651559
v -0.057831 0.736136 0.645546
v -0.060538 0.725166 0.643885
v -0.060216 0.735360 0.641167
v 0.035957 0.725223 0.634000
v 0.038141 0.736087 0.634973
v 0.042498 0.735362 0.632467
v -0.024539 0.736061 0.627824
v -0.026938 0.724984 0.625600
v -0.028120 0.735278 0.623800
v 0.011228 0.725014 0.623430
v 0.013432 0.736014 0.625387
v 0.014535 0.735272 0.621171
v -0.042707 0.765297 0.666138
v 0.038925 0.765297 0.674081
v -0.037617 0.765297 0.663424
v 0.019052 0.765297 0.656438
v -0.014693 0.765297 0.649189
v 0.005286 0.765297 0.650575
v -0.035645 0.758301 0.673457
v 0.000623 0.758301 0.711042
v 0.025898 0.758301 0.686652
v -0.031927 0.758301 0.669228
v 0.008403 0.758301 0.668682
v -0.013793 0.758301 0.659333
v -0.001416 0.758301 0.661828
v -0.267504 0.539717 0.591218
v -0.276737 0.539717 0.805141
v -0.205725 0.539717 0.910165
v -0.267504 0.533683 0.591218
v -0.267504 0.486465 0.591218
v -0.280873 0.518358 0.585687
v -0.280873 0.501790 0.585687
v -0.276737 0.533683 0.805141
v -0.276737 0.486465 0.805141
v -0.290592 0.518358 0.810876
v -0.290592 0.501790 0.810876
v -0.205725 0.533683 0.910165
v -0.205725 0.486465 0.910165
v -0.216592 0.518358 0.920651
v -0.216592 0.501790 0.920651
v -0.205725 0.450503 0.910165
v -0.205725 0.412481 0.910165
v -0.216840 0.438171 0.920891
v -0.216840 0.424814 0.920891
v -0.276737 0.412481 0.805141
v -0.276737 0.450503 0.805141
v -0.290908 0.424814 0.811007
v -0.290908 0.438171 0.811007
v -0.267504 0.412481 0.591218
v -0.267504 0.450503 0.591218
v -0.281178 0.424814 0.585561
v -0.281178 0.438171 0.585561
v -0.267504 0.380867 0.591218
v -0.276737 0.380867 0.805141
v -0.205725 0.380867 0.910165
v -0.284585 0.539717 0.754886
v -0.279697 0.539717 0.641623
v -0.279691 0.533683 0.641601
v -0.284582 0.533683 0.754908
v -0.284574 0.486465 0.754958
v -0.279679 0.486465 0.641550
v -0.299312 0.518358 0.755037
v -0.294420 0.518358 0.641693
v -0.299310 0.501790 0.755053
v -0.294416 0.501790 0.641677
v -0.279675 0.450503 0.641535
v -0.284572 0.450503 0.754974
v -0.284567 0.412481 0.755004
v -0.279668 0.412481 0.641505
v -0.299639 0.438171 0.755099
v -0.294742 0.438171 0.641636
v -0.299638 0.424814 0.755109
v -0.294740 0.424814 0.641626
v -0.279667 0.380867 0.641498
v -0.284566 0.380867 0.755010
v -0.298881 0.538662 0.754994
v -0.293992 0.538662 0.641730
v -0.293987 0.532628 0.641708
v -0.298877 0.532628 0.755015
v -0.313608 0.517303 0.755145
v -0.308716 0.517303 0.641800
v -0.313605 0.500735 0.755161
v -0.308712 0.500735 0.641784
v -0.298870 0.485410 0.755066
v -0.293975 0.485410 0.641658
v -0.293971 0.449448 0.641642
v -0.298867 0.449448 0.755081
v -0.313935 0.437116 0.755207
v -0.309037 0.437116 0.641743
v -0.313933 0.423759 0.755216
v -0.309035 0.423759 0.641733
v -0.298862 0.411426 0.755111
v -0.293964 0.411426 0.641612
v -0.293962 0.379812 0.641605
v -0.298861 0.379812 0.755118
v -0.152636 0.583974 0.631456
v -0.253523 0.572825 0.591113
v -0.162567 0.583974 0.776144
v -0.262756 0.572825 0.805036
v -0.198433 0.572825 0.903128
v -0.186511 0.579879 0.891624
v -0.173461 0.583974 0.734018
v -0.270605 0.572824 0.754776
v -0.265717 0.572824 0.641524
v -0.171342 0.583974 0.675441
v -0.277559 0.579512 0.639905
v -0.280012 0.571769 0.641631
v -0.284900 0.571769 0.754883
v -0.282392 0.579512 0.755091
v -0.244365 0.356004 0.605129
v -0.252382 0.356004 0.790873
v -0.184981 0.356001 0.890147
v -0.256662 0.355260 0.644471
v -0.261289 0.355260 0.751691
v -0.274442 0.356477 0.754943
v -0.269542 0.356477 0.641414
v -0.242739 0.579879 0.605555
v -0.250718 0.579879 0.790423
v -0.253650 0.579879 0.649752
v -0.118171 0.583974 0.825676
v -0.257819 0.579879 0.746360
v -0.118171 0.608543 0.825676
v -0.152636 0.608543 0.631456
v -0.162567 0.608543 0.776144
v -0.171342 0.608543 0.675441
v -0.173461 0.608543 0.734018
v -0.095102 0.632543 0.803416
v -0.116384 0.632543 0.641245
v -0.123728 0.632543 0.766009
v -0.132031 0.632543 0.679002
v -0.136631 0.632543 0.728649
v -0.120316 0.632543 0.827747
v -0.153531 0.632543 0.628913
v -0.163691 0.632543 0.778898
v -0.172866 0.632543 0.674339
v -0.175089 0.632543 0.735339
v -0.058868 0.644469 0.768450
v -0.071206 0.644469 0.649601
v -0.083225 0.644469 0.742850
v -0.091328 0.644469 0.680083
v -0.095129 0.644469 0.720700
v -0.095102 0.644469 0.803416
v -0.116384 0.644469 0.641245
v -0.123728 0.644469 0.766009
v -0.132031 0.644469 0.679002
v -0.136631 0.644469 0.728649
v -0.047355 0.703440 0.757340
v -0.060247 0.703440 0.658025
v -0.069920 0.703440 0.731958
v -0.077958 0.703440 0.684167
v -0.079827 0.703440 0.714658
v -0.058868 0.693315 0.768450
v -0.071206 0.693315 0.649601
v -0.083225 0.693315 0.742850
v -0.091328 0.693315 0.680083
v -0.095129 0.693315 0.720700
v -0.024651 0.765297 0.735431
v -0.040003 0.765297 0.677022
v -0.041986 0.765297 0.717307
v -0.050538 0.765297 0.694793
v -0.048487 0.765297 0.707250
v -0.058923 0.725501 0.768503
v -0.057662 0.736153 0.767286
v -0.061017 0.735473 0.770524
v -0.062748 0.736136 0.650291
v -0.064311 0.725166 0.647526
v -0.067039 0.735360 0.647751
v -0.077627 0.725223 0.743608
v -0.076733 0.736087 0.745825
v -0.079393 0.735362 0.750090
v -0.081645 0.736061 0.682930
v -0.083782 0.724984 0.680453
v -0.085538 0.735278 0.679208
v -0.087310 0.725014 0.718518
v -0.085433 0.736014 0.720790
v -0.089686 0.735272 0.721743
v -0.037678 0.765297 0.748002
v -0.045602 0.765297 0.671129
v -0.054602 0.765297 0.727513
v -0.060644 0.765297 0.693532
v -0.059970 0.765297 0.713547
v -0.024651 0.758301 0.735431
v -0.040003 0.758301 0.677022
v -0.041986 0.758301 0.717307
v -0.050538 0.758301 0.694793
v -0.048487 0.758301 0.707250
v 0.204194 0.539717 0.921998
v 0.268751 0.539717 0.830865
v 0.277984 0.539717 0.616942
v 0.268751 0.533683 0.830865
v 0.268751 0.486465 0.830865
v 0.282120 0.518358 0.836396
v 0.282120 0.501790 0.836396
v 0.277984 0.533683 0.616942
v 0.277984 0.486465 0.616942
v 0.291839 0.518358 0.611207
v 0.291839 0.501790 0.611207
v 0.204194 0.486465 0.921998
v 0.204194 0.533683 0.921998
v 0.214162 0.501790 0.932328
v 0.214162 0.518358 0.932328
v 0.277984 0.412481 0.616942
v 0.277984 0.450503 0.616942
v 0.292155 0.424814 0.611076
v 0.292155 0.438171 0.611076
v 0.204194 0.450503 0.921998
v 0.204194 0.412481 0.921998
v 0.214390 0.438171 0.932564
v 0.214390 0.424814 0.932564
v 0.268751 0.412481 0.830865
v 0.268751 0.450503 0.830865
v 0.282425 0.424814 0.836522
v 0.282425 0.438171 0.836522
v 0.204194 0.380867 0.921998
v 0.268751 0.380867 0.830865
v 0.277984 0.380867 0.616942
v 0.285832 0.539717 0.667197
v 0.280944 0.539717 0.780460
v 0.280938 0.533683 0.780482
v 0.285829 0.533683 0.667175
v 0.285821 0.486465 0.667125
v 0.280926 0.486465 0.780533
v 0.300559 0.518358 0.667046
v 0.295667 0.518358 0.780390
v 0.300556 0.501790 0.667030
v 0.295663 0.501790 0.780406
v 0.280922 0.450503 0.780548
v 0.285818 0.450503 0.667109
v 0.285814 0.412481 0.667079
v 0.280915 0.412481 0.780578
v 0.300886 0.438171 0.666984
v 0.295989 0.438171 0.780447
v 0.300885 0.424814 0.666974
v 0.295987 0.424814 0.780457
v 0.280913 0.380867 0.780585
v 0.285813 0.380867 0.667073
v 0.300128 0.538662 0.667089
v 0.295239 0.538662 0.780353
v 0.295234 0.532628 0.780375
v 0.300124 0.532628 0.667068
v 0.314855 0.517303 0.666938
v 0.309962 0.517303 0.780283
v 0.314852 0.500735 0.666922
v 0.309959 0.500735 0.780299
v 0.300116 0.485410 0.667017
v 0.295222 0.485410 0.780425
v 0.295218 0.449448 0.780441
v 0.300114 0.449448 0.667002
v 0.315182 0.437116 0.666876
v 0.310284 0.437116 0.780340
v 0.315180 0.423759 0.666867
v 0.310282 0.423759 0.780350
v 0.300109 0.411426 0.666972
v 0.295211 0.411426 0.780471
v 0.295209 0.379812 0.780478
v 0.300108 0.379812 0.666965
v 0.186569 0.579879 0.903733
v 0.197505 0.572825 0.915066
v 0.153883 0.583974 0.790627
v 0.254770 0.572825 0.830970
v 0.163814 0.583974 0.645939
v 0.264003 0.572825 0.617047
v 0.174708 0.583974 0.688065
v 0.271852 0.572824 0.667307
v 0.266964 0.572824 0.780559
v 0.172589 0.583974 0.746642
v 0.278806 0.579512 0.782178
v 0.281259 0.571769 0.780452
v 0.286147 0.571769 0.667200
v 0.283639 0.579512 0.666992
v 0.185165 0.356001 0.902279
v 0.245612 0.356004 0.816954
v 0.253629 0.356004 0.631210
v 0.257908 0.355260 0.777612
v 0.262536 0.355260 0.670392
v 0.275689 0.356477 0.667140
v 0.270789 0.356477 0.780669
v 0.243986 0.579879 0.816528
v 0.115003 0.583974 0.829572
v 0.251965 0.579879 0.631660
v 0.254897 0.579879 0.772331
v 0.259066 0.579879 0.675723
v 0.115003 0.608543 0.829572
v 0.153883 0.608543 0.790627
v 0.163814 0.608543 0.645939
v 0.172589 0.608543 0.746642
v 0.174708 0.608543 0.688065
v 0.092645 0.632543 0.806402
v 0.117631 0.632543 0.780838
v 0.124975 0.632543 0.656074
v 0.133278 0.632543 0.743081
v 0.137878 0.632543 0.693434
v 0.116873 0.632543 0.831509
v 0.154778 0.632543 0.793170
v 0.164938 0.632543 0.643185
v 0.174113 0.632543 0.747744
v 0.176336 0.632543 0.686745
v 0.066104 0.644469 0.778898
v 0.072453 0.644469 0.772482
v 0.084471 0.644469 0.679233
v 0.092575 0.644469 0.742000
v 0.096376 0.644469 0.701383
v 0.092645 0.644469 0.806402
v 0.117631 0.644469 0.780838
v 0.124975 0.644469 0.656074
v 0.133278 0.644469 0.743081
v 0.137878 0.644469 0.693434
v 0.057294 0.703440 0.769768
v 0.061494 0.703440 0.764058
v 0.071167 0.703440 0.690125
v 0.079205 0.703440 0.737916
v 0.081074 0.703440 0.707425
v 0.066104 0.693315 0.778898
v 0.072453 0.693315 0.772482
v 0.084471 0.693315 0.679233
v 0.092575 0.693315 0.742000
v 0.096376 0.693315 0.701383
v 0.036892 0.765297 0.748626
v 0.041250 0.765297 0.745061
v 0.043233 0.765297 0.704776
v 0.051785 0.765297 0.727291
v 0.049734 0.765297 0.714833
v 0.061130 0.735755 0.773744
v 0.064674 0.725370 0.777416
v 0.065153 0.735303 0.777913
v 0.063995 0.736136 0.771792
v 0.065558 0.725166 0.774557
v 0.068286 0.735360 0.774332
v 0.078874 0.725223 0.678475
v 0.077980 0.736087 0.676258
v 0.080640 0.735362 0.671993
v 0.082891 0.736061 0.739153
v 0.085029 0.724984 0.741630
v 0.086785 0.735278 0.742875
v 0.088557 0.725014 0.703565
v 0.086680 0.736014 0.701293
v 0.090933 0.735272 0.700340
v 0.043954 0.765297 0.755945
v 0.046849 0.765297 0.750954
v 0.055849 0.765297 0.694570
v 0.061891 0.765297 0.728552
v 0.061217 0.765297 0.708536
v 0.036892 0.758301 0.748626
v 0.041250 0.758301 0.745061
v 0.043233 0.758301 0.704776
v 0.051785 0.758301 0.727291
v 0.049734 0.758301 0.714833
v 0.110819 0.539717 0.983268
v -0.103297 0.539717 0.984874
v 0.110819 0.533683 0.983268
v 0.110819 0.486465 0.983268
v 0.115870 0.518358 0.996825
v 0.115870 0.501790 0.996825
v -0.103297 0.533683 0.984874
v -0.103297 0.486465 0.984874
v -0.109523 0.518358 0.998515
v -0.109523 0.501790 0.998515
v -0.103297 0.412481 0.984874
v -0.103297 0.450503 0.984874
v -0.109665 0.424814 0.998827
v -0.109665 0.438171 0.998827
v 0.110819 0.412481 0.983268
v 0.110819 0.450503 0.983268
v 0.115985 0.424814 0.997134
v 0.115985 0.438171 0.997134
v 0.110819 0.380867 0.983268
v -0.103297 0.380867 0.984874
v -0.053354 0.539717 0.994507
v 0.060012 0.539717 0.993657
v 0.060034 0.533683 0.993652
v -0.053376 0.533683 0.994503
v -0.053426 0.486465 0.994493
v 0.060084 0.486465 0.993642
v -0.054030 0.518358 1.009219
v 0.059417 0.518358 1.008368
v -0.054046 0.501790 1.009216
v 0.059433 0.501790 1.008365
v 0.060100 0.450503 0.993639
v -0.053441 0.450503 0.994490
v -0.053471 0.412481 0.994485
v 0.060130 0.412481 0.993632
v -0.054103 0.438171 1.009544
v 0.059463 0.438171 1.008692
v -0.054113 0.424814 1.009542
v 0.059472 0.424814 1.008690
v 0.060137 0.380867 0.993631
v -0.053478 0.380867 0.994483
v -0.053971 0.538662 1.008790
v 0.059395 0.538662 1.007939
v 0.059417 0.532628 1.007935
v -0.053992 0.532628 1.008786
v -0.054646 0.517303 1.023502
v 0.058801 0.517303 1.022651
v -0.054662 0.500735 1.023499
v 0.058817 0.500735 1.022648
v -0.054042 0.485410 1.008776
v 0.059468 0.485410 1.007925
v 0.059484 0.449448 1.007921
v -0.054058 0.449448 1.008773
v -0.054720 0.437116 1.023827
v 0.058846 0.437116 1.022975
v -0.054729 0.423759 1.023825
v 0.058856 0.423759 1.022973
v -0.054087 0.411426 1.008767
v 0.059514 0.411426 1.007915
v 0.059521 0.379812 1.007914
v -0.054094 0.379812 1.008766
v 0.074698 0.583974 0.867039
v 0.111422 0.572825 0.969299
v -0.070252 0.583974 0.871809
v -0.102695 0.572825 0.970905
v -0.028541 0.583974 0.884197
v -0.052746 0.572824 0.980540
v 0.060609 0.572824 0.979689
v 0.030075 0.583974 0.884166
v 0.061805 0.579512 0.991582
v 0.059992 0.571769 0.993972
v -0.053362 0.571769 0.994822
v -0.053481 0.579512 0.992308
v 0.097741 0.356004 0.959648
v -0.088171 0.356004 0.961042
v 0.057986 0.355260 0.970535
v -0.049331 0.355260 0.971340
v -0.053049 0.356477 0.984369
v 0.060582 0.356477 0.983516
v 0.097373 0.579879 0.958008
v -0.087661 0.579879 0.959396
v 0.052815 0.579879 0.967337
v -0.043880 0.579879 0.968062
v 0.074698 0.608543 0.867039
v -0.070252 0.608543 0.871809
v 0.030075 0.608543 0.884166
v -0.028541 0.608543 0.884197
v 0.066207 0.632543 0.830462
v -0.058739 0.632543 0.833356
v 0.027917 0.632543 0.844753
v -0.021862 0.632543 0.847582
v 0.077208 0.632543 0.868024
v -0.073044 0.632543 0.872834
v 0.031122 0.632543 0.885728
v -0.029918 0.632543 0.885777
v 0.059466 0.644469 0.785014
v -0.034152 0.644469 0.793703
v 0.028287 0.644469 0.804038
v -0.012441 0.644469 0.806389
v 0.066207 0.644469 0.830462
v -0.058739 0.644469 0.833356
v 0.027917 0.644469 0.844753
v -0.021862 0.644469 0.847582
v 0.051438 0.703440 0.773762
v -0.022793 0.703440 0.780795
v 0.024681 0.703440 0.790531
v -0.005857 0.703440 0.791312
v 0.059466 0.693315 0.785014
v -0.034152 0.693315 0.793703
v 0.028287 0.693315 0.804038
v -0.012441 0.693315 0.806389
v 0.033174 0.765297 0.752855
v -0.007156 0.765297 0.753401
v 0.015039 0.765297 0.762750
v 0.002663 0.765297 0.760255
v 0.059078 0.736136 0.776537
v 0.061785 0.725166 0.778198
v 0.061463 0.735360 0.780916
v -0.034710 0.725223 0.788083
v -0.036894 0.736087 0.787110
v -0.041251 0.735362 0.789616
v 0.025786 0.736061 0.794259
v 0.028185 0.724984 0.796483
v 0.029367 0.735278 0.798283
v -0.009981 0.725014 0.798653
v -0.012185 0.736014 0.796696
v -0.013288 0.735272 0.800912
v 0.038864 0.765297 0.758659
v -0.017805 0.765297 0.765645
v 0.015940 0.765297 0.772894
v -0.004039 0.765297 0.771508
v 0.033174 0.758301 0.752855
v -0.007156 0.758301 0.753401
v 0.015039 0.758301 0.762750
v 0.002663 0.758301 0.760255
v -0.058321 1.705434 0.568339
v -0.000677 1.705434 0.556873
v 0.056967 1.705434 0.568339
v 0.105836 1.705434 0.600992
v 0.138489 1.705434 0.649860
v 0.149955 1.705434 0.707505
v 0.138489 1.705434 0.765149
v 0.105836 1.705434 0.814018
v 0.056967 1.705434 0.846671
v -0.000677 1.705434 0.858137
v -0.058321 1.705434 0.846671
v -0.107190 1.705434 0.814018
v -0.139843 1.705434 0.765149
v -0.151309 1.705434 0.707505
v -0.107190 1.705434 0.600992
v -0.139843 1.705434 0.649860
v -0.098050 1.762060 0.667172
v -0.075203 1.762060 0.632979
v -0.106073 1.762060 0.707505
v -0.098050 1.762060 0.747838
v -0.075203 1.762060 0.782031
v -0.041010 1.762060 0.804878
v -0.000677 1.762060 0.812900
v 0.039656 1.762060 0.804878
v 0.073849 1.762060 0.782031
v 0.096696 1.762060 0.747838
v 0.104719 1.762060 0.707505
v 0.096696 1.762060 0.667172
v 0.073849 1.762060 0.632979
v 0.039656 1.762060 0.610132
v -0.000677 1.762060 0.602109
v -0.041010 1.762060 0.610132
v -0.101288 1.779885 0.665830
v -0.077682 1.779885 0.630500
v -0.109578 1.779885 0.707505
v -0.101288 1.779885 0.749179
v -0.077682 1.779885 0.784509
v -0.042352 1.779885 0.808116
v -0.000677 1.779885 0.816406
v 0.040998 1.779885 0.808116
v 0.076328 1.779885 0.784509
v 0.099934 1.779885 0.749179
v 0.108224 1.779885 0.707505
v 0.099934 1.779885 0.665830
v 0.076328 1.779885 0.630500
v 0.040998 1.779885 0.606893
v -0.000677 1.779885 0.598604
v -0.042352 1.779885 0.606893
v -0.020622 1.847719 0.659353
v -0.000677 1.847719 0.655386
v 0.019268 1.847719 0.659353
v 0.036176 1.847719 0.670651
v 0.047474 1.847719 0.687560
v 0.051442 1.847719 0.707505
v 0.047474 1.847719 0.727450
v 0.036176 1.847719 0.744358
v 0.019268 1.847719 0.755656
v -0.000677 1.847719 0.759623
v -0.020622 1.847719 0.755656
v -0.037530 1.847719 0.744358
v -0.048828 1.847719 0.727450
v -0.052796 1.847719 0.707505
v -0.037530 1.847719 0.670651
v -0.048828 1.847719 0.687560
v -0.085884 1.813555 0.672211
v -0.065892 1.813555 0.642290
v -0.092905 1.813555 0.707505
v -0.085884 1.813555 0.742799
v -0.065892 1.813555 0.772720
v -0.035971 1.813555 0.792712
v -0.000677 1.813555 0.799732
v 0.034617 1.813555 0.792712
v 0.064538 1.813555 0.772720
v 0.084530 1.813555 0.742799
v 0.091551 1.813555 0.707505
v 0.084530 1.813555 0.672211
v 0.064538 1.813555 0.642290
v 0.034617 1.813555 0.622298
v -0.000677 1.813555 0.615277
v -0.035971 1.813555 0.622298
v -0.116824 1.790595 0.659395
v -0.109559 1.801159 0.662404
v -0.084012 1.801159 0.624170
v -0.089572 1.790595 0.618610
v -0.126393 1.790595 0.707505
v -0.118530 1.801159 0.707505
v -0.116824 1.790595 0.755614
v -0.109559 1.801159 0.752605
v -0.089572 1.790595 0.796399
v -0.084012 1.801159 0.790839
v -0.048787 1.790595 0.823651
v -0.045777 1.801159 0.816387
v -0.000677 1.790595 0.833221
v -0.000677 1.801159 0.825358
v 0.047432 1.790595 0.823651
v 0.044423 1.801159 0.816387
v 0.088218 1.790595 0.796399
v 0.082658 1.801159 0.790839
v 0.115470 1.790595 0.755614
v 0.108205 1.801159 0.752605
v 0.125039 1.790595 0.707505
v 0.117176 1.801159 0.707505
v 0.115470 1.790595 0.659395
v 0.108205 1.801159 0.662404
v 0.088218 1.790595 0.618610
v 0.082658 1.801159 0.624170
v 0.047432 1.790595 0.591358
v 0.044423 1.801159 0.598623
v -0.000677 1.790595 0.581789
v -0.000677 1.801159 0.589652
v -0.048787 1.790595 0.591358
v -0.045777 1.801159 0.598623
v -0.000677 1.847719 0.643543
v 0.023800 1.847719 0.648411
v 0.058416 1.847719 0.683028
v 0.063285 1.847719 0.707505
v 0.044551 1.847719 0.752733
v 0.023800 1.847719 0.766598
v -0.025154 1.847719 0.766598
v -0.045905 1.847719 0.752733
v -0.045905 1.847719 0.662277
v -0.025154 1.847719 0.648411
v 0.058416 1.847719 0.731982
v -0.000677 1.847719 0.771467
v -0.059770 1.847719 0.731982
v -0.064639 1.847719 0.707505
v -0.059770 1.847719 0.683028
v -0.000677 1.889835 0.674881
v 0.011808 1.889835 0.677364
v 0.029464 1.889835 0.695020
v 0.031947 1.889835 0.707505
v 0.022392 1.889835 0.730574
v 0.011808 1.889835 0.737646
v -0.013162 1.889835 0.737646
v -0.023746 1.889835 0.730574
v -0.023746 1.889835 0.684436
v -0.013162 1.889835 0.677364
v 0.022392 1.889835 0.684436
v 0.029464 1.889835 0.719990
v -0.000677 1.889835 0.740129
v -0.030818 1.889835 0.719990
v -0.033301 1.889835 0.707505
v -0.030818 1.889835 0.695020
v -0.000677 1.905378 0.674881
v 0.011808 1.905378 0.677364
v 0.029464 1.905378 0.695020
v 0.031947 1.905378 0.707505
v 0.022392 1.905378 0.730574
v 0.011808 1.905378 0.737646
v -0.013162 1.905378 0.737646
v -0.023746 1.905378 0.730574
v -0.023746 1.905378 0.684436
v -0.013162 1.905378 0.677364
v 0.022392 1.905378 0.684436
v 0.029464 1.905378 0.719990
v -0.000677 1.905378 0.740129
v -0.030818 1.905378 0.719990
v -0.033301 1.905378 0.707505
v -0.030818 1.905378 0.695020
v -0.015098 1.897606 0.742320
v -0.027324 1.897606 0.734151
v -0.000677 1.897606 0.745189
v -0.027324 1.897606 0.680858
v -0.015098 1.897606 0.672689
v -0.035492 1.897606 0.693084
v 0.013744 1.897606 0.672689
v 0.025970 1.897606 0.680858
v -0.000677 1.897606 0.669821
v 0.037007 1.897606 0.707505
v 0.034138 1.897606 0.721926
v 0.034138 1.897606 0.693084
v 0.013744 1.897606 0.742320
v 0.025970 1.897606 0.734151
v -0.035492 1.897606 0.721926
v -0.038361 1.897606 0.707505
v -0.000677 1.936463 0.646237
v 0.022769 1.936463 0.650901
v 0.055927 1.936463 0.684059
v 0.060590 1.936463 0.707505
v 0.042646 1.936463 0.750827
v 0.022769 1.936463 0.764108
v -0.024123 1.936463 0.764108
v -0.044000 1.936463 0.750827
v -0.044000 1.936463 0.664182
v -0.024123 1.936463 0.650901
v 0.042646 1.936463 0.664182
v 0.055927 1.936463 0.730951
v -0.000677 1.936463 0.768772
v -0.057281 1.936463 0.730951
v -0.061944 1.936463 0.707505
v -0.057281 1.936463 0.684059
v -0.000677 1.949499 0.665138
v 0.015536 1.949499 0.668363
v 0.038465 1.949499 0.691292
v 0.041690 1.949499 0.707505
v 0.029281 1.949499 0.737463
v 0.015536 1.949499 0.746647
v -0.016890 1.949499 0.746647
v -0.030635 1.949499 0.737463
v -0.030635 1.949499 0.677547
v -0.016890 1.949499 0.668363
v 0.029281 1.949499 0.677547
v 0.038465 1.949499 0.723718
v -0.000677 1.949499 0.749872
v -0.039819 1.949499 0.723718
v -0.043044 1.949499 0.707505
v -0.039819 1.949499 0.691292
v 0.039455 1.847719 0.667373
v 0.048555 1.847719 0.668269
v 0.047800 1.842166 0.659028
v 0.038558 1.847719 0.658273
v -0.148361 1.701925 0.646332
v -0.137753 1.709689 0.650726
v -0.160529 1.701925 0.707505
v -0.149047 1.709689 0.707505
v -0.148361 1.701925 0.768678
v -0.137753 1.709689 0.764283
v -0.113710 1.701925 0.820538
v -0.105590 1.709689 0.812418
v -0.061850 1.701925 0.855189
v -0.057456 1.709689 0.844580
v -0.000677 1.701925 0.867357
v -0.000677 1.709689 0.855874
v 0.060496 1.701925 0.855189
v 0.056102 1.709689 0.844580
v 0.112356 1.701925 0.820538
v 0.104236 1.709689 0.812418
v 0.147007 1.701925 0.768678
v 0.136399 1.709689 0.764283
v 0.159175 1.701925 0.707505
v 0.147693 1.709689 0.707505
v 0.147007 1.701925 0.646332
v 0.136399 1.709689 0.650726
v 0.112356 1.701925 0.594472
v 0.104236 1.709689 0.602592
v 0.060496 1.701925 0.559820
v 0.056102 1.709689 0.570429
v -0.000677 1.701925 0.547652
v -0.000677 1.709689 0.559135
v -0.061850 1.701925 0.559820
v -0.057456 1.709689 0.570429
v -0.105590 1.709689 0.602592
v -0.113710 1.701925 0.594472
v -0.151353 1.684448 0.556828
v -0.128518 1.686901 0.579664
v -0.069864 1.686901 0.540473
v -0.082133 1.684450 0.510584
v -0.000677 1.686901 0.526711
v -0.000488 1.684457 0.494362
v 0.068510 1.686901 0.540473
v 0.081140 1.684467 0.510625
v 0.127163 1.686901 0.579664
v 0.150318 1.684478 0.556885
v 0.166355 1.686901 0.638318
v 0.196521 1.684489 0.626087
v 0.180117 1.686901 0.707505
v 0.212728 1.684498 0.707691
v 0.166355 1.686901 0.776692
v 0.196482 1.684505 0.789280
v 0.127163 1.686901 0.835345
v 0.150261 1.684507 0.858443
v 0.068510 1.686901 0.874536
v 0.081098 1.684505 0.904663
v -0.000677 1.686901 0.888299
v -0.000491 1.684498 0.920910
v -0.069864 1.686901 0.874536
v -0.082095 1.684489 0.904703
v -0.128518 1.686901 0.835345
v -0.151297 1.684478 0.858500
v -0.167709 1.686901 0.776692
v -0.197557 1.684467 0.789321
v -0.181471 1.686901 0.707505
v -0.213820 1.684457 0.707694
v -0.167709 1.686901 0.638318
v -0.197597 1.684450 0.626049
v -0.190019 1.661513 0.518163
v -0.102528 1.661512 0.459702
v 0.000675 1.661510 0.439169
v 0.103882 1.661508 0.459692
v 0.191383 1.661505 0.518149
v 0.249854 1.661502 0.605643
v 0.270392 1.661500 0.708857
v 0.249865 1.661498 0.812075
v 0.191398 1.661497 0.899579
v 0.103893 1.661498 0.958046
v 0.000675 1.661500 0.978573
v -0.102538 1.661502 0.958036
v -0.190033 1.661505 0.899565
v -0.248490 1.661508 0.812064
v -0.269012 1.661510 0.708856
v -0.248479 1.661512 0.605653
v 0.172278 1.621216 0.537351
v 0.252943 1.629572 0.604433
v 0.252943 1.629572 0.813378
v 0.193764 1.629572 0.901946
v 0.172278 1.621216 0.880460
v 0.000723 1.629572 0.981906
v -0.251496 1.629572 0.604433
v -0.103749 1.629572 0.456686
v -0.192317 1.629572 0.515865
v 0.000723 1.629572 0.435905
v 0.105196 1.629572 0.456686
v 0.193764 1.629572 0.515865
v 0.273724 1.629572 0.708905
v 0.105196 1.629572 0.961125
v -0.103749 1.629572 0.961125
v -0.192317 1.629572 0.901946
v -0.251496 1.629572 0.813378
v -0.272277 1.629572 0.708905
v -0.092121 1.621216 0.484758
v -0.170831 1.621216 0.537351
v 0.000723 1.621216 0.466290
v 0.093568 1.621216 0.484758
v 0.224870 1.621216 0.616060
v 0.243338 1.621216 0.708905
v 0.224870 1.621216 0.801750
v 0.093568 1.621216 0.933052
v 0.000723 1.621216 0.951520
v -0.092121 1.621216 0.933052
v -0.170831 1.621216 0.880460
v -0.223424 1.621216 0.801750
v -0.241891 1.621216 0.708905
v -0.223424 1.621216 0.616060
v -0.080100 1.589332 0.513781
v -0.148618 1.589332 0.559564
v 0.000723 1.589332 0.497704
v 0.081547 1.589332 0.513781
v 0.150065 1.589332 0.559564
v 0.195848 1.589332 0.628082
v 0.211924 1.589332 0.708905
v 0.195848 1.589332 0.789728
v 0.150065 1.589332 0.858247
v 0.081547 1.589332 0.904029
v 0.000723 1.589332 0.920106
v -0.080100 1.589332 0.904029
v -0.148618 1.589332 0.858247
v -0.194401 1.589332 0.789728
v -0.210477 1.589332 0.708905
v -0.194401 1.589332 0.628082
v 0.030009 1.949499 0.706777
v -0.141991 1.589332 0.764092
v -0.111283 1.589332 0.662511
v -0.061168 1.589332 0.568968
v -0.043018 1.589332 0.814506
v 0.000723 1.589332 0.708905
v 0.044465 1.589332 0.603305
v 0.062615 1.589332 0.848843
v 0.112730 1.589332 0.755300
v 0.143438 1.589332 0.653718
v 0.016520 1.949499 0.690308
v 0.000051 1.949499 0.676819
v 0.015536 1.949499 0.723718
v -0.000677 1.949499 0.707505
v -0.016890 1.949499 0.691292
v -0.001405 1.949499 0.738191
v -0.017874 1.949499 0.724702
v -0.031363 1.949499 0.708233
v 0.210065 1.650397 0.498563
v 0.136264 1.709499 0.572364
v 0.196686 1.686550 0.562067
v 0.123926 1.665803 0.584702
v 0.187481 1.618526 0.521691
v 0.188403 1.638558 0.581137
v 0.200741 1.682254 0.568799
v 0.195572 1.682605 0.563181
v 0.205077 1.659759 0.503551
v 0.203964 1.655814 0.504665
v 0.143014 1.709462 0.565614
v 0.141900 1.705517 0.566728
v 0.172895 1.689598 0.535733
v 0.146562 1.686550 0.511942
v 0.127491 1.638558 0.520226
v 0.139829 1.682254 0.507887
v 0.145448 1.682605 0.513056
v -0.210232 1.650397 0.498563
v -0.136431 1.709499 0.572364
v -0.146728 1.686550 0.511942
v -0.124093 1.665803 0.584702
v -0.187104 1.618526 0.521147
v -0.127657 1.638558 0.520226
v -0.139996 1.682254 0.507887
v -0.145614 1.682605 0.513056
v -0.205244 1.659759 0.503551
v -0.204130 1.655814 0.504665
v -0.143180 1.709462 0.565614
v -0.142067 1.705517 0.566728
v -0.173062 1.689598 0.535733
v -0.196853 1.686550 0.562066
v -0.188569 1.638558 0.581137
v -0.200907 1.682254 0.568799
v -0.195739 1.682605 0.563180
v -0.210232 1.650397 0.918860
v -0.136431 1.709499 0.845059
v -0.196853 1.686550 0.855356
v -0.124093 1.665803 0.832721
v -0.187648 1.618526 0.895732
v -0.188569 1.638558 0.836285
v -0.200908 1.682254 0.848624
v -0.195739 1.682605 0.854242
v -0.205244 1.659759 0.913872
v -0.204130 1.655814 0.912758
v -0.143180 1.709462 0.851808
v -0.142067 1.705517 0.850695
v -0.173062 1.689598 0.881690
v -0.146728 1.686550 0.905481
v -0.127658 1.638558 0.897197
v -0.139996 1.682254 0.909535
v -0.145614 1.682605 0.904367
v 0.210065 1.650397 0.918860
v 0.136264 1.709499 0.845059
v 0.146561 1.686550 0.905481
v 0.123926 1.665803 0.832721
v 0.186937 1.618526 0.896276
v 0.127491 1.638558 0.897197
v 0.139829 1.682254 0.909536
v 0.145448 1.682605 0.904367
v 0.205077 1.659759 0.913872
v 0.203963 1.655814 0.912758
v 0.143014 1.709462 0.851808
v 0.141900 1.705517 0.850695
v 0.172895 1.689598 0.881690
v 0.196686 1.686550 0.855356
v 0.188402 1.638558 0.836286
v 0.200741 1.682254 0.848624
v 0.195572 1.682605 0.854243
v 0.025403 1.121447 1.092888
v 0.026732 0.846417 1.046687
v 0.029816 0.761063 1.016507
v 0.036977 0.560450 0.911551
v 0.000414 1.556366 0.894188
v 0.000414 1.383004 0.987869
v 0.000414 1.225090 1.048227
v 0.000414 1.086285 1.054675
v 0.000414 0.559464 0.870552
v 0.000414 1.595724 0.878751
v 0.000414 0.855789 1.008792
v 0.000414 0.764184 0.979588
v 0.033489 0.849062 1.052737
v 0.033264 0.848397 1.063459
v 0.036702 0.764416 1.022916
v 0.036484 0.763752 1.033702
v 0.032089 1.122300 1.098613
v 0.034627 1.121877 1.108806
v 0.034854 1.234525 1.101520
v 0.033282 1.229582 1.090310
v 0.034668 1.404645 1.038433
v 0.033792 1.415922 1.048687
v 0.036441 1.613639 0.921209
v 0.036652 1.600168 0.908441
v 0.026274 1.230010 1.084209
v 0.026753 1.407560 1.030294
v 0.026922 1.591568 0.906139
v 0.000414 1.120201 1.035335
v 0.000414 1.160075 1.055375
v 0.018293 1.121315 1.077834
v 0.000414 1.303139 1.027512
v 0.000414 1.339477 1.012662
v 0.000414 1.321745 1.021049
v 0.033953 1.318783 1.076212
v 0.034253 1.356182 1.063910
v 0.049968 1.333557 1.066665
v 0.033317 1.367389 1.073424
v 0.033441 1.322131 1.090345
v 0.048704 1.350676 1.081163
v 0.026541 1.357835 1.056713
v 0.026433 1.320531 1.069240
v 0.038231 1.336152 1.055747
v 0.000414 1.499038 0.919927
v 0.000414 1.448169 0.929399
v 0.000414 1.469768 0.913862
v 0.035401 1.518059 0.957562
v 0.034942 1.469798 0.984694
v 0.045317 1.491459 0.969974
v 0.035192 1.536233 0.966926
v 0.034574 1.481438 0.995724
v 0.044988 1.506595 0.984497
v 0.026950 1.517002 0.947364
v 0.026909 1.472469 0.976553
v 0.026942 1.494114 0.960883
v 0.032324 0.699447 0.994951
v 0.000414 0.701130 0.956604
v 0.038992 0.702136 1.012154
v 0.039209 0.702801 1.001360
v 0.038992 0.695842 1.032521
v 0.043647 0.556845 0.949135
v 0.036484 0.744327 1.052757
v 0.029529 0.733886 1.061457
v 0.022729 0.707916 1.056847
v 0.027263 0.734290 1.058908
v 0.020463 0.708320 1.054298
v -0.024575 1.121447 1.092888
v -0.025905 0.846417 1.046687
v -0.028989 0.761063 1.016507
v -0.036150 0.560450 0.911551
v -0.043036 0.563804 0.917961
v -0.042819 0.563139 0.928768
v -0.032661 0.849062 1.052737
v -0.032436 0.848397 1.063459
v 0.043796 0.563139 0.928768
v 0.044013 0.563804 0.917961
v -0.035875 0.764416 1.022916
v -0.035656 0.763752 1.033702
v -0.031262 1.122300 1.098613
v -0.033799 1.121877 1.108806
v -0.034027 1.234525 1.101520
v -0.032455 1.229582 1.090310
v -0.033841 1.404645 1.038433
v -0.032964 1.415922 1.048687
v -0.035613 1.613639 0.921209
v -0.035824 1.600168 0.908441
v -0.025447 1.230010 1.084209
v -0.025925 1.407560 1.030294
v -0.026095 1.591568 0.906139
v -0.017465 1.121315 1.077834
v -0.033126 1.318783 1.076212
v -0.033425 1.356182 1.063910
v -0.049140 1.333557 1.066665
v -0.032490 1.367389 1.073424
v -0.032613 1.322131 1.090345
v -0.047876 1.350676 1.081163
v -0.025714 1.357835 1.056713
v -0.025605 1.320531 1.069240
v -0.037403 1.336152 1.055747
v -0.034573 1.518059 0.957562
v -0.034115 1.469798 0.984694
v -0.044489 1.491459 0.969974
v -0.034365 1.536233 0.966926
v -0.033747 1.481438 0.995724
v -0.044160 1.506595 0.984497
v -0.026122 1.517002 0.947364
v -0.026082 1.472469 0.976553
v -0.026114 1.494114 0.960883
v -0.031496 0.699447 0.994951
v -0.038164 0.702136 1.012154
v -0.038382 0.702801 1.001360
v -0.038164 0.695842 1.032521
v -0.042819 0.556845 0.949135
v -0.035656 0.744327 1.052757
v -0.028701 0.733886 1.061457
v -0.021902 0.707916 1.056847
v -0.026435 0.734290 1.058908
v -0.019636 0.708320 1.054298
v 0.016311 0.563139 0.956151
v -0.015477 0.563139 0.956158
v 0.018316 0.848397 1.078441
v -0.017440 0.848397 1.078488
v -0.017972 0.763752 1.051423
v 0.018839 0.763752 1.051383
v 0.015997 1.120099 1.131626
v -0.015117 1.120094 1.131690
v 0.015524 1.239983 1.125455
v -0.014630 1.240002 1.125537
v 0.016558 1.423005 1.066511
v -0.015521 1.423091 1.066728
v -0.014053 1.626327 0.944491
v 0.014993 1.626274 0.944365
v 0.017356 1.374562 1.088254
v -0.016255 1.374685 1.088508
v -0.015151 1.330084 1.109815
v 0.016067 1.330044 1.109716
v -0.018201 1.365286 1.111415
v 0.015170 1.365607 1.112078
v 0.014819 1.552122 0.986649
v -0.013875 1.552212 0.986761
v -0.014433 1.491536 1.017512
v 0.015421 1.491452 1.017331
v 0.018704 0.683412 1.043181
v -0.017867 0.683407 1.043185
v -0.015248 0.556845 0.976754
v 0.016082 0.556845 0.976747
v -0.016443 0.753419 1.066064
v 0.017297 0.753407 1.066046
v -0.016816 0.739078 1.070207
v 0.017665 0.739068 1.070192
v 0.015751 0.703921 1.064461
v -0.014916 0.703916 1.064470
v 0.018008 0.738674 1.066297
v -0.017164 0.738682 1.066310
v -0.014038 0.704753 1.061096
v 0.014877 0.704760 1.061083
v 0.014798 1.549166 0.983930
v -0.013896 1.549256 0.984042
v -0.014281 1.519660 1.016227
v 0.015201 1.519589 1.016074
v 0.000438 0.848397 1.078465
v 0.000434 0.763752 1.051403
v 0.000440 1.120096 1.131658
v 0.000447 1.239992 1.125496
v 0.000551 1.374623 1.088381
v -0.001515 1.365446 1.111746
v 0.000458 1.330064 1.109766
v 0.000519 1.423048 1.066619
v 0.000472 1.552167 0.986705
v 0.000480 1.517532 1.027590
v 0.000494 1.491494 1.017422
v 0.000470 1.626300 0.944428
v 0.000427 0.753413 1.066055
v 0.000418 0.683410 1.043183
v 0.000417 0.556845 0.976751
v 0.000424 0.739073 1.070200
v 0.000418 0.703918 1.064465
v 0.000422 0.738678 1.066304
v 0.000419 0.704757 1.061089
v 0.000451 1.549211 0.983986
v 0.000460 1.531662 1.019912
v 0.034650 0.629949 0.959114
v 0.000414 0.630297 0.919441
v 0.041319 0.626343 0.996691
v -0.040492 0.632638 0.976324
v -0.033823 0.629949 0.959114
v -0.040709 0.633302 0.965524
v -0.040491 0.626343 0.996691
v -0.016558 0.620126 1.015833
v 0.017393 0.620129 1.015827
v 0.000418 0.620127 1.015830
v 0.041394 0.632638 0.976324
v 0.041611 0.633302 0.965524
v 0.384588 1.121447 0.683574
v 0.338387 0.846417 0.682245
v 0.308207 0.761063 0.679161
v 0.203252 0.560450 0.672000
v 0.185889 1.556366 0.708564
v 0.279569 1.383004 0.708564
v 0.339927 1.225090 0.708564
v 0.346376 1.086285 0.708564
v 0.162252 0.559464 0.708564
v 0.170451 1.595724 0.708564
v 0.300492 0.855789 0.708564
v 0.271289 0.764184 0.708564
v 0.344437 0.849062 0.675489
v 0.355159 0.848397 0.675714
v 0.314616 0.764416 0.672275
v 0.325402 0.763752 0.672494
v 0.390313 1.122300 0.676888
v 0.400507 1.121877 0.674350
v 0.393221 1.234525 0.674123
v 0.382010 1.229582 0.675695
v 0.330133 1.404645 0.674309
v 0.340387 1.415922 0.675186
v 0.212910 1.613639 0.672536
v 0.200141 1.600168 0.672325
v 0.375909 1.230010 0.682703
v 0.321994 1.407560 0.682225
v 0.197840 1.591568 0.682055
v 0.327035 1.120201 0.708564
v 0.347075 1.160075 0.708564
v 0.369535 1.121315 0.690685
v 0.319212 1.303139 0.708564
v 0.304362 1.339477 0.708564
v 0.312749 1.321745 0.708564
v 0.367912 1.318783 0.675024
v 0.355610 1.356182 0.674725
v 0.358366 1.333557 0.659010
v 0.365124 1.367389 0.675660
v 0.382045 1.322131 0.675536
v 0.372864 1.350676 0.660273
v 0.348413 1.357835 0.682436
v 0.360940 1.320531 0.682545
v 0.347447 1.336152 0.670747
v 0.211627 1.499038 0.708564
v 0.221100 1.448169 0.708564
v 0.205562 1.469768 0.708564
v 0.249262 1.518059 0.673577
v 0.276394 1.469798 0.674035
v 0.261674 1.491459 0.663661
v 0.258627 1.536233 0.673785
v 0.287424 1.481438 0.674403
v 0.276198 1.506595 0.663990
v 0.239065 1.517002 0.682028
v 0.268253 1.472469 0.682068
v 0.252583 1.494114 0.682035
v 0.286651 0.699447 0.676654
v 0.248304 0.701130 0.708564
v 0.303854 0.702136 0.669986
v 0.293060 0.702801 0.669768
v 0.324221 0.695842 0.669986
v 0.240835 0.556845 0.665331
v 0.344457 0.744327 0.672494
v 0.353157 0.733886 0.679448
v 0.348547 0.707916 0.686248
v 0.350609 0.734290 0.681715
v 0.345998 0.708320 0.688514
v 0.384588 1.121447 0.733553
v 0.338387 0.846417 0.734882
v 0.308207 0.761063 0.737966
v 0.203252 0.560450 0.745127
v 0.209661 0.563804 0.752013
v 0.220468 0.563139 0.751796
v 0.344437 0.849062 0.741638
v 0.355159 0.848397 0.741413
v 0.220468 0.563139 0.665181
v 0.209661 0.563804 0.664964
v 0.314616 0.764416 0.744852
v 0.325402 0.763752 0.744633
v 0.390313 1.122300 0.740239
v 0.400507 1.121877 0.742777
v 0.393221 1.234525 0.743004
v 0.382010 1.229582 0.741432
v 0.330133 1.404645 0.742818
v 0.340387 1.415922 0.741942
v 0.212910 1.613639 0.744591
v 0.200141 1.600168 0.744802
v 0.375909 1.230010 0.734424
v 0.321994 1.407560 0.734902
v 0.197840 1.591568 0.735072
v 0.369535 1.121315 0.726442
v 0.367912 1.318783 0.742103
v 0.355610 1.356182 0.742403
v 0.358366 1.333557 0.758118
v 0.365124 1.367389 0.741467
v 0.382045 1.322131 0.741591
v 0.372864 1.350676 0.756854
v 0.348413 1.357835 0.734691
v 0.360940 1.320531 0.734582
v 0.347447 1.336152 0.746380
v 0.249262 1.518059 0.743550
v 0.276394 1.469798 0.743092
v 0.261674 1.491459 0.753466
v 0.258627 1.536233 0.743342
v 0.287424 1.481438 0.742724
v 0.276198 1.506595 0.753137
v 0.239065 1.517002 0.735100
v 0.268253 1.472469 0.735059
v 0.252583 1.494114 0.735092
v 0.286651 0.699447 0.740473
v 0.303854 0.702136 0.747141
v 0.293060 0.702801 0.747359
v 0.324221 0.695842 0.747141
v 0.240836 0.556845 0.751796
v 0.344457 0.744327 0.744633
v 0.353157 0.733886 0.737679
v 0.348547 0.707916 0.730879
v 0.350609 0.734290 0.735413
v 0.345998 0.708320 0.728613
v 0.247851 0.563139 0.692667
v 0.247858 0.563139 0.724454
v 0.370141 0.848397 0.690662
v 0.370189 0.848397 0.726418
v 0.343123 0.763752 0.726949
v 0.343084 0.763752 0.690138
v 0.423326 1.120099 0.692981
v 0.423390 1.120094 0.724094
v 0.417156 1.239983 0.693454
v 0.417237 1.240002 0.723608
v 0.358211 1.423005 0.692419
v 0.358428 1.423091 0.724498
v 0.236191 1.626327 0.723031
v 0.236066 1.626274 0.693984
v 0.379954 1.374562 0.691622
v 0.380209 1.374685 0.725232
v 0.401515 1.330084 0.724129
v 0.401416 1.330044 0.692910
v 0.403115 1.365286 0.727178
v 0.403778 1.365607 0.693807
v 0.278349 1.552122 0.694159
v 0.278461 1.552212 0.722853
v 0.309212 1.491536 0.723410
v 0.309031 1.491452 0.693556
v 0.334881 0.683412 0.690274
v 0.334886 0.683407 0.726845
v 0.268454 0.556845 0.724226
v 0.268447 0.556845 0.692895
v 0.357765 0.753419 0.725420
v 0.357746 0.753407 0.691680
v 0.361908 0.739078 0.725793
v 0.361892 0.739068 0.691313
v 0.356161 0.703921 0.693226
v 0.356170 0.703916 0.723893
v 0.357998 0.738674 0.690970
v 0.358011 0.738682 0.726141
v 0.352796 0.704753 0.723015
v 0.352783 0.704760 0.694101
v 0.275630 1.549166 0.694179
v 0.275742 1.549256 0.722873
v 0.307927 1.519660 0.723259
v 0.307774 1.519589 0.693777
v 0.370165 0.848397 0.708540
v 0.343103 0.763752 0.708544
v 0.423358 1.120096 0.708537
v 0.417196 1.239992 0.708531
v 0.380082 1.374623 0.708427
v 0.403447 1.365446 0.710493
v 0.401466 1.330064 0.708519
v 0.358319 1.423048 0.708459
v 0.278405 1.552167 0.708506
v 0.319291 1.517532 0.708497
v 0.309122 1.491494 0.708483
v 0.236128 1.626300 0.708507
v 0.357755 0.753413 0.708550
v 0.334883 0.683410 0.708559
v 0.268451 0.556845 0.708560
v 0.361900 0.739073 0.708553
v 0.356165 0.703918 0.708559
v 0.358004 0.738678 0.708555
v 0.352790 0.704757 0.708558
v 0.275686 1.549211 0.708526
v 0.311612 1.531662 0.708518
v 0.250814 0.629949 0.674327
v 0.211141 0.630297 0.708564
v 0.288391 0.626343 0.667658
v 0.268024 0.632638 0.749469
v 0.250814 0.629949 0.742800
v 0.257224 0.633302 0.749686
v 0.288391 0.626343 0.749469
v 0.307533 0.620126 0.725535
v 0.307527 0.620129 0.691584
v 0.307530 0.620127 0.708560
v 0.268024 0.632638 0.667583
v 0.257224 0.633302 0.667366
v -0.024725 1.121447 0.324389
v -0.026055 0.846417 0.370590
v -0.029139 0.761063 0.400770
v -0.036300 0.560450 0.505726
v 0.000264 1.556366 0.523089
v 0.000264 1.383004 0.429408
v 0.000264 1.225090 0.369050
v 0.000264 1.086285 0.362602
v 0.000264 0.559464 0.546725
v 0.000264 1.595724 0.538526
v 0.000264 0.855789 0.408485
v 0.000264 0.764184 0.437689
v -0.032811 0.849062 0.364540
v -0.032586 0.848397 0.353818
v -0.036025 0.764416 0.394361
v -0.035806 0.763752 0.383575
v -0.031412 1.122300 0.318665
v -0.033949 1.121877 0.308471
v -0.034177 1.234525 0.315757
v -0.032605 1.229582 0.326967
v -0.033991 1.404645 0.378844
v -0.033114 1.415922 0.368590
v -0.035763 1.613639 0.496068
v -0.035974 1.600168 0.508836
v -0.025597 1.230010 0.333068
v -0.026075 1.407560 0.386983
v -0.026245 1.591568 0.511138
v 0.000264 1.120201 0.381942
v 0.000264 1.160075 0.361902
v -0.017615 1.121315 0.339443
v 0.000264 1.303139 0.389765
v 0.000264 1.339477 0.404615
v 0.000264 1.321745 0.396228
v -0.033276 1.318783 0.341065
v -0.033575 1.356182 0.353368
v -0.049290 1.333557 0.350612
v -0.032640 1.367389 0.343853
v -0.032763 1.322131 0.326932
v -0.048027 1.350676 0.336114
v -0.025864 1.357835 0.360564
v -0.025755 1.320531 0.348037
v -0.037553 1.336152 0.361531
v 0.000264 1.499038 0.497350
v 0.000264 1.448169 0.487878
v 0.000264 1.469768 0.503415
v -0.034723 1.518059 0.459715
v -0.034265 1.469798 0.432583
v -0.044639 1.491459 0.447303
v -0.034515 1.536233 0.450351
v -0.033897 1.481438 0.421553
v -0.044310 1.506595 0.432780
v -0.026272 1.517002 0.469913
v -0.026232 1.472469 0.440724
v -0.026264 1.494114 0.456394
v -0.031646 0.699447 0.422326
v 0.000264 0.701130 0.460674
v -0.038314 0.702136 0.405124
v -0.038532 0.702801 0.415917
v -0.038314 0.695842 0.384756
v -0.042969 0.556845 0.468142
v -0.035806 0.744327 0.364521
v -0.028851 0.733886 0.355820
v -0.022052 0.707916 0.360430
v -0.026585 0.734290 0.358369
v -0.019786 0.708320 0.362979
v 0.025253 1.121447 0.324389
v 0.026582 0.846417 0.370590
v 0.029666 0.761063 0.400770
v 0.036827 0.560450 0.505726
v 0.043713 0.563804 0.499316
v 0.043497 0.563139 0.488509
v 0.033339 0.849062 0.364540
v 0.033113 0.848397 0.353818
v -0.043119 0.563139 0.488509
v -0.043335 0.563804 0.499316
v 0.036552 0.764416 0.394361
v 0.036334 0.763752 0.383575
v 0.031939 1.122300 0.318665
v 0.034477 1.121877 0.308471
v 0.034704 1.234525 0.315757
v 0.033132 1.229582 0.326967
v 0.034518 1.404645 0.378844
v 0.033642 1.415922 0.368590
v 0.036291 1.613639 0.496068
v 0.036502 1.600168 0.508836
v 0.026124 1.230010 0.333068
v 0.026603 1.407560 0.386983
v 0.026772 1.591568 0.511138
v 0.018142 1.121315 0.339443
v 0.033803 1.318783 0.341065
v 0.034103 1.356182 0.353368
v 0.049818 1.333557 0.350612
v 0.033167 1.367389 0.343853
v 0.033291 1.322131 0.326932
v 0.048554 1.350676 0.336114
v 0.026391 1.357835 0.360564
v 0.026283 1.320531 0.348037
v 0.038080 1.336152 0.361531
v 0.035251 1.518059 0.459715
v 0.034792 1.469798 0.432583
v 0.045167 1.491459 0.447303
v 0.035042 1.536233 0.450351
v 0.034424 1.481438 0.421553
v 0.044838 1.506595 0.432780
v 0.026800 1.517002 0.469913
v 0.026759 1.472469 0.440724
v 0.026792 1.494114 0.456394
v 0.032173 0.699447 0.422326
v 0.038842 0.702136 0.405124
v 0.039059 0.702801 0.415917
v 0.038842 0.695842 0.384756
v 0.043497 0.556845 0.468142
v 0.036334 0.744327 0.364521
v 0.029379 0.733886 0.355820
v 0.022579 0.707916 0.360430
v 0.027113 0.734290 0.358369
v 0.020313 0.708320 0.362979
v -0.015633 0.563139 0.461126
v 0.016154 0.563139 0.461120
v -0.017638 0.848397 0.338836
v 0.018118 0.848397 0.338789
v 0.018649 0.763752 0.365854
v -0.018162 0.763752 0.365894
v -0.015319 1.120099 0.285651
v 0.015794 1.120094 0.285587
v -0.014846 1.239983 0.291822
v 0.015308 1.240002 0.291741
v -0.015881 1.423005 0.350766
v 0.016198 1.423091 0.350549
v 0.014731 1.626327 0.472786
v -0.014316 1.626274 0.472912
v -0.016678 1.374562 0.329023
v 0.016932 1.374685 0.328769
v 0.015829 1.330084 0.307462
v -0.015390 1.330044 0.307561
v 0.018878 1.365286 0.305862
v -0.014493 1.365607 0.305199
v -0.014141 1.552122 0.430628
v 0.014553 1.552212 0.430516
v 0.015110 1.491536 0.399765
v -0.014743 1.491452 0.399946
v -0.018026 0.683412 0.374096
v 0.018545 0.683407 0.374092
v 0.015926 0.556845 0.440523
v -0.015405 0.556845 0.440530
v 0.017121 0.753419 0.351213
v -0.016620 0.753407 0.351231
v 0.017493 0.739078 0.347070
v -0.016987 0.739068 0.347085
v -0.015074 0.703921 0.352816
v 0.015593 0.703916 0.352807
v -0.017330 0.738674 0.350980
v 0.017841 0.738682 0.350967
v 0.014716 0.704753 0.356181
v -0.014199 0.704760 0.356194
v -0.014121 1.549166 0.433347
v 0.014574 1.549256 0.433235
v 0.014959 1.519660 0.401050
v -0.014523 1.519589 0.401203
v 0.000240 0.848397 0.338812
v 0.000244 0.763752 0.365874
v 0.000238 1.120096 0.285619
v 0.000231 1.239992 0.291781
v 0.000127 1.374623 0.328896
v 0.002193 1.365446 0.305531
v 0.000220 1.330064 0.307512
v 0.000159 1.423048 0.350658
v 0.000206 1.552167 0.430572
v 0.000197 1.517532 0.389687
v 0.000184 1.491494 0.399855
v 0.000207 1.626300 0.472849
v 0.000250 0.753413 0.351222
v 0.000260 0.683410 0.374094
v 0.000260 0.556845 0.440527
v 0.000253 0.739073 0.347078
v 0.000260 0.703918 0.352812
v 0.000256 0.738678 0.350973
v 0.000258 0.704757 0.356188
v 0.000227 1.549211 0.433291
v 0.000218 1.531662 0.397365
v -0.033973 0.629949 0.458163
v 0.000264 0.630297 0.497836
v -0.040642 0.626343 0.420586
v 0.041169 0.632638 0.440953
v 0.034500 0.629949 0.458163
v 0.041386 0.633302 0.451753
v 0.041169 0.626343 0.420586
v 0.017235 0.620126 0.401444
v -0.016715 0.620129 0.401450
v 0.000260 0.620127 0.401447
v -0.040716 0.632638 0.440953
v -0.040934 0.633302 0.451753
v -0.383911 1.121447 0.733703
v -0.337710 0.846417 0.735032
v -0.307529 0.761063 0.738116
v -0.202574 0.560450 0.745277
v -0.185211 1.556366 0.708714
v -0.278891 1.383004 0.708714
v -0.339249 1.225090 0.708714
v -0.345698 1.086285 0.708714
v -0.161574 0.559464 0.708714
v -0.169774 1.595724 0.708714
v -0.299814 0.855789 0.708714
v -0.270611 0.764184 0.708714
v -0.343760 0.849062 0.741789
v -0.354481 0.848397 0.741563
v -0.313939 0.764416 0.745002
v -0.324725 0.763752 0.744784
v -0.389635 1.122300 0.740389
v -0.399829 1.121877 0.742927
v -0.392543 1.234525 0.743154
v -0.381333 1.229582 0.741582
v -0.329455 1.404645 0.742968
v -0.339709 1.415922 0.742092
v -0.212232 1.613639 0.744741
v -0.199464 1.600168 0.744952
v -0.375231 1.230010 0.734574
v -0.321316 1.407560 0.735052
v -0.197162 1.591568 0.735222
v -0.326357 1.120201 0.708714
v -0.346397 1.160075 0.708714
v -0.368857 1.121315 0.726592
v -0.318534 1.303139 0.708714
v -0.303685 1.339477 0.708714
v -0.312071 1.321745 0.708714
v -0.367235 1.318783 0.742253
v -0.354932 1.356182 0.742553
v -0.357688 1.333557 0.758268
v -0.364447 1.367389 0.741617
v -0.381368 1.322131 0.741741
v -0.372186 1.350676 0.757004
v -0.347736 1.357835 0.734841
v -0.360263 1.320531 0.734733
v -0.346769 1.336152 0.746530
v -0.210950 1.499038 0.708714
v -0.220422 1.448169 0.708714
v -0.204884 1.469768 0.708714
v -0.248585 1.518059 0.743700
v -0.275717 1.469798 0.743242
v -0.260997 1.491459 0.753616
v -0.257949 1.536233 0.743492
v -0.286747 1.481438 0.742874
v -0.275520 1.506595 0.753287
v -0.238387 1.517002 0.735250
v -0.267575 1.472469 0.735209
v -0.251905 1.494114 0.735242
v -0.285973 0.699447 0.740623
v -0.247626 0.701130 0.708714
v -0.303176 0.702136 0.747291
v -0.292383 0.702801 0.747509
v -0.323544 0.695842 0.747291
v -0.240158 0.556845 0.751946
v -0.343779 0.744327 0.744784
v -0.352480 0.733886 0.737829
v -0.347870 0.707916 0.731029
v -0.349931 0.734290 0.735563
v -0.345321 0.708320 0.728763
v -0.383911 1.121447 0.683724
v -0.337710 0.846417 0.682395
v -0.307529 0.761063 0.679311
v -0.202574 0.560450 0.672150
v -0.208984 0.563804 0.665264
v -0.219790 0.563139 0.665481
v -0.343760 0.849062 0.675639
v -0.354481 0.848397 0.675864
v -0.219790 0.563139 0.752096
v -0.208984 0.563804 0.752313
v -0.313939 0.764416 0.672425
v -0.324725 0.763752 0.672644
v -0.389635 1.122300 0.677038
v -0.399829 1.121877 0.674501
v -0.392543 1.234525 0.674273
v -0.381333 1.229582 0.675845
v -0.329455 1.404645 0.674459
v -0.339709 1.415922 0.675336
v -0.212232 1.613639 0.672686
v -0.199464 1.600168 0.672475
v -0.375231 1.230010 0.682853
v -0.321316 1.407560 0.682375
v -0.197162 1.591568 0.682205
v -0.368857 1.121315 0.690835
v -0.367235 1.318783 0.675174
v -0.354932 1.356182 0.674875
v -0.357688 1.333557 0.659160
v -0.364447 1.367389 0.675810
v -0.381368 1.322131 0.675686
v -0.372186 1.350676 0.660423
v -0.347736 1.357835 0.682586
v -0.360263 1.320531 0.682695
v -0.346769 1.336152 0.670897
v -0.248585 1.518059 0.673727
v -0.275717 1.469798 0.674185
v -0.260997 1.491459 0.663811
v -0.257949 1.536233 0.673935
v -0.286747 1.481438 0.674553
v -0.275520 1.506595 0.664140
v -0.238387 1.517002 0.682178
v -0.267575 1.472469 0.682218
v -0.251905 1.494114 0.682185
v -0.285973 0.699447 0.676804
v -0.303176 0.702136 0.670136
v -0.292383 0.702801 0.669918
v -0.323544 0.695842 0.670136
v -0.240158 0.556845 0.665481
v -0.343779 0.744327 0.672644
v -0.352480 0.733886 0.679599
v -0.347870 0.707916 0.686398
v -0.349931 0.734290 0.681865
v -0.345321 0.708320 0.688664
v -0.247174 0.563139 0.724610
v -0.247180 0.563139 0.692823
v -0.369463 0.848397 0.726615
v -0.369511 0.848397 0.690859
v -0.342446 0.763752 0.690328
v -0.342406 0.763752 0.727139
v -0.422648 1.120099 0.724296
v -0.422713 1.120094 0.693183
v -0.416478 1.239983 0.723823
v -0.416559 1.240002 0.693669
v -0.357533 1.423005 0.724858
v -0.357750 1.423091 0.692779
v -0.235513 1.626327 0.694247
v -0.235388 1.626274 0.723293
v -0.379277 1.374562 0.725656
v -0.379531 1.374685 0.692045
v -0.400837 1.330084 0.693148
v -0.400739 1.330044 0.724367
v -0.402437 1.365286 0.690099
v -0.403101 1.365607 0.723470
v -0.277672 1.552122 0.723118
v -0.277784 1.552212 0.694424
v -0.308535 1.491536 0.693867
v -0.308354 1.491452 0.723721
v -0.334204 0.683412 0.727003
v -0.334208 0.683407 0.690432
v -0.267777 0.556845 0.693052
v -0.267770 0.556845 0.724382
v -0.357087 0.753419 0.691857
v -0.357069 0.753407 0.725597
v -0.361230 0.739078 0.691484
v -0.361214 0.739068 0.725964
v -0.355483 0.703921 0.724051
v -0.355492 0.703916 0.693384
v -0.357320 0.738674 0.726307
v -0.357333 0.738682 0.691136
v -0.352119 0.704753 0.694262
v -0.352105 0.704760 0.723177
v -0.274952 1.549166 0.723098
v -0.275064 1.549256 0.694404
v -0.307249 1.519660 0.694019
v -0.307096 1.519589 0.723500
v -0.369487 0.848397 0.708737
v -0.342426 0.763752 0.708733
v -0.422681 1.120096 0.708740
v -0.416519 1.239992 0.708746
v -0.379404 1.374623 0.708850
v -0.402769 1.365446 0.706785
v -0.400788 1.330064 0.708758
v -0.357642 1.423048 0.708818
v -0.277728 1.552167 0.708771
v -0.318613 1.517532 0.708780
v -0.308444 1.491494 0.708794
v -0.235451 1.626300 0.708770
v -0.357078 0.753413 0.708727
v -0.334206 0.683410 0.708718
v -0.267773 0.556845 0.708717
v -0.361222 0.739073 0.708724
v -0.355488 0.703918 0.708718
v -0.357326 0.738678 0.708722
v -0.352112 0.704757 0.708719
v -0.275008 1.549211 0.708751
v -0.310935 1.531662 0.708759
v -0.250137 0.629949 0.742950
v -0.210463 0.630297 0.708714
v -0.287714 0.626343 0.749619
v -0.267346 0.632638 0.667808
v -0.250137 0.629949 0.674477
v -0.256546 0.633302 0.667591
v -0.287714 0.626343 0.667808
v -0.306855 0.620126 0.691742
v -0.306850 0.620129 0.725693
v -0.306853 0.620127 0.708717
v -0.267346 0.632638 0.749694
v -0.256546 0.633302 0.749911
v 0.002379 1.538733 0.580424
v 0.002379 1.596097 0.620891
v 0.128567 1.538733 0.706613
v 0.088100 1.596097 0.706613
v 0.002379 1.538733 0.832801
v 0.002379 1.596097 0.792334
v -0.123810 1.538733 0.706613
v -0.083343 1.596097 0.706613
v 0.002379 1.505571 0.618319
v 0.090672 1.505571 0.706613
v 0.002379 1.505571 0.794906
v -0.085915 1.505571 0.706613
v 0.002379 1.488823 0.793238
v 0.002379 1.505571 0.601358
v 0.107633 1.505571 0.706613
v 0.002379 1.505571 0.811867
v -0.102876 1.505571 0.706613
v 0.073197 1.472075 0.706613
v 0.002379 1.472075 0.635794
v 0.002379 1.472075 0.777431
v -0.068440 1.472075 0.706613
v -0.084247 1.488823 0.706613
v 0.089004 1.488823 0.706613
v 0.002379 1.488823 0.619987
v 0.002379 1.472075 0.650893
v 0.058098 1.472075 0.706613
v 0.002379 1.472075 0.762332
v -0.053341 1.472075 0.706613
v 0.058098 1.486714 0.706613
v 0.002379 1.486714 0.650893
v 0.002379 1.486714 0.762332
v -0.053341 1.486714 0.706613
v 0.097075 1.538733 0.630585
v 0.078237 1.538733 0.611845
v 0.049599 1.596097 0.640450
v 0.068594 1.596097 0.659520
v 0.078406 1.538733 0.801309
v 0.097146 1.538733 0.782471
v 0.068541 1.596097 0.753833
v 0.049471 1.596097 0.772828
v -0.092318 1.538733 0.782641
v -0.073480 1.538733 0.801380
v -0.044842 1.596097 0.772775
v -0.063837 1.596097 0.753705
v -0.073649 1.538733 0.611916
v -0.092389 1.538733 0.630754
v -0.063784 1.596097 0.659392
v -0.044714 1.596097 0.640397
v 0.070305 1.505571 0.657443
v 0.051457 1.505571 0.638648
v 0.051548 1.505571 0.774539
v 0.070343 1.505571 0.755691
v -0.065548 1.505571 0.755782
v -0.046699 1.505571 0.774577
v -0.046791 1.505571 0.638686
v -0.065586 1.505571 0.657535
v 0.082288 1.505571 0.645426
v 0.063438 1.505571 0.626650
v 0.063565 1.505571 0.786522
v 0.082341 1.505571 0.767672
v -0.077531 1.505571 0.767799
v -0.058680 1.505571 0.786575
v -0.058808 1.505571 0.626703
v -0.077584 1.505571 0.645554
v 0.028412 1.472075 0.661677
v 0.047303 1.472075 0.680550
v 0.047315 1.472075 0.732647
v 0.028441 1.472075 0.751537
v -0.023655 1.472075 0.751549
v -0.042546 1.472075 0.732675
v -0.042557 1.472075 0.680579
v -0.023684 1.472075 0.661688
v -0.045527 1.488823 0.773395
v -0.064376 1.488823 0.754586
v -0.064403 1.488823 0.658707
v -0.045594 1.488823 0.639858
v 0.069161 1.488823 0.754519
v 0.050352 1.488823 0.773367
v 0.050284 1.488823 0.639831
v 0.069133 1.488823 0.658640
v 0.057971 1.472075 0.669854
v 0.039090 1.472075 0.651001
v 0.039137 1.472075 0.762205
v 0.057990 1.472075 0.743324
v -0.053214 1.472075 0.743371
v -0.034333 1.472075 0.762224
v -0.034380 1.472075 0.651020
v -0.053233 1.472075 0.669901
v 0.021306 1.486714 0.706613
v 0.002379 1.486714 0.725540
v -0.016549 1.486714 0.706613
v 0.002379 1.486714 0.687685
v 0.047311 1.486714 0.680570
v 0.028407 1.486714 0.661674
v 0.028421 1.486714 0.751545
v 0.047317 1.486714 0.732641
v -0.023664 1.486714 0.661680
v -0.042560 1.486714 0.680584
v -0.042554 1.486714 0.732656
v -0.023650 1.486714 0.751551
v -0.016917 1.596097 0.706285
v 0.002051 1.596097 0.725909
v 0.021674 1.596097 0.706940
v 0.002706 1.596097 0.687317
vn -0.6031 0.7755 -0.1868
vn -0.3111 0.6887 -0.6550
vn -0.7063 -0.6055 -0.3668
vn 0.6856 -0.7215 -0.0972
vn -0.6856 -0.7215 -0.0972
vn -0.0000 -0.4591 0.8884
vn 0.7063 -0.6055 -0.3668
vn -0.7063 0.6494 0.2817
vn -0.6799 0.4777 0.5564
vn -0.6300 -0.3511 -0.6927
vn 0.6031 0.7755 -0.1868
vn 0.6300 -0.3511 -0.6927
vn 0.7063 0.6494 0.2817
vn -0.3027 0.1460 -0.9418
vn 0.3111 0.6887 -0.6550
vn 0.3027 0.1460 -0.9418
vn 0.6799 0.4777 0.5564
vn 0.0058 0.7935 0.6085
vn -0.8080 0.4289 -0.4040
vn 0.0452 0.4772 0.8776
vn -0.7970 0.3829 -0.4670
vn -0.0033 0.6447 -0.7644
vn 0.0038 0.7812 0.6243
vn -0.0002 0.3499 0.9368
vn -0.0000 0.7127 -0.7015
vn -0.8596 0.2979 -0.4150
vn -0.4265 0.6929 0.5814
vn -0.0171 -0.4718 0.8816
vn -0.0578 -0.7199 0.6917
vn -0.9995 -0.0198 0.0253
vn 0.0291 -0.9987 0.0417
vn -0.9997 -0.0191 0.0145
vn -0.2458 -0.1077 -0.9633
vn -0.8703 0.3385 -0.3579
vn -0.1606 0.7081 -0.6876
vn -0.9994 -0.0248 0.0253
vn -0.0434 -0.4835 0.8743
vn 0.0169 -0.8042 -0.5941
vn 0.0123 0.6534 -0.7569
vn 0.0014 -0.1716 -0.9852
vn -0.0038 -0.8006 -0.5992
vn 0.4868 0.7341 0.4734
vn -0.0058 0.7935 0.6085
vn 0.8080 0.4289 -0.4040
vn -0.0452 0.4772 0.8776
vn 0.7970 0.3829 -0.4670
vn 0.0033 0.6447 -0.7644
vn -0.0038 0.7812 0.6243
vn -0.0000 0.3509 0.9364
vn 0.8596 0.2979 -0.4150
vn 0.4169 0.6971 0.5833
vn 0.0171 -0.4718 0.8816
vn 0.0578 -0.7199 0.6917
vn 0.9995 -0.0198 0.0253
vn -0.0291 -0.9987 0.0417
vn 0.9997 -0.0191 0.0145
vn 0.2458 -0.1077 -0.9633
vn 0.8703 0.3385 -0.3579
vn 0.1606 0.7081 -0.6876
vn 0.9994 -0.0248 0.0253
vn 0.0434 -0.4835 0.8743
vn -0.0169 -0.8042 -0.5941
vn -0.0123 0.6534 -0.7569
vn -0.0014 -0.1716 -0.9852
vn 0.0038 -0.8006 -0.5992
vn -0.4868 0.7341 0.4734
vn 0.0436 0.5305 -0.8466
vn -0.0436 0.5305 -0.8466
vn -0.0177 0.9097 0.4148
vn -0.2708 0.8782 0.3943
vn -0.1794 0.9466 0.2679
vn -0.8281 0.3840 0.4084
vn -0.0168 -0.1055 0.9943
vn 0.0177 0.9097 0.4148
vn 0.2708 0.8782 0.3943
vn 0.1794 0.9466 0.2679
vn 0.8265 0.3856 0.4101
vn 0.0181 -0.0977 0.9951
vn 0.8086 -0.4550 -0.3731
vn 0.0633 -0.9419 -0.3299
vn 0.6998 -0.1131 -0.7053
vn 0.0032 0.0630 -0.9980
vn 0.0393 -0.0128 -0.9991
vn -0.8086 -0.4550 -0.3731
vn -0.0633 -0.9419 -0.3299
vn -0.6998 -0.1131 -0.7053
vn -0.0032 0.0630 -0.9980
vn -0.0393 -0.0128 -0.9991
vn -0.1674 0.5373 -0.8266
vn -0.7921 0.3634 -0.4905
vn -0.0181 0.6571 -0.7535
vn 0.0181 0.6571 -0.7535
vn -0.9991 -0.0163 0.0385
vn -0.0674 -0.7177 0.6930
vn 0.0674 -0.7177 0.6930
vn 0.7921 0.3634 -0.4905
vn 0.1674 0.5373 -0.8266
vn 0.9991 -0.0163 0.0385
vn -0.1868 0.7755 0.6031
vn -0.6550 0.6887 0.3111
vn -0.3668 -0.6055 0.7063
vn -0.0972 -0.7215 -0.6856
vn -0.0972 -0.7215 0.6856
vn 0.8884 -0.4591 -0.0000
vn -0.3668 -0.6055 -0.7063
vn 0.2817 0.6494 0.7063
vn 0.5564 0.4777 0.6799
vn -0.6927 -0.3511 0.6300
vn -0.1868 0.7755 -0.6031
vn -0.6927 -0.3511 -0.6300
vn 0.2817 0.6494 -0.7063
vn -0.9418 0.1460 0.3027
vn -0.6550 0.6887 -0.3111
vn -0.9418 0.1460 -0.3027
vn 0.5564 0.4777 -0.6799
vn 0.6085 0.7935 -0.0058
vn -0.4040 0.4289 0.8080
vn 0.8776 0.4772 -0.0452
vn -0.4670 0.3829 0.7970
vn -0.7644 0.6447 0.0033
vn 0.6243 0.7812 -0.0038
vn 0.9368 0.3499 0.0002
vn -0.7015 0.7127 -0.0000
vn -0.4150 0.2979 0.8596
vn 0.5814 0.6929 0.4265
vn 0.8816 -0.4718 0.0171
vn 0.6917 -0.7199 0.0578
vn 0.0253 -0.0198 0.9995
vn 0.0417 -0.9987 -0.0291
vn 0.0145 -0.0191 0.9997
vn -0.9633 -0.1077 0.2458
vn -0.3579 0.3385 0.8703
vn -0.6876 0.7081 0.1606
vn 0.0253 -0.0248 0.9994
vn 0.8743 -0.4835 0.0434
vn -0.5941 -0.8042 -0.0169
vn -0.7569 0.6534 -0.0123
vn -0.9852 -0.1716 -0.0014
vn -0.5992 -0.8006 0.0038
vn 0.4734 0.7341 -0.4868
vn 0.6085 0.7935 0.0058
vn -0.4040 0.4289 -0.8080
vn 0.8776 0.4772 0.0452
vn -0.4670 0.3829 -0.7970
vn -0.7644 0.6447 -0.0033
vn 0.6243 0.7812 0.0038
vn 0.9364 0.3509 -0.0000
vn -0.4150 0.2979 -0.8596
vn 0.5833 0.6971 -0.4169
vn 0.8816 -0.4718 -0.0171
vn 0.6917 -0.7199 -0.0578
vn 0.0253 -0.0198 -0.9995
vn 0.0417 -0.9987 0.0291
vn 0.0145 -0.0191 -0.9997
vn -0.9633 -0.1077 -0.2458
vn -0.3579 0.3385 -0.8703
vn -0.6876 0.7081 -0.1606
vn 0.0253 -0.0248 -0.9994
vn 0.8743 -0.4835 -0.0434
vn -0.5941 -0.8042 0.0169
vn -0.7569 0.6534 0.0123
vn -0.9852 -0.1716 0.0014
vn -0.5992 -0.8006 -0.0038
vn 0.4734 0.7341 0.4868
vn -0.8466 0.5305 -0.0436
vn -0.8466 0.5305 0.0436
vn 0.4148 0.9097 0.0177
vn 0.3943 0.8782 0.2708
vn 0.2679 0.9466 0.1794
vn 0.4084 0.3840 0.8281
vn 0.9943 -0.1055 0.0168
vn 0.4148 0.9097 -0.0177
vn 0.3943 0.8782 -0.2708
vn 0.2679 0.9466 -0.1794
vn 0.4101 0.3856 -0.8265
vn 0.9951 -0.0977 -0.0181
vn -0.3731 -0.4550 -0.8086
vn -0.3299 -0.9419 -0.0633
vn -0.7053 -0.1131 -0.6998
vn -0.9980 0.0630 -0.0032
vn -0.9991 -0.0128 -0.0393
vn -0.3731 -0.4550 0.8086
vn -0.3299 -0.9419 0.0633
vn -0.7053 -0.1131 0.6998
vn -0.9980 0.0630 0.0032
vn -0.9991 -0.0128 0.0393
vn -0.8266 0.5373 0.1674
vn -0.4905 0.3634 0.7921
vn -0.7535 0.6571 0.0181
vn -0.7535 0.6571 -0.0181
vn 0.0385 -0.0163 0.9991
vn 0.6930 -0.7177 0.0674
vn 0.6930 -0.7177 -0.0674
vn -0.4905 0.3634 -0.7921
vn -0.8266 0.5373 -0.1674
vn 0.0385 -0.0163 -0.9991
vn 0.6031 0.7755 0.1868
vn 0.3111 0.6887 0.6550
vn 0.7063 -0.6055 0.3668
vn -0.6856 -0.7215 0.0972
vn 0.6856 -0.7215 0.0972
vn -0.0000 -0.4591 -0.8884
vn -0.7063 -0.6055 0.3668
vn 0.7063 0.6494 -0.2817
vn 0.6799 0.4777 -0.5564
vn 0.6300 -0.3511 0.6927
vn -0.6031 0.7755 0.1868
vn -0.6300 -0.3511 0.6927
vn -0.7063 0.6494 -0.2817
vn 0.3027 0.1460 0.9418
vn -0.3111 0.6887 0.6550
vn -0.3027 0.1460 0.9418
vn -0.6799 0.4777 -0.5564
vn -0.0058 0.7935 -0.6085
vn 0.8080 0.4289 0.4040
vn -0.0452 0.4772 -0.8776
vn 0.7970 0.3829 0.4670
vn 0.0033 0.6447 0.7644
vn -0.0038 0.7812 -0.6243
vn 0.0002 0.3499 -0.9368
vn -0.0000 0.7127 0.7015
vn 0.8596 0.2979 0.4150
vn 0.4265 0.6929 -0.5814
vn 0.0171 -0.4718 -0.8816
vn 0.0578 -0.7199 -0.6917
vn 0.9995 -0.0198 -0.0253
vn -0.0291 -0.9987 -0.0417
vn 0.9997 -0.0191 -0.0145
vn 0.2458 -0.1077 0.9633
vn 0.8703 0.3385 0.3579
vn 0.1606 0.7081 0.6876
vn 0.9994 -0.0248 -0.0253
vn 0.0434 -0.4835 -0.8743
vn -0.0169 -0.8042 0.5941
vn -0.0123 0.6534 0.7569
vn -0.0014 -0.1716 0.9852
vn 0.0038 -0.8006 0.5992
vn -0.4868 0.7341 -0.4734
vn 0.0058 0.7935 -0.6085
vn -0.8080 0.4289 0.4040
vn 0.0452 0.4772 -0.8776
vn -0.7970 0.3829 0.4670
vn -0.0033 0.6447 0.7644
vn 0.0038 0.7812 -0.6243
vn -0.0000 0.3509 -0.9364
vn -0.8596 0.2979 0.4150
vn -0.4169 0.6971 -0.5833
vn -0.0171 -0.4718 -0.8816
vn -0.0578 -0.7199 -0.6917
vn -0.9995 -0.0198 -0.0253
vn 0.0291 -0.9987 -0.0417
vn -0.9997 -0.0191 -0.0145
vn -0.2458 -0.1077 0.9633
vn -0.8703 0.3385 0.3579
vn -0.1606 0.7081 0.6876
vn -0.9994 -0.0248 -0.0253
vn -0.0434 -0.4835 -0.8743
vn 0.0169 -0.8042 0.5941
vn 0.0123 0.6534 0.7569
vn 0.0014 -0.1716 0.9852
vn -0.0038 -0.8006 0.5992
vn 0.4868 0.7341 -0.4734
vn -0.0436 0.5305 0.8466
vn 0.0436 0.5305 0.8466
vn 0.0177 0.9097 -0.4148
vn 0.2708 0.8782 -0.3943
vn 0.1794 0.9466 -0.2679
vn 0.8281 0.3840 -0.4084
vn 0.0168 -0.1055 -0.9943
vn -0.0177 0.9097 -0.4148
vn -0.2708 0.8782 -0.3943
vn -0.1794 0.9466 -0.2679
vn -0.8265 0.3856 -0.4101
vn -0.0181 -0.0977 -0.9951
vn -0.8086 -0.4550 0.3731
vn -0.0633 -0.9419 0.3299
vn -0.6998 -0.1131 0.7053
vn -0.0032 0.0630 0.9980
vn -0.0393 -0.0128 0.9991
vn 0.8086 -0.4550 0.3731
vn 0.0633 -0.9419 0.3299
vn 0.6998 -0.1131 0.7053
vn 0.0032 0.0630 0.9980
vn 0.0393 -0.0128 0.9991
vn 0.1674 0.5373 0.8266
vn 0.7921 0.3634 0.4905
vn 0.0181 0.6571 0.7535
vn -0.0181 0.6571 0.7535
vn 0.9991 -0.0163 -0.0385
vn 0.0674 -0.7177 -0.6930
vn -0.0674 -0.7177 -0.6930
vn -0.7921 0.3634 0.4905
vn -0.1674 0.5373 0.8266
vn -0.9991 -0.0163 -0.0385
vn 0.1868 0.7755 -0.6031
vn 0.6550 0.6887 -0.3111
vn 0.3668 -0.6055 -0.7063
vn 0.0972 -0.7215 0.6856
vn 0.0972 -0.7215 -0.6856
vn -0.8884 -0.4591 -0.0000
vn 0.3668 -0.6055 0.7063
vn -0.2817 0.6494 -0.7063
vn -0.5564 0.4777 -0.6799
vn 0.6927 -0.3511 -0.6300
vn 0.1868 0.7755 0.6031
vn 0.6927 -0.3511 0.6300
vn -0.2817 0.6494 0.7063
vn 0.9418 0.1460 -0.3027
vn 0.6550 0.6887 0.3111
vn 0.9418 0.1460 0.3027
vn -0.5564 0.4777 0.6799
vn -0.6085 0.7935 0.0058
vn 0.4040 0.4289 -0.8080
vn -0.8776 0.4772 0.0452
vn 0.4670 0.3829 -0.7970
vn 0.7644 0.6447 -0.0033
vn -0.6243 0.7812 0.0038
vn -0.9368 0.3499 -0.0002
vn 0.7015 0.7127 -0.0000
vn 0.4150 0.2979 -0.8596
vn -0.5814 0.6929 -0.4265
vn -0.8816 -0.4718 -0.0171
vn -0.6917 -0.7199 -0.0578
vn -0.0253 -0.0198 -0.9995
vn -0.0417 -0.9987 0.0291
vn -0.0145 -0.0191 -0.9997
vn 0.9633 -0.1077 -0.2458
vn 0.3579 0.3385 -0.8703
vn 0.6876 0.7081 -0.1606
vn -0.0253 -0.0248 -0.9994
vn -0.8743 -0.4835 -0.0434
vn 0.5941 -0.8042 0.0169
vn 0.7569 0.6534 0.0123
vn 0.9852 -0.1716 0.0014
vn 0.5992 -0.8006 -0.0038
vn -0.4734 0.7341 0.4868
vn -0.6085 0.7935 -0.0058
vn 0.4040 0.4289 0.8080
vn -0.8776 0.4772 -0.0452
vn 0.4670 0.3829 0.7970
vn 0.7644 0.6447 0.0033
vn -0.6243 0.7812 -0.0038
vn -0.9364 0.3509 -0.0000
vn 0.4150 0.2979 0.8596
vn -0.5833 0.6971 0.4169
vn -0.8816 -0.4718 0.0171
vn -0.6917 -0.7199 0.0578
vn -0.0253 -0.0198 0.9995
vn -0.0417 -0.9987 -0.0291
vn -0.0145 -0.0191 0.9997
vn 0.9633 -0.1077 0.2458
vn 0.3579 0.3385 0.8703
vn 0.6876 0.7081 0.1606
vn -0.0253 -0.0248 0.9994
vn -0.8743 -0.4835 0.0434
vn 0.5941 -0.8042 -0.0169
vn 0.7569 0.6534 -0.0123
vn 0.9852 -0.1716 -0.0014
vn 0.5992 -0.8006 0.0038
vn -0.4734 0.7341 -0.4868
vn 0.8466 0.5305 0.0436
vn 0.8466 0.5305 -0.0436
vn -0.4148 0.9097 -0.0177
vn -0.3943 0.8782 -0.2708
vn -0.2679 0.9466 -0.1794
vn -0.4084 0.3840 -0.8281
vn -0.9943 -0.1055 -0.0168
vn -0.4148 0.9097 0.0177
vn -0.3943 0.8782 0.2708
vn -0.2679 0.9466 0.1794
vn -0.4101 0.3856 0.8265
vn -0.9951 -0.0977 0.0181
vn 0.3731 -0.4550 0.8086
vn 0.3299 -0.9419 0.0633
vn 0.7053 -0.1131 0.6998
vn 0.9980 0.0630 0.0032
vn 0.9991 -0.0128 0.0393
vn 0.3731 -0.4550 -0.8086
vn 0.3299 -0.9419 -0.0633
vn 0.7053 -0.1131 -0.6998
vn 0.9980 0.0630 -0.0032
vn 0.9991 -0.0128 -0.0393
vn 0.8266 0.5373 -0.1674
vn 0.4905 0.3634 -0.7921
vn 0.7535 0.6571 -0.0181
vn 0.7535 0.6571 0.0181
vn -0.0385 -0.0163 -0.9991
vn -0.6930 -0.7177 -0.0674
vn -0.6930 -0.7177 0.0674
vn 0.4905 0.3634 0.7921
vn 0.8266 0.5373 0.1674
vn -0.0385 -0.0163 0.9991
vn -0.4036 0.6772 -0.6152
vn -0.5486 -0.0000 -0.8361
vn -0.4036 -0.6772 -0.6152
vn 0.4237 0.6943 -0.5818
vn 0.5881 -0.0000 -0.8088
vn 0.4237 -0.6943 -0.5818
vn 0.5893 -0.0000 -0.8079
vn 0.3721 0.7749 -0.5109
vn 0.3721 -0.7749 -0.5109
vn -0.3565 0.7601 -0.5432
vn -0.3565 -0.7601 -0.5432
vn 0.9991 0.0006 0.0431
vn 0.9991 0.0010 0.0430
vn -0.9991 0.0036 -0.0434
vn -0.9991 0.0007 -0.0432
vn -0.9991 0.0013 -0.0432
vn 0.9991 0.0036 0.0429
vn 0.1894 -0.0000 -0.9819
vn -0.2003 -0.0000 -0.9797
vn -0.1465 0.6821 -0.7164
vn 0.1372 0.6891 -0.7115
vn 0.1372 -0.6891 -0.7115
vn -0.1465 -0.6821 -0.7164
vn -0.1292 0.7644 -0.6317
vn 0.1207 0.7705 -0.6259
vn 0.1207 -0.7705 -0.6259
vn -0.1292 -0.7644 -0.6317
vn -0.0054 0.6925 -0.7214
vn -0.0075 -0.0002 -1.0000
vn -0.0054 -0.6927 -0.7212
vn -0.0075 -0.0007 -1.0000
vn -0.0048 0.7734 -0.6339
vn -0.0075 -0.0001 -1.0000
vn -0.0048 -0.7735 -0.6338
vn -0.0075 -0.0000 -1.0000
vn 0.9991 0.0011 0.0430
vn 0.9991 0.0002 0.0431
vn -0.9991 0.0010 -0.0432
vn -0.9991 0.0006 -0.0432
vn -0.9991 0.0002 -0.0431
vn 0.9991 0.0009 0.0431
vn -0.9991 0.0004 -0.0432
vn -0.9991 0.0011 -0.0432
vn 0.9991 0.0004 0.0431
vn 0.9991 0.0013 0.0430
vn 0.9991 0.0007 0.0431
vn -0.9991 0.0009 -0.0432
vn -0.2102 0.9168 -0.3396
vn 0.2175 0.9248 -0.3122
vn -0.9613 0.1873 0.2020
vn 0.9221 0.3089 0.2331
vn -0.0922 0.8903 -0.4460
vn 0.0859 0.8938 -0.4401
vn -0.0066 0.3012 -0.9535
vn 0.2847 -0.0000 -0.9586
vn -0.5162 0.3006 -0.8020
vn -0.1854 0.3791 -0.9066
vn 0.5548 0.3109 -0.7717
vn 0.1748 0.3855 -0.9060
vn -0.0001 0.9999 -0.0151
vn -0.0069 0.3886 -0.9214
vn -0.0007 -0.9956 -0.0932
vn -0.3722 -0.7346 -0.5672
vn 0.0002 -1.0000 -0.0031
vn -0.1696 -0.6965 -0.6972
vn 0.1611 -0.7047 -0.6910
vn 0.3896 -0.7510 -0.5331
vn -0.9962 0.0483 0.0726
vn 0.9865 0.0477 0.1569
vn -0.0052 -0.7225 -0.6913
vn -0.0250 0.9991 -0.0353
vn 0.0289 0.9989 -0.0372
vn -0.0129 0.9990 -0.0436
vn 0.0112 0.9989 -0.0456
vn -0.0002 0.9988 -0.0490
vn 0.2853 -0.0766 -0.9554
vn 0.6936 -0.0000 -0.7204
vn -0.0005 -0.0000 -1.0000
vn -0.3583 -0.0000 -0.9336
vn -0.6809 -0.0000 -0.7324
vn 0.6356 -0.0000 -0.7720
vn 0.6871 -0.1169 -0.7171
vn -0.0007 -0.0653 -0.9979
vn -0.3574 -0.0759 -0.9309
vn -0.6753 -0.1061 -0.7299
vn -0.0000 1.0000 -0.0000
vn -0.0567 -0.0000 -0.9984
vn -0.3497 -0.0000 -0.9369
vn -0.6731 -0.0000 -0.7396
vn 0.3599 -0.0000 -0.9330
vn 0.5045 -0.0000 -0.8634
vn 0.7147 -0.0000 -0.6995
vn -0.0576 -0.0000 -0.9983
vn -0.5209 -0.0000 -0.8536
vn -0.6776 -0.0000 -0.7354
vn -0.3825 0.7939 -0.4727
vn 0.3664 0.8535 -0.3707
vn -0.3140 0.8019 -0.5083
vn 0.2679 0.8539 -0.4462
vn -0.0255 0.8145 -0.5796
vn 0.7509 -0.0000 0.6604
vn -0.1248 0.9910 -0.0488
vn -0.4961 -0.1407 -0.8568
vn 0.0996 0.9891 -0.1082
vn 0.6114 -0.3848 -0.6915
vn -0.0696 0.9885 -0.1341
vn -0.4671 -0.2090 -0.8591
vn 0.0621 0.9844 -0.1643
vn 0.3626 -0.3366 -0.8690
vn -0.0582 -0.1876 -0.9805
vn -0.0106 0.9838 -0.1790
vn -0.4461 -0.4024 -0.7994
vn -0.4814 0.6583 -0.5787
vn 0.4866 0.6952 -0.5290
vn 0.5514 -0.5568 -0.6213
vn -0.4720 -0.3458 -0.8109
vn -0.3780 0.6425 -0.6665
vn 0.2740 0.6744 -0.6856
vn 0.4106 -0.4242 -0.8071
vn -0.0409 -0.2938 -0.9550
vn -0.0137 0.6227 -0.7823
vn -0.5724 -0.0000 0.8200
vn -0.7165 -0.0000 0.6976
vn -0.1976 -0.0000 0.9803
vn 0.4790 -0.0000 0.8778
vn -0.6004 0.6772 -0.4253
vn -0.8160 -0.0000 -0.5780
vn -0.6004 -0.6772 -0.4253
vn -0.5965 0.6943 0.4027
vn -0.8292 -0.0000 0.5590
vn -0.5965 -0.6943 0.4027
vn -0.8284 -0.0000 0.5601
vn -0.5239 0.7749 0.3536
vn -0.8292 -0.0000 0.5589
vn -0.5239 -0.7749 0.3536
vn -0.5302 0.7601 -0.3756
vn -0.5302 -0.7601 -0.3756
vn 0.0075 0.0006 1.0000
vn 0.0074 0.0010 1.0000
vn -0.0078 0.0036 -1.0000
vn -0.0076 0.0007 -1.0000
vn -0.0076 0.0013 -1.0000
vn 0.0072 0.0036 1.0000
vn -0.9880 -0.0000 0.1543
vn -0.9720 -0.0000 -0.2351
vn -0.7108 0.6821 -0.1719
vn -0.7160 0.6891 0.1118
vn -0.7160 -0.6891 0.1118
vn -0.7108 -0.6821 -0.1719
vn -0.6267 0.7644 -0.1516
vn -0.6298 0.7705 0.0984
vn -0.6298 -0.7705 0.0984
vn -0.6267 -0.7644 -0.1516
vn -0.7207 0.6925 -0.0311
vn -0.9991 -0.0002 -0.0431
vn -0.7206 -0.6927 -0.0311
vn -0.9991 -0.0007 -0.0431
vn -0.6333 0.7734 -0.0273
vn -0.9991 -0.0001 -0.0431
vn -0.6332 -0.7735 -0.0273
vn -0.9991 -0.0000 -0.0431
vn 0.0074 0.0011 1.0000
vn 0.0075 0.0002 1.0000
vn -0.0076 0.0010 -1.0000
vn -0.0075 0.0006 -1.0000
vn -0.0075 0.0002 -1.0000
vn 0.0074 0.0009 1.0000
vn -0.0075 0.0004 -1.0000
vn -0.0076 0.0011 -1.0000
vn 0.0075 0.0004 1.0000
vn 0.0074 0.0013 1.0000
vn 0.0074 0.0007 1.0000
vn -0.0076 0.0009 -1.0000
vn -0.3319 0.9168 -0.2222
vn -0.3197 0.9248 0.2062
vn 0.2361 0.1873 -0.9535
vn 0.2001 0.3089 0.9298
vn -0.4425 0.8903 -0.1080
vn -0.4429 0.8938 0.0702
vn -0.9527 0.3012 -0.0405
vn -0.9681 -0.0000 0.2504
vn -0.7831 0.3006 -0.5444
vn -0.8994 0.3791 -0.2176
vn -0.7909 0.3109 0.5270
vn -0.9117 0.3855 0.1424
vn -0.0151 0.9999 -0.0006
vn -0.9206 0.3886 -0.0397
vn -0.0931 -0.9956 -0.0040
vn -0.5536 -0.7346 -0.3922
vn -0.0031 -1.0000 0.0001
vn -0.6907 -0.6965 -0.1943
vn -0.6963 -0.7047 0.1363
vn -0.5466 -0.7510 0.3703
vn 0.1081 0.0483 -0.9930
vn 0.1216 0.0477 0.9914
vn -0.6907 -0.7225 -0.0298
vn -0.0344 0.9991 -0.0262
vn -0.0382 0.9989 0.0275
vn -0.0431 0.9990 -0.0145
vn -0.0460 0.9989 0.0096
vn -0.0489 0.9988 -0.0020
vn -0.9649 -0.0766 0.2510
vn -0.7447 -0.0000 0.6674
vn -0.9993 -0.0000 -0.0361
vn -0.9202 -0.0000 -0.3914
vn -0.7077 -0.0000 -0.7065
vn -0.7941 -0.0000 0.6077
vn -0.7411 -0.1169 0.6612
vn -0.9972 -0.0653 -0.0362
vn -0.9175 -0.0759 -0.3904
vn -0.7054 -0.1061 -0.7008
vn -0.9957 -0.0000 -0.0923
vn -0.9238 -0.0000 -0.3828
vn -0.7151 -0.0000 -0.6990
vn -0.9452 -0.0000 0.3264
vn -0.8808 -0.0000 0.4734
vn -0.7245 -0.0000 0.6893
vn -0.9957 -0.0000 -0.0932
vn -0.8345 -0.0000 -0.5509
vn -0.7108 -0.0000 -0.7034
vn -0.4588 0.7939 -0.3991
vn -0.3835 0.8535 0.3529
vn -0.4968 0.8019 -0.3319
vn -0.4554 0.8539 0.2518
vn -0.5784 0.8145 -0.0461
vn 0.6332 -0.0000 0.7740
vn -0.0443 0.9910 -0.1265
vn -0.8385 -0.1407 -0.5263
vn -0.1117 0.9891 0.0957
vn -0.7128 -0.3848 0.5864
vn -0.1315 0.9885 -0.0743
vn -0.8420 -0.2090 -0.4974
vn -0.1664 0.9844 0.0562
vn -0.8814 -0.3366 0.3314
vn -0.9778 -0.1876 -0.0931
vn -0.1785 0.9838 -0.0170
vn -0.7830 -0.4024 -0.4743
vn -0.5612 0.6583 -0.5017
vn -0.5460 0.6952 0.4674
vn -0.6405 -0.5568 0.5289
vn -0.7936 -0.3458 -0.5006
vn -0.6526 0.6425 -0.4015
vn -0.6950 0.6744 0.2494
vn -0.8212 -0.4242 0.3816
vn -0.9529 -0.2938 -0.0749
vn -0.7813 0.6227 -0.0415
vn 0.8398 -0.0000 -0.5428
vn 0.7227 -0.0000 -0.6912
vn 0.9867 -0.0000 -0.1625
vn 0.8602 -0.0000 0.5100
vn 0.6004 0.6772 0.4253
vn 0.8160 -0.0000 0.5780
vn 0.6004 -0.6772 0.4253
vn 0.5965 0.6943 -0.4027
vn 0.8292 -0.0000 -0.5590
vn 0.5965 -0.6943 -0.4027
vn 0.8284 -0.0000 -0.5601
vn 0.5239 0.7749 -0.3536
vn 0.8292 -0.0000 -0.5589
vn 0.5239 -0.7749 -0.3536
vn 0.5302 0.7601 0.3756
vn 0.5302 -0.7601 0.3756
vn -0.0074 0.0010 -1.0000
vn 0.0078 0.0036 1.0000
vn 0.0076 0.0007 1.0000
vn 0.0076 0.0013 1.0000
vn -0.0072 0.0036 -1.0000
vn 0.9880 -0.0000 -0.1543
vn 0.9720 -0.0000 0.2351
vn 0.7108 0.6821 0.1719
vn 0.7160 0.6891 -0.1118
vn 0.7160 -0.6891 -0.1118
vn 0.7108 -0.6821 0.1719
vn 0.6267 0.7644 0.1516
vn 0.6298 0.7705 -0.0984
vn 0.6298 -0.7705 -0.0984
vn 0.6267 -0.7644 0.1516
vn 0.7207 0.6925 0.0311
vn 0.9991 -0.0002 0.0431
vn 0.7206 -0.6927 0.0311
vn 0.9991 -0.0007 0.0431
vn 0.6333 0.7734 0.0273
vn 0.9991 -0.0001 0.0431
vn 0.6332 -0.7735 0.0273
vn 0.9991 -0.0000 0.0431
vn -0.0074 0.0011 -1.0000
vn 0.0076 0.0010 1.0000
vn -0.0074 0.0009 -1.0000
vn 0.0076 0.0011 1.0000
vn -0.0074 0.0013 -1.0000
vn -0.0074 0.0007 -1.0000
vn 0.0076 0.0009 1.0000
vn 0.3319 0.9168 0.2222
vn 0.3197 0.9248 -0.2062
vn -0.2361 0.1873 0.9535
vn -0.2001 0.3089 -0.9298
vn 0.4425 0.8903 0.1080
vn 0.4429 0.8938 -0.0702
vn 0.9527 0.3012 0.0405
vn 0.9681 -0.0000 -0.2504
vn 0.7831 0.3006 0.5444
vn 0.8994 0.3791 0.2176
vn 0.7909 0.3109 -0.5270
vn 0.9117 0.3855 -0.1424
vn 0.0151 0.9999 0.0006
vn 0.9206 0.3886 0.0397
vn 0.0931 -0.9956 0.0040
vn 0.5536 -0.7346 0.3922
vn 0.0031 -1.0000 -0.0001
vn 0.6907 -0.6965 0.1943
vn 0.6963 -0.7047 -0.1363
vn 0.5466 -0.7510 -0.3703
vn -0.1081 0.0483 0.9930
vn -0.1216 0.0477 -0.9914
vn 0.6907 -0.7225 0.0298
vn 0.0344 0.9991 0.0262
vn 0.0382 0.9989 -0.0275
vn 0.0431 0.9990 0.0145
vn 0.0460 0.9989 -0.0096
vn 0.0489 0.9988 0.0020
vn 0.9649 -0.0766 -0.2510
vn 0.7447 -0.0000 -0.6674
vn 0.9993 -0.0000 0.0361
vn 0.9202 -0.0000 0.3914
vn 0.7077 -0.0000 0.7065
vn 0.7941 -0.0000 -0.6077
vn 0.7411 -0.1169 -0.6612
vn 0.9972 -0.0653 0.0362
vn 0.9175 -0.0759 0.3904
vn 0.7054 -0.1061 0.7008
vn 0.9957 -0.0000 0.0923
vn 0.9238 -0.0000 0.3828
vn 0.7151 -0.0000 0.6990
vn 0.9452 -0.0000 -0.3264
vn 0.8808 -0.0000 -0.4734
vn 0.7245 -0.0000 -0.6893
vn 0.9957 -0.0000 0.0932
vn 0.8345 -0.0000 0.5509
vn 0.7108 -0.0000 0.7034
vn 0.4588 0.7939 0.3991
vn 0.3835 0.8535 -0.3529
vn 0.4968 0.8019 0.3319
vn 0.4554 0.8539 -0.2518
vn 0.5784 0.8145 0.0461
vn -0.6332 -0.0000 -0.7740
vn 0.0443 0.9910 0.1265
vn 0.8385 -0.1407 0.5263
vn 0.1117 0.9891 -0.0957
vn 0.7128 -0.3848 -0.5864
vn 0.1315 0.9885 0.0743
vn 0.8420 -0.2090 0.4974
vn 0.1664 0.9844 -0.0562
vn 0.8814 -0.3366 -0.3314
vn 0.9778 -0.1876 0.0931
vn 0.1785 0.9838 0.0170
vn 0.7830 -0.4024 0.4743
vn 0.5612 0.6583 0.5017
vn 0.5460 0.6952 -0.4674
vn 0.6405 -0.5568 -0.5289
vn 0.7936 -0.3458 0.5006
vn 0.6526 0.6425 0.4015
vn 0.6950 0.6744 -0.2494
vn 0.8212 -0.4242 -0.3816
vn 0.9529 -0.2938 0.0749
vn 0.7813 0.6227 0.0415
vn -0.8398 -0.0000 0.5428
vn -0.7227 -0.0000 0.6912
vn -0.9867 -0.0000 0.1625
vn -0.8602 -0.0000 -0.5100
vn 0.4036 0.6772 0.6152
vn 0.5486 -0.0000 0.8361
vn 0.4036 -0.6772 0.6152
vn -0.4237 0.6943 0.5818
vn -0.5881 -0.0000 0.8088
vn -0.4237 -0.6943 0.5818
vn -0.5893 -0.0000 0.8079
vn -0.3721 0.7749 0.5109
vn -0.3721 -0.7749 0.5109
vn 0.3565 0.7601 0.5432
vn 0.3565 -0.7601 0.5432
vn -0.9991 0.0006 -0.0431
vn -0.9991 0.0010 -0.0430
vn 0.9991 0.0036 0.0434
vn 0.9991 0.0007 0.0432
vn 0.9991 0.0013 0.0432
vn -0.9991 0.0036 -0.0429
vn -0.1894 -0.0000 0.9819
vn 0.2003 -0.0000 0.9797
vn 0.1465 0.6821 0.7164
vn -0.1372 0.6891 0.7115
vn -0.1372 -0.6891 0.7115
vn 0.1465 -0.6821 0.7164
vn 0.1292 0.7644 0.6317
vn -0.1207 0.7705 0.6259
vn -0.1207 -0.7705 0.6259
vn 0.1292 -0.7644 0.6317
vn 0.0054 0.6925 0.7214
vn 0.0075 -0.0002 1.0000
vn 0.0054 -0.6927 0.7212
vn 0.0075 -0.0007 1.0000
vn 0.0048 0.7734 0.6339
vn 0.0075 -0.0001 1.0000
vn 0.0048 -0.7735 0.6338
vn 0.0075 -0.0000 1.0000
vn -0.9991 0.0011 -0.0430
vn 0.9991 0.0010 0.0432
vn 0.9991 0.0006 0.0432
vn -0.9991 0.0009 -0.0431
vn 0.9991 0.0004 0.0432
vn 0.9991 0.0011 0.0432
vn -0.9991 0.0004 -0.0431
vn -0.9991 0.0013 -0.0430
vn -0.9991 0.0007 -0.0431
vn 0.9991 0.0009 0.0432
vn 0.2102 0.9168 0.3396
vn -0.2175 0.9248 0.3122
vn 0.9613 0.1873 -0.2020
vn -0.9221 0.3089 -0.2331
vn 0.0922 0.8903 0.4460
vn -0.0859 0.8938 0.4401
vn 0.0066 0.3012 0.9535
vn -0.2847 -0.0000 0.9586
vn 0.5162 0.3006 0.8020
vn 0.1854 0.3791 0.9066
vn -0.5548 0.3109 0.7717
vn -0.1748 0.3855 0.9060
vn 0.0001 0.9999 0.0151
vn 0.0069 0.3886 0.9214
vn 0.0007 -0.9956 0.0932
vn 0.3722 -0.7346 0.5672
vn -0.0002 -1.0000 0.0031
vn 0.1696 -0.6965 0.6972
vn -0.1611 -0.7047 0.6910
vn -0.3896 -0.7510 0.5331
vn 0.9962 0.0483 -0.0726
vn -0.9865 0.0477 -0.1569
vn 0.0052 -0.7225 0.6913
vn 0.0250 0.9991 0.0353
vn -0.0289 0.9989 0.0372
vn 0.0129 0.9990 0.0436
vn -0.0112 0.9989 0.0456
vn 0.0002 0.9988 0.0490
vn -0.2853 -0.0766 0.9554
vn -0.6936 -0.0000 0.7204
vn 0.0005 -0.0000 1.0000
vn 0.3583 -0.0000 0.9336
vn 0.6809 -0.0000 0.7324
vn -0.6356 -0.0000 0.7720
vn -0.6871 -0.1169 0.7171
vn 0.0007 -0.0653 0.9979
vn 0.3574 -0.0759 0.9309
vn 0.6753 -0.1061 0.7299
vn 0.0567 -0.0000 0.9984
vn 0.3497 -0.0000 0.9369
vn 0.6731 -0.0000 0.7396
vn -0.3599 -0.0000 0.9330
vn -0.5045 -0.0000 0.8634
vn -0.7147 -0.0000 0.6995
vn 0.0576 -0.0000 0.9983
vn 0.5209 -0.0000 0.8536
vn 0.6776 -0.0000 0.7354
vn 0.3825 0.7939 0.4727
vn -0.3664 0.8535 0.3707
vn 0.3140 0.8019 0.5083
vn -0.2679 0.8539 0.4462
vn 0.0255 0.8145 0.5796
vn -0.7509 -0.0000 -0.6604
vn 0.1248 0.9910 0.0488
vn 0.4961 -0.1407 0.8568
vn -0.0996 0.9891 0.1082
vn -0.6114 -0.3848 0.6915
vn 0.0696 0.9885 0.1341
vn 0.4671 -0.2090 0.8591
vn -0.0621 0.9844 0.1643
vn -0.3626 -0.3366 0.8690
vn 0.0582 -0.1876 0.9805
vn 0.0106 0.9838 0.1790
vn 0.4461 -0.4024 0.7994
vn 0.4814 0.6583 0.5787
vn -0.4866 0.6952 0.5290
vn -0.5514 -0.5568 0.6213
vn 0.4720 -0.3458 0.8109
vn 0.3780 0.6425 0.6665
vn -0.2740 0.6744 0.6856
vn -0.4106 -0.4242 0.8071
vn 0.0409 -0.2938 0.9550
vn 0.0137 0.6227 0.7823
vn 0.5724 -0.0000 -0.8200
vn 0.7165 -0.0000 -0.6976
vn 0.1976 -0.0000 -0.9803
vn -0.4790 -0.0000 -0.8778
vn -0.8164 -0.1894 0.5455
vn -0.8696 0.4624 -0.1730
vn -0.7372 0.4624 0.4926
vn -0.1730 0.4624 0.8696
vn 0.1730 0.4624 0.8696
vn 0.8696 0.4624 -0.1730
vn -0.1730 0.4624 -0.8696
vn -0.7372 0.4624 -0.4926
vn -0.8696 0.4624 0.1730
vn -0.4926 0.4624 0.7372
vn 0.4926 0.4624 -0.7372
vn 0.4926 0.4624 0.7372
vn 0.7372 0.4624 0.4926
vn 0.7372 0.4624 -0.4926
vn 0.1730 0.4624 -0.8696
vn -0.4926 0.4624 -0.7372
vn 0.8696 0.4624 0.1730
vn -0.6457 0.6301 0.4314
vn 0.8164 -0.1894 -0.5455
vn -0.5455 -0.1894 0.8164
vn 0.5455 -0.1894 -0.8164
vn -0.1916 -0.1894 0.9630
vn 0.1916 -0.1894 -0.9630
vn 0.1916 -0.1894 0.9630
vn -0.1916 -0.1894 -0.9630
vn 0.5455 -0.1894 0.8164
vn -0.8164 -0.1894 -0.5455
vn -0.5455 -0.1894 -0.8164
vn 0.8164 -0.1894 0.5455
vn -0.9630 -0.1894 -0.1916
vn 0.9630 -0.1894 0.1916
vn -0.9630 -0.1894 0.1916
vn 0.9630 -0.1894 -0.1916
vn 0.1515 0.6301 -0.7616
vn -0.7616 0.6301 0.1515
vn -0.1776 0.4134 -0.8931
vn -0.4314 0.6301 -0.6457
vn -0.6457 0.6301 -0.4314
vn 0.4314 0.6301 0.6456
vn -0.7616 0.6301 -0.1515
vn -0.1515 0.6301 -0.7616
vn 0.1515 0.6301 0.7616
vn -0.1515 0.6301 0.7616
vn -0.4314 0.6301 0.6457
vn 0.7616 0.6301 -0.1515
vn 0.7616 0.6301 0.1515
vn 0.6456 0.6301 0.4314
vn -0.6715 0.5897 -0.4487
vn -0.7921 0.5897 -0.1576
vn -0.7921 0.5897 0.1576
vn -0.6715 0.5897 0.4487
vn -0.4487 0.5897 0.6715
vn -0.1576 0.5897 0.7921
vn 0.1576 0.5897 0.7921
vn 0.4487 0.5897 0.6715
vn 0.6715 0.5897 0.4487
vn 0.7921 0.5897 0.1576
vn 0.7921 0.5897 -0.1576
vn 0.6715 0.5897 -0.4487
vn 0.4487 0.5897 -0.6715
vn 0.1576 0.5897 -0.7921
vn -0.1576 0.5897 -0.7921
vn -0.4487 0.5897 -0.6715
vn -0.3678 0.8968 -0.2458
vn -0.4528 -0.8387 -0.3026
vn -0.4338 0.8968 -0.0863
vn -0.5342 -0.8387 -0.1063
vn -0.3026 -0.8387 -0.4528
vn -0.2458 0.8968 -0.3678
vn -0.4338 0.8968 0.0863
vn -0.5342 -0.8387 0.1063
vn -0.3678 0.8968 0.2458
vn -0.4528 -0.8387 0.3026
vn -0.2458 0.8968 0.3678
vn -0.3026 -0.8387 0.4528
vn -0.0863 0.8968 0.4338
vn -0.1063 -0.8387 0.5342
vn 0.0863 0.8968 0.4338
vn 0.1063 -0.8387 0.5342
vn 0.2458 0.8968 0.3678
vn 0.3026 -0.8387 0.4528
vn 0.3678 0.8968 0.2458
vn 0.4528 -0.8387 0.3026
vn 0.4338 0.8968 0.0863
vn 0.5342 -0.8387 0.1063
vn 0.4338 0.8968 -0.0863
vn 0.5342 -0.8387 -0.1063
vn 0.3678 0.8968 -0.2458
vn 0.4528 -0.8387 -0.3026
vn 0.2458 0.8968 -0.3678
vn 0.3026 -0.8387 -0.4528
vn 0.0863 0.8968 -0.4338
vn 0.1063 -0.8387 -0.5342
vn -0.0863 0.8968 -0.4338
vn -0.1063 -0.8387 -0.5342
vn -0.4682 0.5382 0.7008
vn 0.8931 0.4134 0.1776
vn 0.7571 0.4134 -0.5059
vn 0.1776 0.4134 0.8931
vn 0.1776 0.4134 -0.8931
vn 0.7571 0.4134 0.5059
vn -0.7571 0.4134 0.5059
vn 0.8931 0.4134 -0.1776
vn -0.8931 0.4134 -0.1776
vn 0.5059 0.4134 0.7571
vn -0.8931 0.4134 0.1776
vn -0.5059 0.4134 0.7571
vn -0.1776 0.4134 0.8931
vn -0.5059 0.4134 -0.7571
vn -0.7571 0.4134 -0.5059
vn 0.5059 0.4134 -0.7571
vn -0.6169 -0.6705 0.4122
vn -0.1644 0.5382 0.8266
vn -0.4682 0.5382 -0.7008
vn -0.7008 0.5382 -0.4682
vn 0.4682 0.5382 -0.7008
vn -0.1644 0.5382 -0.8266
vn 0.8266 0.5382 0.1644
vn 0.7008 0.5382 -0.4682
vn 0.1644 0.5382 0.8266
vn 0.1644 0.5382 -0.8266
vn 0.7008 0.5382 0.4682
vn -0.7008 0.5382 0.4682
vn 0.8266 0.5382 -0.1644
vn -0.8266 0.5382 -0.1644
vn 0.4682 0.5382 0.7008
vn -0.8266 0.5382 0.1644
vn -0.8266 -0.5382 0.1644
vn 0.4682 -0.5382 0.7008
vn -0.8266 -0.5382 -0.1644
vn 0.8266 -0.5382 -0.1644
vn -0.7008 -0.5382 0.4682
vn 0.7008 -0.5382 0.4682
vn 0.1644 -0.5382 -0.8266
vn 0.1644 -0.5382 0.8266
vn 0.7008 -0.5382 -0.4682
vn 0.8266 -0.5382 0.1644
vn -0.1644 -0.5382 -0.8266
vn 0.4682 -0.5382 -0.7008
vn -0.7008 -0.5382 -0.4682
vn -0.4682 -0.5382 -0.7008
vn -0.1644 -0.5382 0.8266
vn -0.4682 -0.5382 0.7008
vn -0.1122 0.8180 0.5642
vn 0.7277 -0.6705 -0.1447
vn -0.7277 -0.6705 -0.1447
vn 0.4122 -0.6705 0.6169
vn -0.7277 -0.6705 0.1447
vn -0.4122 -0.6705 0.6169
vn -0.1447 -0.6705 0.7277
vn -0.4122 -0.6705 -0.6169
vn -0.6169 -0.6705 -0.4122
vn 0.4122 -0.6705 -0.6169
vn -0.1447 -0.6705 -0.7277
vn 0.7277 -0.6705 0.1447
vn 0.6169 -0.6705 -0.4122
vn 0.1447 -0.6705 0.7277
vn 0.1447 -0.6705 -0.7277
vn 0.6169 -0.6705 0.4122
vn -0.3196 0.8180 -0.4783
vn -0.4783 0.8180 -0.3196
vn 0.3196 0.8180 -0.4783
vn -0.1122 0.8180 -0.5642
vn 0.5642 0.8180 0.1122
vn 0.4783 0.8180 -0.3196
vn 0.1122 0.8180 0.5642
vn 0.1122 0.8180 -0.5642
vn 0.4783 0.8180 0.3196
vn -0.4783 0.8180 0.3196
vn 0.5642 0.8180 -0.1122
vn -0.5642 0.8180 -0.1122
vn 0.3196 0.8180 0.4783
vn -0.5642 0.8180 0.1122
vn -0.3196 0.8180 0.4783
vn 0.3011 0.9048 -0.3011
vn 0.4314 0.6301 -0.6457
vn 0.6457 0.6301 -0.4314
vn -0.3008 0.9323 -0.2010
vn -0.3548 0.9323 -0.0706
vn -0.3548 0.9323 0.0706
vn -0.3008 0.9323 0.2010
vn -0.2010 0.9323 0.3008
vn -0.0706 0.9323 0.3548
vn 0.0706 0.9323 0.3548
vn 0.2010 0.9323 0.3008
vn 0.3008 0.9323 0.2010
vn 0.3548 0.9323 0.0706
vn 0.3548 0.9323 -0.0706
vn 0.3008 0.9323 -0.2010
vn 0.2010 0.9323 -0.3008
vn 0.0706 0.9323 -0.3548
vn -0.0706 0.9323 -0.3548
vn -0.2010 0.9323 -0.3008
vn -0.7641 0.6270 -0.1520
vn -0.6478 0.6270 -0.4328
vn -0.7641 0.6270 0.1520
vn -0.6478 0.6270 0.4328
vn -0.4328 0.6270 0.6478
vn -0.1520 0.6270 0.7641
vn 0.1520 0.6270 0.7641
vn 0.4328 0.6270 0.6478
vn 0.6478 0.6270 0.4328
vn 0.7641 0.6270 0.1520
vn 0.7641 0.6270 -0.1520
vn 0.6478 0.6270 -0.4328
vn 0.4328 0.6270 -0.6478
vn 0.1520 0.6270 -0.7641
vn -0.1520 0.6270 -0.7641
vn -0.4328 0.6270 -0.6478
vn -0.0429 0.9970 -0.0642
vn -0.0151 0.9970 -0.0755
vn 0.0149 0.9971 -0.0751
vn 0.0422 0.9971 -0.0633
vn 0.0628 0.9971 -0.0420
vn 0.0737 0.9972 -0.0147
vn 0.0733 0.9972 0.0146
vn 0.0620 0.9972 0.0414
vn 0.0414 0.9972 0.0620
vn 0.0146 0.9972 0.0733
vn -0.0147 0.9972 0.0737
vn -0.0420 0.9971 0.0628
vn -0.0633 0.9971 0.0422
vn -0.0752 0.9971 0.0149
vn -0.0755 0.9970 -0.0151
vn -0.0642 0.9970 -0.0429
vn -0.4909 0.8071 -0.3280
vn -0.3280 0.8071 -0.4909
vn -0.1152 0.8071 -0.5790
vn 0.1152 0.8071 -0.5790
vn 0.3280 0.8071 -0.4909
vn 0.4909 0.8071 -0.3280
vn 0.5791 0.8071 -0.1152
vn 0.5791 0.8071 0.1152
vn 0.4909 0.8071 0.3280
vn 0.3280 0.8071 0.4909
vn 0.1152 0.8071 0.5790
vn -0.1152 0.8071 0.5790
vn -0.3280 0.8071 0.4909
vn -0.4909 0.8071 0.3280
vn -0.5790 0.8071 0.1152
vn -0.5791 0.8071 -0.1152
vn -0.2185 0.9194 -0.3269
vn -0.3269 0.9194 -0.2185
vn -0.0764 0.9201 -0.3842
vn 0.0759 0.9213 -0.3814
vn 0.2141 0.9228 -0.3204
vn 0.3172 0.9244 -0.2119
vn 0.3708 0.9258 -0.0737
vn 0.3682 0.9269 0.0732
vn 0.3110 0.9274 0.2078
vn 0.2078 0.9274 0.3110
vn 0.0732 0.9269 0.3682
vn -0.0737 0.9258 0.3708
vn -0.2119 0.9244 0.3172
vn -0.3204 0.9228 0.2141
vn -0.3814 0.9213 0.0759
vn -0.3842 0.9201 -0.0764
vn -0.5528 0.0993 -0.8274
vn -0.8274 0.0993 -0.5528
vn -0.1941 0.0995 -0.9759
vn 0.1941 0.0999 -0.9759
vn 0.5527 0.1005 -0.8273
vn 0.8272 0.1011 -0.5528
vn 0.9757 0.1016 -0.1941
vn 0.9757 0.1021 0.1941
vn 0.8271 0.1023 0.5527
vn 0.5527 0.1023 0.8271
vn 0.1941 0.1021 0.9757
vn -0.1941 0.1016 0.9757
vn -0.5528 0.1011 0.8272
vn -0.8273 0.1005 0.5527
vn -0.9759 0.0999 0.1941
vn -0.9759 0.0995 -0.1941
vn -0.1500 -0.9629 -0.2245
vn -0.0527 -0.9629 -0.2648
vn 0.0527 -0.9629 -0.2648
vn 0.1500 -0.9629 -0.2245
vn 0.2245 -0.9629 -0.1500
vn 0.2648 -0.9629 -0.0527
vn 0.2648 -0.9629 0.0527
vn 0.2245 -0.9629 0.1500
vn 0.1500 -0.9629 0.2245
vn 0.0527 -0.9629 0.2648
vn -0.0527 -0.9629 0.2648
vn -0.1500 -0.9629 0.2245
vn -0.2245 -0.9629 0.1500
vn -0.2648 -0.9629 0.0527
vn -0.2648 -0.9629 -0.0527
vn -0.2245 -0.9629 -0.1500
vn -0.5979 -0.6949 0.3995
vn -0.0000 -1.0000 -0.0000
vn 0.7053 -0.6949 -0.1403
vn -0.7053 -0.6949 0.1403
vn 0.7053 -0.6949 0.1403
vn -0.7053 -0.6949 -0.1403
vn 0.5979 -0.6949 0.3995
vn -0.3995 -0.6949 -0.5979
vn -0.5979 -0.6949 -0.3995
vn 0.3995 -0.6949 0.5979
vn -0.1403 -0.6949 -0.7053
vn 0.1403 -0.6949 0.7053
vn 0.1403 -0.6949 -0.7053
vn -0.1403 -0.6949 0.7053
vn 0.3995 -0.6949 -0.5979
vn -0.3995 -0.6949 0.5979
vn 0.5979 -0.6949 -0.3995
vn -0.1600 -0.2261 -0.9609
vn 0.9220 -0.3351 0.1938
vn 0.1500 0.2292 0.9617
vn 0.8343 0.5359 -0.1293
vn 0.3841 0.8556 0.3470
vn 0.3864 0.9184 -0.0853
vn 0.5697 0.7751 -0.2732
vn -0.9517 0.2038 -0.2298
vn 0.9609 -0.2261 0.1600
vn -0.1921 -0.3428 -0.9196
vn -0.9617 0.2292 -0.1500
vn 0.1293 0.5359 -0.8343
vn -0.3470 0.8556 -0.3841
vn 0.0853 0.9184 -0.3864
vn 0.2732 0.7751 -0.5697
vn 0.2298 0.2038 0.9517
vn -0.3303 -0.8842 0.3303
vn -0.9609 -0.2261 0.1600
vn 0.1938 -0.3351 -0.9220
vn 0.9617 0.2292 -0.1500
vn -0.1293 0.5359 -0.8343
vn 0.3470 0.8556 -0.3841
vn -0.0853 0.9184 -0.3864
vn -0.2732 0.7751 -0.5697
vn -0.2298 0.2038 0.9517
vn 0.1600 -0.2261 -0.9609
vn -0.9196 -0.3428 0.1921
vn -0.1500 0.2292 0.9617
vn -0.8343 0.5359 -0.1293
vn -0.3841 0.8556 0.3470
vn -0.3864 0.9184 -0.0853
vn -0.5697 0.7751 -0.2732
vn 0.9517 0.2038 -0.2298
vn 0.3303 -0.8842 0.3303
vn 0.1600 -0.2261 0.9609
vn -0.9220 -0.3351 -0.1938
vn -0.1500 0.2292 -0.9617
vn -0.8343 0.5359 0.1293
vn -0.3841 0.8556 -0.3470
vn -0.3864 0.9184 0.0853
vn -0.5697 0.7751 0.2732
vn 0.9517 0.2038 0.2298
vn -0.9609 -0.2261 -0.1600
vn 0.1921 -0.3428 0.9196
vn 0.9617 0.2292 0.1500
vn -0.1293 0.5359 0.8343
vn 0.3470 0.8556 0.3841
vn -0.0853 0.9184 0.3864
vn -0.2732 0.7751 0.5697
vn -0.2298 0.2038 -0.9517
vn 0.3303 -0.8842 -0.3303
vn 0.9609 -0.2261 -0.1600
vn -0.1938 -0.3351 0.9220
vn -0.9617 0.2292 0.1500
vn 0.1293 0.5359 0.8343
vn -0.3470 0.8556 0.3841
vn 0.0853 0.9184 0.3864
vn 0.2732 0.7751 0.5697
vn 0.2298 0.2038 -0.9517
vn -0.1600 -0.2261 0.9609
vn 0.9196 -0.3428 -0.1921
vn 0.1500 0.2292 -0.9617
vn 0.8343 0.5359 0.1293
vn 0.3841 0.8556 -0.3470
vn 0.3864 0.9184 0.0853
vn 0.5697 0.7751 0.2732
vn -0.9517 0.2038 0.2298
vn -0.3303 -0.8842 -0.3303
vn 0.6560 -0.3203 -0.6835
vn 0.6533 -0.0656 -0.7542
vn 0.9025 -0.2133 -0.3741
vn 0.8012 0.2029 -0.5629
vn 0.7614 0.2316 -0.6055
vn 0.9996 0.0200 0.0213
vn 0.9993 0.0301 0.0225
vn 0.9939 0.0182 -0.1089
vn 0.9826 -0.0194 -0.1846
vn 0.6337 0.1312 -0.7624
vn 0.4276 0.5204 -0.7392
vn 0.5719 0.2918 -0.7667
vn 0.8103 0.1007 -0.5773
vn 0.8176 -0.0397 -0.5744
vn 0.9025 0.1934 -0.3848
vn 0.7542 -0.5048 -0.4199
vn 0.7516 0.1002 -0.6520
vn 0.7467 0.4629 -0.4777
vn 0.8228 -0.4370 0.3634
vn 0.3528 -0.7485 -0.5615
vn 0.6718 0.3901 -0.6298
vn 0.8784 -0.2316 -0.4180
vn 0.8410 -0.1128 -0.5291
vn 0.6534 -0.1238 -0.7468
vn 0.9991 -0.0017 -0.0412
vn 0.9977 0.0240 0.0641
vn 0.5886 -0.3807 -0.7132
vn 0.8324 -0.0785 -0.5486
vn 0.8923 -0.2646 -0.3657
vn 0.5449 -0.3010 -0.7826
vn 0.3529 -0.5928 -0.7239
vn 0.9471 0.1969 -0.2533
vn 0.9242 -0.2508 0.2880
vn 0.7447 -0.3020 -0.5952
vn 0.8836 -0.3065 -0.3540
vn 0.4902 -0.5562 -0.6711
vn 0.9991 0.0211 0.0357
vn 0.9997 -0.0024 0.0223
vn 0.6527 -0.3823 -0.6541
vn 0.5718 0.2915 -0.7668
vn 0.9992 0.0329 0.0222
vn 0.7249 0.3273 -0.6061
vn 0.9995 0.0285 0.0107
vn 0.9991 0.0365 0.0238
vn 0.7897 -0.2347 0.5668
vn -0.7393 0.0748 0.6692
vn -0.6560 -0.3203 -0.6835
vn -0.6533 -0.0656 -0.7542
vn -0.9025 -0.2133 -0.3741
vn -0.8012 0.2029 -0.5629
vn -0.7614 0.2316 -0.6055
vn -0.9996 0.0189 0.0212
vn -0.9993 0.0301 0.0225
vn -0.9939 0.0182 -0.1089
vn -0.9826 -0.0194 -0.1846
vn -0.6337 0.1312 -0.7624
vn -0.4333 0.5188 -0.7369
vn -0.5719 0.2918 -0.7667
vn -0.8103 0.1007 -0.5773
vn -0.8176 -0.0397 -0.5744
vn -0.9025 0.1934 -0.3848
vn -0.7542 -0.5048 -0.4199
vn -0.7516 0.1002 -0.6520
vn -0.7467 0.4629 -0.4777
vn -0.8228 -0.4370 0.3634
vn -0.3528 -0.7485 -0.5615
vn -0.6718 0.3901 -0.6298
vn -0.8784 -0.2316 -0.4180
vn -0.8410 -0.1128 -0.5291
vn -0.6534 -0.1238 -0.7468
vn -0.9991 -0.0017 -0.0412
vn -0.9977 0.0240 0.0641
vn -0.5886 -0.3807 -0.7132
vn -0.8324 -0.0785 -0.5486
vn -0.8923 -0.2646 -0.3657
vn -0.5449 -0.3010 -0.7826
vn -0.3529 -0.5928 -0.7239
vn -0.9471 0.1969 -0.2533
vn -0.9242 -0.2508 0.2880
vn -0.7447 -0.3020 -0.5952
vn -0.8836 -0.3065 -0.3540
vn -0.4902 -0.5562 -0.6711
vn -0.9991 0.0211 0.0357
vn -0.9997 -0.0024 0.0223
vn -0.6527 -0.3823 -0.6541
vn -0.5718 0.2915 -0.7668
vn -0.9992 0.0329 0.0222
vn -0.7249 0.3273 -0.6061
vn -0.9995 0.0289 0.0089
vn -0.9991 0.0365 0.0238
vn -0.7897 -0.2347 0.5668
vn 0.7393 0.0748 0.6692
vn 0.0011 -0.3045 0.9525
vn 0.0017 -0.1921 0.9814
vn 0.0024 0.0514 0.9987
vn -0.0049 0.9336 0.3583
vn -0.0085 -0.0614 0.9981
vn 0.0030 0.1720 0.9851
vn 0.0078 0.4101 0.9120
vn -0.9999 -0.0025 0.0103
vn 0.3693 -0.1493 0.9173
vn 0.0068 0.5837 0.8120
vn 0.0048 0.4954 0.8686
vn 0.0006 0.8171 0.5765
vn 0.0002 -0.5254 0.8508
vn 0.0006 0.2777 0.9607
vn -0.0001 -0.9563 -0.2923
vn 0.0002 -0.7200 0.6939
vn 0.0004 -0.1520 0.9884
vn -0.0001 0.9705 0.2411
vn -0.0002 -0.9949 0.1007
vn -0.2838 -0.9159 -0.2841
vn 0.2836 -0.9162 -0.2831
vn -0.0000 -0.9997 -0.0225
vn -0.6911 -0.2162 0.6896
vn 0.6911 -0.2162 0.6896
vn -0.7452 -0.1173 0.6564
vn 0.7452 -0.1173 0.6564
vn 0.6016 0.5849 0.5440
vn -0.6016 0.5850 0.5439
vn -0.7772 0.0372 0.6281
vn 0.7772 0.0372 0.6281
vn 0.7739 0.0985 0.6255
vn -0.7739 0.0986 0.6255
vn 0.7535 0.3999 0.5219
vn 0.7314 0.2967 0.6140
vn -0.7534 0.3999 0.5220
vn -0.7314 0.2966 0.6141
vn 0.7755 0.3116 0.5491
vn -0.7755 0.3116 0.5491
vn 0.6187 0.7159 0.3235
vn -0.6211 0.7342 0.2743
vn -0.6943 -0.1150 0.7104
vn 0.6833 -0.0759 0.7262
vn 0.7481 0.4737 0.4647
vn -0.7484 0.4738 0.4641
vn -0.7395 0.0156 0.6730
vn 0.7393 0.0163 0.6732
vn -0.6195 -0.3334 0.7107
vn 0.6195 -0.3334 0.7107
vn 0.6678 -0.4432 0.5980
vn -0.6678 -0.4432 0.5980
vn 0.6294 0.2192 0.7455
vn -0.6294 0.2192 0.7455
vn -0.3451 -0.9330 0.1015
vn 0.3452 -0.9330 0.1015
vn 0.2086 0.9291 0.3055
vn -0.2086 0.9291 0.3055
vn 0.6660 -0.2270 0.7106
vn -0.6660 -0.2269 0.7106
vn 0.3865 0.7594 0.5234
vn 0.9999 -0.0097 0.0030
vn 0.5271 0.4063 0.7463
vn 0.0007 -0.6770 0.7360
vn -0.5195 0.4074 0.7511
vn -0.3788 0.7620 0.5253
vn -0.0002 -0.9949 0.1009
vn -0.0001 0.9705 0.2409
vn 0.0004 -0.1519 0.9884
vn 0.0002 -0.7201 0.6939
vn 0.0006 0.2776 0.9607
vn 0.0048 0.4954 0.8687
vn 0.0068 0.5836 0.8120
vn -0.3605 -0.1501 0.9206
vn 0.0079 0.4097 0.9122
vn 0.0030 0.1721 0.9851
vn -0.0085 -0.0513 0.9986
vn -0.0050 0.9282 0.3722
vn 0.0024 0.0513 0.9987
vn 0.0017 -0.1922 0.9814
vn 0.0002 -0.3968 0.9179
vn 0.6379 -0.4174 0.6472
vn -0.6379 -0.4174 0.6472
vn -0.9996 0.0276 0.0085
vn -0.6793 0.4233 -0.5995
vn -0.5075 0.4083 -0.7588
vn -0.9995 0.0224 0.0215
vn 0.9996 0.0250 0.0132
vn 0.6793 0.4233 -0.5995
vn 0.5053 0.4090 -0.7598
vn 0.9995 0.0234 0.0216
vn -0.6835 -0.3203 -0.6560
vn -0.7542 -0.0656 -0.6533
vn -0.3741 -0.2133 -0.9025
vn -0.5629 0.2029 -0.8012
vn -0.6055 0.2316 -0.7614
vn 0.0213 0.0200 -0.9996
vn 0.0225 0.0301 -0.9993
vn -0.1089 0.0182 -0.9939
vn -0.1846 -0.0194 -0.9826
vn -0.7624 0.1312 -0.6337
vn -0.7392 0.5204 -0.4276
vn -0.7667 0.2918 -0.5719
vn -0.5773 0.1007 -0.8103
vn -0.5744 -0.0397 -0.8176
vn -0.3848 0.1934 -0.9025
vn -0.4199 -0.5048 -0.7542
vn -0.6520 0.1002 -0.7516
vn -0.4777 0.4629 -0.7467
vn 0.3634 -0.4370 -0.8228
vn -0.5615 -0.7485 -0.3528
vn -0.6298 0.3900 -0.6718
vn -0.4180 -0.2316 -0.8784
vn -0.5291 -0.1128 -0.8410
vn -0.7468 -0.1238 -0.6534
vn -0.0412 -0.0017 -0.9991
vn 0.0641 0.0240 -0.9977
vn -0.7132 -0.3807 -0.5886
vn -0.5486 -0.0785 -0.8324
vn -0.3657 -0.2646 -0.8923
vn -0.7826 -0.3010 -0.5449
vn -0.7239 -0.5928 -0.3529
vn -0.2533 0.1969 -0.9471
vn 0.2880 -0.2508 -0.9242
vn -0.5952 -0.3020 -0.7447
vn -0.3540 -0.3065 -0.8836
vn -0.6711 -0.5562 -0.4902
vn 0.0357 0.0211 -0.9991
vn 0.0223 -0.0024 -0.9997
vn -0.6541 -0.3823 -0.6527
vn -0.7668 0.2915 -0.5718
vn 0.0222 0.0329 -0.9992
vn -0.6061 0.3273 -0.7249
vn 0.0107 0.0285 -0.9995
vn 0.0238 0.0365 -0.9991
vn 0.5668 -0.2347 -0.7897
vn 0.6692 0.0748 0.7393
vn -0.6835 -0.3203 0.6560
vn -0.7542 -0.0656 0.6533
vn -0.3741 -0.2133 0.9025
vn -0.5629 0.2029 0.8012
vn -0.6055 0.2316 0.7614
vn 0.0212 0.0189 0.9996
vn 0.0225 0.0301 0.9993
vn -0.1089 0.0182 0.9939
vn -0.1846 -0.0194 0.9826
vn -0.7624 0.1312 0.6337
vn -0.7369 0.5188 0.4333
vn -0.7667 0.2918 0.5719
vn -0.5773 0.1007 0.8103
vn -0.5744 -0.0397 0.8176
vn -0.3848 0.1934 0.9025
vn -0.4199 -0.5048 0.7542
vn -0.6520 0.1002 0.7516
vn -0.4777 0.4629 0.7467
vn 0.3634 -0.4370 0.8228
vn -0.5615 -0.7485 0.3528
vn -0.6298 0.3901 0.6718
vn -0.4180 -0.2316 0.8784
vn -0.5291 -0.1128 0.8410
vn -0.7468 -0.1238 0.6534
vn -0.0412 -0.0017 0.9991
vn 0.0641 0.0240 0.9977
vn -0.7132 -0.3807 0.5886
vn -0.5486 -0.0785 0.8324
vn -0.3657 -0.2646 0.8923
vn -0.7826 -0.3010 0.5449
vn -0.7239 -0.5928 0.3529
vn -0.2533 0.1969 0.9471
vn 0.2880 -0.2508 0.9242
vn -0.5952 -0.3020 0.7447
vn -0.3540 -0.3065 0.8836
vn -0.6711 -0.5562 0.4902
vn 0.0357 0.0211 0.9991
vn 0.0223 -0.0024 0.9997
vn -0.6541 -0.3823 0.6527
vn -0.7668 0.2915 0.5718
vn 0.0222 0.0329 0.9992
vn -0.6061 0.3273 0.7249
vn 0.0089 0.0289 0.9995
vn 0.0238 0.0365 0.9991
vn 0.5668 -0.2347 0.7897
vn 0.6692 0.0748 -0.7393
vn 0.9525 -0.3045 -0.0011
vn 0.9814 -0.1921 -0.0017
vn 0.9987 0.0514 -0.0024
vn 0.3583 0.9336 0.0049
vn 0.9981 -0.0614 0.0085
vn 0.9851 0.1720 -0.0030
vn 0.9120 0.4101 -0.0078
vn 0.0103 -0.0025 0.9999
vn 0.9173 -0.1493 -0.3693
vn 0.8120 0.5837 -0.0068
vn 0.8686 0.4954 -0.0048
vn 0.5765 0.8171 -0.0006
vn 0.8508 -0.5254 -0.0002
vn 0.9607 0.2777 -0.0006
vn -0.2923 -0.9563 0.0001
vn 0.6939 -0.7200 -0.0002
vn 0.9884 -0.1520 -0.0004
vn 0.2411 0.9705 0.0001
vn 0.1007 -0.9949 0.0002
vn -0.2841 -0.9159 0.2838
vn -0.2831 -0.9162 -0.2836
vn -0.0225 -0.9997 -0.0000
vn 0.6896 -0.2162 0.6911
vn 0.6896 -0.2162 -0.6911
vn 0.6564 -0.1173 0.7452
vn 0.6564 -0.1173 -0.7452
vn 0.5440 0.5849 -0.6016
vn 0.5439 0.5850 0.6016
vn 0.6281 0.0372 0.7772
vn 0.6281 0.0372 -0.7772
vn 0.6255 0.0985 -0.7739
vn 0.6255 0.0986 0.7739
vn 0.5219 0.3999 -0.7535
vn 0.6140 0.2967 -0.7314
vn 0.5220 0.3999 0.7534
vn 0.6141 0.2966 0.7314
vn 0.5491 0.3116 -0.7755
vn 0.5491 0.3116 0.7755
vn 0.3235 0.7160 -0.6187
vn 0.2743 0.7342 0.6211
vn 0.7104 -0.1150 0.6943
vn 0.7262 -0.0759 -0.6833
vn 0.4647 0.4737 -0.7481
vn 0.4641 0.4738 0.7484
vn 0.6730 0.0156 0.7395
vn 0.6732 0.0163 -0.7393
vn 0.7107 -0.3334 0.6195
vn 0.7107 -0.3334 -0.6195
vn 0.5980 -0.4432 -0.6678
vn 0.5980 -0.4432 0.6678
vn 0.7455 0.2192 -0.6294
vn 0.7455 0.2192 0.6294
vn 0.1015 -0.9330 0.3451
vn 0.1015 -0.9330 -0.3452
vn 0.3055 0.9291 -0.2086
vn 0.3055 0.9291 0.2086
vn 0.7106 -0.2270 -0.6660
vn 0.7106 -0.2269 0.6660
vn 0.5234 0.7594 -0.3865
vn 0.0030 -0.0097 -0.9999
vn 0.7464 0.4063 -0.5271
vn 0.7360 -0.6770 -0.0007
vn 0.7511 0.4074 0.5195
vn 0.5253 0.7620 0.3788
vn 0.1009 -0.9949 0.0002
vn 0.2409 0.9705 0.0001
vn 0.9884 -0.1519 -0.0004
vn 0.6939 -0.7201 -0.0002
vn 0.9607 0.2776 -0.0006
vn 0.8687 0.4954 -0.0048
vn 0.8120 0.5836 -0.0068
vn 0.9206 -0.1501 0.3605
vn 0.9122 0.4097 -0.0078
vn 0.9851 0.1721 -0.0030
vn 0.9986 -0.0513 0.0085
vn 0.3722 0.9282 0.0050
vn 0.9987 0.0513 -0.0024
vn 0.9814 -0.1922 -0.0017
vn 0.9179 -0.3968 -0.0002
vn 0.6472 -0.4174 -0.6379
vn 0.6472 -0.4174 0.6379
vn 0.0085 0.0276 0.9996
vn -0.5995 0.4233 0.6793
vn -0.7588 0.4083 0.5075
vn 0.0215 0.0224 0.9995
vn 0.0132 0.0250 -0.9996
vn -0.5995 0.4233 -0.6793
vn -0.7598 0.4090 -0.5053
vn 0.0216 0.0234 -0.9995
vn -0.6560 -0.3203 0.6835
vn -0.6533 -0.0656 0.7542
vn -0.9025 -0.2133 0.3741
vn -0.8012 0.2029 0.5629
vn -0.7614 0.2316 0.6055
vn -0.9996 0.0200 -0.0213
vn -0.9993 0.0301 -0.0225
vn -0.9939 0.0182 0.1089
vn -0.9826 -0.0194 0.1846
vn -0.6337 0.1312 0.7624
vn -0.4276 0.5204 0.7392
vn -0.5719 0.2918 0.7667
vn -0.8103 0.1007 0.5773
vn -0.8176 -0.0397 0.5744
vn -0.9025 0.1934 0.3848
vn -0.7542 -0.5048 0.4199
vn -0.7516 0.1002 0.6520
vn -0.7467 0.4629 0.4777
vn -0.8228 -0.4370 -0.3634
vn -0.3528 -0.7485 0.5615
vn -0.6718 0.3901 0.6298
vn -0.8784 -0.2316 0.4180
vn -0.8410 -0.1128 0.5291
vn -0.6534 -0.1238 0.7468
vn -0.9991 -0.0017 0.0412
vn -0.9977 0.0240 -0.0641
vn -0.5886 -0.3807 0.7132
vn -0.8324 -0.0785 0.5486
vn -0.8923 -0.2646 0.3657
vn -0.5449 -0.3010 0.7826
vn -0.3529 -0.5928 0.7239
vn -0.9471 0.1969 0.2533
vn -0.9242 -0.2508 -0.2880
vn -0.7447 -0.3020 0.5952
vn -0.8836 -0.3065 0.3540
vn -0.4902 -0.5562 0.6711
vn -0.9991 0.0211 -0.0357
vn -0.9997 -0.0024 -0.0223
vn -0.6527 -0.3823 0.6541
vn -0.5718 0.2915 0.7668
vn -0.9992 0.0329 -0.0222
vn -0.7249 0.3273 0.6061
vn -0.9995 0.0285 -0.0107
vn -0.9991 0.0365 -0.0238
vn -0.7897 -0.2347 -0.5668
vn 0.7393 0.0748 -0.6692
vn 0.6560 -0.3203 0.6835
vn 0.6533 -0.0656 0.7542
vn 0.9025 -0.2133 0.3741
vn 0.8012 0.2029 0.5629
vn 0.7614 0.2316 0.6055
vn 0.9996 0.0189 -0.0212
vn 0.9993 0.0301 -0.0225
vn 0.9939 0.0182 0.1089
vn 0.9826 -0.0194 0.1846
vn 0.6337 0.1312 0.7624
vn 0.4333 0.5188 0.7369
vn 0.5719 0.2918 0.7667
vn 0.8103 0.1007 0.5773
vn 0.8176 -0.0397 0.5744
vn 0.9025 0.1934 0.3848
vn 0.7542 -0.5048 0.4199
vn 0.7516 0.1002 0.6520
vn 0.7467 0.4629 0.4777
vn 0.8228 -0.4370 -0.3634
vn 0.3528 -0.7485 0.5615
vn 0.6718 0.3901 0.6298
vn 0.8784 -0.2316 0.4180
vn 0.8410 -0.1128 0.5291
vn 0.6534 -0.1238 0.7468
vn 0.9991 -0.0017 0.0412
vn 0.9977 0.0240 -0.0641
vn 0.5886 -0.3807 0.7132
vn 0.8324 -0.0785 0.5486
vn 0.8923 -0.2646 0.3657
vn 0.5449 -0.3010 0.7826
vn 0.3529 -0.5928 0.7239
vn 0.9471 0.1969 0.2533
vn 0.9242 -0.2508 -0.2880
vn 0.7447 -0.3020 0.5952
vn 0.8836 -0.3065 0.3540
vn 0.4902 -0.5562 0.6711
vn 0.9991 0.0211 -0.0357
vn 0.9997 -0.0024 -0.0223
vn 0.6527 -0.3823 0.6541
vn 0.5718 0.2915 0.7668
vn 0.9992 0.0329 -0.0222
vn 0.7249 0.3273 0.6061
vn 0.9995 0.0289 -0.0089
vn 0.9991 0.0365 -0.0238
vn 0.7897 -0.2347 -0.5668
vn -0.7393 0.0748 -0.6692
vn -0.0011 -0.3045 -0.9525
vn -0.0017 -0.1921 -0.9814
vn -0.0024 0.0514 -0.9987
vn 0.0049 0.9336 -0.3583
vn 0.0085 -0.0614 -0.9981
vn -0.0030 0.1720 -0.9851
vn -0.0078 0.4101 -0.9120
vn 0.9999 -0.0025 -0.0103
vn -0.3693 -0.1493 -0.9173
vn -0.0068 0.5837 -0.8120
vn -0.0048 0.4954 -0.8686
vn -0.0006 0.8171 -0.5765
vn -0.0002 -0.5254 -0.8508
vn -0.0006 0.2777 -0.9607
vn 0.0001 -0.9563 0.2922
vn -0.0002 -0.7200 -0.6939
vn -0.0004 -0.1520 -0.9884
vn 0.0001 0.9705 -0.2411
vn 0.0002 -0.9949 -0.1007
vn 0.2838 -0.9159 0.2841
vn -0.2836 -0.9162 0.2831
vn -0.0000 -0.9997 0.0225
vn 0.6911 -0.2162 -0.6896
vn -0.6911 -0.2162 -0.6896
vn 0.7452 -0.1173 -0.6564
vn -0.7452 -0.1173 -0.6564
vn -0.6016 0.5849 -0.5440
vn 0.6016 0.5850 -0.5439
vn 0.7772 0.0372 -0.6281
vn -0.7772 0.0372 -0.6281
vn -0.7739 0.0985 -0.6255
vn 0.7739 0.0986 -0.6255
vn -0.7535 0.3999 -0.5219
vn -0.7314 0.2967 -0.6140
vn 0.7534 0.3999 -0.5220
vn 0.7314 0.2966 -0.6141
vn -0.7755 0.3116 -0.5491
vn 0.7755 0.3116 -0.5491
vn -0.6187 0.7159 -0.3235
vn 0.6211 0.7342 -0.2743
vn 0.6943 -0.1150 -0.7104
vn -0.6833 -0.0759 -0.7262
vn -0.7481 0.4737 -0.4647
vn 0.7484 0.4738 -0.4641
vn 0.7395 0.0156 -0.6730
vn -0.7393 0.0163 -0.6732
vn 0.6195 -0.3334 -0.7107
vn -0.6195 -0.3334 -0.7107
vn -0.6678 -0.4432 -0.5980
vn 0.6678 -0.4432 -0.5980
vn -0.6294 0.2192 -0.7455
vn 0.6294 0.2192 -0.7455
vn 0.3451 -0.9330 -0.1015
vn -0.3452 -0.9330 -0.1015
vn -0.2086 0.9291 -0.3055
vn 0.2086 0.9291 -0.3055
vn -0.6660 -0.2270 -0.7106
vn 0.6660 -0.2269 -0.7106
vn -0.3865 0.7594 -0.5234
vn -0.9999 -0.0097 -0.0030
vn -0.5271 0.4063 -0.7463
vn -0.0007 -0.6770 -0.7360
vn 0.5195 0.4074 -0.7511
vn 0.3788 0.7620 -0.5253
vn 0.0002 -0.9949 -0.1009
vn 0.0001 0.9705 -0.2409
vn -0.0004 -0.1519 -0.9884
vn -0.0002 -0.7201 -0.6939
vn -0.0006 0.2776 -0.9607
vn -0.0048 0.4954 -0.8687
vn -0.0068 0.5836 -0.8120
vn 0.3605 -0.1501 -0.9206
vn -0.0079 0.4097 -0.9122
vn -0.0030 0.1721 -0.9851
vn 0.0085 -0.0513 -0.9986
vn 0.0050 0.9282 -0.3722
vn -0.0024 0.0513 -0.9987
vn -0.0017 -0.1922 -0.9814
vn -0.0002 -0.3968 -0.9179
vn -0.6379 -0.4174 -0.6472
vn 0.6379 -0.4174 -0.6472
vn 0.9996 0.0276 -0.0085
vn 0.6793 0.4233 0.5995
vn 0.5075 0.4083 0.7588
vn 0.9995 0.0224 -0.0215
vn -0.9996 0.0250 -0.0132
vn -0.6793 0.4233 0.5995
vn -0.5053 0.4090 0.7598
vn -0.9995 0.0234 -0.0216
vn 0.6835 -0.3203 0.6560
vn 0.7542 -0.0656 0.6533
vn 0.3741 -0.2133 0.9025
vn 0.5629 0.2029 0.8012
vn 0.6055 0.2316 0.7614
vn -0.0213 0.0200 0.9996
vn -0.0225 0.0301 0.9993
vn 0.1089 0.0182 0.9939
vn 0.1846 -0.0194 0.9826
vn 0.7624 0.1312 0.6337
vn 0.7392 0.5204 0.4276
vn 0.7667 0.2918 0.5719
vn 0.5773 0.1007 0.8103
vn 0.5744 -0.0397 0.8176
vn 0.3848 0.1934 0.9025
vn 0.4199 -0.5048 0.7542
vn 0.6520 0.1002 0.7516
vn 0.4777 0.4629 0.7467
vn -0.3634 -0.4370 0.8228
vn 0.5615 -0.7485 0.3528
vn 0.6298 0.3900 0.6718
vn 0.4180 -0.2316 0.8784
vn 0.5291 -0.1128 0.8410
vn 0.7468 -0.1238 0.6534
vn 0.0412 -0.0017 0.9991
vn -0.0641 0.0240 0.9977
vn 0.7132 -0.3807 0.5886
vn 0.5486 -0.0785 0.8324
vn 0.3657 -0.2646 0.8923
vn 0.7826 -0.3010 0.5449
vn 0.7239 -0.5928 0.3529
vn 0.2533 0.1969 0.9471
vn -0.2880 -0.2508 0.9242
vn 0.5952 -0.3020 0.7447
vn 0.3540 -0.3065 0.8836
vn 0.6711 -0.5562 0.4902
vn -0.0357 0.0211 0.9991
vn -0.0223 -0.0024 0.9997
vn 0.6541 -0.3823 0.6527
vn 0.7668 0.2915 0.5718
vn -0.0222 0.0329 0.9992
vn 0.6061 0.3273 0.7249
vn -0.0107 0.0285 0.9995
vn -0.0238 0.0365 0.9991
vn -0.5668 -0.2347 0.7897
vn -0.6692 0.0748 -0.7393
vn 0.6835 -0.3203 -0.6560
vn 0.7542 -0.0656 -0.6533
vn 0.3741 -0.2133 -0.9025
vn 0.5629 0.2029 -0.8012
vn 0.6055 0.2316 -0.7614
vn -0.0212 0.0189 -0.9996
vn -0.0225 0.0301 -0.9993
vn 0.1089 0.0182 -0.9939
vn 0.1846 -0.0194 -0.9826
vn 0.7624 0.1312 -0.6337
vn 0.7369 0.5188 -0.4333
vn 0.7667 0.2918 -0.5719
vn 0.5773 0.1007 -0.8103
vn 0.5744 -0.0397 -0.8176
vn 0.3848 0.1934 -0.9025
vn 0.4199 -0.5048 -0.7542
vn 0.6520 0.1002 -0.7516
vn 0.4777 0.4629 -0.7467
vn -0.3634 -0.4370 -0.8228
vn 0.5615 -0.7485 -0.3528
vn 0.6298 0.3901 -0.6718
vn 0.4180 -0.2316 -0.8784
vn 0.5291 -0.1128 -0.8410
vn 0.7468 -0.1238 -0.6534
vn 0.0412 -0.0017 -0.9991
vn -0.0641 0.0240 -0.9977
vn 0.7132 -0.3807 -0.5886
vn 0.5486 -0.0785 -0.8324
vn 0.3657 -0.2646 -0.8923
vn 0.7826 -0.3010 -0.5449
vn 0.7239 -0.5928 -0.3529
vn 0.2533 0.1969 -0.9471
vn -0.2880 -0.2508 -0.9242
vn 0.5952 -0.3020 -0.7447
vn 0.3540 -0.3065 -0.8836
vn 0.6711 -0.5562 -0.4902
vn -0.0357 0.0211 -0.9991
vn -0.0223 -0.0024 -0.9997
vn 0.6541 -0.3823 -0.6527
vn 0.7668 0.2915 -0.5718
vn -0.0222 0.0329 -0.9992
vn 0.6061 0.3273 -0.7249
vn -0.0089 0.0289 -0.9995
vn -0.0238 0.0365 -0.9991
vn -0.5668 -0.2347 -0.7897
vn -0.6692 0.0748 0.7393
vn -0.9525 -0.3045 0.0011
vn -0.9814 -0.1921 0.0017
vn -0.9987 0.0514 0.0024
vn -0.3583 0.9336 -0.0049
vn -0.9981 -0.0614 -0.0085
vn -0.9851 0.1720 0.0031
vn -0.9120 0.4101 0.0078
vn -0.0103 -0.0025 -0.9999
vn -0.9173 -0.1493 0.3693
vn -0.8120 0.5837 0.0068
vn -0.8686 0.4954 0.0048
vn -0.5765 0.8171 0.0006
vn -0.8508 -0.5254 0.0002
vn -0.9607 0.2777 0.0006
vn 0.2923 -0.9563 -0.0001
vn -0.6939 -0.7200 0.0002
vn -0.9884 -0.1520 0.0004
vn -0.2411 0.9705 -0.0001
vn -0.1007 -0.9949 -0.0002
vn 0.2841 -0.9159 -0.2838
vn 0.2831 -0.9162 0.2836
vn 0.0225 -0.9997 -0.0000
vn -0.6896 -0.2162 -0.6911
vn -0.6896 -0.2162 0.6911
vn -0.6564 -0.1173 -0.7452
vn -0.6564 -0.1173 0.7452
vn -0.5440 0.5849 0.6016
vn -0.5439 0.5850 -0.6016
vn -0.6281 0.0372 -0.7772
vn -0.6281 0.0372 0.7772
vn -0.6255 0.0985 0.7739
vn -0.6255 0.0986 -0.7739
vn -0.5219 0.3999 0.7535
vn -0.6140 0.2967 0.7314
vn -0.5220 0.3999 -0.7534
vn -0.6141 0.2966 -0.7314
vn -0.5491 0.3116 0.7755
vn -0.5491 0.3116 -0.7755
vn -0.3235 0.7160 0.6187
vn -0.2743 0.7342 -0.6211
vn -0.7104 -0.1150 -0.6943
vn -0.7262 -0.0759 0.6833
vn -0.4647 0.4737 0.7481
vn -0.4641 0.4738 -0.7484
vn -0.6730 0.0156 -0.7395
vn -0.6732 0.0163 0.7393
vn -0.7107 -0.3334 -0.6195
vn -0.7107 -0.3334 0.6195
vn -0.5980 -0.4432 0.6678
vn -0.5980 -0.4432 -0.6678
vn -0.7455 0.2192 0.6294
vn -0.7455 0.2192 -0.6294
vn -0.1015 -0.9330 -0.3451
vn -0.1015 -0.9330 0.3452
vn -0.3055 0.9291 0.2086
vn -0.3055 0.9291 -0.2086
vn -0.7106 -0.2270 0.6660
vn -0.7106 -0.2269 -0.6660
vn -0.5234 0.7594 0.3865
vn -0.0030 -0.0097 0.9999
vn -0.7463 0.4063 0.5271
vn -0.7360 -0.6770 0.0007
vn -0.7511 0.4074 -0.5195
vn -0.5253 0.7620 -0.3788
vn -0.1009 -0.9949 -0.0002
vn -0.2409 0.9705 -0.0001
vn -0.9884 -0.1519 0.0004
vn -0.6939 -0.7201 0.0002
vn -0.9607 0.2776 0.0006
vn -0.8687 0.4954 0.0048
vn -0.8120 0.5836 0.0068
vn -0.9206 -0.1501 -0.3605
vn -0.9122 0.4097 0.0079
vn -0.9851 0.1721 0.0030
vn -0.9986 -0.0513 -0.0085
vn -0.3722 0.9282 -0.0050
vn -0.9987 0.0513 0.0024
vn -0.9814 -0.1922 0.0017
vn -0.9179 -0.3968 0.0002
vn -0.6472 -0.4174 0.6379
vn -0.6472 -0.4174 -0.6379
vn -0.0085 0.0276 -0.9996
vn 0.5995 0.4233 -0.6793
vn 0.7588 0.4083 -0.5075
vn -0.0215 0.0224 -0.9995
vn -0.0132 0.0250 0.9996
vn 0.5995 0.4233 0.6793
vn 0.7598 0.4090 0.5053
vn -0.0216 0.0234 0.9995
vn 0.5773 0.5771 -0.5776
vn 0.5776 0.5771 0.5773
vn -0.5773 0.5771 0.5776
vn -0.5776 0.5771 -0.5773
vn -0.5993 -0.5339 -0.5965
vn 0.5965 -0.5339 -0.5993
vn -0.5965 -0.5339 0.5993
vn 0.5993 -0.5339 0.5965
vn -0.5136 -0.6866 0.5145
vn -0.5145 -0.6866 -0.5136
vn 0.7073 -0.0004 0.7069
vn -0.7069 -0.0004 0.7073
vn 0.5145 -0.6866 0.5136
vn 0.5136 -0.6866 -0.5145
vn -0.7073 -0.0004 -0.7069
vn 0.7069 -0.0004 -0.7073
vn -0.7028 -0.0992 0.7045
vn -0.7045 -0.0992 -0.7027
vn 0.7045 -0.0992 0.7027
vn 0.7028 -0.0992 -0.7045
vn 0.3306 -0.5038 -0.7981
vn 0.3206 0.5460 -0.7740
vn 0.7740 0.5460 -0.3206
vn 0.7981 -0.5038 -0.3306
vn 0.7981 -0.5038 0.3306
vn 0.7740 0.5460 0.3206
vn 0.3206 0.5460 0.7740
vn 0.3306 -0.5038 0.7981
vn -0.3306 -0.5038 0.7981
vn -0.3206 0.5460 0.7740
vn -0.7740 0.5460 0.3206
vn -0.7981 -0.5038 0.3306
vn -0.7981 -0.5038 -0.3306
vn -0.7740 0.5460 -0.3206
vn -0.3206 0.5460 -0.7740
vn -0.3306 -0.5038 -0.7981
vn 0.3811 -0.0916 -0.9200
vn 0.9200 -0.0916 -0.3811
vn 0.9200 -0.0916 0.3811
vn 0.3811 -0.0916 0.9200
vn -0.3811 -0.0916 0.9200
vn -0.9200 -0.0916 0.3811
vn -0.9200 -0.0916 -0.3811
vn -0.3811 -0.0916 -0.9200
vn -0.3827 -0.0000 0.9239
vn -0.9239 -0.0000 0.3827
vn -0.9239 -0.0000 -0.3827
vn -0.3827 -0.0000 -0.9239
vn 0.3827 -0.0000 -0.9239
vn 0.9239 -0.0000 -0.3827
vn 0.3827 -0.0000 0.9239
vn 0.9239 -0.0000 0.3827
vn -0.6963 -0.6572 0.2884
vn -0.2884 -0.6572 0.6963
vn -0.2884 -0.6572 -0.6963
vn -0.6963 -0.6572 -0.2884
vn 0.2884 -0.6572 0.6963
vn 0.6963 -0.6572 0.2884
vn 0.6963 -0.6572 -0.2884
vn 0.2884 -0.6572 -0.6963
vt 0.867274 0.685929
vt 0.867274 0.788074
vt 0.843034 0.799158
vt 0.843034 0.671858
vt 0.919455 0.803546
vt 0.868260 0.849522
vt 0.835466 0.803546
vt 0.923843 0.803546
vt 0.934948 0.807857
vt 0.934948 0.901382
vt 0.923843 0.905692
vt 0.653456 0.799158
vt 0.653456 0.671858
vt 0.745663 0.697423
vt 0.745663 0.776580
vt 0.659086 0.930847
vt 0.659086 0.803546
vt 0.733708 0.826125
vt 0.733708 0.905282
vt 0.835466 0.901459
vt 0.914624 0.980617
vt 0.835466 0.980617
vt 0.939336 0.905692
vt 0.939336 0.803546
vt 0.948205 0.807857
vt 0.948205 0.901382
vt 0.953161 0.671858
vt 0.953161 0.774004
vt 0.944505 0.769693
vt 0.944505 0.676169
vt 0.750051 0.776580
vt 0.750051 0.697423
vt 0.627825 0.916776
vt 0.627825 0.814630
vt 0.914619 0.788074
vt 0.914619 0.685929
vt 0.940117 0.671858
vt 0.940117 0.799158
vt 0.627825 0.788074
vt 0.627825 0.685929
vt 0.952593 0.905692
vt 0.952593 0.803546
vt 0.961250 0.807857
vt 0.961250 0.901382
vt 0.914624 0.901459
vt 0.871662 0.671858
vt 0.910231 0.717833
vt 0.871662 0.765383
vt 0.919455 0.897071
vt 0.835466 0.897071
vt 0.738096 0.930847
vt 0.738096 0.803546
vt 0.831078 0.829111
vt 0.831078 0.908268
vt 0.379526 0.105146
vt 0.379668 0.160802
vt 0.305377 0.160991
vt 0.305235 0.105335
vt 0.329227 0.484173
vt 0.329698 0.484461
vt 0.365292 0.501087
vt 0.359182 0.505963
vt 0.317054 0.403577
vt 0.306106 0.403577
vt 0.307191 0.366243
vt 0.317054 0.369806
vt 0.145672 0.320336
vt 0.179225 0.346828
vt 0.174054 0.364007
vt 0.132359 0.378919
vt 0.076961 0.082984
vt 0.110732 0.082984
vt 0.110732 0.131722
vt 0.076961 0.131722
vt 0.403618 0.105085
vt 0.403704 0.138856
vt 0.044881 0.204623
vt 0.054491 0.200257
vt 0.055715 0.260279
vt 0.044881 0.260279
vt 0.055077 0.187940
vt 0.047261 0.187940
vt 0.047261 0.157449
vt 0.055076 0.157449
vt 0.081147 0.387787
vt 0.115880 0.388038
vt 0.122080 0.453109
vt 0.077737 0.453109
vt 0.058728 0.157449
vt 0.058729 0.187940
vt 0.379688 0.168617
vt 0.298448 0.165374
vt 0.454667 0.425983
vt 0.451875 0.364801
vt 0.471189 0.364189
vt 0.469130 0.425984
vt 0.423654 0.293987
vt 0.422675 0.354461
vt 0.379133 0.355321
vt 0.380569 0.293987
vt 0.108735 0.196808
vt 0.179225 0.216711
vt 0.153476 0.276841
vt 0.097357 0.257616
vt 0.188093 0.295582
vt 0.188331 0.233785
vt 0.291638 0.232654
vt 0.304281 0.294946
vt 0.089055 0.274075
vt 0.077737 0.292522
vt 0.314436 0.295014
vt 0.313149 0.232654
vt 0.355483 0.258968
vt 0.355005 0.295014
vt 0.325922 0.440433
vt 0.365292 0.443870
vt 0.369303 0.257680
vt 0.370265 0.295014
vt 0.439348 0.425982
vt 0.436152 0.364649
vt 0.432522 0.322081
vt 0.436316 0.320305
vt 0.466237 0.340314
vt 0.466237 0.343966
vt 0.245091 0.432008
vt 0.245635 0.400012
vt 0.288130 0.400012
vt 0.287950 0.432686
vt 0.295624 0.433784
vt 0.295624 0.400012
vt 0.432522 0.288310
vt 0.436629 0.288310
vt 0.480353 0.406886
vt 0.480057 0.367942
vt 0.486850 0.364189
vt 0.486850 0.411228
vt 0.305093 0.049680
vt 0.379384 0.049490
vt 0.175920 0.431527
vt 0.145964 0.453318
vt 0.139855 0.448441
vt 0.175448 0.431816
vt 0.317054 0.437348
vt 0.307191 0.440911
vt 0.221646 0.165203
vt 0.234959 0.223786
vt 0.193263 0.208873
vt 0.188093 0.191694
vt 0.144504 0.082984
vt 0.144504 0.131722
vt 0.403532 0.071314
vt 0.044881 0.315935
vt 0.054038 0.320111
vt 0.166388 0.187940
vt 0.166388 0.157449
vt 0.174204 0.157449
vt 0.174204 0.187940
vt 0.366855 0.366243
vt 0.370265 0.431565
vt 0.325922 0.431565
vt 0.332122 0.366494
vt 0.162736 0.187940
vt 0.162736 0.157449
vt 0.298448 0.045520
vt 0.379364 0.041675
vt 0.471189 0.487779
vt 0.451875 0.487165
vt 0.379133 0.232654
vt 0.422675 0.233514
vt 0.258582 0.041675
vt 0.269961 0.102483
vt 0.213842 0.121707
vt 0.188093 0.061578
vt 0.292321 0.357373
vt 0.189008 0.357373
vt 0.278263 0.118941
vt 0.289580 0.137389
vt 0.355483 0.331061
vt 0.313149 0.357375
vt 0.139855 0.391225
vt 0.179225 0.387787
vt 0.369303 0.332348
vt 0.436152 0.487316
vt 0.432522 0.254539
vt 0.466237 0.232654
vt 0.466237 0.236306
vt 0.436316 0.256315
vt 0.245091 0.368017
vt 0.287950 0.367338
vt 0.295624 0.366241
vt 0.486555 0.462793
vt 0.480057 0.467136
vt 0.480057 0.420096
vt 0.486850 0.423850
vt 0.166388 0.102809
vt 0.174204 0.102809
vt 0.047261 0.102809
vt 0.055076 0.102809
vt 0.439265 0.110167
vt 0.444737 0.110167
vt 0.444173 0.146717
vt 0.438678 0.144929
vt 0.419683 0.168150
vt 0.414616 0.166564
vt 0.417633 0.178660
vt 0.412572 0.173639
vt 0.188093 0.369766
vt 0.191022 0.366241
vt 0.197182 0.460414
vt 0.188093 0.453915
vt 0.065432 0.196808
vt 0.068869 0.260279
vt 0.057419 0.260279
vt 0.438678 0.075406
vt 0.444173 0.073618
vt 0.414616 0.053770
vt 0.419683 0.052185
vt 0.412572 0.046696
vt 0.417633 0.041675
vt 0.424364 0.364189
vt 0.427283 0.367722
vt 0.427283 0.451448
vt 0.417948 0.458345
vt 0.065432 0.323750
vt 0.379133 0.375412
vt 0.387690 0.368738
vt 0.384048 0.454730
vt 0.380480 0.450325
vt 0.453606 0.044981
vt 0.458836 0.041675
vt 0.460848 0.107049
vt 0.455649 0.107049
vt 0.250206 0.489781
vt 0.245091 0.480125
vt 0.279361 0.480667
vt 0.284907 0.489781
vt 0.110732 0.080949
vt 0.110732 0.069944
vt 0.146683 0.070598
vt 0.144883 0.081466
vt 0.178232 0.091881
vt 0.166949 0.101328
vt 0.169148 0.090634
vt 0.234671 0.452496
vt 0.231092 0.456891
vt 0.227684 0.370890
vt 0.236222 0.377587
vt 0.458836 0.172423
vt 0.453606 0.169117
vt 0.077737 0.509106
vt 0.083283 0.499992
vt 0.117553 0.499450
vt 0.112438 0.509106
vt 0.076582 0.081466
vt 0.074782 0.070598
vt 0.052316 0.090634
vt 0.054516 0.101328
vt 0.043233 0.091881
vt 0.042240 0.061714
vt 0.052750 0.059067
vt 0.085333 0.462427
vt 0.113396 0.461977
vt 0.074183 0.042735
vt 0.110732 0.041675
vt 0.147282 0.042735
vt 0.485311 0.107049
vt 0.484142 0.170520
vt 0.484142 0.043578
vt 0.277311 0.443101
vt 0.249248 0.442652
vt 0.168715 0.059067
vt 0.179225 0.061714
vt 0.321210 0.750287
vt 0.315048 0.774440
vt 0.307877 0.775608
vt 0.314260 0.748872
vt 0.051916 0.793778
vt 0.051720 0.742067
vt 0.059403 0.742071
vt 0.059599 0.793782
vt 0.066798 0.742723
vt 0.066984 0.791847
vt 0.289148 0.585727
vt 0.282202 0.527437
vt 0.289269 0.525780
vt 0.296441 0.586658
vt 0.331406 0.583918
vt 0.331406 0.618264
vt 0.323727 0.618609
vt 0.323727 0.584263
vt 0.317031 0.550390
vt 0.309836 0.611298
vt 0.303137 0.609596
vt 0.310105 0.551276
vt 0.045089 0.791835
vt 0.042291 0.791834
vt 0.042105 0.742709
vt 0.044903 0.742711
vt 0.023978 0.800671
vt 0.026774 0.800542
vt 0.026818 0.833499
vt 0.024021 0.833628
vt 0.135548 0.697332
vt 0.129532 0.673799
vt 0.136607 0.672056
vt 0.142854 0.698235
vt 0.127641 0.800542
vt 0.127641 0.834920
vt 0.121451 0.835198
vt 0.121451 0.800820
vt 0.252903 0.756022
vt 0.245708 0.816991
vt 0.238922 0.815213
vt 0.245886 0.756893
vt 0.324381 0.641689
vt 0.317286 0.663688
vt 0.310038 0.664498
vt 0.317463 0.639868
vt 0.089092 0.793843
vt 0.088897 0.742073
vt 0.095090 0.742076
vt 0.095286 0.793846
vt 0.259713 0.799109
vt 0.259599 0.756296
vt 0.266643 0.756904
vt 0.266426 0.797080
vt 0.049099 0.801289
vt 0.065766 0.800542
vt 0.065766 0.833499
vt 0.049099 0.834245
vt 0.083659 0.791856
vt 0.083474 0.742732
vt 0.115949 0.791874
vt 0.101290 0.791866
vt 0.101104 0.742742
vt 0.115763 0.742750
vt 0.072462 0.801198
vt 0.087114 0.800542
vt 0.087114 0.833499
vt 0.072462 0.834155
vt 0.286535 0.712176
vt 0.293432 0.717802
vt 0.286977 0.718381
vt 0.280080 0.712755
vt 0.286046 0.668780
vt 0.286160 0.676466
vt 0.279705 0.677044
vt 0.279591 0.669359
vt 0.045209 0.720487
vt 0.042411 0.720475
vt 0.042653 0.717433
vt 0.045451 0.717444
vt 0.095430 0.717345
vt 0.089237 0.717338
vt 0.089479 0.714295
vt 0.095672 0.714302
vt 0.052060 0.717362
vt 0.052302 0.714320
vt 0.292558 0.658779
vt 0.292601 0.661578
vt 0.286145 0.662157
vt 0.286103 0.659358
vt 0.157546 0.805845
vt 0.160342 0.805737
vt 0.160341 0.823716
vt 0.157545 0.823816
vt 0.320579 0.819999
vt 0.314188 0.823636
vt 0.282202 0.607882
vt 0.288720 0.611286
vt 0.309280 0.525780
vt 0.303137 0.529153
vt 0.059743 0.717374
vt 0.067103 0.720521
vt 0.279591 0.815089
vt 0.296255 0.814487
vt 0.296255 0.832441
vt 0.279591 0.833037
vt 0.083779 0.720537
vt 0.338755 0.639868
vt 0.338755 0.659845
vt 0.331077 0.660120
vt 0.331077 0.640148
vt 0.324381 0.712891
vt 0.317834 0.716259
vt 0.129532 0.752678
vt 0.136044 0.756113
vt 0.245139 0.731380
vt 0.238922 0.734791
vt 0.259355 0.730648
vt 0.265938 0.731139
vt 0.308770 0.722298
vt 0.322757 0.727376
vt 0.323734 0.740082
vt 0.308770 0.740617
vt 0.101409 0.720560
vt 0.116068 0.720571
vt 0.337267 0.666816
vt 0.337267 0.686818
vt 0.331077 0.687039
vt 0.331077 0.667040
vt 0.230468 0.835448
vt 0.223116 0.835579
vt 0.223116 0.784282
vt 0.230468 0.784167
vt 0.053381 0.669052
vt 0.061063 0.669051
vt 0.059985 0.714331
vt 0.331047 0.781034
vt 0.338055 0.781027
vt 0.338055 0.832363
vt 0.331047 0.832355
vt 0.043731 0.672197
vt 0.046529 0.672191
vt 0.331089 0.577120
vt 0.323727 0.577222
vt 0.323727 0.525871
vt 0.331089 0.525780
vt 0.090558 0.668980
vt 0.096752 0.668980
vt 0.331047 0.722958
vt 0.338137 0.722955
vt 0.338137 0.774331
vt 0.331047 0.774327
vt 0.084021 0.717494
vt 0.067345 0.717478
vt 0.068424 0.672185
vt 0.085100 0.672189
vt 0.102731 0.672188
vt 0.117390 0.672194
vt 0.116310 0.717528
vt 0.101651 0.717517
vt 0.293171 0.700164
vt 0.286444 0.705980
vt 0.279988 0.706559
vt 0.286716 0.700743
vt 0.293647 0.732467
vt 0.287192 0.733046
vt 0.292925 0.683482
vt 0.286470 0.684061
vt 0.168817 0.563018
vt 0.193859 0.525780
vt 0.199210 0.531026
vt 0.174126 0.569670
vt 0.196254 0.705225
vt 0.166485 0.659807
vt 0.172111 0.653313
vt 0.201853 0.700138
vt 0.312894 0.626472
vt 0.313179 0.623907
vt 0.315987 0.617994
vt 0.316500 0.626472
vt 0.298653 0.643334
vt 0.292198 0.643913
vt 0.293281 0.640308
vt 0.304318 0.639868
vt 0.163761 0.585675
vt 0.169594 0.589531
vt 0.162527 0.636915
vt 0.168541 0.633241
vt 0.023978 0.721584
vt 0.025076 0.675611
vt 0.028621 0.675167
vt 0.027543 0.720398
vt 0.157545 0.794487
vt 0.157988 0.780325
vt 0.169379 0.780187
vt 0.168937 0.794349
vt 0.027127 0.790524
vt 0.026995 0.745677
vt 0.027301 0.723441
vt 0.042403 0.806149
vt 0.042403 0.836026
vt 0.175334 0.802221
vt 0.175334 0.820203
vt 0.157545 0.636828
vt 0.158738 0.584711
vt 0.120503 0.594169
vt 0.085222 0.557150
vt 0.088392 0.551964
vt 0.124715 0.588318
vt 0.024380 0.525780
vt 0.072769 0.535455
vt 0.069285 0.547950
vt 0.023978 0.538894
vt 0.023978 0.662191
vt 0.129689 0.610114
vt 0.137734 0.662284
vt 0.128372 0.724247
vt 0.127837 0.742184
vt 0.129320 0.587374
vt 0.142190 0.606641
vt 0.150849 0.661894
vt 0.303137 0.631658
vt 0.303137 0.618599
vt 0.305646 0.617994
vt 0.306198 0.629643
vt 0.304318 0.744157
vt 0.298389 0.743718
vt 0.132895 0.580141
vt 0.096577 0.543793
vt 0.232226 0.565679
vt 0.215070 0.582737
vt 0.211835 0.648144
vt 0.232226 0.671259
vt 0.207030 0.602383
vt 0.206576 0.628893
vt 0.180533 0.780909
vt 0.180072 0.795525
vt 0.114755 0.823737
vt 0.094297 0.823037
vt 0.094297 0.811639
vt 0.114755 0.812339
vt 0.158257 0.757011
vt 0.169649 0.756873
vt 0.158117 0.735916
vt 0.169508 0.735778
vt 0.157545 0.712558
vt 0.168937 0.712420
vt 0.282202 0.631446
vt 0.282202 0.618202
vt 0.287730 0.617982
vt 0.287730 0.631226
vt 0.093810 0.800542
vt 0.113801 0.801233
vt 0.180813 0.756628
vt 0.180667 0.734838
vt 0.180112 0.711921
vt 0.262298 0.605149
vt 0.275506 0.622520
vt 0.264380 0.633172
vt 0.244436 0.610399
vt 0.264494 0.548728
vt 0.257791 0.565604
vt 0.239381 0.562889
vt 0.247675 0.542592
vt 0.256162 0.588031
vt 0.238922 0.590494
vt 0.223546 0.765590
vt 0.223671 0.745242
vt 0.229200 0.745162
vt 0.229075 0.765510
vt 0.223516 0.727220
vt 0.229046 0.727140
vt 0.223116 0.712000
vt 0.228646 0.711921
vt 0.223116 0.777471
vt 0.228646 0.777391
vt 0.272895 0.653507
vt 0.269914 0.656127
vt 0.249861 0.650321
vt 0.261598 0.639868
vt 0.262535 0.697800
vt 0.272895 0.710479
vt 0.255919 0.724685
vt 0.243901 0.706470
vt 0.260250 0.669024
vt 0.242045 0.666712
vt 0.257678 0.687240
vt 0.238922 0.688980
vt 0.187509 0.818440
vt 0.187842 0.812288
vt 0.210488 0.811928
vt 0.210155 0.818080
vt 0.270810 0.837617
vt 0.259599 0.837255
vt 0.259599 0.814594
vt 0.270810 0.814956
vt 0.187918 0.795633
vt 0.210565 0.795272
vt 0.187616 0.779513
vt 0.210263 0.779153
vt 0.187509 0.775677
vt 0.210155 0.775317
vt 0.300522 0.752303
vt 0.298438 0.754629
vt 0.293374 0.750196
vt 0.296443 0.747679
vt 0.291394 0.787441
vt 0.300522 0.800262
vt 0.294490 0.804618
vt 0.284571 0.791591
vt 0.289573 0.765372
vt 0.283274 0.762754
vt 0.287614 0.779032
vt 0.280079 0.780871
vt 0.294426 0.618029
vt 0.296369 0.617982
vt 0.296369 0.621228
vt 0.294426 0.621275
vt 0.197610 0.766355
vt 0.199000 0.765771
vt 0.200722 0.767337
vt 0.199072 0.768621
vt 0.150035 0.761271
vt 0.150114 0.763325
vt 0.145332 0.762743
vt 0.145418 0.761440
vt 0.212573 0.724524
vt 0.205873 0.713028
vt 0.207630 0.711921
vt 0.214107 0.722888
vt 0.192104 0.825136
vt 0.192083 0.833607
vt 0.187509 0.834655
vt 0.187509 0.826002
vt 0.209834 0.753097
vt 0.211290 0.755151
vt 0.150349 0.779486
vt 0.145535 0.779682
vt 0.214445 0.736575
vt 0.216420 0.736578
vt 0.150278 0.796962
vt 0.150001 0.805872
vt 0.145287 0.803048
vt 0.145484 0.795283
vt 0.135135 0.766156
vt 0.135068 0.763046
vt 0.251915 0.840393
vt 0.252109 0.841758
vt 0.238922 0.838288
vt 0.238947 0.835733
vt 0.200032 0.730435
vt 0.194202 0.719589
vt 0.331077 0.709488
vt 0.331202 0.693735
vt 0.337512 0.695092
vt 0.338533 0.709488
vt 0.135411 0.780075
vt 0.252109 0.823687
vt 0.239024 0.823831
vt 0.201301 0.737210
vt 0.135068 0.797049
vt 0.135339 0.792372
vt 0.200038 0.746213
vt 0.187509 0.752665
vt 0.189698 0.751511
vt 0.191695 0.754704
vt 0.190037 0.756642
vt 0.193703 0.733725
vt 0.187509 0.723893
vt 0.195703 0.744635
vt 0.195772 0.738868
vt 0.137535 0.837047
vt 0.135068 0.836846
vt 0.135068 0.812646
vt 0.150508 0.812568
vt 0.150459 0.824188
vt 0.149445 0.829638
vt 0.146292 0.834468
vt 0.337785 0.542512
vt 0.337785 0.537073
vt 0.341033 0.537073
vt 0.341033 0.542512
vt 0.337785 0.553329
vt 0.341033 0.553329
vt 0.337785 0.531418
vt 0.341033 0.531418
vt 0.337785 0.525780
vt 0.341033 0.525780
vt 0.264385 0.525780
vt 0.275506 0.537514
vt 0.921161 0.208356
vt 0.906933 0.211383
vt 0.906784 0.205474
vt 0.921486 0.202347
vt 0.875226 0.447380
vt 0.895504 0.450223
vt 0.895339 0.452027
vt 0.874751 0.449140
vt 0.911766 0.235226
vt 0.931795 0.230965
vt 0.932392 0.232687
vt 0.912057 0.237013
vt 0.869447 0.235272
vt 0.889872 0.236738
vt 0.889829 0.238549
vt 0.869092 0.237060
vt 0.849001 0.278754
vt 0.864513 0.273427
vt 0.865228 0.275105
vt 0.849479 0.280513
vt 0.770979 0.273530
vt 0.786503 0.278822
vt 0.786029 0.280582
vt 0.770268 0.275209
vt 0.946853 0.171824
vt 0.931722 0.165500
vt 0.932315 0.163776
vt 0.947676 0.170196
vt 0.917451 0.450199
vt 0.917620 0.452002
vt 0.946911 0.224604
vt 0.947738 0.226229
vt 0.911683 0.161285
vt 0.889786 0.159821
vt 0.889739 0.158011
vt 0.911970 0.159497
vt 0.828728 0.281650
vt 0.828898 0.283453
vt 0.806782 0.281674
vt 0.806617 0.283477
vt 0.869364 0.161331
vt 0.869006 0.159544
vt 0.937723 0.447311
vt 0.938201 0.449070
vt 0.917315 0.050720
vt 0.930010 0.049781
vt 0.931044 0.065649
vt 0.922240 0.066300
vt 0.876842 0.185169
vt 0.891348 0.184097
vt 0.890696 0.189972
vt 0.875707 0.191080
vt 0.891380 0.212457
vt 0.890715 0.206584
vt 0.906903 0.185137
vt 0.906768 0.191046
vt 0.876871 0.211416
vt 0.875723 0.205508
vt 0.921138 0.188131
vt 0.921477 0.194140
vt 0.865614 0.208417
vt 0.864091 0.202409
vt 0.939666 0.420264
vt 0.928647 0.424037
vt 0.929378 0.418061
vt 0.940764 0.414163
vt 0.839924 0.255474
vt 0.825524 0.257531
vt 0.825776 0.251627
vt 0.840656 0.249501
vt 0.914246 0.426089
vt 0.898656 0.426106
vt 0.898391 0.420199
vt 0.914499 0.420181
vt 0.809934 0.257548
vt 0.809668 0.251644
vt 0.884251 0.424086
vt 0.883506 0.418112
vt 0.795529 0.255522
vt 0.794784 0.249552
vt 0.873223 0.420337
vt 0.872112 0.414238
vt 0.865592 0.188191
vt 0.864082 0.194203
vt 0.930001 0.041574
vt 0.917304 0.040663
vt 0.922195 0.025074
vt 0.931000 0.025705
vt 0.907471 0.053366
vt 0.915412 0.068135
vt 0.954576 0.451439
vt 0.949010 0.449957
vt 0.954010 0.433165
vt 0.957494 0.434093
vt 0.978639 0.281508
vt 0.966037 0.283303
vt 0.963929 0.267545
vt 0.972669 0.266300
vt 0.952395 0.283318
vt 0.954468 0.267555
vt 0.883071 0.265886
vt 0.895672 0.264086
vt 0.897780 0.279850
vt 0.889041 0.281098
vt 0.939790 0.281550
vt 0.945726 0.266330
vt 0.907454 0.038041
vt 0.915363 0.023255
vt 0.873428 0.269197
vt 0.882353 0.283394
vt 0.943621 0.050691
vt 0.956078 0.053313
vt 0.949122 0.068098
vt 0.940484 0.066280
vt 0.921920 0.265844
vt 0.931570 0.269134
vt 0.922676 0.283350
vt 0.915983 0.281069
vt 0.909314 0.264071
vt 0.907241 0.279839
vt 0.904106 0.254394
vt 0.922926 0.254373
vt 0.922816 0.255850
vt 0.904220 0.255870
vt 0.886717 0.251956
vt 0.887038 0.253461
vt 0.873404 0.247430
vt 0.873884 0.248989
vt 0.849875 0.041849
vt 0.832444 0.043972
vt 0.832792 0.042473
vt 0.850016 0.040376
vt 0.868691 0.042216
vt 0.868608 0.040738
vt 0.886027 0.045016
vt 0.885737 0.043505
vt 0.899243 0.049822
vt 0.898796 0.048254
vt 0.849757 0.059558
vt 0.832373 0.062041
vt 0.832690 0.060536
vt 0.849867 0.058083
vt 0.868576 0.059538
vt 0.868463 0.058062
vt 0.885966 0.061983
vt 0.885645 0.060478
vt 0.886008 0.027452
vt 0.899213 0.022620
vt 0.898770 0.024189
vt 0.885721 0.028964
vt 0.868678 0.030289
vt 0.868598 0.031767
vt 0.849863 0.030696
vt 0.850007 0.032170
vt 0.832427 0.028614
vt 0.832778 0.030112
vt 0.940310 0.251897
vt 0.953613 0.247342
vt 0.953137 0.248902
vt 0.939993 0.253403
vt 0.855864 0.183175
vt 0.855884 0.201562
vt 0.843954 0.199227
vt 0.843940 0.185586
vt 0.840127 0.439671
vt 0.851504 0.428268
vt 0.856808 0.431804
vt 0.843674 0.444967
vt 0.848866 0.218556
vt 0.838748 0.211836
vt 0.857652 0.413379
vt 0.863906 0.414616
vt 0.825251 0.445851
vt 0.826502 0.452102
vt 0.848809 0.166196
vt 0.838705 0.172988
vt 0.835879 0.231572
vt 0.829112 0.221493
vt 0.857635 0.397271
vt 0.863885 0.396021
vt 0.818900 0.238626
vt 0.816514 0.226727
vt 0.851454 0.382396
vt 0.856750 0.378848
vt 0.800513 0.238647
vt 0.802872 0.226742
vt 0.840051 0.371018
vt 0.843587 0.365714
vt 0.783518 0.231629
vt 0.790263 0.221536
vt 0.825163 0.364870
vt 0.826399 0.358617
vt 0.770503 0.218642
vt 0.780606 0.211900
vt 0.809055 0.364888
vt 0.807804 0.358637
vt 0.763448 0.201663
vt 0.775372 0.199302
vt 0.794179 0.371068
vt 0.790632 0.365772
vt 0.763428 0.183276
vt 0.775357 0.185661
vt 0.782802 0.382471
vt 0.777497 0.378935
vt 0.770445 0.166282
vt 0.780564 0.173052
vt 0.776654 0.397360
vt 0.770400 0.396123
vt 0.783432 0.153266
vt 0.790200 0.163395
vt 0.776671 0.413468
vt 0.770420 0.414718
vt 0.800412 0.146211
vt 0.802797 0.158161
vt 0.782852 0.428343
vt 0.777555 0.431890
vt 0.818798 0.146191
vt 0.816439 0.158146
vt 0.794254 0.439721
vt 0.790719 0.445025
vt 0.835793 0.153209
vt 0.829048 0.163352
vt 0.809143 0.445869
vt 0.807906 0.452122
vt 0.783224 0.063876
vt 0.790933 0.063868
vt 0.791814 0.068270
vt 0.782353 0.068281
vt 0.803498 0.055453
vt 0.806440 0.048327
vt 0.810844 0.049198
vt 0.807233 0.057943
vt 0.803474 0.033499
vt 0.798017 0.028054
vt 0.800507 0.024318
vt 0.807204 0.031001
vt 0.783182 0.025120
vt 0.776063 0.028078
vt 0.773564 0.024348
vt 0.782301 0.020718
vt 0.770641 0.055489
vt 0.776099 0.060934
vt 0.773608 0.064670
vt 0.766911 0.057987
vt 0.806432 0.040618
vt 0.810834 0.039737
vt 0.790891 0.025112
vt 0.791762 0.020707
vt 0.770618 0.033535
vt 0.766882 0.031045
vt 0.767675 0.040661
vt 0.767684 0.048370
vt 0.763281 0.049250
vt 0.763271 0.039790
vt 0.957023 0.097749
vt 0.962585 0.098121
vt 0.961984 0.101500
vt 0.957169 0.101178
vt 0.963578 0.113008
vt 0.970702 0.114010
vt 0.966614 0.131119
vt 0.962155 0.130492
vt 0.976478 0.449927
vt 0.969442 0.451423
vt 0.966800 0.434082
vt 0.971204 0.433146
vt 0.943299 0.115905
vt 0.948748 0.114034
vt 0.952872 0.131134
vt 0.949461 0.132305
vt 0.961751 0.451954
vt 0.961986 0.434415
vt 0.955869 0.113017
vt 0.957330 0.130497
vt 0.950093 0.078645
vt 0.957266 0.078114
vt 0.957538 0.095653
vt 0.953048 0.095985
vt 0.976155 0.115869
vt 0.970028 0.132283
vt 0.975206 0.343125
vt 0.974207 0.350248
vt 0.957098 0.346161
vt 0.957723 0.341702
vt 0.944529 0.080140
vt 0.949565 0.096921
vt 0.964958 0.078628
vt 0.962353 0.095975
vt 0.971997 0.080110
vt 0.966759 0.096902
vt 0.974183 0.328295
vt 0.975197 0.335416
vt 0.957718 0.336877
vt 0.957083 0.332419
vt 0.901718 0.372936
vt 0.897257 0.371094
vt 0.899364 0.360442
vt 0.907740 0.363901
vt 0.967674 0.099192
vt 0.966390 0.102427
vt 0.954857 0.331356
vt 0.955590 0.336505
vt 0.952180 0.336883
vt 0.951545 0.332425
vt 0.955597 0.342079
vt 0.952185 0.341708
vt 0.967027 0.431935
vt 0.961466 0.432319
vt 0.961604 0.428890
vt 0.966418 0.428558
vt 0.956278 0.431947
vt 0.952253 0.430875
vt 0.953628 0.427640
vt 0.957113 0.428568
vt 0.962532 0.132616
vt 0.967683 0.133340
vt 0.966621 0.136655
vt 0.962161 0.136028
vt 0.972114 0.430854
vt 0.970823 0.427621
vt 0.947869 0.134711
vt 0.951809 0.133358
vt 0.952878 0.136670
vt 0.949467 0.137842
vt 0.956958 0.132622
vt 0.957336 0.136034
vt 0.951836 0.098133
vt 0.952678 0.101510
vt 0.971625 0.134685
vt 0.970034 0.137819
vt 0.954874 0.347229
vt 0.951560 0.346167
vt 0.947813 0.099214
vt 0.949196 0.102446
vt 0.869234 0.149826
vt 0.864408 0.149832
vt 0.864032 0.147951
vt 0.869606 0.147945
vt 0.905748 0.147905
vt 0.910573 0.147900
vt 0.910950 0.149781
vt 0.905376 0.149787
vt 0.896795 0.149796
vt 0.891969 0.149802
vt 0.891593 0.147921
vt 0.897167 0.147915
vt 0.878187 0.147935
vt 0.883012 0.147930
vt 0.883388 0.149811
vt 0.877814 0.149817
vt 0.944118 0.405953
vt 0.935741 0.402494
vt 0.939716 0.396555
vt 0.945508 0.398947
vt 0.884582 0.390109
vt 0.887998 0.393517
vt 0.881975 0.402552
vt 0.875560 0.396151
vt 0.906985 0.380800
vt 0.905134 0.376344
vt 0.914156 0.370302
vt 0.917633 0.378670
vt 0.884567 0.376367
vt 0.882725 0.380827
vt 0.872073 0.378720
vt 0.875532 0.370344
vt 0.892432 0.371099
vt 0.890302 0.360452
vt 0.887975 0.372951
vt 0.881933 0.363929
vt 0.905149 0.390086
vt 0.906990 0.385626
vt 0.917643 0.387733
vt 0.914184 0.396109
vt 0.892458 0.395359
vt 0.897284 0.395354
vt 0.899414 0.406001
vt 0.890352 0.406011
vt 0.901740 0.393502
vt 0.907783 0.402524
vt 0.882730 0.385653
vt 0.872083 0.387783
vt 0.942401 0.393023
vt 0.935279 0.392129
vt 0.967922 0.370243
vt 0.971399 0.378612
vt 0.964373 0.380040
vt 0.961969 0.374253
vt 0.964987 0.207960
vt 0.955925 0.207969
vt 0.957315 0.200925
vt 0.963582 0.200918
vt 0.944068 0.360393
vt 0.953130 0.360383
vt 0.951740 0.367435
vt 0.945473 0.367442
vt 0.961507 0.363842
vt 0.957533 0.369827
vt 0.925839 0.378662
vt 0.929298 0.370285
vt 0.935260 0.374282
vt 0.932868 0.380075
vt 0.935699 0.363870
vt 0.939686 0.369846
vt 0.929326 0.396093
vt 0.965021 0.238467
vt 0.955958 0.238476
vt 0.957348 0.231427
vt 0.963615 0.231420
vt 0.961549 0.402465
vt 0.953180 0.405943
vt 0.951775 0.398940
vt 0.957562 0.396535
vt 0.971409 0.387674
vt 0.967950 0.396050
vt 0.961988 0.392099
vt 0.964380 0.386307
vt 0.925849 0.387724
vt 0.932875 0.386342
vt 0.965004 0.223212
vt 0.955942 0.223222
vt 0.957332 0.216174
vt 0.963598 0.216168
vt 0.799030 0.062370
vt 0.802481 0.062706
vt 0.801524 0.066096
vt 0.798028 0.065689
vt 0.798052 0.060910
vt 0.943610 0.040635
vt 0.937713 0.025242
vt 0.940954 0.027586
vt 0.956061 0.037987
vt 0.942932 0.024523
vt 0.949074 0.023218
vt 0.644896 0.196256
vt 0.667177 0.196231
vt 0.667868 0.199658
vt 0.644224 0.199685
vt 0.624302 0.187752
vt 0.622369 0.190661
vt 0.608529 0.172015
vt 0.605631 0.173960
vt 0.599980 0.151440
vt 0.596559 0.152126
vt 0.599955 0.129159
vt 0.596532 0.128481
vt 0.608458 0.108565
vt 0.605556 0.106626
vt 0.624195 0.092792
vt 0.622256 0.089888
vt 0.644770 0.084242
vt 0.644091 0.080815
vt 0.667051 0.084217
vt 0.667735 0.080788
vt 0.687645 0.092721
vt 0.689590 0.089812
vt 0.703417 0.108458
vt 0.706328 0.106513
vt 0.711967 0.129033
vt 0.715401 0.128347
vt 0.711992 0.151314
vt 0.715427 0.151992
vt 0.703489 0.171908
vt 0.706403 0.173847
vt 0.687752 0.187681
vt 0.689703 0.190585
vt 0.931899 0.203838
vt 0.850944 0.251690
vt 0.784501 0.251762
vt 0.931886 0.192623
vt 0.669452 0.207443
vt 0.694147 0.197181
vt 0.701000 0.207336
vt 0.671859 0.219447
vt 0.713035 0.178250
vt 0.723284 0.184992
vt 0.723241 0.153532
vt 0.735317 0.155824
vt 0.723211 0.126790
vt 0.735270 0.124276
vt 0.712950 0.102095
vt 0.723155 0.095151
vt 0.694019 0.083206
vt 0.700821 0.072880
vt 0.669302 0.073000
vt 0.671669 0.060850
vt 0.642560 0.073030
vt 0.640134 0.060888
vt 0.617865 0.083292
vt 0.611013 0.072987
vt 0.598977 0.102223
vt 0.588733 0.095307
vt 0.588771 0.126941
vt 0.576687 0.124456
vt 0.588801 0.153683
vt 0.576711 0.156000
vt 0.599062 0.178378
vt 0.588807 0.185138
vt 0.617993 0.197267
vt 0.611136 0.207431
vt 0.642711 0.207473
vt 0.640301 0.219481
vt 0.982638 0.182138
vt 0.955896 0.182168
vt 0.957436 0.174156
vt 0.981080 0.174130
vt 0.955869 0.157938
vt 0.982611 0.157909
vt 0.981071 0.165923
vt 0.957427 0.165949
vt 0.952536 0.307920
vt 0.979278 0.307890
vt 0.977738 0.315908
vt 0.954093 0.315934
vt 0.979269 0.299509
vt 0.952527 0.299538
vt 0.954067 0.291523
vt 0.977711 0.291497
vt 0.712224 0.223631
vt 0.675762 0.238781
vt 0.636277 0.238826
vt 0.740115 0.195681
vt 0.755190 0.159184
vt 0.755152 0.119694
vt 0.740003 0.083223
vt 0.712049 0.055324
vt 0.675544 0.040248
vt 0.636048 0.040291
vt 0.599576 0.055448
vt 0.571682 0.083409
vt 0.556614 0.119916
vt 0.556664 0.159408
vt 0.571823 0.195873
vt 0.599779 0.223760
vt 0.877463 0.306590
vt 0.914685 0.301288
vt 0.915460 0.310645
vt 0.877741 0.316017
vt 0.837167 0.306634
vt 0.836909 0.316062
vt 0.943168 0.291534
vt 0.944321 0.300761
vt 0.798981 0.336341
vt 0.836294 0.340969
vt 0.836187 0.350399
vt 0.798377 0.345709
vt 0.876583 0.340278
vt 0.877013 0.349699
vt 0.913715 0.334374
vt 0.914640 0.343716
vt 0.942037 0.324153
vt 0.943339 0.333360
vt 0.791855 0.123313
vt 0.829089 0.128547
vt 0.828831 0.137974
vt 0.791102 0.132669
vt 0.869385 0.128503
vt 0.869664 0.137928
vt 0.906607 0.123185
vt 0.907382 0.132540
vt 0.935055 0.102461
vt 0.906711 0.092297
vt 0.907615 0.082953
vt 0.936337 0.093253
vt 0.869566 0.086469
vt 0.869976 0.077048
vt 0.829275 0.085866
vt 0.829148 0.076436
vt 0.791972 0.090578
vt 0.791348 0.081211
vt 0.771430 0.291722
vt 0.799933 0.301413
vt 0.799179 0.310772
vt 0.770296 0.300952
vt 0.640968 0.443371
vt 0.678246 0.443330
vt 0.679579 0.449995
vt 0.639649 0.450038
vt 0.606512 0.429143
vt 0.602742 0.434798
vt 0.580123 0.402812
vt 0.574476 0.406594
vt 0.565820 0.368387
vt 0.559155 0.369721
vt 0.565779 0.331109
vt 0.559112 0.329791
vt 0.580007 0.296653
vt 0.574352 0.292884
vt 0.606338 0.270265
vt 0.602556 0.264618
vt 0.640763 0.255962
vt 0.639429 0.249297
vt 0.678041 0.255921
vt 0.679359 0.249254
vt 0.712497 0.270149
vt 0.716266 0.264494
vt 0.738885 0.296480
vt 0.744532 0.292698
vt 0.753188 0.330904
vt 0.759853 0.329571
vt 0.753229 0.368182
vt 0.759896 0.369501
vt 0.739001 0.402638
vt 0.744656 0.406408
vt 0.712670 0.429027
vt 0.716453 0.434674
vt 0.746194 0.332304
vt 0.746232 0.366799
vt 0.738048 0.365180
vt 0.738014 0.333940
vt 0.669406 0.292491
vt 0.643798 0.271136
vt 0.675038 0.271102
vt 0.703913 0.283025
vt 0.572776 0.332493
vt 0.585942 0.300609
vt 0.592884 0.305237
vt 0.580960 0.334112
vt 0.733066 0.398682
vt 0.726125 0.394055
vt 0.610307 0.276191
vt 0.614949 0.283123
vt 0.708701 0.423101
vt 0.704059 0.416169
vt 0.642162 0.262956
vt 0.676847 0.436336
vt 0.642351 0.436374
vt 0.643970 0.428190
vt 0.675210 0.428156
vt 0.676657 0.262918
vt 0.610468 0.423208
vt 0.615095 0.416266
vt 0.708541 0.276084
vt 0.586049 0.398843
vt 0.592981 0.394201
vt 0.732959 0.300449
vt 0.726027 0.305091
vt 0.572814 0.366988
vt 0.580994 0.365352
vt 0.940101 0.384896
vt 0.939098 0.376509
vt 0.695506 0.325533
vt 0.716126 0.362246
vt 0.685080 0.387832
vt 0.659504 0.349646
vt 0.633929 0.311460
vt 0.649602 0.406801
vt 0.623502 0.373759
vt 0.602883 0.337045
vt 0.946815 0.374151
vt 0.948624 0.383191
vt 0.950433 0.392231
vt 0.954847 0.373358
vt 0.957147 0.381486
vt 0.958150 0.389873
vt 0.975237 0.469478
vt 0.975237 0.523974
vt 0.971299 0.524400
vt 0.971299 0.469903
vt 0.847875 0.560396
vt 0.891477 0.565325
vt 0.891477 0.637736
vt 0.847875 0.632806
vt 0.918657 0.469478
vt 0.962286 0.474152
vt 0.962286 0.539456
vt 0.918657 0.534782
vt 0.854515 0.550016
vt 0.911336 0.530205
vt 0.916118 0.534828
vt 0.847875 0.557857
vt 0.911905 0.475692
vt 0.916118 0.469478
vt 0.820395 0.594538
vt 0.845337 0.560257
vt 0.845337 0.614773
vt 0.788725 0.635175
vt 0.780533 0.560257
vt 0.780533 0.620730
vt 0.776597 0.621179
vt 0.776598 0.560705
vt 0.977776 0.469478
vt 0.981714 0.469903
vt 0.981714 0.524400
vt 0.977776 0.523974
vt 0.937616 0.560396
vt 0.937616 0.632806
vt 0.894015 0.637736
vt 0.894015 0.565325
vt 0.983784 0.560396
vt 0.983784 0.625700
vt 0.940155 0.630374
vt 0.940155 0.565070
vt 0.853201 0.485609
vt 0.859562 0.489703
vt 0.793143 0.574813
vt 0.964825 0.469478
vt 0.968761 0.469926
vt 0.968761 0.530399
vt 0.964825 0.529951
vt 0.776597 0.557719
vt 0.781962 0.485471
vt 0.845337 0.469478
vt 0.845337 0.534839
vt 0.379293 0.698049
vt 0.392097 0.696787
vt 0.389955 0.699184
vt 0.382856 0.709062
vt 0.433345 0.800281
vt 0.435215 0.830471
vt 0.432797 0.830715
vt 0.430785 0.800164
vt 0.420011 0.840724
vt 0.415574 0.831265
vt 0.428195 0.830802
vt 0.403598 0.931901
vt 0.410041 0.905929
vt 0.423059 0.908479
vt 0.416902 0.932706
vt 0.398510 0.949792
vt 0.412556 0.950194
vt 0.409987 0.969158
vt 0.399755 0.989003
vt 0.397345 0.988873
vt 0.407578 0.969028
vt 0.427949 0.907860
vt 0.421909 0.931885
vt 0.419504 0.931755
vt 0.425560 0.907729
vt 0.437949 0.830548
vt 0.436137 0.798836
vt 0.394717 0.989823
vt 0.404963 0.969978
vt 0.420037 0.819922
vt 0.418303 0.801635
vt 0.427263 0.774729
vt 0.413476 0.779744
vt 0.411981 0.774533
vt 0.426166 0.770443
vt 0.410051 0.769579
vt 0.424380 0.764280
vt 0.427308 0.764739
vt 0.429284 0.761527
vt 0.433652 0.766259
vt 0.430615 0.771164
vt 0.537435 0.702475
vt 0.540581 0.697308
vt 0.545600 0.705340
vt 0.542567 0.706656
vt 0.600463 0.812832
vt 0.597553 0.812836
vt 0.597186 0.807596
vt 0.601732 0.807596
vt 0.404363 0.757439
vt 0.418349 0.750403
vt 0.430108 0.775215
vt 0.433214 0.774196
vt 0.580439 0.768563
vt 0.578466 0.754587
vt 0.581559 0.751921
vt 0.583383 0.765896
vt 0.421527 0.751213
vt 0.388783 0.725087
vt 0.399421 0.719987
vt 0.402520 0.726368
vt 0.387463 0.733368
vt 0.406099 0.732387
vt 0.391017 0.739375
vt 0.403148 0.719670
vt 0.407672 0.727142
vt 0.409297 0.733130
vt 0.405200 0.714498
vt 0.410876 0.722799
vt 0.568424 0.728119
vt 0.572586 0.724505
vt 0.574983 0.732420
vt 0.571791 0.735196
vt 0.411710 0.729790
vt 0.423679 0.747978
vt 0.394927 0.692923
vt 0.415159 0.949243
vt 0.417565 0.949374
vt 0.390228 0.969950
vt 0.422185 0.951042
vt 0.414594 0.970826
vt 0.426255 0.937261
vt 0.569519 0.791392
vt 0.568424 0.776697
vt 0.572444 0.778147
vt 0.575669 0.784968
vt 0.597186 0.852982
vt 0.597186 0.845353
vt 0.598139 0.845527
vt 0.598139 0.853156
vt 0.496610 0.694109
vt 0.493329 0.704941
vt 0.485861 0.695238
vt 0.483548 0.692923
vt 0.445696 0.794314
vt 0.448299 0.794187
vt 0.446478 0.824568
vt 0.444017 0.824336
vt 0.459127 0.834679
vt 0.450964 0.824732
vt 0.463211 0.825436
vt 0.474236 0.926382
vt 0.460955 0.927116
vt 0.455395 0.902616
vt 0.468304 0.900182
vt 0.478920 0.944459
vt 0.464867 0.944803
vt 0.524035 0.903358
vt 0.526345 0.903572
vt 0.533974 0.924745
vt 0.531663 0.924531
vt 0.512769 0.839829
vt 0.515064 0.840040
vt 0.518587 0.864804
vt 0.516280 0.864591
vt 0.452856 0.901877
vt 0.450664 0.901898
vt 0.441411 0.824336
vt 0.443071 0.792777
vt 0.469137 0.963978
vt 0.471774 0.964920
vt 0.481124 0.985215
vt 0.478487 0.984272
vt 0.458317 0.926174
vt 0.460699 0.795749
vt 0.459103 0.813921
vt 0.451536 0.768965
vt 0.452131 0.764945
vt 0.466519 0.768985
vt 0.465142 0.774118
vt 0.454186 0.758668
vt 0.468295 0.764127
vt 0.451219 0.759133
vt 0.447622 0.765675
vt 0.444871 0.760624
vt 0.449434 0.755824
vt 0.533974 0.704624
vt 0.528431 0.708124
vt 0.525528 0.706663
vt 0.531388 0.699295
vt 0.598456 0.804131
vt 0.597186 0.798894
vt 0.601732 0.798894
vt 0.601365 0.804135
vt 0.459731 0.745090
vt 0.473531 0.752264
vt 0.448652 0.769457
vt 0.445811 0.768294
vt 0.553382 0.944833
vt 0.550135 0.942689
vt 0.549880 0.928202
vt 0.553272 0.930314
vt 0.456527 0.745899
vt 0.487874 0.720669
vt 0.489089 0.728991
vt 0.474295 0.721809
vt 0.477147 0.715579
vt 0.485817 0.734828
vt 0.471001 0.727657
vt 0.468906 0.722678
vt 0.473419 0.715246
vt 0.467775 0.728398
vt 0.465968 0.718198
vt 0.471538 0.709992
vt 0.559266 0.901842
vt 0.556928 0.909387
vt 0.553431 0.907197
vt 0.554708 0.898995
vt 0.554245 0.867166
vt 0.558257 0.869718
vt 0.557173 0.894796
vt 0.553329 0.890770
vt 0.462229 0.943861
vt 0.521152 0.882829
vt 0.518843 0.882615
vt 0.486543 0.964938
vt 0.519560 0.904369
vt 0.514369 0.883626
vt 0.511571 0.869314
vt 0.506747 0.879089
vt 0.508062 0.871790
vt 0.598138 0.864167
vt 0.597186 0.864345
vt 0.597186 0.856796
vt 0.598138 0.856618
vt 0.552960 0.838911
vt 0.547938 0.863351
vt 0.544465 0.862997
vt 0.549586 0.838568
vt 0.562025 0.761391
vt 0.559087 0.761092
vt 0.508881 0.727732
vt 0.502967 0.760961
vt 0.500071 0.760696
vt 0.506075 0.727479
vt 0.581419 0.871178
vt 0.584508 0.877569
vt 0.580169 0.879298
vt 0.577004 0.872836
vt 0.516953 0.693264
vt 0.515628 0.703175
vt 0.512725 0.702917
vt 0.513776 0.692923
vt 0.518532 0.703434
vt 0.511687 0.727985
vt 0.578448 0.860452
vt 0.582661 0.858868
vt 0.585834 0.869520
vt 0.597186 0.841891
vt 0.597186 0.830970
vt 0.598149 0.831337
vt 0.590178 0.726079
vt 0.586212 0.732808
vt 0.583569 0.731757
vt 0.585332 0.724108
vt 0.572343 0.840918
vt 0.576262 0.839442
vt 0.572439 0.950479
vt 0.572488 0.931143
vt 0.576551 0.930852
vt 0.576453 0.950188
vt 0.577243 0.921008
vt 0.572466 0.922313
vt 0.571125 0.917776
vt 0.575784 0.916057
vt 0.581741 0.810657
vt 0.581423 0.830963
vt 0.578564 0.831760
vt 0.578643 0.811520
vt 0.569794 0.922755
vt 0.568424 0.918118
vt 0.587863 0.895889
vt 0.591992 0.900110
vt 0.588869 0.903234
vt 0.585747 0.906357
vt 0.581527 0.902227
vt 0.597187 0.717955
vt 0.602823 0.717956
vt 0.602823 0.723112
vt 0.597188 0.722278
vt 0.578098 0.975982
vt 0.568424 0.976136
vt 0.568424 0.973396
vt 0.578096 0.972651
vt 0.599343 0.732867
vt 0.600310 0.732850
vt 0.600308 0.737149
vt 0.599341 0.736921
vt 0.597188 0.701134
vt 0.598278 0.701133
vt 0.598279 0.706091
vt 0.597190 0.705995
vt 0.587894 0.884961
vt 0.591993 0.889121
vt 0.574755 0.906357
vt 0.570626 0.902227
vt 0.568424 0.900112
vt 0.585779 0.882759
vt 0.509298 0.863641
vt 0.506848 0.839023
vt 0.537435 0.863145
vt 0.543630 0.838693
vt 0.505864 0.761225
vt 0.514174 0.761884
vt 0.550780 0.760864
vt 0.578703 0.909818
vt 0.571798 0.911551
vt 0.505572 0.865962
vt 0.520084 0.730723
vt 0.548347 0.729528
vt 0.556964 0.727713
vt 0.552872 0.702925
vt 0.588810 0.751795
vt 0.589791 0.765560
vt 0.542582 0.929050
vt 0.544758 0.907707
vt 0.543612 0.943191
vt 0.581549 0.714379
vt 0.572728 0.716608
vt 0.568424 0.694084
vt 0.577921 0.692923
vt 0.544210 0.889700
vt 0.544617 0.867290
vt 0.571403 0.871737
vt 0.568424 0.877031
vt 0.588642 0.865154
vt 0.593725 0.867370
vt 0.588848 0.875839
vt 0.520130 0.693605
vt 0.553264 0.692923
vt 0.541957 0.900304
vt 0.510877 0.904995
vt 0.507884 0.886359
vt 0.570057 0.813088
vt 0.576552 0.792477
vt 0.578788 0.784866
vt 0.503704 0.879807
vt 0.573392 0.772024
vt 0.575659 0.775316
vt 0.504226 0.869819
vt 0.599559 0.709340
vt 0.600283 0.708701
vt 0.599559 0.692923
vt 0.600283 0.693562
vt 0.598276 0.696176
vt 0.597186 0.696274
vt 0.600311 0.728550
vt 0.599345 0.728813
vt 0.597186 0.727227
vt 0.597890 0.726573
vt 0.597890 0.739088
vt 0.597186 0.738472
vt 0.569082 0.970814
vt 0.576518 0.969536
vt 0.599717 0.794566
vt 0.597186 0.795433
vt 0.597186 0.785794
vt 0.600413 0.787182
vt 0.572669 0.954328
vt 0.572914 0.965588
vt 0.568424 0.966075
vt 0.568645 0.954425
vt 0.598183 0.816297
vt 0.598183 0.827509
vt 0.597186 0.816615
vt 0.589575 0.722006
vt 0.597900 0.871851
vt 0.597900 0.875896
vt 0.597186 0.875899
vt 0.597186 0.871854
vt 0.597900 0.867806
vt 0.597186 0.867809
vt 0.537435 0.902868
vt 0.537435 0.898625
vt 0.576693 0.954231
vt 0.576693 0.965888
vt 0.578100 0.979314
vt 0.568424 0.978876
vt 0.597186 0.713632
vt 0.602823 0.712801
vt 0.573807 0.926850
vt 0.571165 0.927391
vt 0.584839 0.809794
vt 0.584281 0.830167
vt 0.578703 0.925959
vt 0.568424 0.950770
vt 0.568424 0.931434
vt 0.574236 0.862036
vt 0.568424 0.842395
vt 0.542248 0.908900
vt 0.564963 0.761690
vt 0.556333 0.839255
vt 0.551410 0.863705
vt 0.583226 0.790619
vt 0.579889 0.791548
vt 0.568424 0.835980
vt 0.527188 0.925541
vt 0.516305 0.924061
vt 0.496610 0.985595
vt 0.404349 0.990671
vt 0.379293 0.990169
vt 0.563043 0.487162
vt 0.566431 0.495018
vt 0.561977 0.498107
vt 0.558589 0.490251
vt 0.758306 0.607434
vt 0.767006 0.609209
vt 0.767109 0.624135
vt 0.758409 0.622360
vt 0.656729 0.563547
vt 0.685703 0.589450
vt 0.676077 0.600287
vt 0.647000 0.574557
vt 0.663014 0.511395
vt 0.699133 0.509852
vt 0.704161 0.516958
vt 0.668152 0.518543
vt 0.736251 0.486272
vt 0.730033 0.465852
vt 0.741575 0.457304
vt 0.747969 0.477628
vt 0.737146 0.617211
vt 0.698281 0.616912
vt 0.698347 0.602417
vt 0.737173 0.602519
vt 0.531711 0.424668
vt 0.540250 0.433983
vt 0.534072 0.439824
vt 0.525545 0.430504
vt 0.544443 0.509100
vt 0.531753 0.509125
vt 0.531741 0.500599
vt 0.544434 0.500562
vt 0.716720 0.449030
vt 0.728280 0.440474
vt 0.753714 0.532323
vt 0.734253 0.522818
vt 0.740709 0.509596
vt 0.760158 0.519116
vt 0.570883 0.550626
vt 0.558884 0.549882
vt 0.560879 0.535594
vt 0.572871 0.536368
vt 0.610292 0.476237
vt 0.603112 0.478121
vt 0.601083 0.469838
vt 0.608265 0.467972
vt 0.579055 0.428215
vt 0.575114 0.431939
vt 0.570703 0.428836
vt 0.574644 0.425116
vt 0.567088 0.463115
vt 0.564276 0.461136
vt 0.570459 0.455294
vt 0.573265 0.457273
vt 0.528282 0.468883
vt 0.532224 0.465158
vt 0.536634 0.468261
vt 0.532694 0.471981
vt 0.543062 0.435961
vt 0.536879 0.441803
vt 0.693708 0.618223
vt 0.686630 0.618222
vt 0.686627 0.603454
vt 0.693706 0.603441
vt 0.654071 0.485627
vt 0.646647 0.484961
vt 0.646646 0.470508
vt 0.654068 0.471188
vt 0.599675 0.545802
vt 0.587329 0.545821
vt 0.587324 0.531065
vt 0.599667 0.531076
vt 0.621400 0.485787
vt 0.614134 0.486469
vt 0.613576 0.477924
vt 0.620842 0.477260
vt 0.633489 0.475662
vt 0.640099 0.474893
vt 0.640097 0.489478
vt 0.633485 0.490233
vt 0.725048 0.513408
vt 0.719877 0.509219
vt 0.730307 0.499025
vt 0.735470 0.503225
vt 0.579578 0.552436
vt 0.581563 0.538183
vt 0.619463 0.544713
vt 0.612431 0.545712
vt 0.612440 0.531184
vt 0.619475 0.530190
vt 0.608221 0.545791
vt 0.608211 0.531070
vt 0.626317 0.485766
vt 0.625757 0.477242
vt 0.592649 0.501028
vt 0.591498 0.496339
vt 0.596392 0.494037
vt 0.597538 0.498725
vt 0.577151 0.481093
vt 0.579919 0.479786
vt 0.581948 0.488076
vt 0.579181 0.489375
vt 0.587615 0.458186
vt 0.588766 0.462874
vt 0.583872 0.465176
vt 0.582726 0.460488
vt 0.600345 0.479427
vt 0.598315 0.471137
vt 0.553932 0.479450
vt 0.558379 0.476364
vt 0.569167 0.482919
vt 0.572551 0.490763
vt 0.552468 0.494507
vt 0.555853 0.502351
vt 0.566641 0.508906
vt 0.571087 0.505819
vt 0.644170 0.545632
vt 0.634385 0.556904
vt 0.767109 0.573029
vt 0.758528 0.571059
vt 0.638812 0.538552
vt 0.537053 0.532360
vt 0.548709 0.527802
vt 0.642656 0.622907
vt 0.626197 0.588637
vt 0.670056 0.539112
vt 0.707220 0.550002
vt 0.537053 0.475082
vt 0.548709 0.480026
vt 0.743286 0.644358
vt 0.758306 0.658540
vt 0.771029 0.477719
vt 0.749460 0.476276
vt 0.768759 0.539864
vt 0.752604 0.560947
vt 0.727634 0.566359
vt 0.713264 0.550210
vt 0.626197 0.520899
vt 0.647000 0.506819
vt 0.767762 0.429327
vt 0.749359 0.417955
vt 0.764270 0.460212
vt 0.711544 0.499171
vt 0.690145 0.486677
vt 0.684618 0.465790
vt 0.743485 0.578205
vt 0.660048 0.488085
vt 0.660393 0.466924
vt 0.708487 0.563356
vt 0.708195 0.660739
vt 0.554595 0.411674
vt 0.558667 0.423526
vt 0.621362 0.462463
vt 0.616551 0.462834
vt 0.557862 0.427558
vt 0.664618 0.497055
vt 0.693603 0.494960
vt 0.692812 0.502113
vt 0.664532 0.504157
vt 0.578508 0.442154
vt 0.583280 0.440925
vt 0.602752 0.503923
vt 0.594338 0.504577
vt 0.602752 0.572977
vt 0.594338 0.572327
vt 0.549476 0.469539
vt 0.548671 0.473572
vt 0.580494 0.513413
vt 0.571828 0.512190
vt 0.571141 0.580287
vt 0.562651 0.577800
vt 0.528829 0.454944
vt 0.524058 0.456172
vt 0.625959 0.504900
vt 0.618769 0.506497
vt 0.625959 0.573038
vt 0.618769 0.573348
vt 0.651687 0.458253
vt 0.644265 0.457577
vt 0.600345 0.488448
vt 0.603112 0.490844
vt 0.651687 0.500866
vt 0.644265 0.500190
vt 0.585901 0.495231
vt 0.584755 0.499465
vt 0.630045 0.503648
vt 0.636658 0.502890
vt 0.630045 0.460648
vt 0.636658 0.459890
vt 0.579919 0.470765
vt 0.577151 0.468370
vt 0.407631 0.578246
vt 0.407631 0.586425
vt 0.403759 0.585216
vt 0.403759 0.577038
vt 0.716719 0.526366
vt 0.711554 0.522167
vt 0.594362 0.463983
vt 0.595508 0.459749
vt 0.689526 0.589044
vt 0.696603 0.589042
vt 0.689526 0.632622
vt 0.696603 0.632620
vt 0.552577 0.570703
vt 0.560079 0.517066
vt 0.610292 0.492842
vt 0.549983 0.591997
vt 0.542869 0.581583
vt 0.583240 0.566145
vt 0.583240 0.510758
vt 0.619098 0.502071
vt 0.612370 0.498946
vt 0.610288 0.466869
vt 0.564078 0.476524
vt 0.574053 0.499651
vt 0.550967 0.485619
vt 0.560942 0.508745
s 0
usemtl Material.003
f 61/114/64 60/115/64 66/116/64 69/117/64
f 73/118/65 74/119/65 70/120/65
f 65/121/66 71/122/66 73/123/66 61/124/66
f 68/125/67 67/126/67 63/127/67 62/128/67
f 66/129/68 68/130/68 62/131/68 58/132/68
f 59/133/69 62/134/69 63/135/69
f 60/136/70 61/137/70 73/138/70 70/139/70
f 65/140/71 64/141/71 72/142/71 71/143/71
f 58/144/72 59/145/72 69/117/72 66/116/72
f 60/146/73 64/147/73 68/130/73 66/129/73
f 65/148/74 61/149/74 69/150/74 67/151/74
f 64/152/75 65/153/75 67/126/75 68/125/75
f 64/154/76 60/155/76 70/156/76 72/157/76
f 59/133/69 58/158/69 62/134/69
f 70/159/77 74/160/77 72/161/77
f 74/119/78 73/118/78 71/162/78
f 74/119/79 71/162/79 72/163/79
f 67/164/80 69/165/80 59/166/80 63/167/80
f 164/114/162 163/115/162 169/116/162 172/117/162
f 176/118/163 177/119/163 173/120/163
f 168/121/164 174/122/164 176/123/164 164/124/164
f 171/125/165 170/126/165 166/127/165 165/128/165
f 169/129/166 171/130/166 165/131/166 161/132/166
f 162/133/167 165/134/167 166/135/167
f 163/136/168 164/137/168 176/138/168 173/139/168
f 168/140/169 167/141/169 175/142/169 174/143/169
f 161/144/170 162/145/170 172/117/170 169/116/170
f 163/146/171 167/147/171 171/130/171 169/129/171
f 168/148/172 164/149/172 172/150/172 170/151/172
f 167/152/173 168/153/173 170/126/173 171/125/173
f 167/154/174 163/155/174 173/156/174 175/157/174
f 162/133/167 161/158/167 165/134/167
f 173/159/175 177/160/175 175/161/175
f 177/119/176 176/118/176 174/162/176
f 177/119/177 174/162/177 175/163/177
f 170/164/178 172/165/178 162/166/178 166/167/178
f 267/114/260 266/115/260 272/116/260 275/117/260
f 279/118/261 280/119/261 276/120/261
f 271/121/262 277/122/262 279/123/262 267/124/262
f 274/125/263 273/126/263 269/127/263 268/128/263
f 272/129/264 274/130/264 268/131/264 264/132/264
f 265/133/265 268/134/265 269/135/265
f 266/136/266 267/137/266 279/138/266 276/139/266
f 271/140/267 270/141/267 278/142/267 277/143/267
f 264/144/268 265/145/268 275/117/268 272/116/268
f 266/146/269 270/147/269 274/130/269 272/129/269
f 271/148/270 267/149/270 275/150/270 273/151/270
f 270/152/271 271/153/271 273/126/271 274/125/271
f 270/154/272 266/155/272 276/156/272 278/157/272
f 265/133/265 264/158/265 268/134/265
f 276/159/273 280/160/273 278/161/273
f 280/119/274 279/118/274 277/162/274
f 280/119/275 277/162/275 278/163/275
f 273/164/276 275/165/276 265/166/276 269/167/276
f 370/114/358 369/115/358 375/116/358 378/117/358
f 382/118/359 383/119/359 379/120/359
f 374/121/360 380/122/360 382/123/360 370/124/360
f 377/125/361 376/126/361 372/127/361 371/128/361
f 375/129/362 377/130/362 371/131/362 367/132/362
f 368/133/363 371/134/363 372/135/363
f 369/136/364 370/137/364 382/138/364 379/139/364
f 374/140/365 373/141/365 381/142/365 380/143/365
f 367/144/366 368/145/366 378/117/366 375/116/366
f 369/146/367 373/147/367 377/130/367 375/129/367
f 374/148/368 370/149/368 378/150/368 376/151/368
f 373/152/369 374/153/369 376/126/369 377/125/369
f 373/154/370 369/155/370 379/156/370 381/157/370
f 368/133/363 367/158/363 371/134/363
f 379/159/371 383/160/371 381/161/371
f 383/119/372 382/118/372 380/162/372
f 383/119/373 380/162/373 381/163/373
f 376/164/374 378/165/374 368/166/374 372/167/374
f 1135/776/947 1136/777/947 1152/778/947 1151/779/947
f 1330/780/948 1328/781/948 1131/782/948 1129/783/948
f 1334/784/949 1332/785/949 1128/786/949 1127/787/949
f 1338/788/950 1336/789/950 1126/790/950 1125/791/950
f 1340/792/951 1338/793/951 1125/794/951 1124/795/951
f 1348/796/952 1346/797/952 1121/798/952 1120/799/952
f 1356/800/953 1354/801/953 1117/802/953 1116/803/953
f 1328/781/954 1357/804/954 1130/805/954 1131/782/954
f 1332/785/955 1330/806/955 1129/807/955 1128/786/955
f 1336/789/956 1334/784/956 1127/787/956 1126/790/956
f 1352/808/957 1350/809/957 1119/810/957 1118/811/957
f 1342/812/958 1340/792/958 1124/795/958 1123/813/958
f 1344/814/959 1342/812/959 1123/813/959 1122/815/959
f 1350/809/960 1348/816/960 1120/817/960 1119/810/960
f 1354/801/961 1352/808/961 1118/811/961 1117/802/961
f 1357/804/962 1356/818/962 1116/819/962 1130/805/962
f 1346/797/963 1344/814/963 1122/815/963 1121/798/963
f 1183/820/964 1184/821/964 1235/822/964 1240/823/964
f 1143/824/965 1144/825/965 1160/826/965 1159/827/965
f 1136/777/966 1137/828/966 1153/829/966 1152/778/966
f 1144/825/967 1145/830/967 1161/831/967 1160/826/967
f 1137/828/968 1138/832/968 1154/833/968 1153/829/968
f 1145/830/969 1146/834/969 1162/835/969 1161/831/969
f 1138/832/970 1139/836/970 1155/837/970 1154/833/970
f 1146/838/971 1147/839/971 1163/840/971 1162/841/971
f 1139/842/972 1140/843/972 1156/844/972 1155/845/972
f 1133/846/973 1132/847/973 1148/848/973 1149/849/973
f 1147/839/974 1133/846/974 1149/849/974 1163/840/974
f 1140/843/975 1141/850/975 1157/851/975 1156/844/975
f 1132/847/976 1134/852/976 1150/853/976 1148/848/976
f 1141/850/977 1142/854/977 1158/855/977 1157/851/977
f 1134/852/978 1135/856/978 1151/857/978 1150/853/978
f 1142/858/979 1143/824/979 1159/827/979 1158/859/979
f 1193/860/980 1194/861/980 1228/862/980 1229/863/980
f 1182/864/981 1183/820/981 1240/823/981 1241/865/981
f 1165/866/982 1164/867/982 1252/868/982 1243/869/982
f 1195/870/983 1181/871/983 1236/872/983 1237/873/983
f 1181/871/984 1180/874/984 1242/875/984 1236/872/984
f 1187/876/985 1188/877/985 1232/878/985 1233/879/985
f 1180/874/986 1182/880/986 1241/881/986 1242/875/986
f 1194/861/987 1195/882/987 1237/883/987 1228/862/987
f 1186/884/988 1187/876/988 1233/879/988 1239/885/988
f 1185/886/989 1186/887/989 1239/888/989 1234/889/989
f 1184/821/990 1185/886/990 1234/889/990 1235/822/990
f 1190/890/991 1191/891/991 1230/892/991 1231/893/991
f 1189/894/992 1190/890/992 1231/893/992 1238/895/992
f 1188/877/993 1189/894/993 1238/895/993 1232/878/993
f 1197/896/994 1198/897/994 1199/898/994 1196/899/994
f 1201/900/995 1197/896/995 1196/899/995 1200/901/995
f 1203/902/996 1201/900/996 1200/901/996 1202/903/996
f 1205/904/997 1203/905/997 1202/906/997 1204/907/997
f 1207/908/998 1205/904/998 1204/907/998 1206/909/998
f 1209/910/999 1207/908/999 1206/909/999 1208/911/999
f 1211/912/1000 1209/910/1000 1208/911/1000 1210/913/1000
f 1213/914/1001 1211/915/1001 1210/916/1001 1212/917/1001
f 1215/918/1002 1213/914/1002 1212/917/1002 1214/919/1002
f 1217/920/1003 1215/918/1003 1214/919/1003 1216/921/1003
f 1219/922/1004 1217/923/1004 1216/924/1004 1218/925/1004
f 1221/926/1005 1219/922/1005 1218/925/1005 1220/927/1005
f 1223/928/1006 1221/926/1006 1220/927/1006 1222/929/1006
f 1225/930/1007 1223/928/1007 1222/929/1007 1224/931/1007
f 1227/932/1008 1225/933/1008 1224/934/1008 1226/935/1008
f 1198/897/1009 1227/932/1009 1226/935/1009 1199/898/1009
f 1198/936/1010 1197/937/1010 1180/938/1010 1181/939/1010
f 1149/940/1011 1148/941/1011 1196/942/1011 1199/943/1011
f 1197/937/1012 1201/944/1012 1182/945/1012 1180/938/1012
f 1148/941/1013 1150/946/1013 1200/947/1013 1196/942/1013
f 1163/948/1014 1149/940/1014 1199/943/1014 1226/949/1014
f 1227/950/1015 1198/936/1015 1181/939/1015 1195/951/1015
f 1201/944/1016 1203/952/1016 1183/953/1016 1182/945/1016
f 1150/946/1017 1151/954/1017 1202/955/1017 1200/947/1017
f 1203/952/1018 1205/956/1018 1184/957/1018 1183/953/1018
f 1151/954/1019 1152/958/1019 1204/959/1019 1202/955/1019
f 1205/956/1020 1207/960/1020 1185/961/1020 1184/957/1020
f 1152/958/1021 1153/962/1021 1206/963/1021 1204/959/1021
f 1207/960/1022 1209/964/1022 1186/965/1022 1185/961/1022
f 1153/962/1023 1154/966/1023 1208/967/1023 1206/963/1023
f 1209/964/1024 1211/968/1024 1187/969/1024 1186/965/1024
f 1154/966/1025 1155/970/1025 1210/971/1025 1208/967/1025
f 1211/968/1026 1213/972/1026 1188/973/1026 1187/969/1026
f 1155/970/1027 1156/974/1027 1212/975/1027 1210/971/1027
f 1213/972/1028 1215/976/1028 1189/977/1028 1188/973/1028
f 1156/974/1029 1157/978/1029 1214/979/1029 1212/975/1029
f 1215/976/1030 1217/980/1030 1190/981/1030 1189/977/1030
f 1157/978/1031 1158/982/1031 1216/983/1031 1214/979/1031
f 1217/980/1032 1219/984/1032 1191/985/1032 1190/981/1032
f 1158/982/1033 1159/986/1033 1218/987/1033 1216/983/1033
f 1219/984/1034 1221/988/1034 1192/989/1034 1191/985/1034
f 1159/986/1035 1160/990/1035 1220/991/1035 1218/987/1035
f 1221/988/1036 1223/992/1036 1193/993/1036 1192/989/1036
f 1160/990/1037 1161/994/1037 1222/995/1037 1220/991/1037
f 1223/992/1038 1225/996/1038 1194/997/1038 1193/993/1038
f 1161/994/1039 1162/998/1039 1224/999/1039 1222/995/1039
f 1225/996/1040 1227/950/1040 1195/951/1040 1194/997/1040
f 1162/998/1041 1163/948/1041 1226/949/1041 1224/999/1041
f 1165/1000/541 1166/1001/541 1229/1002/541 1228/1003/541
f 1168/1004/541 1169/1005/541 1231/1006/541 1230/1007/541
f 1171/1008/541 1172/1009/541 1233/1010/541 1232/1011/541
f 1174/1012/541 1175/1013/541 1235/1014/541 1234/1015/541
f 1178/1016/541 1164/1017/541 1237/1018/541 1236/1019/541
f 1169/1005/541 1170/1020/541 1238/1021/541 1231/1006/541
f 1172/1009/541 1173/1022/541 1239/1023/541 1233/1010/541
f 1175/1013/541 1176/1024/541 1240/1025/541 1235/1014/541
f 1177/1026/541 1179/1027/541 1242/1028/541 1241/1029/541
f 1176/1024/541 1177/1026/541 1241/1029/541 1240/1025/541
f 1173/1022/541 1174/1012/541 1234/1015/541 1239/1023/541
f 1179/1027/541 1178/1016/541 1236/1019/541 1242/1028/541
f 1164/1017/541 1165/1000/541 1228/1003/541 1237/1018/541
f 1170/1020/541 1171/1008/541 1232/1011/541 1238/1021/541
f 1276/1030/1042 1275/1031/1042 1265/1032/1042 1266/1033/1042
f 1170/1034/1043 1169/1035/1043 1246/1036/1043 1254/1037/1043
f 1168/1038/1044 1167/1039/1044 1253/1040/1044 1245/1041/1044
f 1173/1042/1045 1172/1043/1045 1248/1044/1045 1255/1045/1045
f 1166/1046/1046 1165/866/1046 1243/869/1046 1244/1047/1046
f 1171/1048/1047 1170/1034/1047 1254/1037/1047 1247/1049/1047
f 1176/1050/1048 1175/1051/1048 1250/1052/1048 1256/1053/1048
f 1169/1035/1049 1168/1054/1049 1245/1055/1049 1246/1036/1049
f 1179/1056/1050 1177/1057/1050 1257/1058/1050 1258/1059/1050
f 1172/1043/1051 1171/1048/1051 1247/1049/1051 1248/1044/1051
f 1177/1060/1052 1176/1050/1052 1256/1053/1052 1257/1061/1052
f 1175/1051/1053 1174/1062/1053 1249/1063/1053 1250/1052/1053
f 1174/1062/1054 1173/1064/1054 1255/1065/1054 1249/1063/1054
f 1164/1066/1055 1178/1067/1055 1251/1068/1055 1252/1069/1055
f 1178/1067/1056 1179/1056/1056 1258/1059/1056 1251/1068/1056
f 1167/1039/1057 1166/1046/1057 1244/1047/1057 1253/1040/1057
f 1272/1070/1058 1266/1071/1058 1298/1072/1058 1304/1073/1058
f 1275/1031/1059 1277/1074/1059 1271/1075/1059 1265/1032/1059
f 1279/1076/1060 1278/1077/1060 1267/1078/1060 1268/1079/1060
f 1278/1077/1061 1280/1080/1061 1274/1081/1061 1267/1078/1061
f 1282/1082/1062 1281/1083/1062 1260/1084/1062 1269/1085/1062
f 1283/1086/1063 1279/1087/1063 1268/1088/1063 1259/1089/1063
f 1285/1090/1064 1284/1091/1064 1262/1092/1064 1270/1093/1064
f 1286/1094/1065 1282/1082/1065 1269/1085/1065 1261/1095/1065
f 1277/1096/1066 1287/1097/1066 1264/1098/1066 1271/1099/1066
f 1281/1083/1067 1283/1086/1067 1259/1089/1067 1260/1084/1067
f 1288/1100/1068 1285/1090/1068 1270/1093/1068 1263/1101/1068
f 1289/1102/1069 1276/1030/1069 1266/1033/1069 1272/1103/1069
f 1284/1091/1070 1286/1104/1070 1261/1105/1070 1262/1092/1070
f 1280/1080/1071 1290/1106/1071 1273/1107/1071 1274/1081/1071
f 1287/1097/1072 1288/1100/1072 1263/1101/1072 1264/1098/1072
f 1290/1108/1073 1289/1102/1073 1272/1103/1073 1273/1109/1073
f 1257/1110/1074 1256/1111/1074 1289/1112/1074 1290/1113/1074
f 1248/1044/1075 1247/1049/1075 1288/1100/1075 1287/1097/1075
f 1258/1059/1076 1257/1058/1076 1290/1106/1076 1280/1080/1076
f 1246/1114/1077 1245/1115/1077 1286/1116/1077 1284/1117/1077
f 1256/1053/1078 1250/1052/1078 1276/1030/1078 1289/1102/1078
f 1247/1049/1079 1254/1037/1079 1285/1090/1079 1288/1100/1079
f 1244/1047/1080 1243/869/1080 1283/1086/1080 1281/1083/1080
f 1255/1118/1081 1248/1119/1081 1287/1120/1081 1277/1121/1081
f 1245/1041/1082 1253/1040/1082 1282/1082/1082 1286/1094/1082
f 1254/1037/1083 1246/1036/1083 1284/1091/1083 1285/1090/1083
f 1243/1122/1084 1252/1123/1084 1279/1124/1084 1283/1125/1084
f 1253/1040/1085 1244/1047/1085 1281/1083/1085 1282/1082/1085
f 1251/1068/1086 1258/1059/1086 1280/1080/1086 1278/1077/1086
f 1252/1069/1087 1251/1068/1087 1278/1077/1087 1279/1076/1087
f 1249/1063/1088 1255/1065/1088 1277/1074/1088 1275/1031/1088
f 1250/1052/1089 1249/1063/1089 1275/1031/1089 1276/1030/1089
f 1297/1126/1090 1303/1127/1090 1319/1128/1090 1313/1129/1090
f 1262/1130/1091 1261/1131/1091 1293/1132/1091 1294/1133/1091
f 1274/1134/1092 1273/1135/1092 1305/1136/1092 1306/1137/1092
f 1264/1138/1093 1263/1139/1093 1295/1140/1093 1296/1141/1093
f 1273/1135/1094 1272/1070/1094 1304/1073/1094 1305/1136/1094
f 1266/1071/1095 1265/1142/1095 1297/1143/1095 1298/1072/1095
f 1265/1142/1096 1271/1144/1096 1303/1145/1096 1297/1143/1096
f 1268/1146/1097 1267/1147/1097 1299/1148/1097 1300/1149/1097
f 1267/1147/1098 1274/1134/1098 1306/1137/1098 1299/1148/1098
f 1269/1150/1099 1260/1151/1099 1292/1152/1099 1301/1153/1099
f 1259/1154/1100 1268/1146/1100 1300/1149/1100 1291/1155/1100
f 1270/1156/1101 1262/1130/1101 1294/1133/1101 1302/1157/1101
f 1261/1131/1102 1269/1150/1102 1301/1153/1102 1293/1132/1102
f 1271/1144/1103 1264/1138/1103 1296/1141/1103 1303/1145/1103
f 1260/1151/1104 1259/1154/1104 1291/1155/1104 1292/1152/1104
f 1263/1139/1105 1270/1156/1105 1302/1157/1105 1295/1140/1105
f 1470/1158/541 1313/1129/541 1319/1128/541 1312/1159/541
f 1300/1160/1106 1299/1161/1106 1315/1162/1106 1316/1163/1106
f 1299/1164/1107 1306/1165/1107 1322/1166/1107 1315/1167/1107
f 1301/1168/1108 1292/1169/1108 1308/1170/1108 1317/1171/1108
f 1291/1172/1109 1300/1160/1109 1316/1163/1109 1307/1173/1109
f 1302/1174/1110 1294/1175/1110 1310/1176/1110 1318/1177/1110
f 1293/1178/1111 1301/1168/1111 1317/1171/1111 1309/1179/1111
f 1303/1127/1112 1296/1180/1112 1312/1159/1112 1319/1128/1112
f 1292/1169/1113 1291/1172/1113 1307/1173/1113 1308/1170/1113
f 1295/1181/1114 1302/1182/1114 1318/1183/1114 1311/1184/1114
f 1304/1185/1115 1298/1186/1115 1314/1187/1115 1320/1188/1115
f 1294/1175/1116 1293/1178/1116 1309/1179/1116 1310/1176/1116
f 1306/1189/1117 1305/1190/1117 1321/1191/1117 1322/1192/1117
f 1296/1180/1118 1295/1193/1118 1311/1194/1118 1312/1159/1118
f 1305/1190/1119 1304/1185/1119 1320/1188/1119 1321/1191/1119
f 1298/1195/1120 1297/1196/1120 1313/1197/1120 1314/1198/1120
f 1323/1199/1121 1324/1200/1121 1325/1201/1121 1326/1202/1121
f 1166/1001/541 1167/1203/541 1323/1199/541 1326/1202/541 1229/1002/541
f 1192/1204/1122 1193/860/1122 1229/863/1122 1326/1205/1122 1325/1206/1122
f 1191/1207/1123 1192/1204/1123 1325/1206/1123 1324/1208/1123 1230/1209/1123
f 1167/1203/541 1168/1004/541 1230/1007/541 1324/1200/541 1323/1199/541
f 1131/1210/1124 1130/1211/1124 1358/1212/1124 1327/1213/1124
f 1129/1214/1125 1131/1210/1125 1327/1213/1125 1329/1215/1125
f 1128/1216/1126 1129/1214/1126 1329/1215/1126 1331/1217/1126
f 1127/1218/1127 1128/1216/1127 1331/1217/1127 1333/1219/1127
f 1126/1220/1128 1127/1218/1128 1333/1219/1128 1335/1221/1128
f 1125/1222/1129 1126/1220/1129 1335/1221/1129 1337/1223/1129
f 1124/1224/1130 1125/1222/1130 1337/1223/1130 1339/1225/1130
f 1123/1226/1131 1124/1224/1131 1339/1225/1131 1341/1227/1131
f 1122/1228/1132 1123/1226/1132 1341/1227/1132 1343/1229/1132
f 1121/1230/1133 1122/1228/1133 1343/1229/1133 1345/1231/1133
f 1120/1232/1134 1121/1230/1134 1345/1231/1134 1347/1233/1134
f 1119/1234/1135 1120/1232/1135 1347/1233/1135 1349/1235/1135
f 1118/1236/1136 1119/1234/1136 1349/1235/1136 1351/1237/1136
f 1117/1238/1137 1118/1236/1137 1351/1237/1137 1353/1239/1137
f 1116/1240/1138 1117/1238/1138 1353/1239/1138 1355/1241/1138
f 1130/1211/1139 1116/1240/1139 1355/1241/1139 1358/1212/1139
f 1328/781/1140 1330/780/1140 1134/852/1140 1132/847/1140
f 1357/804/1141 1328/781/1141 1132/847/1141 1133/846/1141
f 1330/806/1142 1332/785/1142 1135/776/1142 1134/1242/1142
f 1332/785/1143 1334/784/1143 1136/777/1143 1135/776/1143
f 1334/784/1144 1336/789/1144 1137/828/1144 1136/777/1144
f 1336/789/1145 1338/788/1145 1138/832/1145 1137/828/1145
f 1338/793/1146 1340/792/1146 1139/842/1146 1138/1243/1146
f 1340/792/1147 1342/812/1147 1140/843/1147 1139/842/1147
f 1342/812/1148 1344/814/1148 1141/850/1148 1140/843/1148
f 1344/814/1149 1346/797/1149 1142/854/1149 1141/850/1149
f 1346/797/1150 1348/796/1150 1143/1244/1150 1142/854/1150
f 1348/816/1151 1350/809/1151 1144/825/1151 1143/824/1151
f 1350/809/1152 1352/808/1152 1145/830/1152 1144/825/1152
f 1352/808/1153 1354/801/1153 1146/834/1153 1145/830/1153
f 1354/801/1154 1356/800/1154 1147/1245/1154 1146/834/1154
f 1356/818/1155 1357/804/1155 1133/846/1155 1147/839/1155
f 1360/1246/1156 1361/1247/1156 1362/1248/1156 1359/1249/1156
f 1361/1247/1157 1363/1250/1157 1364/1251/1157 1362/1248/1157
f 1363/1250/1158 1365/1252/1158 1366/1253/1158 1364/1251/1158
f 1365/1252/1159 1367/1254/1159 1368/1255/1159 1366/1253/1159
f 1367/1254/1160 1369/1256/1160 1370/1257/1160 1368/1255/1160
f 1369/1256/1161 1371/1258/1161 1372/1259/1161 1370/1257/1161
f 1371/1258/1162 1373/1260/1162 1374/1261/1162 1372/1259/1162
f 1373/1260/1163 1375/1262/1163 1376/1263/1163 1374/1261/1163
f 1375/1262/1164 1377/1264/1164 1378/1265/1164 1376/1263/1164
f 1377/1264/1165 1379/1266/1165 1380/1267/1165 1378/1265/1165
f 1379/1266/1166 1381/1268/1166 1382/1269/1166 1380/1267/1166
f 1381/1268/1167 1383/1270/1167 1384/1271/1167 1382/1269/1167
f 1383/1270/1168 1385/1272/1168 1386/1273/1168 1384/1271/1168
f 1385/1272/1169 1387/1274/1169 1388/1275/1169 1386/1273/1169
f 1387/1274/1170 1389/1276/1170 1390/1277/1170 1388/1275/1170
f 1389/1276/1171 1360/1246/1171 1359/1249/1171 1390/1277/1171
f 1360/1278/1172 1389/1279/1172 1327/1280/1172 1358/1281/1172
f 1361/1247/1173 1360/1246/1173 1358/1212/1173 1355/1241/1173
f 1363/1250/1174 1361/1247/1174 1355/1241/1174 1353/1239/1174
f 1365/1252/1175 1363/1250/1175 1353/1239/1175 1351/1237/1175
f 1367/1282/1176 1365/1283/1176 1351/1284/1176 1349/1285/1176
f 1369/1256/1177 1367/1254/1177 1349/1235/1177 1347/1233/1177
f 1371/1258/1178 1369/1256/1178 1347/1233/1178 1345/1231/1178
f 1373/1260/1179 1371/1258/1179 1345/1231/1179 1343/1229/1179
f 1375/1286/1180 1373/1287/1180 1343/1288/1180 1341/1289/1180
f 1377/1264/1181 1375/1262/1181 1341/1227/1181 1339/1225/1181
f 1379/1266/1182 1377/1264/1182 1339/1225/1182 1337/1223/1182
f 1381/1268/1183 1379/1266/1183 1337/1223/1183 1335/1221/1183
f 1383/1290/1184 1381/1291/1184 1335/1292/1184 1333/1293/1184
f 1385/1272/1185 1383/1270/1185 1333/1219/1185 1331/1217/1185
f 1387/1274/1186 1385/1272/1186 1331/1217/1186 1329/1215/1186
f 1389/1276/1187 1387/1274/1187 1329/1215/1187 1327/1213/1187
f 1359/1249/1188 1362/1248/1188 1392/1294/1188 1391/1295/1188
f 1390/1277/1189 1359/1249/1189 1391/1295/1189 1406/1296/1189
f 1362/1248/1190 1364/1251/1190 1393/1297/1190 1392/1294/1190
f 1364/1251/1191 1366/1253/1191 1394/1298/1191 1393/1297/1191
f 1366/1253/1192 1368/1255/1192 1395/1299/1192 1394/1298/1192
f 1368/1255/1193 1370/1257/1193 1396/1300/1193 1395/1299/1193
f 1370/1257/1194 1372/1259/1194 1397/1301/1194 1396/1300/1194
f 1372/1259/1195 1374/1261/1195 1398/1302/1195 1397/1301/1195
f 1374/1261/1196 1376/1263/1196 1399/1303/1196 1398/1302/1196
f 1376/1263/1197 1378/1265/1197 1400/1304/1197 1399/1303/1197
f 1378/1265/1198 1380/1267/1198 1401/1305/1198 1400/1304/1198
f 1380/1267/1199 1382/1269/1199 1402/1306/1199 1401/1305/1199
f 1382/1269/1200 1384/1271/1200 1403/1307/1200 1402/1306/1200
f 1384/1271/1201 1386/1273/1201 1404/1308/1201 1403/1307/1201
f 1386/1273/1202 1388/1275/1202 1405/1309/1202 1404/1308/1202
f 1388/1275/1203 1390/1277/1203 1406/1296/1203 1405/1309/1203
f 1391/1310/1204 1392/1311/1204 1414/1312/1204 1415/1313/1204
f 1406/1314/1205 1391/1310/1205 1415/1313/1205 1413/1315/1205
f 1392/1311/1206 1393/1316/1206 1416/1317/1206 1414/1312/1206
f 1393/1318/1207 1394/1319/1207 1417/1320/1207 1416/1321/1207
f 1394/1319/1208 1395/1322/1208 1418/1323/1208 1417/1320/1208
f 1395/1322/1209 1396/1324/1209 1408/1325/1209 1418/1323/1209
f 1396/1324/1210 1397/1326/1210 1419/1327/1210 1408/1325/1210
f 1397/1328/1211 1398/1329/1211 1409/1330/1211 1419/1331/1211
f 1398/1329/1212 1399/1332/1212 1410/1333/1212 1409/1330/1212
f 1399/1332/1213 1400/1334/1213 1420/1335/1213 1410/1333/1213
f 1400/1336/1214 1401/1337/1214 1412/1338/1214 1420/1339/1214
f 1401/1337/1215 1402/1340/1215 1421/1341/1215 1412/1338/1215
f 1402/1340/1216 1403/1342/1216 1422/1343/1216 1421/1341/1216
f 1403/1342/1217 1404/1344/1217 1423/1345/1217 1422/1343/1217
f 1404/1346/1218 1405/1347/1218 1424/1348/1218 1423/1349/1218
f 1405/1347/1219 1406/1314/1219 1413/1315/1219 1424/1348/1219
f 1425/1350/1220 1426/1351/1220 1415/1352/1220 1414/1353/1220
f 1427/1354/1221 1425/1350/1221 1414/1353/1221 1416/1355/1221
f 1428/1356/1222 1427/1354/1222 1416/1355/1222 1417/1357/1222
f 1407/1358/1223 1428/1356/1223 1417/1357/1223 1418/1359/1223
f 1429/1360/1224 1407/1358/1224 1418/1359/1224 1408/1361/1224
f 1430/1362/1225 1429/1360/1225 1408/1361/1225 1419/1363/1225
f 1431/1364/1226 1430/1362/1226 1419/1363/1226 1409/1365/1226
f 1411/1366/1227 1431/1364/1227 1409/1365/1227 1410/1367/1227
f 1432/1368/1228 1411/1366/1228 1410/1367/1228 1420/1369/1228
f 1433/1370/1229 1432/1368/1229 1420/1369/1229 1412/1371/1229
f 1434/1372/1230 1433/1370/1230 1412/1371/1230 1421/1373/1230
f 1435/1374/1231 1434/1372/1231 1421/1373/1231 1422/1375/1231
f 1436/1376/1232 1435/1374/1232 1422/1375/1232 1423/1377/1232
f 1437/1378/1233 1436/1376/1233 1423/1377/1233 1424/1379/1233
f 1438/1380/1234 1437/1378/1234 1424/1379/1234 1413/1381/1234
f 1426/1351/1235 1438/1380/1235 1413/1381/1235 1415/1352/1235
f 1435/1382/1236 1436/1383/1236 1452/1384/1236 1451/1385/1236
f 1462/1386/1237 1447/1387/1237 1448/1388/1237 1449/1389/1237
f 1429/1390/1238 1430/1391/1238 1445/1392/1238 1444/1393/1238
f 1436/1383/1239 1437/1394/1239 1453/1395/1239 1452/1384/1239
f 1430/1391/1240 1431/1396/1240 1446/1397/1240 1445/1392/1240
f 1437/1394/1241 1438/1398/1241 1454/1399/1241 1453/1395/1241
f 1431/1396/1242 1411/1400/1242 1447/1387/1242 1446/1397/1242
f 1426/1401/1243 1425/1402/1243 1439/1403/1243 1440/1404/1243
f 1438/1398/1244 1426/1401/1244 1440/1404/1244 1454/1399/1244
f 1411/1400/1245 1432/1405/1245 1448/1388/1245 1447/1387/1245
f 1425/1402/1246 1427/1406/1246 1441/1407/1246 1439/1403/1246
f 1432/1405/1247 1433/1408/1247 1449/1389/1247 1448/1388/1247
f 1427/1406/1248 1428/1409/1248 1442/1410/1248 1441/1407/1248
f 1433/1408/1249 1434/1411/1249 1450/1412/1249 1449/1389/1249
f 1428/1409/1250 1407/1413/1250 1443/1414/1250 1442/1410/1250
f 1434/1411/1251 1435/1382/1251 1451/1385/1251 1450/1412/1251
f 1407/1413/1252 1429/1390/1252 1444/1393/1252 1443/1414/1252
f 1467/1415/541 1470/1158/541 1312/1159/541 1311/1194/541
f 1455/1416/541 1467/1415/541 1311/1194/541 1318/1177/541
f 1309/1179/541 1455/1416/541 1318/1177/541 1310/1176/541
f 1459/1417/1237 1462/1386/1237 1449/1389/1237 1450/1412/1237
f 1456/1418/1237 1459/1417/1237 1450/1412/1237 1451/1385/1237
f 1453/1395/1237 1456/1418/1237 1451/1385/1237 1452/1384/1237
f 1454/1399/1237 1457/1419/1237 1456/1418/1237 1453/1395/1237
f 1457/1419/1237 1460/1420/1237 1459/1417/1237 1456/1418/1237
f 1460/1420/1237 1463/1421/1237 1462/1386/1237 1459/1417/1237
f 1463/1421/1237 1446/1397/1237 1447/1387/1237 1462/1386/1237
f 1440/1404/1237 1458/1422/1237 1457/1419/1237 1454/1399/1237
f 1458/1422/1237 1461/1423/1237 1460/1420/1237 1457/1419/1237
f 1461/1423/1237 1464/1424/1237 1463/1421/1237 1460/1420/1237
f 1464/1424/1237 1445/1392/1237 1446/1397/1237 1463/1421/1237
f 1439/1403/1237 1441/1407/1237 1458/1422/1237 1440/1404/1237
f 1441/1407/1237 1442/1410/1237 1461/1423/1237 1458/1422/1237
f 1442/1410/1237 1443/1414/1237 1464/1424/1237 1461/1423/1237
f 1443/1414/1237 1444/1393/1237 1445/1392/1237 1464/1424/1237
f 1317/1171/541 1465/1425/541 1455/1416/541 1309/1179/541
f 1465/1425/541 1468/1426/541 1467/1415/541 1455/1416/541
f 1468/1426/541 1471/1427/541 1470/1158/541 1467/1415/541
f 1471/1427/541 1314/1187/541 1313/1129/541 1470/1158/541
f 1308/1170/541 1466/1428/541 1465/1425/541 1317/1171/541
f 1466/1428/541 1469/1429/541 1468/1426/541 1465/1425/541
f 1469/1429/541 1472/1430/541 1471/1427/541 1468/1426/541
f 1472/1430/541 1320/1188/541 1314/1187/541 1471/1427/541
f 1307/1173/541 1316/1163/541 1466/1428/541 1308/1170/541
f 1316/1163/541 1315/1162/541 1469/1429/541 1466/1428/541
f 1315/1162/541 1322/1192/541 1472/1430/541 1469/1429/541
f 1322/1192/541 1321/1191/541 1320/1188/541 1472/1430/541
usemtl Material
f 80/168/81 76/169/81 75/170/81 78/171/81
f 83/172/82 102/173/82 105/174/82 84/175/82
f 85/176/83 101/177/83 100/178/83 84/179/83
f 95/180/84 100/181/84 98/182/84 92/183/84
f 130/184/85 138/185/85 79/186/85 82/187/85
f 140/188/86 81/189/86 76/169/86 80/168/86
f 75/190/87 146/191/87 96/192/87 78/193/87
f 83/194/88 95/195/88 93/196/88 77/197/88
f 129/198/89 130/199/89 82/200/89 77/201/89
f 77/197/88 103/202/88 102/203/88 83/194/88
f 76/169/90 89/204/90 146/205/90 75/170/90
f 97/206/91 90/207/91 87/208/91 86/209/91
f 150/210/92 145/211/92 88/212/92 91/213/92
f 145/214/93 131/215/93 93/216/93 88/217/93
f 86/218/94 87/219/94 92/220/94 94/221/94
f 90/222/95 95/180/95 92/183/95 87/223/95
f 94/224/96 92/225/96 98/226/96 99/227/96
f 102/173/97 103/228/97 104/229/97 105/174/97
f 100/230/98 101/231/98 99/227/98 98/226/98
f 88/217/99 93/216/99 95/180/99 90/222/99
f 91/232/100 88/233/100 90/207/100 97/206/100
f 82/234/101 104/235/101 103/236/101 77/237/101
f 104/238/102 106/239/102 107/240/102 105/241/102
f 84/242/103 105/241/103 107/240/103 85/243/103
f 79/244/104 106/245/104 104/235/104 82/234/104
f 83/246/105 84/247/105 100/248/105 95/249/105
f 80/168/106 78/171/106 108/250/106 109/251/106
f 113/252/107 114/253/107 128/254/107 125/255/107
f 85/176/108 114/256/108 124/257/108 101/177/108
f 122/258/109 120/259/109 123/260/109 124/261/109
f 133/262/110 112/263/110 79/186/110 138/185/110
f 140/188/111 80/168/111 109/251/111 111/264/111
f 108/265/112 78/193/112 96/192/112 117/266/112
f 113/267/88 110/268/88 121/269/88 122/270/88
f 132/271/113 110/272/113 112/273/113 133/274/113
f 110/268/88 113/267/88 125/275/88 126/276/88
f 109/251/114 108/250/114 117/277/114 118/278/114
f 97/206/115 86/209/115 115/279/115 119/280/115
f 150/210/116 91/213/116 116/281/116 157/282/116
f 157/283/117 116/284/117 121/285/117 134/286/117
f 86/218/118 94/221/118 120/287/118 115/288/118
f 119/289/119 115/290/119 120/259/119 122/258/119
f 94/224/120 99/227/120 123/291/120 120/292/120
f 125/255/121 128/254/121 127/293/121 126/294/121
f 124/295/122 123/291/122 99/227/122 101/231/122
f 116/284/123 119/289/123 122/258/123 121/285/123
f 91/232/124 97/206/124 119/280/124 116/296/124
f 112/297/125 110/298/125 126/299/125 127/300/125
f 127/301/126 128/302/126 107/240/126 106/239/126
f 114/303/127 85/243/127 107/240/127 128/302/127
f 79/244/128 112/297/128 127/300/128 106/245/128
f 113/304/129 122/305/129 124/306/129 114/307/129
f 110/268/130 132/308/130 134/309/130 121/269/130
f 77/197/131 93/196/131 131/310/131 129/311/131
f 140/312/132 139/313/132 142/314/132 81/315/132
f 81/315/133 142/314/133 136/316/133 76/317/133
f 143/318/134 89/319/134 76/317/134 136/316/134
f 89/320/135 143/321/135 147/322/135 146/323/135
f 146/191/136 147/324/136 149/325/136 96/326/136
f 139/313/137 140/312/137 111/327/137 155/328/137
f 155/328/138 111/327/138 109/329/138 153/330/138
f 118/331/139 156/332/139 153/330/139 109/329/139
f 156/333/140 118/334/140 117/335/140 159/336/140
f 159/337/141 117/266/141 96/326/141 149/325/141
f 134/338/142 160/339/142 158/340/142 157/341/142
f 157/342/143 158/343/143 151/344/143 150/345/143
f 133/346/144 154/347/144 152/348/144 132/349/144
f 138/350/145 137/351/145 154/352/145 133/353/145
f 160/354/146 134/309/146 132/355/146 152/356/146
f 145/357/147 144/358/147 148/359/147 131/360/147
f 150/345/148 151/344/148 144/361/148 145/362/148
f 129/363/149 135/364/149 141/365/149 130/366/149
f 130/367/150 141/368/150 137/351/150 138/350/150
f 135/369/151 129/370/151 131/310/151 148/371/151
f 135/369/152 148/371/152 143/372/152 136/373/152
f 136/374/153 142/375/153 141/365/153 135/364/153
f 142/376/154 139/377/154 137/351/154 141/368/154
f 155/378/155 154/352/155 137/351/155 139/377/155
f 147/322/156 143/321/156 148/359/156 144/358/156
f 149/379/157 147/380/157 144/361/157 151/344/157
f 149/379/158 151/344/158 158/343/158 159/381/158
f 153/382/159 152/348/159 154/347/159 155/383/159
f 152/356/160 153/384/160 156/385/160 160/354/160
f 159/336/161 158/340/161 160/339/161 156/333/161
f 183/168/179 179/169/179 178/170/179 181/171/179
f 186/172/180 205/173/180 208/174/180 187/175/180
f 188/176/181 204/177/181 203/178/181 187/179/181
f 198/180/182 203/181/182 201/182/182 195/183/182
f 233/184/183 241/185/183 182/186/183 185/187/183
f 243/188/184 184/189/184 179/169/184 183/168/184
f 178/190/185 249/191/185 199/192/185 181/193/185
f 186/194/186 198/195/186 196/196/186 180/197/186
f 232/198/187 233/199/187 185/200/187 180/201/187
f 180/197/186 206/202/186 205/203/186 186/194/186
f 179/169/188 192/204/188 249/205/188 178/170/188
f 200/206/189 193/207/189 190/208/189 189/209/189
f 253/210/190 248/211/190 191/212/190 194/213/190
f 248/214/191 234/215/191 196/216/191 191/217/191
f 189/218/192 190/219/192 195/220/192 197/221/192
f 193/222/193 198/180/193 195/183/193 190/223/193
f 197/224/194 195/225/194 201/226/194 202/227/194
f 205/173/195 206/228/195 207/229/195 208/174/195
f 203/230/196 204/231/196 202/227/196 201/226/196
f 191/217/197 196/216/197 198/180/197 193/222/197
f 194/232/198 191/233/198 193/207/198 200/206/198
f 185/234/199 207/235/199 206/236/199 180/237/199
f 207/238/200 209/239/200 210/240/200 208/241/200
f 187/242/201 208/241/201 210/240/201 188/243/201
f 182/244/202 209/245/202 207/235/202 185/234/202
f 186/246/203 187/247/203 203/248/203 198/249/203
f 183/168/204 181/171/204 211/250/204 212/251/204
f 216/252/205 217/253/205 231/254/205 228/255/205
f 188/176/206 217/256/206 227/257/206 204/177/206
f 225/258/207 223/259/207 226/260/207 227/261/207
f 236/262/208 215/263/208 182/186/208 241/185/208
f 243/188/209 183/168/209 212/251/209 214/264/209
f 211/265/210 181/193/210 199/192/210 220/266/210
f 216/267/186 213/268/186 224/269/186 225/270/186
f 235/271/211 213/272/211 215/273/211 236/274/211
f 213/268/186 216/267/186 228/275/186 229/276/186
f 212/251/212 211/250/212 220/277/212 221/278/212
f 200/206/213 189/209/213 218/279/213 222/280/213
f 253/210/214 194/213/214 219/281/214 260/282/214
f 260/283/215 219/284/215 224/285/215 237/286/215
f 189/218/216 197/221/216 223/287/216 218/288/216
f 222/289/217 218/290/217 223/259/217 225/258/217
f 197/224/218 202/227/218 226/291/218 223/292/218
f 228/255/219 231/254/219 230/293/219 229/294/219
f 227/295/220 226/291/220 202/227/220 204/231/220
f 219/284/221 222/289/221 225/258/221 224/285/221
f 194/232/222 200/206/222 222/280/222 219/296/222
f 215/297/223 213/298/223 229/299/223 230/300/223
f 230/301/224 231/302/224 210/240/224 209/239/224
f 217/303/225 188/243/225 210/240/225 231/302/225
f 182/244/226 215/297/226 230/300/226 209/245/226
f 216/304/227 225/305/227 227/306/227 217/307/227
f 213/268/228 235/308/228 237/309/228 224/269/228
f 180/197/229 196/196/229 234/310/229 232/311/229
f 243/312/230 242/313/230 245/314/230 184/315/230
f 184/315/231 245/314/231 239/316/231 179/317/231
f 246/318/232 192/319/232 179/317/232 239/316/232
f 192/320/233 246/321/233 250/322/233 249/323/233
f 249/191/234 250/324/234 252/325/234 199/326/234
f 242/313/235 243/312/235 214/327/235 258/328/235
f 258/328/236 214/327/236 212/329/236 256/330/236
f 221/331/237 259/332/237 256/330/237 212/329/237
f 259/333/238 221/334/238 220/335/238 262/336/238
f 262/337/239 220/266/239 199/326/239 252/325/239
f 237/338/240 263/339/240 261/340/240 260/341/240
f 260/342/241 261/343/241 254/344/241 253/345/241
f 236/346/242 257/347/242 255/348/242 235/349/242
f 241/350/243 240/351/243 257/352/243 236/353/243
f 263/354/244 237/309/244 235/355/244 255/356/244
f 248/357/245 247/358/245 251/359/245 234/360/245
f 253/345/246 254/344/246 247/361/246 248/362/246
f 232/363/247 238/364/247 244/365/247 233/366/247
f 233/367/248 244/368/248 240/351/248 241/350/248
f 238/369/249 232/370/249 234/310/249 251/371/249
f 238/369/250 251/371/250 246/372/250 239/373/250
f 239/374/251 245/375/251 244/365/251 238/364/251
f 245/376/252 242/377/252 240/351/252 244/368/252
f 258/378/253 257/352/253 240/351/253 242/377/253
f 250/322/254 246/321/254 251/359/254 247/358/254
f 252/379/255 250/380/255 247/361/255 254/344/255
f 252/379/256 254/344/256 261/343/256 262/381/256
f 256/382/257 255/348/257 257/347/257 258/383/257
f 255/356/258 256/384/258 259/385/258 263/354/258
f 262/336/259 261/340/259 263/339/259 259/333/259
f 286/168/277 282/169/277 281/170/277 284/171/277
f 289/172/278 308/173/278 311/174/278 290/175/278
f 291/176/279 307/177/279 306/178/279 290/179/279
f 301/180/280 306/181/280 304/182/280 298/183/280
f 336/184/281 344/185/281 285/186/281 288/187/281
f 346/188/282 287/189/282 282/169/282 286/168/282
f 281/190/283 352/191/283 302/192/283 284/193/283
f 289/194/284 301/195/284 299/196/284 283/197/284
f 335/198/285 336/199/285 288/200/285 283/201/285
f 283/197/284 309/202/284 308/203/284 289/194/284
f 282/169/286 295/204/286 352/205/286 281/170/286
f 303/206/287 296/207/287 293/208/287 292/209/287
f 356/210/288 351/211/288 294/212/288 297/213/288
f 351/214/289 337/215/289 299/216/289 294/217/289
f 292/218/290 293/219/290 298/220/290 300/221/290
f 296/222/291 301/180/291 298/183/291 293/223/291
f 300/224/292 298/225/292 304/226/292 305/227/292
f 308/173/293 309/228/293 310/229/293 311/174/293
f 306/230/294 307/231/294 305/227/294 304/226/294
f 294/217/295 299/216/295 301/180/295 296/222/295
f 297/232/296 294/233/296 296/207/296 303/206/296
f 288/234/297 310/235/297 309/236/297 283/237/297
f 310/238/298 312/239/298 313/240/298 311/241/298
f 290/242/299 311/241/299 313/240/299 291/243/299
f 285/244/300 312/245/300 310/235/300 288/234/300
f 289/246/301 290/247/301 306/248/301 301/249/301
f 286/168/302 284/171/302 314/250/302 315/251/302
f 319/252/303 320/253/303 334/254/303 331/255/303
f 291/176/304 320/256/304 330/257/304 307/177/304
f 328/258/305 326/259/305 329/260/305 330/261/305
f 339/262/306 318/263/306 285/186/306 344/185/306
f 346/188/307 286/168/307 315/251/307 317/264/307
f 314/265/308 284/193/308 302/192/308 323/266/308
f 319/267/284 316/268/284 327/269/284 328/270/284
f 338/271/309 316/272/309 318/273/309 339/274/309
f 316/268/284 319/267/284 331/275/284 332/276/284
f 315/251/310 314/250/310 323/277/310 324/278/310
f 303/206/311 292/209/311 321/279/311 325/280/311
f 356/210/312 297/213/312 322/281/312 363/282/312
f 363/283/313 322/284/313 327/285/313 340/286/313
f 292/218/314 300/221/314 326/287/314 321/288/314
f 325/289/315 321/290/315 326/259/315 328/258/315
f 300/224/316 305/227/316 329/291/316 326/292/316
f 331/255/317 334/254/317 333/293/317 332/294/317
f 330/295/318 329/291/318 305/227/318 307/231/318
f 322/284/319 325/289/319 328/258/319 327/285/319
f 297/232/320 303/206/320 325/280/320 322/296/320
f 318/297/321 316/298/321 332/299/321 333/300/321
f 333/301/322 334/302/322 313/240/322 312/239/322
f 320/303/323 291/243/323 313/240/323 334/302/323
f 285/244/324 318/297/324 333/300/324 312/245/324
f 319/304/325 328/305/325 330/306/325 320/307/325
f 316/268/326 338/308/326 340/309/326 327/269/326
f 283/197/327 299/196/327 337/310/327 335/311/327
f 346/312/328 345/313/328 348/314/328 287/315/328
f 287/315/329 348/314/329 342/316/329 282/317/329
f 349/318/330 295/319/330 282/317/330 342/316/330
f 295/320/331 349/321/331 353/322/331 352/323/331
f 352/191/332 353/324/332 355/325/332 302/326/332
f 345/313/333 346/312/333 317/327/333 361/328/333
f 361/328/334 317/327/334 315/329/334 359/330/334
f 324/331/335 362/332/335 359/330/335 315/329/335
f 362/333/336 324/334/336 323/335/336 365/336/336
f 365/337/337 323/266/337 302/326/337 355/325/337
f 340/338/338 366/339/338 364/340/338 363/341/338
f 363/342/339 364/343/339 357/344/339 356/345/339
f 339/346/340 360/347/340 358/348/340 338/349/340
f 344/350/341 343/351/341 360/352/341 339/353/341
f 366/354/342 340/309/342 338/355/342 358/356/342
f 351/357/343 350/358/343 354/359/343 337/360/343
f 356/345/344 357/344/344 350/361/344 351/362/344
f 335/363/345 341/364/345 347/365/345 336/366/345
f 336/367/346 347/368/346 343/351/346 344/350/346
f 341/369/347 335/370/347 337/310/347 354/371/347
f 341/369/348 354/371/348 349/372/348 342/373/348
f 342/374/349 348/375/349 347/365/349 341/364/349
f 348/376/350 345/377/350 343/351/350 347/368/350
f 361/378/351 360/352/351 343/351/351 345/377/351
f 353/322/352 349/321/352 354/359/352 350/358/352
f 355/379/353 353/380/353 350/361/353 357/344/353
f 355/379/354 357/344/354 364/343/354 365/381/354
f 359/382/355 358/348/355 360/347/355 361/383/355
f 358/356/356 359/384/356 362/385/356 366/354/356
f 365/336/357 364/340/357 366/339/357 362/333/357
f 389/168/375 385/169/375 384/170/375 387/171/375
f 392/172/376 411/173/376 414/174/376 393/175/376
f 394/176/377 410/177/377 409/178/377 393/179/377
f 404/180/378 409/181/378 407/182/378 401/183/378
f 439/184/379 447/185/379 388/186/379 391/187/379
f 449/188/380 390/189/380 385/169/380 389/168/380
f 384/190/381 455/191/381 405/192/381 387/193/381
f 392/194/382 404/195/382 402/196/382 386/197/382
f 438/198/383 439/199/383 391/200/383 386/201/383
f 386/197/382 412/202/382 411/203/382 392/194/382
f 385/169/384 398/204/384 455/205/384 384/170/384
f 406/206/385 399/207/385 396/208/385 395/209/385
f 459/210/386 454/211/386 397/212/386 400/213/386
f 454/214/387 440/215/387 402/216/387 397/217/387
f 395/218/388 396/219/388 401/220/388 403/221/388
f 399/222/389 404/180/389 401/183/389 396/223/389
f 403/224/390 401/225/390 407/226/390 408/227/390
f 411/173/391 412/228/391 413/229/391 414/174/391
f 409/230/392 410/231/392 408/227/392 407/226/392
f 397/217/393 402/216/393 404/180/393 399/222/393
f 400/232/394 397/233/394 399/207/394 406/206/394
f 391/234/395 413/235/395 412/236/395 386/237/395
f 413/238/396 415/239/396 416/240/396 414/241/396
f 393/242/397 414/241/397 416/240/397 394/243/397
f 388/244/398 415/245/398 413/235/398 391/234/398
f 392/246/399 393/247/399 409/248/399 404/249/399
f 389/168/400 387/171/400 417/250/400 418/251/400
f 422/252/401 423/253/401 437/254/401 434/255/401
f 394/176/402 423/256/402 433/257/402 410/177/402
f 431/258/403 429/259/403 432/260/403 433/261/403
f 442/262/404 421/263/404 388/186/404 447/185/404
f 449/188/405 389/168/405 418/251/405 420/264/405
f 417/265/406 387/193/406 405/192/406 426/266/406
f 422/267/382 419/268/382 430/269/382 431/270/382
f 441/271/407 419/272/407 421/273/407 442/274/407
f 419/268/382 422/267/382 434/275/382 435/276/382
f 418/251/408 417/250/408 426/277/408 427/278/408
f 406/206/409 395/209/409 424/279/409 428/280/409
f 459/210/410 400/213/410 425/281/410 466/282/410
f 466/283/411 425/284/411 430/285/411 443/286/411
f 395/218/412 403/221/412 429/287/412 424/288/412
f 428/289/413 424/290/413 429/259/413 431/258/413
f 403/224/414 408/227/414 432/291/414 429/292/414
f 434/255/415 437/254/415 436/293/415 435/294/415
f 433/295/416 432/291/416 408/227/416 410/231/416
f 425/284/417 428/289/417 431/258/417 430/285/417
f 400/232/418 406/206/418 428/280/418 425/296/418
f 421/297/419 419/298/419 435/299/419 436/300/419
f 436/301/420 437/302/420 416/240/420 415/239/420
f 423/303/421 394/243/421 416/240/421 437/302/421
f 388/244/422 421/297/422 436/300/422 415/245/422
f 422/304/423 431/305/423 433/306/423 423/307/423
f 419/268/424 441/308/424 443/309/424 430/269/424
f 386/197/425 402/196/425 440/310/425 438/311/425
f 449/312/426 448/313/426 451/314/426 390/315/426
f 390/315/427 451/314/427 445/316/427 385/317/427
f 452/318/428 398/319/428 385/317/428 445/316/428
f 398/320/429 452/321/429 456/322/429 455/323/429
f 455/191/430 456/324/430 458/325/430 405/326/430
f 448/313/431 449/312/431 420/327/431 464/328/431
f 464/328/432 420/327/432 418/329/432 462/330/432
f 427/331/433 465/332/433 462/330/433 418/329/433
f 465/333/434 427/334/434 426/335/434 468/336/434
f 468/337/435 426/266/435 405/326/435 458/325/435
f 443/338/436 469/339/436 467/340/436 466/341/436
f 466/342/437 467/343/437 460/344/437 459/345/437
f 442/346/438 463/347/438 461/348/438 441/349/438
f 447/350/439 446/351/439 463/352/439 442/353/439
f 469/354/440 443/309/440 441/355/440 461/356/440
f 454/357/441 453/358/441 457/359/441 440/360/441
f 459/345/442 460/344/442 453/361/442 454/362/442
f 438/363/443 444/364/443 450/365/443 439/366/443
f 439/367/444 450/368/444 446/351/444 447/350/444
f 444/369/445 438/370/445 440/310/445 457/371/445
f 444/369/446 457/371/446 452/372/446 445/373/446
f 445/374/447 451/375/447 450/365/447 444/364/447
f 451/376/448 448/377/448 446/351/448 450/368/448
f 464/378/449 463/352/449 446/351/449 448/377/449
f 456/322/450 452/321/450 457/359/450 453/358/450
f 458/379/451 456/380/451 453/361/451 460/344/451
f 458/379/452 460/344/452 467/343/452 468/381/452
f 462/382/453 461/348/453 463/347/453 464/383/453
f 461/356/454 462/384/454 465/385/454 469/354/454
f 468/336/455 467/340/455 469/339/455 465/333/455
f 487/386/456 474/387/456 476/388/456 489/389/456
f 489/390/457 476/391/457 477/392/457 488/393/457
f 488/393/458 477/392/458 475/394/458 486/395/458
f 478/396/459 482/397/459 484/398/459 480/399/459
f 480/400/460 484/401/460 485/402/460 481/403/460
f 481/404/461 485/405/461 483/406/461 479/407/461
f 487/408/457 470/409/457 471/410/457 474/411/457
f 478/412/462 472/413/462 473/414/462 482/415/462
f 495/416/463 490/417/463 492/418/463 497/419/463
f 497/420/460 492/421/460 493/422/460 496/423/460
f 496/424/464 493/425/464 491/426/464 494/427/464
f 498/428/465 503/429/465 505/430/465 500/431/465
f 500/432/457 505/433/457 504/434/457 501/435/457
f 501/436/466 504/437/466 502/438/466 499/439/466
f 495/440/462 479/441/462 483/442/462 490/443/462
f 498/444/457 486/395/457 475/394/457 503/445/457
f 506/446/457 499/447/457 502/448/457 507/449/457
f 508/450/462 494/451/462 491/452/462 509/453/462
f 527/454/467 523/455/467 547/456/467 545/457/467
f 517/458/468 519/459/468 537/460/468 535/461/468
f 513/462/469 512/463/469 532/464/469 533/465/469
f 528/466/470 526/467/470 544/468/470 546/469/470
f 518/470/471 513/462/471 533/465/471 536/471/471
f 511/472/472 514/473/472 534/474/472 531/475/472
f 514/476/473 511/477/473 472/478/473 478/479/473
f 474/411/474 471/410/474 512/463/474 513/462/474
f 474/387/475 513/480/475 518/481/475 476/388/475
f 514/482/476 478/396/476 480/399/476 517/483/476
f 519/484/477 481/404/477 479/407/477 515/485/477
f 477/392/478 520/486/478 516/487/478 475/394/478
f 522/488/473 515/489/473 479/490/473 495/491/473
f 503/445/474 475/394/474 516/487/474 521/492/474
f 476/391/474 518/470/474 520/486/474 477/392/474
f 517/493/473 480/494/473 481/495/473 519/496/473
f 503/429/479 521/497/479 526/498/479 505/430/479
f 522/499/480 495/416/480 497/419/480 525/500/480
f 527/501/481 496/424/481 494/427/481 523/502/481
f 504/437/482 528/503/482 524/504/482 502/438/482
f 530/505/473 523/506/473 494/507/473 508/508/473
f 507/449/474 502/448/474 524/509/474 529/510/474
f 505/433/474 526/467/474 528/466/474 504/434/474
f 525/511/473 497/512/473 496/513/473 527/514/473
f 534/515/483 535/516/483 536/517/483 533/518/483
f 535/519/484 537/520/484 538/521/484 536/471/484
f 537/522/485 539/523/485 540/524/485 538/525/485
f 531/526/486 534/527/486 533/465/486 532/464/486
f 542/528/487 543/529/487 544/530/487 541/531/487
f 543/532/488 545/533/488 546/469/488 544/468/488
f 545/534/489 547/535/489 548/536/489 546/537/489
f 541/538/488 540/539/488 539/540/488 542/541/488
f 547/542/490 550/543/490 549/544/490 548/545/490
f 522/546/491 525/547/491 543/548/491 542/549/491
f 523/455/492 530/550/492 550/551/492 547/456/492
f 520/486/493 518/470/493 536/471/493 538/521/493
f 524/509/494 528/466/494 546/469/494 548/545/494
f 529/510/495 524/509/495 548/545/495 549/544/495
f 519/459/496 515/552/496 539/553/496 537/460/496
f 521/492/497 516/487/497 540/539/497 541/538/497
f 526/467/498 521/492/498 541/538/498 544/468/498
f 515/552/499 522/546/499 542/549/499 539/553/499
f 514/473/500 517/458/500 535/461/500 534/474/500
f 525/547/501 527/454/501 545/457/501 543/548/501
f 516/487/502 520/486/502 538/521/502 540/539/502
f 554/554/503 552/555/503 551/556/503 575/557/503
f 557/558/504 556/559/504 577/560/504 558/561/504
f 564/562/505 561/563/505 578/564/505 563/565/505
f 560/566/506 565/567/506 566/568/506 580/569/506
f 561/570/507 554/554/507 575/557/507 578/571/507
f 556/559/508 560/572/508 580/573/508 577/560/508
f 563/574/509 566/575/509 565/576/509 564/577/509
f 555/578/510 559/579/510 586/580/510 584/581/510
f 470/409/511 552/582/511 554/583/511 471/410/511
f 471/410/512 554/583/512 561/584/512 512/463/512
f 472/413/513 556/585/513 557/586/513 473/414/513
f 511/477/514 560/587/514 556/588/514 472/478/514
f 560/566/492 511/472/492 531/475/492 565/567/492
f 578/571/515 580/573/515 566/589/515 563/590/515
f 512/463/495 561/584/495 564/577/495 532/464/495
f 565/576/516 531/526/516 532/464/516 564/577/516
f 572/591/517 571/592/517 574/593/517 573/594/517
f 506/595/518 507/596/518 568/597/518 567/598/518
f 510/599/519 567/598/519 568/597/519 571/592/519 572/591/519 569/600/519 570/601/519
f 507/449/520 529/510/520 571/602/520 568/603/520
f 530/604/521 508/605/521 569/600/521 572/591/521
f 508/605/522 509/606/522 570/601/522 569/600/522
f 571/607/523 529/608/523 549/609/523 574/610/523
f 530/550/524 572/611/524 573/612/524 550/551/524
f 550/613/525 573/594/525 574/593/525 549/614/525
f 576/615/526 553/616/526 575/557/526 551/556/526
f 555/617/527 579/618/527 558/561/527 577/560/527
f 553/616/528 562/619/528 578/571/528 575/557/528
f 559/620/529 555/617/529 577/560/529 580/573/529
f 562/619/530 559/620/530 580/573/530 578/571/530
f 584/581/531 586/580/531 598/621/531 596/622/531
f 579/623/532 555/624/532 584/625/532 582/626/532
f 559/579/533 562/627/533 585/628/533 586/580/533
f 562/627/534 553/629/534 583/630/534 585/628/534
f 553/629/535 576/631/535 581/632/535 583/630/535
f 588/633/536 590/634/536 608/635/536 606/636/536
f 582/626/537 584/625/537 596/637/537 594/638/537
f 586/580/538 585/628/538 597/639/538 598/621/538
f 585/628/539 583/630/539 595/640/539 597/639/539
f 583/630/540 581/632/540 593/641/540 595/640/540
f 590/642/541 588/643/541 594/644/541 596/645/541
f 589/646/541 591/647/541 597/648/541 595/649/541
f 592/650/541 590/642/541 596/645/541 598/651/541
f 591/647/541 592/650/541 598/651/541 597/648/541
f 592/652/542 591/653/542 609/654/542 610/655/542
f 591/653/543 589/656/543 607/657/543 609/654/543
f 589/656/544 587/658/544 605/659/544 607/657/544
f 590/660/545 592/652/545 610/655/545 608/661/545
f 599/662/541 601/663/541 607/664/541 605/665/541
f 602/666/541 600/667/541 606/668/541 608/669/541
f 601/663/541 603/670/541 609/671/541 607/664/541
f 604/672/541 602/666/541 608/669/541 610/673/541
f 603/670/541 604/672/541 610/673/541 609/671/541
f 602/674/546 604/675/546 622/676/546 620/677/546
f 600/678/547 602/679/547 620/680/547 618/681/547
f 604/675/548 603/682/548 621/683/548 622/676/548
f 603/682/549 601/684/549 619/685/549 621/683/549
f 601/684/550 599/686/550 617/687/550 619/685/550
f 611/688/551 613/689/551 619/690/551 617/691/551
f 614/692/552 612/693/552 618/694/552 620/695/552
f 613/689/553 615/696/553 621/697/553 619/690/553
f 616/698/554 614/692/554 620/695/554 622/699/554
f 615/696/555 616/698/555 622/699/555 621/697/555
f 625/700/556 623/701/556 653/702/556 656/703/556
f 629/704/557 635/705/557 637/706/557 631/707/557
f 631/708/558 637/709/558 636/710/558 630/711/558
f 639/712/559 633/713/559 634/714/559 640/715/559
f 640/716/560 634/717/560 632/718/560 638/719/560
f 635/705/561 641/720/561 643/721/561 637/706/561
f 637/709/562 643/722/562 642/723/562 636/710/562
f 645/724/563 639/712/563 640/715/563 646/725/563
f 646/726/564 640/727/564 638/728/564 644/729/564
f 644/729/565 642/723/565 643/722/565 646/726/565
f 646/725/566 643/721/566 641/720/566 645/724/566
f 613/730/567 611/731/567 630/711/567 636/710/567
f 635/732/568 629/733/568 647/734/568 649/735/568
f 633/713/569 639/712/569 650/736/569 648/737/569
f 612/738/570 614/739/570 638/740/570 632/741/570
f 615/742/571 613/730/571 636/710/571 642/723/571
f 641/743/572 635/732/572 649/735/572 651/744/572
f 639/712/573 645/724/573 652/745/573 650/736/573
f 614/746/574 616/747/574 644/729/574 638/728/574
f 616/747/575 615/742/575 642/723/575 644/729/575
f 645/724/576 641/720/576 651/748/576 652/745/576
f 623/749/541 625/750/541 649/751/541 647/752/541
f 626/753/541 624/754/541 648/737/541 650/736/541
f 625/750/541 627/755/541 651/748/541 649/751/541
f 628/756/541 626/753/541 650/736/541 652/745/541
f 627/755/541 628/756/541 652/745/541 651/748/541
f 656/757/541 653/758/541 654/759/541 655/760/541 657/761/541 659/762/541 658/763/541
f 626/764/577 628/765/577 659/766/577 657/767/577
f 624/768/578 626/764/578 657/767/578 655/769/578
f 628/765/579 627/770/579 658/771/579 659/766/579
f 627/770/580 625/772/580 656/773/580 658/771/580
f 595/649/541 593/774/541 587/775/541 589/646/541
f 487/386/581 489/389/581 665/388/581 663/387/581
f 489/390/582 488/393/582 666/392/582 665/391/582
f 488/393/583 486/395/583 664/394/583 666/392/583
f 667/396/584 669/399/584 673/398/584 671/397/584
f 669/400/585 670/403/585 674/402/585 673/401/585
f 670/404/586 668/407/586 672/406/586 674/405/586
f 487/408/582 663/411/582 660/410/582 470/409/582
f 667/412/587 671/415/587 662/414/587 661/413/587
f 680/416/588 682/419/588 677/418/588 675/417/588
f 682/420/589 681/423/589 678/422/589 677/421/589
f 681/424/590 679/427/590 676/426/590 678/425/590
f 498/428/591 500/431/591 686/430/591 684/429/591
f 500/432/582 501/435/582 685/434/582 686/433/582
f 501/436/592 499/439/592 683/438/592 685/437/592
f 680/440/587 675/443/587 672/442/587 668/441/587
f 498/444/582 684/445/582 664/394/582 486/395/582
f 506/446/582 687/449/582 683/448/582 499/447/582
f 688/450/587 689/453/587 676/452/587 679/451/587
f 706/454/593 724/457/593 726/456/593 702/455/593
f 696/458/594 714/461/594 716/460/594 698/459/594
f 692/462/595 712/465/595 711/464/595 691/463/595
f 707/466/596 725/469/596 723/468/596 705/467/596
f 697/470/597 715/471/597 712/465/597 692/462/597
f 690/472/598 710/475/598 713/474/598 693/473/598
f 693/476/599 667/479/599 661/478/599 690/477/599
f 663/411/600 692/462/600 691/463/600 660/410/600
f 663/387/601 665/388/601 697/481/601 692/480/601
f 693/482/602 696/483/602 669/399/602 667/396/602
f 698/484/603 694/485/603 668/407/603 670/404/603
f 666/392/604 664/394/604 695/487/604 699/486/604
f 701/488/599 680/491/599 668/490/599 694/489/599
f 684/445/600 700/492/600 695/487/600 664/394/600
f 665/391/600 666/392/600 699/486/600 697/470/600
f 696/493/599 698/496/599 670/495/599 669/494/599
f 684/429/605 686/430/605 705/498/605 700/497/605
f 701/499/606 704/500/606 682/419/606 680/416/606
f 706/501/607 702/502/607 679/427/607 681/424/607
f 685/437/608 683/438/608 703/504/608 707/503/608
f 709/505/599 688/508/599 679/507/599 702/506/599
f 687/449/600 708/510/600 703/509/600 683/448/600
f 686/433/600 685/434/600 707/466/600 705/467/600
f 704/511/599 706/514/599 681/513/599 682/512/599
f 713/515/609 712/518/609 715/517/609 714/516/609
f 714/519/610 715/471/610 717/521/610 716/520/610
f 716/522/611 717/525/611 719/524/611 718/523/611
f 710/526/612 711/464/612 712/465/612 713/527/612
f 721/528/613 720/531/613 723/530/613 722/529/613
f 722/532/614 723/468/614 725/469/614 724/533/614
f 724/534/615 725/537/615 727/536/615 726/535/615
f 720/538/614 721/541/614 718/540/614 719/539/614
f 726/542/616 727/545/616 728/544/616 729/543/616
f 701/546/617 721/549/617 722/548/617 704/547/617
f 702/455/618 726/456/618 729/551/618 709/550/618
f 699/486/619 717/521/619 715/471/619 697/470/619
f 703/509/620 727/545/620 725/469/620 707/466/620
f 708/510/621 728/544/621 727/545/621 703/509/621
f 698/459/622 716/460/622 718/553/622 694/552/622
f 700/492/623 720/538/623 719/539/623 695/487/623
f 705/467/624 723/468/624 720/538/624 700/492/624
f 694/552/625 718/553/625 721/549/625 701/546/625
f 693/473/626 713/474/626 714/461/626 696/458/626
f 704/547/627 722/548/627 724/457/627 706/454/627
f 695/487/628 719/539/628 717/521/628 699/486/628
f 731/554/629 751/557/629 551/556/629 552/555/629
f 734/558/630 735/561/630 752/560/630 733/559/630
f 741/562/631 740/565/631 753/564/631 738/563/631
f 737/566/632 755/569/632 743/568/632 742/567/632
f 738/570/633 753/571/633 751/557/633 731/554/633
f 733/559/634 752/560/634 755/573/634 737/572/634
f 740/574/635 741/577/635 742/576/635 743/575/635
f 732/578/636 758/581/636 760/580/636 736/579/636
f 470/409/637 660/410/637 731/583/637 552/582/637
f 660/410/638 691/463/638 738/584/638 731/583/638
f 661/413/639 662/414/639 734/586/639 733/585/639
f 690/477/640 661/478/640 733/588/640 737/587/640
f 737/566/618 742/567/618 710/475/618 690/472/618
f 753/571/641 740/590/641 743/589/641 755/573/641
f 691/463/621 711/464/621 741/577/621 738/584/621
f 742/576/642 741/577/642 711/464/642 710/526/642
f 748/591/643 749/594/643 750/593/643 747/592/643
f 506/595/644 567/598/644 744/597/644 687/596/644
f 510/599/645 746/601/645 745/600/645 748/591/645 747/592/645 744/597/645 567/598/645
f 687/449/646 744/603/646 747/602/646 708/510/646
f 709/604/647 748/591/647 745/600/647 688/605/647
f 688/605/648 745/600/648 746/601/648 689/606/648
f 747/607/649 750/610/649 728/609/649 708/608/649
f 709/550/650 729/551/650 749/612/650 748/611/650
f 729/613/651 728/614/651 750/593/651 749/594/651
f 576/615/652 551/556/652 751/557/652 730/616/652
f 732/617/653 752/560/653 735/561/653 754/618/653
f 730/616/654 751/557/654 753/571/654 739/619/654
f 736/620/655 755/573/655 752/560/655 732/617/655
f 739/619/656 753/571/656 755/573/656 736/620/656
f 758/581/657 768/622/657 770/621/657 760/580/657
f 754/623/658 756/626/658 758/625/658 732/624/658
f 736/579/659 760/580/659 759/628/659 739/627/659
f 739/627/660 759/628/660 757/630/660 730/629/660
f 730/629/661 757/630/661 581/632/661 576/631/661
f 761/633/662 776/636/662 778/635/662 763/634/662
f 756/626/663 766/638/663 768/637/663 758/625/663
f 760/580/664 770/621/664 769/639/664 759/628/664
f 759/628/665 769/639/665 767/640/665 757/630/665
f 757/630/666 767/640/666 593/641/666 581/632/666
f 763/642/541 768/645/541 766/644/541 761/643/541
f 762/646/541 767/649/541 769/648/541 764/647/541
f 765/650/541 770/651/541 768/645/541 763/642/541
f 764/647/541 769/648/541 770/651/541 765/650/541
f 765/652/667 780/655/667 779/654/667 764/653/667
f 764/653/668 779/654/668 777/657/668 762/656/668
f 762/656/669 777/657/669 605/659/669 587/658/669
f 763/660/670 778/661/670 780/655/670 765/652/670
f 599/662/541 605/665/541 777/664/541 772/663/541
f 773/666/541 778/669/541 776/668/541 771/667/541
f 772/663/541 777/664/541 779/671/541 774/670/541
f 775/672/541 780/673/541 778/669/541 773/666/541
f 774/670/541 779/671/541 780/673/541 775/672/541
f 773/674/671 788/677/671 790/676/671 775/675/671
f 771/678/672 786/681/672 788/680/672 773/679/672
f 775/675/673 790/676/673 789/683/673 774/682/673
f 774/682/674 789/683/674 787/685/674 772/684/674
f 772/684/675 787/685/675 617/687/675 599/686/675
f 611/688/676 617/691/676 787/690/676 782/689/676
f 783/692/677 788/695/677 786/694/677 781/693/677
f 782/689/678 787/690/678 789/697/678 784/696/678
f 785/698/679 790/699/679 788/695/679 783/692/679
f 784/696/680 789/697/680 790/699/680 785/698/680
f 792/700/681 817/703/681 653/702/681 623/701/681
f 629/704/682 631/707/682 801/706/682 799/705/682
f 631/708/683 630/711/683 800/710/683 801/709/683
f 803/712/684 804/715/684 798/714/684 797/713/684
f 804/716/685 802/719/685 796/718/685 798/717/685
f 799/705/686 801/706/686 807/721/686 805/720/686
f 801/709/687 800/710/687 806/723/687 807/722/687
f 809/724/688 810/725/688 804/715/688 803/712/688
f 810/726/689 808/729/689 802/728/689 804/727/689
f 808/729/690 810/726/690 807/722/690 806/723/690
f 810/725/691 809/724/691 805/720/691 807/721/691
f 782/730/692 800/710/692 630/711/692 611/731/692
f 799/732/693 812/735/693 647/734/693 629/733/693
f 797/713/694 811/737/694 813/736/694 803/712/694
f 781/738/695 796/741/695 802/740/695 783/739/695
f 784/742/696 806/723/696 800/710/696 782/730/696
f 805/743/697 814/744/697 812/735/697 799/732/697
f 803/712/698 813/736/698 815/745/698 809/724/698
f 783/746/699 802/728/699 808/729/699 785/747/699
f 785/747/700 808/729/700 806/723/700 784/742/700
f 809/724/701 815/745/701 814/748/701 805/720/701
f 623/749/541 647/752/541 812/751/541 792/750/541
f 793/753/541 813/736/541 811/737/541 791/754/541
f 792/750/541 812/751/541 814/748/541 794/755/541
f 795/756/541 815/745/541 813/736/541 793/753/541
f 794/755/541 814/748/541 815/745/541 795/756/541
f 817/757/541 819/763/541 820/762/541 818/761/541 816/760/541 654/759/541 653/758/541
f 793/764/702 818/767/702 820/766/702 795/765/702
f 791/768/703 816/769/703 818/767/703 793/764/703
f 795/765/704 820/766/704 819/771/704 794/770/704
f 794/770/705 819/771/705 817/773/705 792/772/705
f 767/649/541 762/646/541 587/775/541 593/774/541
f 833/386/706 835/389/706 826/388/706 824/387/706
f 835/390/707 834/393/707 827/392/707 826/391/707
f 834/393/708 832/395/708 825/394/708 827/392/708
f 828/396/709 830/399/709 484/398/709 482/397/709
f 830/400/710 831/403/710 485/402/710 484/401/710
f 831/404/711 829/407/711 483/406/711 485/405/711
f 833/408/707 824/411/707 822/410/707 821/409/707
f 828/412/712 482/415/712 473/414/712 823/413/712
f 837/416/713 839/419/713 492/418/713 490/417/713
f 839/420/714 838/423/714 493/422/714 492/421/714
f 838/424/715 836/427/715 491/426/715 493/425/715
f 840/428/716 842/431/716 847/430/716 845/429/716
f 842/432/707 843/435/707 846/434/707 847/433/707
f 843/436/717 841/439/717 844/438/717 846/437/717
f 837/440/712 490/443/712 483/442/712 829/441/712
f 840/444/707 845/445/707 825/394/707 832/395/707
f 848/446/707 849/449/707 844/448/707 841/447/707
f 850/450/712 509/453/712 491/452/712 836/451/712
f 867/454/620 885/457/620 887/456/620 863/455/620
f 857/458/718 875/461/718 877/460/718 859/459/718
f 853/462/719 873/465/719 872/464/719 852/463/719
f 868/466/720 886/469/720 884/468/720 866/467/720
f 858/470/721 876/471/721 873/465/721 853/462/721
f 851/472/722 871/475/722 874/474/722 854/473/722
f 854/476/723 828/479/723 823/478/723 851/477/723
f 824/411/724 853/462/724 852/463/724 822/410/724
f 824/387/725 826/388/725 858/481/725 853/480/725
f 854/482/726 857/483/726 830/399/726 828/396/726
f 859/484/727 855/485/727 829/407/727 831/404/727
f 827/392/728 825/394/728 856/487/728 860/486/728
f 862/488/723 837/491/723 829/490/723 855/489/723
f 845/445/724 861/492/724 856/487/724 825/394/724
f 826/391/724 827/392/724 860/486/724 858/470/724
f 857/493/723 859/496/723 831/495/723 830/494/723
f 845/429/729 847/430/729 866/498/729 861/497/729
f 862/499/730 865/500/730 839/419/730 837/416/730
f 867/501/731 863/502/731 836/427/731 838/424/731
f 846/437/732 844/438/732 864/504/732 868/503/732
f 870/505/723 850/508/723 836/507/723 863/506/723
f 849/449/724 869/510/724 864/509/724 844/448/724
f 847/433/724 846/434/724 868/466/724 866/467/724
f 865/511/723 867/514/723 838/513/723 839/512/723
f 874/515/733 873/518/733 876/517/733 875/516/733
f 875/519/734 876/471/734 878/521/734 877/520/734
f 877/522/735 878/525/735 880/524/735 879/523/735
f 871/526/736 872/464/736 873/465/736 874/527/736
f 882/528/737 881/531/737 884/530/737 883/529/737
f 883/532/738 884/468/738 886/469/738 885/533/738
f 885/534/739 886/537/739 888/536/739 887/535/739
f 881/538/738 882/541/738 879/540/738 880/539/738
f 887/542/740 888/545/740 889/544/740 890/543/740
f 862/546/741 882/549/741 883/548/741 865/547/741
f 863/455/621 887/456/621 890/551/621 870/550/621
f 860/486/742 878/521/742 876/471/742 858/470/742
f 864/509/593 888/545/593 886/469/593 868/466/593
f 869/510/618 889/544/618 888/545/618 864/509/618
f 859/459/743 877/460/743 879/553/743 855/552/743
f 861/492/625 881/538/625 880/539/625 856/487/625
f 866/467/744 884/468/744 881/538/744 861/492/744
f 855/552/623 879/553/623 882/549/623 862/546/623
f 854/473/745 874/474/745 875/461/745 857/458/745
f 865/547/746 883/548/746 885/457/746 867/454/746
f 856/487/747 880/539/747 878/521/747 860/486/747
f 894/554/748 912/557/748 891/556/748 892/555/748
f 557/558/749 558/561/749 914/560/749 896/559/749
f 902/562/750 901/565/750 915/564/750 899/563/750
f 898/566/751 916/569/751 904/568/751 903/567/751
f 899/570/752 915/571/752 912/557/752 894/554/752
f 896/559/753 914/560/753 916/573/753 898/572/753
f 901/574/754 902/577/754 903/576/754 904/575/754
f 895/578/755 919/581/755 921/580/755 897/579/755
f 821/409/756 822/410/756 894/583/756 892/582/756
f 822/410/757 852/463/757 899/584/757 894/583/757
f 823/413/758 473/414/758 557/586/758 896/585/758
f 851/477/759 823/478/759 896/588/759 898/587/759
f 898/566/621 903/567/621 871/475/621 851/472/621
f 915/571/760 901/590/760 904/589/760 916/573/760
f 852/463/618 872/464/618 902/577/618 899/584/618
f 903/576/761 902/577/761 872/464/761 871/526/761
f 909/591/762 910/594/762 911/593/762 908/592/762
f 848/595/763 905/598/763 906/597/763 849/596/763
f 510/599/764 570/601/764 907/600/764 909/591/764 908/592/764 906/597/764 905/598/764
f 849/449/765 906/603/765 908/602/765 869/510/765
f 870/604/766 909/591/766 907/600/766 850/605/766
f 850/605/767 907/600/767 570/601/767 509/606/767
f 908/607/768 911/610/768 889/609/768 869/608/768
f 870/550/769 890/551/769 910/612/769 909/611/769
f 890/613/770 889/614/770 911/593/770 910/594/770
f 913/615/771 891/556/771 912/557/771 893/616/771
f 895/617/772 914/560/772 558/561/772 579/618/772
f 893/616/773 912/557/773 915/571/773 900/619/773
f 897/620/774 916/573/774 914/560/774 895/617/774
f 900/619/775 915/571/775 916/573/775 897/620/775
f 919/581/776 929/622/776 931/621/776 921/580/776
f 579/623/777 582/626/777 919/625/777 895/624/777
f 897/579/778 921/580/778 920/628/778 900/627/778
f 900/627/779 920/628/779 918/630/779 893/629/779
f 893/629/780 918/630/780 917/632/780 913/631/780
f 588/633/781 606/636/781 939/635/781 924/634/781
f 582/626/782 594/638/782 929/637/782 919/625/782
f 921/580/783 931/621/783 930/639/783 920/628/783
f 920/628/784 930/639/784 928/640/784 918/630/784
f 918/630/785 928/640/785 927/641/785 917/632/785
f 924/642/541 929/645/541 594/644/541 588/643/541
f 923/646/541 928/649/541 930/648/541 925/647/541
f 926/650/541 931/651/541 929/645/541 924/642/541
f 925/647/541 930/648/541 931/651/541 926/650/541
f 926/652/786 941/655/786 940/654/786 925/653/786
f 925/653/787 940/654/787 938/657/787 923/656/787
f 923/656/788 938/657/788 937/659/788 922/658/788
f 924/660/789 939/661/789 941/655/789 926/652/789
f 932/662/541 937/665/541 938/664/541 933/663/541
f 934/666/541 939/669/541 606/668/541 600/667/541
f 933/663/541 938/664/541 940/671/541 935/670/541
f 936/672/541 941/673/541 939/669/541 934/666/541
f 935/670/541 940/671/541 941/673/541 936/672/541
f 934/674/790 949/677/790 951/676/790 936/675/790
f 600/678/791 618/681/791 949/680/791 934/679/791
f 936/675/792 951/676/792 950/683/792 935/682/792
f 935/682/793 950/683/793 948/685/793 933/684/793
f 933/684/794 948/685/794 947/687/794 932/686/794
f 942/688/795 947/691/795 948/690/795 943/689/795
f 944/692/796 949/695/796 618/694/796 612/693/796
f 943/689/797 948/690/797 950/697/797 945/696/797
f 946/698/798 951/699/798 949/695/798 944/692/798
f 945/696/799 950/697/799 951/699/799 946/698/799
f 953/700/800 978/703/800 977/702/800 952/701/800
f 957/704/801 959/707/801 962/706/801 960/705/801
f 959/708/802 958/711/802 961/710/802 962/709/802
f 964/712/803 965/715/803 634/714/803 633/713/803
f 965/716/804 963/719/804 632/718/804 634/717/804
f 960/705/805 962/706/805 968/721/805 966/720/805
f 962/709/806 961/710/806 967/723/806 968/722/806
f 970/724/807 971/725/807 965/715/807 964/712/807
f 971/726/808 969/729/808 963/728/808 965/727/808
f 969/729/809 971/726/809 968/722/809 967/723/809
f 971/725/810 970/724/810 966/720/810 968/721/810
f 943/730/811 961/710/811 958/711/811 942/731/811
f 960/732/812 973/735/812 972/734/812 957/733/812
f 633/713/813 648/737/813 974/736/813 964/712/813
f 612/738/814 632/741/814 963/740/814 944/739/814
f 945/742/815 967/723/815 961/710/815 943/730/815
f 966/743/816 975/744/816 973/735/816 960/732/816
f 964/712/817 974/736/817 976/745/817 970/724/817
f 944/746/818 963/728/818 969/729/818 946/747/818
f 946/747/819 969/729/819 967/723/819 945/742/819
f 970/724/820 976/745/820 975/748/820 966/720/820
f 952/749/541 972/752/541 973/751/541 953/750/541
f 954/753/541 974/736/541 648/737/541 624/754/541
f 953/750/541 973/751/541 975/748/541 955/755/541
f 956/756/541 976/745/541 974/736/541 954/753/541
f 955/755/541 975/748/541 976/745/541 956/756/541
f 978/757/541 980/763/541 981/762/541 979/761/541 655/760/541 654/759/541 977/758/541
f 954/764/821 979/767/821 981/766/821 956/765/821
f 624/768/822 655/769/822 979/767/822 954/764/822
f 956/765/823 981/766/823 980/771/823 955/770/823
f 955/770/824 980/771/824 978/773/824 953/772/824
f 928/649/541 923/646/541 922/775/541 927/774/541
f 833/386/825 984/387/825 986/388/825 835/389/825
f 835/390/826 986/391/826 987/392/826 834/393/826
f 834/393/827 987/392/827 985/394/827 832/395/827
f 988/396/828 671/397/828 673/398/828 990/399/828
f 990/400/829 673/401/829 674/402/829 991/403/829
f 991/404/830 674/405/830 672/406/830 989/407/830
f 833/408/826 821/409/826 982/410/826 984/411/826
f 988/412/831 983/413/831 662/414/831 671/415/831
f 993/416/832 675/417/832 677/418/832 995/419/832
f 995/420/829 677/421/829 678/422/829 994/423/829
f 994/424/833 678/425/833 676/426/833 992/427/833
f 840/428/834 997/429/834 999/430/834 842/431/834
f 842/432/826 999/433/826 998/434/826 843/435/826
f 843/436/835 998/437/835 996/438/835 841/439/835
f 993/440/831 989/441/831 672/442/831 675/443/831
f 840/444/826 832/395/826 985/394/826 997/445/826
f 848/446/826 841/447/826 996/448/826 1000/449/826
f 1001/450/831 992/451/831 676/452/831 689/453/831
f 1018/454/836 1014/455/836 1038/456/836 1036/457/836
f 1008/458/837 1010/459/837 1028/460/837 1026/461/837
f 1004/462/838 1003/463/838 1023/464/838 1024/465/838
f 1019/466/839 1017/467/839 1035/468/839 1037/469/839
f 1009/470/840 1004/462/840 1024/465/840 1027/471/840
f 1002/472/841 1005/473/841 1025/474/841 1022/475/841
f 1005/476/842 1002/477/842 983/478/842 988/479/842
f 984/411/843 982/410/843 1003/463/843 1004/462/843
f 984/387/844 1004/480/844 1009/481/844 986/388/844
f 1005/482/845 988/396/845 990/399/845 1008/483/845
f 1010/484/846 991/404/846 989/407/846 1006/485/846
f 987/392/847 1011/486/847 1007/487/847 985/394/847
f 1013/488/842 1006/489/842 989/490/842 993/491/842
f 997/445/843 985/394/843 1007/487/843 1012/492/843
f 986/391/843 1009/470/843 1011/486/843 987/392/843
f 1008/493/842 990/494/842 991/495/842 1010/496/842
f 997/429/848 1012/497/848 1017/498/848 999/430/848
f 1013/499/849 993/416/849 995/419/849 1016/500/849
f 1018/501/850 994/424/850 992/427/850 1014/502/850
f 998/437/851 1019/503/851 1015/504/851 996/438/851
f 1021/505/842 1014/506/842 992/507/842 1001/508/842
f 1000/449/843 996/448/843 1015/509/843 1020/510/843
f 999/433/843 1017/467/843 1019/466/843 998/434/843
f 1016/511/842 995/512/842 994/513/842 1018/514/842
f 1025/515/852 1026/516/852 1027/517/852 1024/518/852
f 1026/519/853 1028/520/853 1029/521/853 1027/471/853
f 1028/522/854 1030/523/854 1031/524/854 1029/525/854
f 1022/526/855 1025/527/855 1024/465/855 1023/464/855
f 1033/528/856 1034/529/856 1035/530/856 1032/531/856
f 1034/532/857 1036/533/857 1037/469/857 1035/468/857
f 1036/534/858 1038/535/858 1039/536/858 1037/537/858
f 1032/538/857 1031/539/857 1030/540/857 1033/541/857
f 1038/542/859 1041/543/859 1040/544/859 1039/545/859
f 1013/546/860 1016/547/860 1034/548/860 1033/549/860
f 1014/455/495 1021/550/495 1041/551/495 1038/456/495
f 1011/486/861 1009/470/861 1027/471/861 1029/521/861
f 1015/509/862 1019/466/862 1037/469/862 1039/545/862
f 1020/510/492 1015/509/492 1039/545/492 1040/544/492
f 1010/459/863 1006/552/863 1030/553/863 1028/460/863
f 1012/492/864 1007/487/864 1031/539/864 1032/538/864
f 1017/467/865 1012/492/865 1032/538/865 1035/468/865
f 1006/552/866 1013/546/866 1033/549/866 1030/553/866
f 1005/473/867 1008/458/867 1026/461/867 1025/474/867
f 1016/547/868 1018/454/868 1036/457/868 1034/548/868
f 1007/487/869 1011/486/869 1029/521/869 1031/539/869
f 1043/554/870 892/555/870 891/556/870 1060/557/870
f 734/558/871 1045/559/871 1061/560/871 735/561/871
f 1051/562/872 1048/563/872 1062/564/872 1050/565/872
f 1047/566/873 1052/567/873 1053/568/873 1063/569/873
f 1048/570/874 1043/554/874 1060/557/874 1062/571/874
f 1045/559/875 1047/572/875 1063/573/875 1061/560/875
f 1050/574/876 1053/575/876 1052/576/876 1051/577/876
f 1044/578/877 1046/579/877 1067/580/877 1065/581/877
f 821/409/878 892/582/878 1043/583/878 982/410/878
f 982/410/879 1043/583/879 1048/584/879 1003/463/879
f 983/413/880 1045/585/880 734/586/880 662/414/880
f 1002/477/881 1047/587/881 1045/588/881 983/478/881
f 1047/566/495 1002/472/495 1022/475/495 1052/567/495
f 1062/571/882 1063/573/882 1053/589/882 1050/590/882
f 1003/463/492 1048/584/492 1051/577/492 1023/464/492
f 1052/576/883 1022/526/883 1023/464/883 1051/577/883
f 1057/591/884 1056/592/884 1059/593/884 1058/594/884
f 848/595/885 1000/596/885 1054/597/885 905/598/885
f 510/599/886 905/598/886 1054/597/886 1056/592/886 1057/591/886 1055/600/886 746/601/886
f 1000/449/887 1020/510/887 1056/602/887 1054/603/887
f 1021/604/888 1001/605/888 1055/600/888 1057/591/888
f 1001/605/889 689/606/889 746/601/889 1055/600/889
f 1056/607/890 1020/608/890 1040/609/890 1059/610/890
f 1021/550/891 1057/611/891 1058/612/891 1041/551/891
f 1041/613/892 1058/594/892 1059/593/892 1040/614/892
f 913/615/893 1042/616/893 1060/557/893 891/556/893
f 1044/617/894 754/618/894 735/561/894 1061/560/894
f 1042/616/895 1049/619/895 1062/571/895 1060/557/895
f 1046/620/896 1044/617/896 1061/560/896 1063/573/896
f 1049/619/897 1046/620/897 1063/573/897 1062/571/897
f 1065/581/898 1067/580/898 1075/621/898 1073/622/898
f 754/623/899 1044/624/899 1065/625/899 756/626/899
f 1046/579/900 1049/627/900 1066/628/900 1067/580/900
f 1049/627/901 1042/629/901 1064/630/901 1066/628/901
f 1042/629/902 913/631/902 917/632/902 1064/630/902
f 761/633/903 1069/634/903 1081/635/903 776/636/903
f 756/626/904 1065/625/904 1073/637/904 766/638/904
f 1067/580/905 1066/628/905 1074/639/905 1075/621/905
f 1066/628/906 1064/630/906 1072/640/906 1074/639/906
f 1064/630/907 917/632/907 927/641/907 1072/640/907
f 1069/642/541 761/643/541 766/644/541 1073/645/541
f 1068/646/541 1070/647/541 1074/648/541 1072/649/541
f 1071/650/541 1069/642/541 1073/645/541 1075/651/541
f 1070/647/541 1071/650/541 1075/651/541 1074/648/541
f 1071/652/908 1070/653/908 1082/654/908 1083/655/908
f 1070/653/909 1068/656/909 1080/657/909 1082/654/909
f 1068/656/910 922/658/910 937/659/910 1080/657/910
f 1069/660/911 1071/652/911 1083/655/911 1081/661/911
f 932/662/541 1076/663/541 1080/664/541 937/665/541
f 1077/666/541 771/667/541 776/668/541 1081/669/541
f 1076/663/541 1078/670/541 1082/671/541 1080/664/541
f 1079/672/541 1077/666/541 1081/669/541 1083/673/541
f 1078/670/541 1079/672/541 1083/673/541 1082/671/541
f 1077/674/912 1079/675/912 1091/676/912 1089/677/912
f 771/678/913 1077/679/913 1089/680/913 786/681/913
f 1079/675/914 1078/682/914 1090/683/914 1091/676/914
f 1078/682/915 1076/684/915 1088/685/915 1090/683/915
f 1076/684/916 932/686/916 947/687/916 1088/685/916
f 942/688/917 1084/689/917 1088/690/917 947/691/917
f 1085/692/918 781/693/918 786/694/918 1089/695/918
f 1084/689/919 1086/696/919 1090/697/919 1088/690/919
f 1087/698/920 1085/692/920 1089/695/920 1091/699/920
f 1086/696/921 1087/698/921 1091/699/921 1090/697/921
f 1092/700/922 952/701/922 977/702/922 1112/703/922
f 957/704/923 1096/705/923 1098/706/923 959/707/923
f 959/708/924 1098/709/924 1097/710/924 958/711/924
f 1100/712/925 797/713/925 798/714/925 1101/715/925
f 1101/716/926 798/717/926 796/718/926 1099/719/926
f 1096/705/927 1102/720/927 1104/721/927 1098/706/927
f 1098/709/928 1104/722/928 1103/723/928 1097/710/928
f 1106/724/929 1100/712/929 1101/715/929 1107/725/929
f 1107/726/930 1101/727/930 1099/728/930 1105/729/930
f 1105/729/931 1103/723/931 1104/722/931 1107/726/931
f 1107/725/932 1104/721/932 1102/720/932 1106/724/932
f 1084/730/933 942/731/933 958/711/933 1097/710/933
f 1096/732/934 957/733/934 972/734/934 1108/735/934
f 797/713/935 1100/712/935 1109/736/935 811/737/935
f 781/738/936 1085/739/936 1099/740/936 796/741/936
f 1086/742/937 1084/730/937 1097/710/937 1103/723/937
f 1102/743/938 1096/732/938 1108/735/938 1110/744/938
f 1100/712/939 1106/724/939 1111/745/939 1109/736/939
f 1085/746/940 1087/747/940 1105/729/940 1099/728/940
f 1087/747/941 1086/742/941 1103/723/941 1105/729/941
f 1106/724/942 1102/720/942 1110/748/942 1111/745/942
f 952/749/541 1092/750/541 1108/751/541 972/752/541
f 1093/753/541 791/754/541 811/737/541 1109/736/541
f 1092/750/541 1094/755/541 1110/748/541 1108/751/541
f 1095/756/541 1093/753/541 1109/736/541 1111/745/541
f 1094/755/541 1095/756/541 1111/745/541 1110/748/541
f 1112/757/541 977/758/541 654/759/541 816/760/541 1113/761/541 1115/762/541 1114/763/541
f 1093/764/943 1095/765/943 1115/766/943 1113/767/943
f 791/768/944 1093/764/944 1113/767/944 816/769/944
f 1095/765/945 1094/770/945 1114/771/945 1115/766/945
f 1094/770/946 1092/772/946 1112/773/946 1114/771/946
f 1072/649/541 927/774/541 922/775/541 1068/646/541
f 1483/1431/1253 1475/1432/1253 1480/1433/1253 1484/1434/1253
f 1479/1435/1254 1478/1436/1254 1477/1437/1254 1473/1438/1254
f 1474/1439/1255 1476/1440/1255 1478/1441/1255 1479/1442/1255
f 1481/1443/1256 1475/1444/1256 1479/1445/1256 1473/1446/1256
f 1475/1444/1257 1483/1447/1257 1474/1448/1257 1479/1445/1257
f 1485/1449/1258 1484/1450/1258 1480/1451/1258
f 1482/1452/1259 1485/1449/1259 1480/1451/1259
f 1475/1453/1260 1481/1454/1260 1482/1455/1260 1480/1456/1260
f 1483/1457/1261 1484/1458/1261 1489/1459/1261 1486/1460/1261
f 1488/1461/1262 1473/1462/1262 1477/1463/1262 1487/1464/1262
f 1474/1465/1263 1488/1466/1263 1487/1467/1263 1476/1468/1263
f 1481/1443/1264 1473/1446/1264 1488/1469/1264 1486/1470/1264
f 1486/1470/1265 1488/1469/1265 1474/1448/1265 1483/1447/1265
f 1485/1449/1266 1489/1471/1266 1484/1450/1266
f 1482/1452/1267 1489/1471/1267 1485/1449/1267
f 1486/1472/1268 1489/1473/1268 1482/1474/1268 1481/1475/1268
f 1477/1476/1269 1478/1477/1269 1476/1478/1269 1487/1479/1269
f 1500/1431/1270 1492/1432/1270 1497/1433/1270 1501/1434/1270
f 1496/1435/1271 1495/1436/1271 1494/1437/1271 1490/1438/1271
f 1491/1439/1272 1493/1440/1272 1495/1441/1272 1496/1442/1272
f 1498/1443/1273 1492/1444/1273 1496/1445/1273 1490/1446/1273
f 1492/1444/1274 1500/1447/1274 1491/1448/1274 1496/1445/1274
f 1502/1449/1275 1501/1450/1275 1497/1451/1275
f 1499/1452/1276 1502/1449/1276 1497/1451/1276
f 1492/1453/1277 1498/1454/1277 1499/1455/1277 1497/1456/1277
f 1500/1457/1278 1501/1458/1278 1506/1459/1278 1503/1460/1278
f 1505/1461/1279 1490/1462/1279 1494/1463/1279 1504/1464/1279
f 1491/1465/1280 1505/1466/1280 1504/1467/1280 1493/1468/1280
f 1498/1443/1281 1490/1446/1281 1505/1469/1281 1503/1470/1281
f 1503/1470/1282 1505/1469/1282 1491/1448/1282 1500/1447/1282
f 1502/1449/1283 1506/1471/1283 1501/1450/1283
f 1499/1452/1284 1506/1471/1284 1502/1449/1284
f 1503/1472/1285 1506/1473/1285 1499/1474/1285 1498/1475/1285
f 1494/1476/1286 1495/1477/1286 1493/1478/1286 1504/1479/1286
f 1517/1431/1287 1509/1432/1287 1514/1433/1287 1518/1434/1287
f 1513/1435/1288 1512/1436/1288 1511/1437/1288 1507/1438/1288
f 1508/1439/1289 1510/1440/1289 1512/1441/1289 1513/1442/1289
f 1515/1443/1290 1509/1444/1290 1513/1445/1290 1507/1446/1290
f 1509/1444/1291 1517/1447/1291 1508/1448/1291 1513/1445/1291
f 1519/1449/1292 1518/1450/1292 1514/1451/1292
f 1516/1452/1293 1519/1449/1293 1514/1451/1293
f 1509/1453/1294 1515/1454/1294 1516/1455/1294 1514/1456/1294
f 1517/1457/1295 1518/1458/1295 1523/1459/1295 1520/1460/1295
f 1522/1461/1296 1507/1462/1296 1511/1463/1296 1521/1464/1296
f 1508/1465/1297 1522/1466/1297 1521/1467/1297 1510/1468/1297
f 1515/1443/1298 1507/1446/1298 1522/1469/1298 1520/1470/1298
f 1520/1470/1299 1522/1469/1299 1508/1448/1299 1517/1447/1299
f 1519/1449/1300 1523/1471/1300 1518/1450/1300
f 1516/1452/1301 1523/1471/1301 1519/1449/1301
f 1520/1472/1302 1523/1473/1302 1516/1474/1302 1515/1475/1302
f 1511/1476/1303 1512/1477/1303 1510/1478/1303 1521/1479/1303
f 1534/1431/1304 1526/1432/1304 1531/1433/1304 1535/1434/1304
f 1530/1435/1305 1529/1436/1305 1528/1437/1305 1524/1438/1305
f 1525/1439/1306 1527/1440/1306 1529/1441/1306 1530/1442/1306
f 1532/1443/1307 1526/1444/1307 1530/1445/1307 1524/1446/1307
f 1526/1444/1308 1534/1447/1308 1525/1448/1308 1530/1445/1308
f 1536/1449/1309 1535/1450/1309 1531/1451/1309
f 1533/1452/1310 1536/1449/1310 1531/1451/1310
f 1526/1453/1311 1532/1454/1311 1533/1455/1311 1531/1456/1311
f 1534/1457/1312 1535/1458/1312 1540/1459/1312 1537/1460/1312
f 1539/1461/1313 1524/1462/1313 1528/1463/1313 1538/1464/1313
f 1525/1465/1314 1539/1466/1314 1538/1467/1314 1527/1468/1314
f 1532/1443/1315 1524/1446/1315 1539/1469/1315 1537/1470/1315
f 1537/1470/1316 1539/1469/1316 1525/1448/1316 1534/1447/1316
f 1536/1449/1317 1540/1471/1317 1535/1450/1317
f 1533/1452/1318 1540/1471/1318 1536/1449/1318
f 1537/1472/1319 1540/1473/1319 1533/1474/1319 1532/1475/1319
f 1528/1476/1320 1529/1477/1320 1527/1478/1320 1538/1479/1320
f 1550/1480/1321 1564/1481/1321 1567/1482/1321 1545/1483/1321
f 1560/1484/1322 1557/1485/1322 1541/1486/1322 1565/1487/1322
f 1548/1488/1323 1568/1489/1323 1570/1490/1323
f 1552/1491/1324 1551/1492/1324 1542/1493/1324 1543/1494/1324
f 1596/1495/1325 1552/1491/1325 1543/1494/1325 1595/1496/1325
f 1731/1497/1326 1614/1498/1326 1615/1499/1326 1732/1500/1326
f 1554/1501/1327 1556/1502/1327 1555/1503/1327 1553/1504/1327
f 1553/1504/1328 1557/1485/1328 1558/1505/1328 1554/1501/1328
f 1557/1485/1329 1560/1484/1329 1559/1506/1329 1558/1505/1329
f 1557/1485/1330 1553/1504/1330 1542/1493/1330 1541/1486/1330
f 1732/1500/1331 1615/1499/1331 1544/1507/1331 1721/1508/1331
f 1553/1504/1332 1555/1503/1332 1543/1494/1332 1542/1493/1332
f 1542/1493/1333 1551/1492/1333 1548/1488/1333 1570/1490/1333 1541/1486/1333
f 1541/1486/1334 1570/1490/1334 1569/1509/1334 1547/1510/1334 1565/1487/1334
f 1570/1490/1335 1568/1489/1335 1569/1509/1335
f 1581/1511/1336 1571/1512/1336 1573/1513/1336 1582/1514/1336
f 1582/1514/1337 1573/1513/1337 1572/1515/1337 1580/1516/1337
f 1575/1517/1338 1577/1518/1338 1579/1519/1338 1576/1520/1338
f 1576/1521/1339 1579/1522/1339 1578/1523/1339 1574/1524/1339
f 1574/1525/1340 1581/1526/1340 1582/1527/1340 1576/1528/1340
f 1576/1520/1341 1582/1514/1341 1580/1516/1341 1575/1517/1341
f 1580/1516/1342 1572/1515/1342 1546/1529/1342 1566/1530/1342
f 1565/1487/1343 1547/1510/1343 1571/1512/1343 1581/1511/1343
f 1574/1531/1344 1560/1484/1344 1565/1487/1344 1581/1511/1344
f 1560/1484/1345 1574/1531/1345 1578/1532/1345 1559/1506/1345
f 1575/1533/1346 1561/1534/1346 1562/1535/1346 1577/1536/1346
f 1561/1537/1347 1575/1517/1347 1580/1516/1347 1566/1530/1347
f 1583/1538/1348 1592/1539/1348 1594/1540/1348 1585/1541/1348
f 1585/1541/1349 1594/1540/1349 1593/1542/1349 1584/1543/1349
f 1592/1539/1350 1586/1544/1350 1588/1545/1350 1594/1540/1350
f 1594/1540/1351 1588/1545/1351 1587/1546/1351 1593/1542/1351
f 1586/1544/1352 1589/1547/1352 1591/1548/1352 1588/1545/1352
f 1588/1549/1353 1591/1550/1353 1590/1551/1353 1587/1552/1353
f 1592/1539/1354 1583/1538/1354 1545/1483/1354 1567/1482/1354
f 1566/1530/1355 1546/1529/1355 1584/1543/1355 1593/1542/1355
f 1587/1546/1356 1561/1537/1356 1566/1530/1356 1593/1542/1356
f 1561/1537/1357 1587/1546/1357 1590/1553/1357 1562/1554/1357
f 1563/1555/1358 1589/1547/1358 1586/1544/1358 1564/1481/1358
f 1564/1481/1359 1586/1544/1359 1592/1539/1359 1567/1482/1359
f 1555/1503/1360 1598/1556/1360 1595/1496/1360 1543/1494/1360
f 1556/1502/1361 1597/1557/1361 1598/1556/1361 1555/1503/1361
f 1722/1558/1362 1596/1495/1362 1595/1496/1362 1721/1508/1362
f 1731/1497/1363 1597/1557/1363 1599/1559/1363 1723/1560/1363
f 1597/1557/1364 1556/1502/1364 1601/1561/1364 1599/1559/1364
f 1599/1562/1365 1601/1563/1365 1602/1564/1365 1603/1565/1365
f 1603/1566/1366 1602/1567/1366 1604/1568/1366 1605/1569/1366
f 1550/1570/1367 1545/1571/1367 1628/1572/1367 1625/1573/1367
f 1621/1574/1368 1626/1575/1368 1606/1576/1368 1618/1577/1368
f 1548/1578/1369 1629/1579/1369 1568/1580/1369
f 1552/1581/1370 1608/1582/1370 1607/1583/1370 1551/1584/1370
f 1596/1585/1371 1648/1586/1371 1608/1582/1371 1552/1581/1371
f 1724/1587/1372 1726/1588/1372 1610/1589/1372 1611/1590/1372
f 1613/1591/1373 1612/1592/1373 1616/1593/1373 1617/1594/1373
f 1612/1595/1374 1613/1596/1374 1619/1597/1374 1618/1577/1374
f 1618/1577/1375 1619/1597/1375 1620/1598/1375 1621/1574/1375
f 1618/1577/1376 1606/1576/1376 1607/1583/1376 1612/1595/1376
f 1726/1599/1377 1725/1600/1377 1609/1601/1377 1610/1602/1377
f 1612/1595/1378 1607/1583/1378 1608/1582/1378 1616/1603/1378
f 1607/1583/1379 1606/1576/1379 1629/1579/1379 1548/1578/1379 1551/1584/1379
f 1606/1576/1380 1626/1575/1380 1547/1604/1380 1569/1605/1380 1629/1579/1380
f 1629/1579/1381 1569/1605/1381 1568/1580/1381
f 1637/1606/1382 1638/1607/1382 1573/1608/1382 1571/1609/1382
f 1638/1607/1383 1636/1610/1383 1572/1611/1383 1573/1608/1383
f 1631/1612/1384 1632/1613/1384 1635/1614/1384 1633/1615/1384
f 1632/1616/1385 1630/1617/1385 1634/1618/1385 1635/1619/1385
f 1630/1620/1386 1632/1621/1386 1638/1622/1386 1637/1623/1386
f 1632/1613/1387 1631/1612/1387 1636/1610/1387 1638/1607/1387
f 1636/1610/1388 1627/1624/1388 1546/1625/1388 1572/1611/1388
f 1626/1575/1389 1637/1606/1389 1571/1609/1389 1547/1604/1389
f 1630/1626/1390 1637/1606/1390 1626/1575/1390 1621/1574/1390
f 1621/1574/1391 1620/1598/1391 1634/1627/1391 1630/1626/1391
f 1631/1628/1392 1633/1629/1392 1623/1630/1392 1622/1631/1392
f 1622/1632/1393 1627/1624/1393 1636/1610/1393 1631/1612/1393
f 1583/1633/1394 1585/1634/1394 1647/1635/1394 1645/1636/1394
f 1585/1634/1395 1584/1637/1395 1646/1638/1395 1647/1635/1395
f 1645/1636/1396 1647/1635/1396 1641/1639/1396 1639/1640/1396
f 1647/1635/1397 1646/1638/1397 1640/1641/1397 1641/1639/1397
f 1639/1640/1398 1641/1639/1398 1644/1642/1398 1642/1643/1398
f 1641/1644/1399 1640/1645/1399 1643/1646/1399 1644/1647/1399
f 1645/1636/1400 1628/1572/1400 1545/1571/1400 1583/1633/1400
f 1627/1624/1401 1646/1638/1401 1584/1637/1401 1546/1625/1401
f 1640/1641/1402 1646/1638/1402 1627/1624/1402 1622/1632/1402
f 1622/1631/1403 1623/1630/1403 1643/1646/1403 1640/1645/1403
f 1624/1648/1404 1625/1649/1404 1639/1650/1404 1642/1651/1404
f 1625/1573/1405 1628/1572/1405 1645/1636/1405 1639/1640/1405
f 1616/1603/1406 1608/1582/1406 1648/1586/1406 1650/1652/1406
f 1617/1594/1407 1616/1593/1407 1650/1653/1407 1649/1654/1407
f 1722/1655/1408 1725/1600/1408 1648/1586/1408 1596/1585/1408
f 1724/1587/1409 1727/1656/1409 1651/1657/1409 1649/1654/1409
f 1649/1654/1410 1651/1657/1410 1653/1658/1410 1617/1594/1410
f 1651/1657/1411 1655/1659/1411 1654/1660/1411 1653/1658/1411
f 1655/1661/1412 1657/1662/1412 1656/1663/1412 1654/1664/1412
f 1700/1665/1413 1701/1666/1413 1663/1667/1413 1660/1668/1413
f 1702/1669/1414 1700/1665/1414 1660/1668/1414 1664/1670/1414
f 1703/1671/1415 1702/1672/1415 1664/1673/1415 1666/1674/1415
f 1704/1675/1416 1705/1676/1416 1677/1677/1416 1672/1678/1416
f 1705/1679/1417 1706/1680/1417 1675/1681/1417 1677/1682/1417
f 1703/1671/1418 1706/1680/1418 1674/1683/1418 1667/1684/1418
f 1704/1675/1419 1707/1685/1419 1669/1686/1419 1673/1687/1419
f 1699/1688/1420 1678/1689/1420 1696/1690/1420
f 1709/1691/1421 1710/1692/1421 1681/1693/1421 1699/1694/1421
f 1707/1685/1422 1710/1695/1422 1680/1696/1422 1669/1686/1422
f 1708/1697/1423 1711/1698/1423 1670/1699/1423 1679/1700/1423
f 1701/1701/1424 1712/1702/1424 1687/1703/1424 1663/1704/1424
f 1730/1705/1425 1714/1706/1425 1685/1707/1425 1729/1708/1425
f 1712/1702/1426 1715/1709/1426 1689/1710/1426 1687/1703/1426
f 1658/1711/1427 1685/1712/1427 1714/1713/1427 1684/1714/1427 1659/1715/1427
f 1716/1716/1428 1713/1717/1428 1682/1718/1428 1690/1719/1428
f 1717/1720/1429 1718/1721/1429 1695/1722/1429 1692/1723/1429
f 1718/1724/1430 1716/1725/1430 1690/1726/1430 1695/1727/1430
f 1715/1728/1431 1717/1729/1431 1692/1730/1431 1689/1731/1431
f 1658/1711/1432 1614/1732/1432 1600/1733/1432 1685/1712/1432
f 1659/1715/1433 1684/1714/1433 1652/1734/1433 1611/1735/1433
f 1610/1736/1434 1615/1737/1434 1614/1732/1434 1658/1711/1434 1659/1715/1434 1611/1735/1434
f 1617/1594/1435 1662/1738/1435 1661/1739/1435 1613/1591/1435
f 1556/1740/1436 1554/1741/1436 1660/1668/1436 1663/1667/1436
f 1661/1739/1437 1665/1742/1437 1619/1743/1437 1613/1591/1437
f 1660/1668/1438 1554/1741/1438 1558/1744/1438 1664/1670/1438
f 1556/1745/1439 1663/1704/1439 1687/1703/1439 1601/1746/1439
f 1617/1594/1440 1653/1658/1440 1686/1747/1440 1662/1738/1440
f 1665/1742/1441 1667/1684/1441 1620/1748/1441 1619/1743/1441
f 1664/1670/1442 1558/1744/1442 1559/1749/1442 1666/1750/1442
f 1666/1750/1443 1559/1749/1443 1578/1523/1443 1675/1751/1443
f 1667/1684/1444 1674/1683/1444 1634/1618/1444 1620/1748/1444
f 1668/1752/1445 1562/1535/1445 1590/1551/1445 1681/1693/1445
f 1672/1753/1446 1577/1536/1446 1562/1535/1446 1668/1752/1446
f 1669/1754/1447 1680/1755/1447 1643/1646/1447 1623/1630/1447
f 1673/1756/1448 1669/1754/1448 1623/1630/1448 1633/1629/1448
f 1678/1757/1449 1589/1758/1449 1563/1759/1449 1671/1760/1449
f 1679/1761/1450 1670/1762/1450 1624/1648/1450 1642/1651/1450
f 1577/1763/1451 1672/1678/1451 1677/1677/1451 1579/1764/1451
f 1633/1765/1452 1635/1766/1452 1676/1767/1452 1673/1687/1452
f 1635/1619/1453 1634/1618/1453 1674/1683/1453 1676/1768/1453
f 1579/1522/1454 1677/1769/1454 1675/1751/1454 1578/1523/1454
f 1589/1758/1455 1678/1757/1455 1699/1694/1455 1591/1550/1455
f 1642/1651/1456 1644/1647/1456 1698/1770/1456 1679/1761/1456
f 1644/1647/1457 1643/1646/1457 1680/1755/1457 1698/1770/1457
f 1591/1550/1458 1699/1694/1458 1681/1693/1458 1590/1551/1458
f 1727/1656/1459 1728/1771/1459 1683/1772/1459 1651/1657/1459
f 1723/1773/1460 1599/1562/1460 1682/1774/1460 1729/1708/1460
f 1682/1774/1461 1599/1562/1461 1603/1565/1461 1690/1775/1461
f 1683/1772/1462 1691/1776/1462 1655/1659/1462 1651/1657/1462
f 1601/1563/1463 1687/1777/1463 1689/1778/1463 1602/1564/1463
f 1653/1658/1464 1654/1660/1464 1688/1779/1464 1686/1747/1464
f 1602/1780/1465 1689/1731/1465 1692/1730/1465 1604/1781/1465
f 1654/1782/1466 1656/1783/1466 1693/1784/1466 1688/1785/1466
f 1691/1786/1467 1694/1787/1467 1657/1788/1467 1655/1789/1467
f 1690/1726/1468 1603/1790/1468 1605/1791/1468 1695/1727/1468
f 1605/1792/1469 1604/1793/1469 1692/1723/1469 1695/1722/1469
f 1657/1794/1470 1694/1795/1470 1693/1796/1470 1656/1797/1470
f 1719/1798/1471 1720/1799/1471 1699/1800/1471 1696/1801/1471
f 1679/1802/1472 1698/1803/1472 1697/1804/1472
f 1709/1691/1473 1699/1694/1473 1720/1805/1473
f 1708/1806/1474 1679/1807/1474 1697/1808/1474 1719/1809/1474
f 1678/1810/1474 1708/1806/1474 1719/1809/1474 1696/1811/1474
f 1698/1770/1475 1709/1812/1475 1720/1813/1475
f 1697/1814/1476 1698/1815/1476 1720/1799/1476 1719/1798/1476
f 1688/1785/1477 1693/1784/1477 1717/1729/1477 1715/1728/1477
f 1694/1787/1478 1691/1786/1478 1716/1725/1478 1718/1724/1478
f 1693/1816/1479 1694/1817/1479 1718/1721/1479 1717/1720/1479
f 1691/1818/1480 1683/1819/1480 1713/1717/1480 1716/1716/1480
f 1686/1820/1481 1688/1821/1481 1715/1709/1481 1712/1702/1481
f 1728/1822/1425 1684/1823/1425 1714/1706/1425 1730/1705/1425
f 1662/1824/1424 1686/1820/1424 1712/1702/1424 1701/1701/1424
f 1678/1825/1482 1671/1826/1482 1711/1698/1482 1708/1697/1482
f 1668/1827/1483 1681/1828/1483 1710/1695/1483 1707/1685/1483
f 1698/1770/1484 1680/1755/1484 1710/1829/1484 1709/1812/1484
f 1672/1678/1485 1668/1827/1485 1707/1685/1485 1704/1675/1485
f 1666/1674/1486 1675/1681/1486 1706/1680/1486 1703/1671/1486
f 1676/1768/1487 1674/1683/1487 1706/1680/1487 1705/1679/1487
f 1673/1687/1488 1676/1767/1488 1705/1676/1488 1704/1675/1488
f 1667/1684/1489 1665/1742/1489 1702/1672/1489 1703/1671/1489
f 1665/1830/1490 1661/1831/1490 1700/1665/1490 1702/1669/1490
f 1661/1831/1413 1662/1832/1413 1701/1666/1413 1700/1665/1413
f 1683/1833/1491 1728/1822/1491 1730/1705/1491 1713/1834/1491
f 1600/1835/1492 1723/1773/1492 1729/1708/1492 1685/1707/1492
f 1652/1836/1493 1684/1837/1493 1728/1771/1493 1727/1656/1493
f 1713/1834/1491 1730/1705/1491 1729/1708/1491 1682/1774/1491
f 1611/1590/1494 1652/1836/1494 1727/1656/1494 1724/1587/1494
f 1549/1838/1495 1609/1601/1495 1725/1600/1495 1722/1655/1495
f 1650/1652/1496 1648/1586/1496 1725/1600/1496 1726/1599/1496
f 1649/1654/1497 1650/1653/1497 1726/1588/1497 1724/1587/1497
f 1614/1498/1498 1731/1497/1498 1723/1560/1498 1600/1839/1498
f 1549/1840/1499 1722/1558/1499 1721/1508/1499 1544/1507/1499
f 1598/1556/1500 1732/1500/1500 1721/1508/1500 1595/1496/1500
f 1597/1557/1501 1731/1497/1501 1732/1500/1501 1598/1556/1501
f 1742/1480/1502 1756/1481/1502 1759/1482/1502 1737/1483/1502
f 1752/1484/1503 1749/1485/1503 1733/1486/1503 1757/1487/1503
f 1740/1488/1504 1760/1489/1504 1762/1490/1504
f 1744/1491/1505 1743/1492/1505 1734/1493/1505 1735/1494/1505
f 1788/1495/1506 1744/1491/1506 1735/1494/1506 1787/1496/1506
f 1923/1497/1507 1806/1498/1507 1807/1499/1507 1924/1500/1507
f 1746/1501/1508 1748/1502/1508 1747/1503/1508 1745/1504/1508
f 1745/1504/1509 1749/1485/1509 1750/1505/1509 1746/1501/1509
f 1749/1485/1510 1752/1484/1510 1751/1506/1510 1750/1505/1510
f 1749/1485/1511 1745/1504/1511 1734/1493/1511 1733/1486/1511
f 1924/1500/1512 1807/1499/1512 1736/1507/1512 1913/1508/1512
f 1745/1504/1513 1747/1503/1513 1735/1494/1513 1734/1493/1513
f 1734/1493/1514 1743/1492/1514 1740/1488/1514 1762/1490/1514 1733/1486/1514
f 1733/1486/1515 1762/1490/1515 1761/1509/1515 1739/1510/1515 1757/1487/1515
f 1762/1490/1516 1760/1489/1516 1761/1509/1516
f 1773/1511/1517 1763/1512/1517 1765/1513/1517 1774/1514/1517
f 1774/1514/1518 1765/1513/1518 1764/1515/1518 1772/1516/1518
f 1767/1517/1519 1769/1518/1519 1771/1519/1519 1768/1520/1519
f 1768/1521/1520 1771/1522/1520 1770/1523/1520 1766/1524/1520
f 1766/1525/1521 1773/1526/1521 1774/1527/1521 1768/1528/1521
f 1768/1520/1522 1774/1514/1522 1772/1516/1522 1767/1517/1522
f 1772/1516/1523 1764/1515/1523 1738/1529/1523 1758/1530/1523
f 1757/1487/1524 1739/1510/1524 1763/1512/1524 1773/1511/1524
f 1766/1531/1525 1752/1484/1525 1757/1487/1525 1773/1511/1525
f 1752/1484/1526 1766/1531/1526 1770/1532/1526 1751/1506/1526
f 1767/1533/1527 1753/1534/1527 1754/1535/1527 1769/1536/1527
f 1753/1537/1528 1767/1517/1528 1772/1516/1528 1758/1530/1528
f 1775/1538/1529 1784/1539/1529 1786/1540/1529 1777/1541/1529
f 1777/1541/1530 1786/1540/1530 1785/1542/1530 1776/1543/1530
f 1784/1539/1531 1778/1544/1531 1780/1545/1531 1786/1540/1531
f 1786/1540/1532 1780/1545/1532 1779/1546/1532 1785/1542/1532
f 1778/1544/1533 1781/1547/1533 1783/1548/1533 1780/1545/1533
f 1780/1549/1534 1783/1550/1534 1782/1551/1534 1779/1552/1534
f 1784/1539/1535 1775/1538/1535 1737/1483/1535 1759/1482/1535
f 1758/1530/1536 1738/1529/1536 1776/1543/1536 1785/1542/1536
f 1779/1546/1537 1753/1537/1537 1758/1530/1537 1785/1542/1537
f 1753/1537/1538 1779/1546/1538 1782/1553/1538 1754/1554/1538
f 1755/1555/1539 1781/1547/1539 1778/1544/1539 1756/1481/1539
f 1756/1481/1540 1778/1544/1540 1784/1539/1540 1759/1482/1540
f 1747/1503/1541 1790/1556/1541 1787/1496/1541 1735/1494/1541
f 1748/1502/1542 1789/1557/1542 1790/1556/1542 1747/1503/1542
f 1914/1558/1543 1788/1495/1543 1787/1496/1543 1913/1508/1543
f 1923/1497/1544 1789/1557/1544 1791/1559/1544 1915/1560/1544
f 1789/1557/1545 1748/1502/1545 1793/1561/1545 1791/1559/1545
f 1791/1562/1546 1793/1563/1546 1794/1564/1546 1795/1565/1546
f 1795/1566/1547 1794/1567/1547 1796/1568/1547 1797/1569/1547
f 1742/1570/1548 1737/1571/1548 1820/1572/1548 1817/1573/1548
f 1813/1574/1549 1818/1575/1549 1798/1576/1549 1810/1577/1549
f 1740/1578/1550 1821/1579/1550 1760/1580/1550
f 1744/1581/1551 1800/1582/1551 1799/1583/1551 1743/1584/1551
f 1788/1585/1552 1840/1586/1552 1800/1582/1552 1744/1581/1552
f 1916/1587/1553 1918/1588/1553 1802/1589/1553 1803/1590/1553
f 1805/1591/1554 1804/1592/1554 1808/1593/1554 1809/1594/1554
f 1804/1595/1555 1805/1596/1555 1811/1597/1555 1810/1577/1555
f 1810/1577/1556 1811/1597/1556 1812/1598/1556 1813/1574/1556
f 1810/1577/1557 1798/1576/1557 1799/1583/1557 1804/1595/1557
f 1918/1599/1558 1917/1600/1558 1801/1601/1558 1802/1602/1558
f 1804/1595/1559 1799/1583/1559 1800/1582/1559 1808/1603/1559
f 1799/1583/1560 1798/1576/1560 1821/1579/1560 1740/1578/1560 1743/1584/1560
f 1798/1576/1561 1818/1575/1561 1739/1604/1561 1761/1605/1561 1821/1579/1561
f 1821/1579/1562 1761/1605/1562 1760/1580/1562
f 1829/1606/1563 1830/1607/1563 1765/1608/1563 1763/1609/1563
f 1830/1607/1564 1828/1610/1564 1764/1611/1564 1765/1608/1564
f 1823/1612/1565 1824/1613/1565 1827/1614/1565 1825/1615/1565
f 1824/1616/1566 1822/1617/1566 1826/1618/1566 1827/1619/1566
f 1822/1620/1567 1824/1621/1567 1830/1622/1567 1829/1623/1567
f 1824/1613/1568 1823/1612/1568 1828/1610/1568 1830/1607/1568
f 1828/1610/1569 1819/1624/1569 1738/1625/1569 1764/1611/1569
f 1818/1575/1570 1829/1606/1570 1763/1609/1570 1739/1604/1570
f 1822/1626/1571 1829/1606/1571 1818/1575/1571 1813/1574/1571
f 1813/1574/1572 1812/1598/1572 1826/1627/1572 1822/1626/1572
f 1823/1628/1573 1825/1629/1573 1815/1630/1573 1814/1631/1573
f 1814/1632/1574 1819/1624/1574 1828/1610/1574 1823/1612/1574
f 1775/1633/1575 1777/1634/1575 1839/1635/1575 1837/1636/1575
f 1777/1634/1576 1776/1637/1576 1838/1638/1576 1839/1635/1576
f 1837/1636/1577 1839/1635/1577 1833/1639/1577 1831/1640/1577
f 1839/1635/1578 1838/1638/1578 1832/1641/1578 1833/1639/1578
f 1831/1640/1579 1833/1639/1579 1836/1642/1579 1834/1643/1579
f 1833/1644/1580 1832/1645/1580 1835/1646/1580 1836/1647/1580
f 1837/1636/1581 1820/1572/1581 1737/1571/1581 1775/1633/1581
f 1819/1624/1582 1838/1638/1582 1776/1637/1582 1738/1625/1582
f 1832/1641/1583 1838/1638/1583 1819/1624/1583 1814/1632/1583
f 1814/1631/1584 1815/1630/1584 1835/1646/1584 1832/1645/1584
f 1816/1648/1585 1817/1649/1585 1831/1650/1585 1834/1651/1585
f 1817/1573/1586 1820/1572/1586 1837/1636/1586 1831/1640/1586
f 1808/1603/1587 1800/1582/1587 1840/1586/1587 1842/1652/1587
f 1809/1594/1588 1808/1593/1588 1842/1653/1588 1841/1654/1588
f 1914/1655/1589 1917/1600/1589 1840/1586/1589 1788/1585/1589
f 1916/1587/1590 1919/1656/1590 1843/1657/1590 1841/1654/1590
f 1841/1654/1591 1843/1657/1591 1845/1658/1591 1809/1594/1591
f 1843/1657/1592 1847/1659/1592 1846/1660/1592 1845/1658/1592
f 1847/1661/1593 1849/1662/1593 1848/1663/1593 1846/1664/1593
f 1892/1665/1594 1893/1666/1594 1855/1667/1594 1852/1668/1594
f 1894/1669/1595 1892/1665/1595 1852/1668/1595 1856/1670/1595
f 1895/1671/1596 1894/1672/1596 1856/1673/1596 1858/1674/1596
f 1896/1675/1597 1897/1676/1597 1869/1677/1597 1864/1678/1597
f 1897/1679/1598 1898/1680/1598 1867/1681/1598 1869/1682/1598
f 1895/1671/1599 1898/1680/1599 1866/1683/1599 1859/1684/1599
f 1896/1675/1600 1899/1685/1600 1861/1686/1600 1865/1687/1600
f 1891/1688/1601 1870/1689/1601 1888/1690/1601
f 1901/1691/1602 1902/1692/1602 1873/1693/1602 1891/1694/1602
f 1899/1685/1603 1902/1695/1603 1872/1696/1603 1861/1686/1603
f 1900/1697/1604 1903/1698/1604 1862/1699/1604 1871/1700/1604
f 1893/1701/1605 1904/1702/1605 1879/1703/1605 1855/1704/1605
f 1922/1705/1606 1906/1706/1606 1877/1707/1606 1921/1708/1606
f 1904/1702/1607 1907/1709/1607 1881/1710/1607 1879/1703/1607
f 1850/1711/1608 1877/1712/1608 1906/1713/1608 1876/1714/1608 1851/1715/1608
f 1908/1716/1609 1905/1717/1609 1874/1718/1609 1882/1719/1609
f 1909/1720/1610 1910/1721/1610 1887/1722/1610 1884/1723/1610
f 1910/1724/1611 1908/1725/1611 1882/1726/1611 1887/1727/1611
f 1907/1728/1612 1909/1729/1612 1884/1730/1612 1881/1731/1612
f 1850/1711/1613 1806/1732/1613 1792/1733/1613 1877/1712/1613
f 1851/1715/1614 1876/1714/1614 1844/1734/1614 1803/1735/1614
f 1802/1736/1615 1807/1737/1615 1806/1732/1615 1850/1711/1615 1851/1715/1615 1803/1735/1615
f 1809/1594/1616 1854/1738/1616 1853/1739/1616 1805/1591/1616
f 1748/1740/1617 1746/1741/1617 1852/1668/1617 1855/1667/1617
f 1853/1739/1618 1857/1742/1618 1811/1743/1618 1805/1591/1618
f 1852/1668/1619 1746/1741/1619 1750/1744/1619 1856/1670/1619
f 1748/1745/1620 1855/1704/1620 1879/1703/1620 1793/1746/1620
f 1809/1594/1621 1845/1658/1621 1878/1747/1621 1854/1738/1621
f 1857/1742/1622 1859/1684/1622 1812/1748/1622 1811/1743/1622
f 1856/1670/1623 1750/1744/1623 1751/1749/1623 1858/1750/1623
f 1858/1750/1624 1751/1749/1624 1770/1523/1624 1867/1751/1624
f 1859/1684/1625 1866/1683/1625 1826/1618/1625 1812/1748/1625
f 1860/1752/1626 1754/1535/1626 1782/1551/1626 1873/1693/1626
f 1864/1753/1627 1769/1536/1627 1754/1535/1627 1860/1752/1627
f 1861/1754/1628 1872/1755/1628 1835/1646/1628 1815/1630/1628
f 1865/1756/1629 1861/1754/1629 1815/1630/1629 1825/1629/1629
f 1870/1757/1630 1781/1758/1630 1755/1759/1630 1863/1760/1630
f 1871/1761/1631 1862/1762/1631 1816/1648/1631 1834/1651/1631
f 1769/1763/1632 1864/1678/1632 1869/1677/1632 1771/1764/1632
f 1825/1765/1633 1827/1766/1633 1868/1767/1633 1865/1687/1633
f 1827/1619/1634 1826/1618/1634 1866/1683/1634 1868/1768/1634
f 1771/1522/1635 1869/1769/1635 1867/1751/1635 1770/1523/1635
f 1781/1758/1636 1870/1757/1636 1891/1694/1636 1783/1550/1636
f 1834/1651/1637 1836/1647/1637 1890/1770/1637 1871/1761/1637
f 1836/1647/1638 1835/1646/1638 1872/1755/1638 1890/1770/1638
f 1783/1550/1639 1891/1694/1639 1873/1693/1639 1782/1551/1639
f 1919/1656/1640 1920/1771/1640 1875/1772/1640 1843/1657/1640
f 1915/1773/1641 1791/1562/1641 1874/1774/1641 1921/1708/1641
f 1874/1774/1642 1791/1562/1642 1795/1565/1642 1882/1775/1642
f 1875/1772/1643 1883/1776/1643 1847/1659/1643 1843/1657/1643
f 1793/1563/1644 1879/1777/1644 1881/1778/1644 1794/1564/1644
f 1845/1658/1645 1846/1660/1645 1880/1779/1645 1878/1747/1645
f 1794/1780/1646 1881/1731/1646 1884/1730/1646 1796/1781/1646
f 1846/1782/1647 1848/1783/1647 1885/1784/1647 1880/1785/1647
f 1883/1786/1648 1886/1787/1648 1849/1788/1648 1847/1789/1648
f 1882/1726/1649 1795/1790/1649 1797/1791/1649 1887/1727/1649
f 1797/1792/1650 1796/1793/1650 1884/1723/1650 1887/1722/1650
f 1849/1794/1651 1886/1795/1651 1885/1796/1651 1848/1797/1651
f 1911/1798/1652 1912/1799/1652 1891/1800/1652 1888/1801/1652
f 1871/1802/1653 1890/1803/1653 1889/1804/1653
f 1901/1691/1654 1891/1694/1654 1912/1805/1654
f 1900/1806/1655 1871/1807/1655 1889/1808/1655 1911/1809/1655
f 1870/1810/1655 1900/1806/1655 1911/1809/1655 1888/1811/1655
f 1890/1770/1656 1901/1812/1656 1912/1813/1656
f 1889/1814/1657 1890/1815/1657 1912/1799/1657 1911/1798/1657
f 1880/1785/1658 1885/1784/1658 1909/1729/1658 1907/1728/1658
f 1886/1787/1659 1883/1786/1659 1908/1725/1659 1910/1724/1659
f 1885/1816/1660 1886/1817/1660 1910/1721/1660 1909/1720/1660
f 1883/1818/1661 1875/1819/1661 1905/1717/1661 1908/1716/1661
f 1878/1820/1662 1880/1821/1662 1907/1709/1662 1904/1702/1662
f 1920/1822/1606 1876/1823/1606 1906/1706/1606 1922/1705/1606
f 1854/1824/1605 1878/1820/1605 1904/1702/1605 1893/1701/1605
f 1870/1825/1663 1863/1826/1663 1903/1698/1663 1900/1697/1663
f 1860/1827/1664 1873/1828/1664 1902/1695/1664 1899/1685/1664
f 1890/1770/1665 1872/1755/1665 1902/1829/1665 1901/1812/1665
f 1864/1678/1666 1860/1827/1666 1899/1685/1666 1896/1675/1666
f 1858/1674/1667 1867/1681/1667 1898/1680/1667 1895/1671/1667
f 1868/1768/1668 1866/1683/1668 1898/1680/1668 1897/1679/1668
f 1865/1687/1669 1868/1767/1669 1897/1676/1669 1896/1675/1669
f 1859/1684/1670 1857/1742/1670 1894/1672/1670 1895/1671/1670
f 1857/1830/1671 1853/1831/1671 1892/1665/1671 1894/1669/1671
f 1853/1831/1594 1854/1832/1594 1893/1666/1594 1892/1665/1594
f 1875/1833/1672 1920/1822/1672 1922/1705/1672 1905/1834/1672
f 1792/1835/1673 1915/1773/1673 1921/1708/1673 1877/1707/1673
f 1844/1836/1674 1876/1837/1674 1920/1771/1674 1919/1656/1674
f 1905/1834/1672 1922/1705/1672 1921/1708/1672 1874/1774/1672
f 1803/1590/1675 1844/1836/1675 1919/1656/1675 1916/1587/1675
f 1741/1838/1676 1801/1601/1676 1917/1600/1676 1914/1655/1676
f 1842/1652/1677 1840/1586/1677 1917/1600/1677 1918/1599/1677
f 1841/1654/1678 1842/1653/1678 1918/1588/1678 1916/1587/1678
f 1806/1498/1679 1923/1497/1679 1915/1560/1679 1792/1839/1679
f 1741/1840/1680 1914/1558/1680 1913/1508/1680 1736/1507/1680
f 1790/1556/1681 1924/1500/1681 1913/1508/1681 1787/1496/1681
f 1789/1557/1682 1923/1497/1682 1924/1500/1682 1790/1556/1682
f 1934/1480/1683 1948/1481/1683 1951/1482/1683 1929/1483/1683
f 1944/1484/1684 1941/1485/1684 1925/1486/1684 1949/1487/1684
f 1932/1488/1685 1952/1489/1685 1954/1490/1685
f 1936/1491/1686 1935/1492/1686 1926/1493/1686 1927/1494/1686
f 1980/1495/1687 1936/1491/1687 1927/1494/1687 1979/1496/1687
f 2115/1497/1688 1998/1498/1688 1999/1499/1688 2116/1500/1688
f 1938/1501/1689 1940/1502/1689 1939/1503/1689 1937/1504/1689
f 1937/1504/1690 1941/1485/1690 1942/1505/1690 1938/1501/1690
f 1941/1485/1691 1944/1484/1691 1943/1506/1691 1942/1505/1691
f 1941/1485/1692 1937/1504/1692 1926/1493/1692 1925/1486/1692
f 2116/1500/1693 1999/1499/1693 1928/1507/1693 2105/1508/1693
f 1937/1504/1694 1939/1503/1694 1927/1494/1694 1926/1493/1694
f 1926/1493/1695 1935/1492/1695 1932/1488/1695 1954/1490/1695 1925/1486/1695
f 1925/1486/1696 1954/1490/1696 1953/1509/1696 1931/1510/1696 1949/1487/1696
f 1954/1490/1697 1952/1489/1697 1953/1509/1697
f 1965/1511/1698 1955/1512/1698 1957/1513/1698 1966/1514/1698
f 1966/1514/1699 1957/1513/1699 1956/1515/1699 1964/1516/1699
f 1959/1517/1700 1961/1518/1700 1963/1519/1700 1960/1520/1700
f 1960/1521/1701 1963/1522/1701 1962/1523/1701 1958/1524/1701
f 1958/1525/1702 1965/1526/1702 1966/1527/1702 1960/1528/1702
f 1960/1520/1703 1966/1514/1703 1964/1516/1703 1959/1517/1703
f 1964/1516/1704 1956/1515/1704 1930/1529/1704 1950/1530/1704
f 1949/1487/1705 1931/1510/1705 1955/1512/1705 1965/1511/1705
f 1958/1531/1706 1944/1484/1706 1949/1487/1706 1965/1511/1706
f 1944/1484/1707 1958/1531/1707 1962/1532/1707 1943/1506/1707
f 1959/1533/1708 1945/1534/1708 1946/1535/1708 1961/1536/1708
f 1945/1537/1709 1959/1517/1709 1964/1516/1709 1950/1530/1709
f 1967/1538/1710 1976/1539/1710 1978/1540/1710 1969/1541/1710
f 1969/1541/1711 1978/1540/1711 1977/1542/1711 1968/1543/1711
f 1976/1539/1712 1970/1544/1712 1972/1545/1712 1978/1540/1712
f 1978/1540/1713 1972/1545/1713 1971/1546/1713 1977/1542/1713
f 1970/1544/1714 1973/1547/1714 1975/1548/1714 1972/1545/1714
f 1972/1549/1715 1975/1550/1715 1974/1551/1715 1971/1552/1715
f 1976/1539/1716 1967/1538/1716 1929/1483/1716 1951/1482/1716
f 1950/1530/1717 1930/1529/1717 1968/1543/1717 1977/1542/1717
f 1971/1546/1718 1945/1537/1718 1950/1530/1718 1977/1542/1718
f 1945/1537/1719 1971/1546/1719 1974/1553/1719 1946/1554/1719
f 1947/1555/1720 1973/1547/1720 1970/1544/1720 1948/1481/1720
f 1948/1481/1721 1970/1544/1721 1976/1539/1721 1951/1482/1721
f 1939/1503/1722 1982/1556/1722 1979/1496/1722 1927/1494/1722
f 1940/1502/1723 1981/1557/1723 1982/1556/1723 1939/1503/1723
f 2106/1558/1724 1980/1495/1724 1979/1496/1724 2105/1508/1724
f 2115/1497/1725 1981/1557/1725 1983/1559/1725 2107/1560/1725
f 1981/1557/1726 1940/1502/1726 1985/1561/1726 1983/1559/1726
f 1983/1562/1727 1985/1563/1727 1986/1564/1727 1987/1565/1727
f 1987/1566/1728 1986/1567/1728 1988/1568/1728 1989/1569/1728
f 1934/1570/1729 1929/1571/1729 2012/1572/1729 2009/1573/1729
f 2005/1574/1730 2010/1575/1730 1990/1576/1730 2002/1577/1730
f 1932/1578/1731 2013/1579/1731 1952/1580/1731
f 1936/1581/1732 1992/1582/1732 1991/1583/1732 1935/1584/1732
f 1980/1585/1733 2032/1586/1733 1992/1582/1733 1936/1581/1733
f 2108/1587/1734 2110/1588/1734 1994/1589/1734 1995/1590/1734
f 1997/1591/1735 1996/1592/1735 2000/1593/1735 2001/1594/1735
f 1996/1595/1736 1997/1596/1736 2003/1597/1736 2002/1577/1736
f 2002/1577/1737 2003/1597/1737 2004/1598/1737 2005/1574/1737
f 2002/1577/1738 1990/1576/1738 1991/1583/1738 1996/1595/1738
f 2110/1599/1739 2109/1600/1739 1993/1601/1739 1994/1602/1739
f 1996/1595/1740 1991/1583/1740 1992/1582/1740 2000/1603/1740
f 1991/1583/1741 1990/1576/1741 2013/1579/1741 1932/1578/1741 1935/1584/1741
f 1990/1576/1742 2010/1575/1742 1931/1604/1742 1953/1605/1742 2013/1579/1742
f 2013/1579/1743 1953/1605/1743 1952/1580/1743
f 2021/1606/1744 2022/1607/1744 1957/1608/1744 1955/1609/1744
f 2022/1607/1745 2020/1610/1745 1956/1611/1745 1957/1608/1745
f 2015/1612/1746 2016/1613/1746 2019/1614/1746 2017/1615/1746
f 2016/1616/1747 2014/1617/1747 2018/1618/1747 2019/1619/1747
f 2014/1620/1748 2016/1621/1748 2022/1622/1748 2021/1623/1748
f 2016/1613/1749 2015/1612/1749 2020/1610/1749 2022/1607/1749
f 2020/1610/1750 2011/1624/1750 1930/1625/1750 1956/1611/1750
f 2010/1575/1751 2021/1606/1751 1955/1609/1751 1931/1604/1751
f 2014/1626/1752 2021/1606/1752 2010/1575/1752 2005/1574/1752
f 2005/1574/1753 2004/1598/1753 2018/1627/1753 2014/1626/1753
f 2015/1628/1754 2017/1629/1754 2007/1630/1754 2006/1631/1754
f 2006/1632/1755 2011/1624/1755 2020/1610/1755 2015/1612/1755
f 1967/1633/1756 1969/1634/1756 2031/1635/1756 2029/1636/1756
f 1969/1634/1757 1968/1637/1757 2030/1638/1757 2031/1635/1757
f 2029/1636/1758 2031/1635/1758 2025/1639/1758 2023/1640/1758
f 2031/1635/1759 2030/1638/1759 2024/1641/1759 2025/1639/1759
f 2023/1640/1760 2025/1639/1760 2028/1642/1760 2026/1643/1760
f 2025/1644/1761 2024/1645/1761 2027/1646/1761 2028/1647/1761
f 2029/1636/1762 2012/1572/1762 1929/1571/1762 1967/1633/1762
f 2011/1624/1763 2030/1638/1763 1968/1637/1763 1930/1625/1763
f 2024/1641/1764 2030/1638/1764 2011/1624/1764 2006/1632/1764
f 2006/1631/1765 2007/1630/1765 2027/1646/1765 2024/1645/1765
f 2008/1648/1766 2009/1649/1766 2023/1650/1766 2026/1651/1766
f 2009/1573/1767 2012/1572/1767 2029/1636/1767 2023/1640/1767
f 2000/1603/1768 1992/1582/1768 2032/1586/1768 2034/1652/1768
f 2001/1594/1769 2000/1593/1769 2034/1653/1769 2033/1654/1769
f 2106/1655/1770 2109/1600/1770 2032/1586/1770 1980/1585/1770
f 2108/1587/1771 2111/1656/1771 2035/1657/1771 2033/1654/1771
f 2033/1654/1772 2035/1657/1772 2037/1658/1772 2001/1594/1772
f 2035/1657/1773 2039/1659/1773 2038/1660/1773 2037/1658/1773
f 2039/1661/1774 2041/1662/1774 2040/1663/1774 2038/1664/1774
f 2084/1665/1775 2085/1666/1775 2047/1667/1775 2044/1668/1775
f 2086/1669/1776 2084/1665/1776 2044/1668/1776 2048/1670/1776
f 2087/1671/1777 2086/1672/1777 2048/1673/1777 2050/1674/1777
f 2088/1675/1778 2089/1676/1778 2061/1677/1778 2056/1678/1778
f 2089/1679/1779 2090/1680/1779 2059/1681/1779 2061/1682/1779
f 2087/1671/1780 2090/1680/1780 2058/1683/1780 2051/1684/1780
f 2088/1675/1781 2091/1685/1781 2053/1686/1781 2057/1687/1781
f 2083/1688/1782 2062/1689/1782 2080/1690/1782
f 2093/1691/1783 2094/1692/1783 2065/1693/1783 2083/1694/1783
f 2091/1685/1784 2094/1695/1784 2064/1696/1784 2053/1686/1784
f 2092/1697/1785 2095/1698/1785 2054/1699/1785 2063/1700/1785
f 2085/1701/1786 2096/1702/1786 2071/1703/1786 2047/1704/1786
f 2114/1705/1787 2098/1706/1787 2069/1707/1787 2113/1708/1787
f 2096/1702/1788 2099/1709/1788 2073/1710/1788 2071/1703/1788
f 2042/1711/1789 2069/1712/1789 2098/1713/1789 2068/1714/1789 2043/1715/1789
f 2100/1716/1790 2097/1717/1790 2066/1718/1790 2074/1719/1790
f 2101/1720/1791 2102/1721/1791 2079/1722/1791 2076/1723/1791
f 2102/1724/1792 2100/1725/1792 2074/1726/1792 2079/1727/1792
f 2099/1728/1793 2101/1729/1793 2076/1730/1793 2073/1731/1793
f 2042/1711/1794 1998/1732/1794 1984/1733/1794 2069/1712/1794
f 2043/1715/1795 2068/1714/1795 2036/1734/1795 1995/1735/1795
f 1994/1736/1796 1999/1737/1796 1998/1732/1796 2042/1711/1796 2043/1715/1796 1995/1735/1796
f 2001/1594/1797 2046/1738/1797 2045/1739/1797 1997/1591/1797
f 1940/1740/1798 1938/1741/1798 2044/1668/1798 2047/1667/1798
f 2045/1739/1799 2049/1742/1799 2003/1743/1799 1997/1591/1799
f 2044/1668/1800 1938/1741/1800 1942/1744/1800 2048/1670/1800
f 1940/1745/1801 2047/1704/1801 2071/1703/1801 1985/1746/1801
f 2001/1594/1802 2037/1658/1802 2070/1747/1802 2046/1738/1802
f 2049/1742/1803 2051/1684/1803 2004/1748/1803 2003/1743/1803
f 2048/1670/1804 1942/1744/1804 1943/1749/1804 2050/1750/1804
f 2050/1750/1805 1943/1749/1805 1962/1523/1805 2059/1751/1805
f 2051/1684/1806 2058/1683/1806 2018/1618/1806 2004/1748/1806
f 2052/1752/1807 1946/1535/1807 1974/1551/1807 2065/1693/1807
f 2056/1753/1808 1961/1536/1808 1946/1535/1808 2052/1752/1808
f 2053/1754/1809 2064/1755/1809 2027/1646/1809 2007/1630/1809
f 2057/1756/1810 2053/1754/1810 2007/1630/1810 2017/1629/1810
f 2062/1757/1811 1973/1758/1811 1947/1759/1811 2055/1760/1811
f 2063/1761/1812 2054/1762/1812 2008/1648/1812 2026/1651/1812
f 1961/1763/1813 2056/1678/1813 2061/1677/1813 1963/1764/1813
f 2017/1765/1814 2019/1766/1814 2060/1767/1814 2057/1687/1814
f 2019/1619/1815 2018/1618/1815 2058/1683/1815 2060/1768/1815
f 1963/1522/1816 2061/1769/1816 2059/1751/1816 1962/1523/1816
f 1973/1758/1817 2062/1757/1817 2083/1694/1817 1975/1550/1817
f 2026/1651/1818 2028/1647/1818 2082/1770/1818 2063/1761/1818
f 2028/1647/1819 2027/1646/1819 2064/1755/1819 2082/1770/1819
f 1975/1550/1820 2083/1694/1820 2065/1693/1820 1974/1551/1820
f 2111/1656/1821 2112/1771/1821 2067/1772/1821 2035/1657/1821
f 2107/1773/1822 1983/1562/1822 2066/1774/1822 2113/1708/1822
f 2066/1774/1823 1983/1562/1823 1987/1565/1823 2074/1775/1823
f 2067/1772/1824 2075/1776/1824 2039/1659/1824 2035/1657/1824
f 1985/1563/1825 2071/1777/1825 2073/1778/1825 1986/1564/1825
f 2037/1658/1826 2038/1660/1826 2072/1779/1826 2070/1747/1826
f 1986/1780/1827 2073/1731/1827 2076/1730/1827 1988/1781/1827
f 2038/1782/1828 2040/1783/1828 2077/1784/1828 2072/1785/1828
f 2075/1786/1829 2078/1787/1829 2041/1788/1829 2039/1789/1829
f 2074/1726/1830 1987/1790/1830 1989/1791/1830 2079/1727/1830
f 1989/1792/1831 1988/1793/1831 2076/1723/1831 2079/1722/1831
f 2041/1794/1832 2078/1795/1832 2077/1796/1832 2040/1797/1832
f 2103/1798/1833 2104/1799/1833 2083/1800/1833 2080/1801/1833
f 2063/1802/1834 2082/1803/1834 2081/1804/1834
f 2093/1691/1835 2083/1694/1835 2104/1805/1835
f 2092/1806/1836 2063/1807/1836 2081/1808/1836 2103/1809/1836
f 2062/1810/1836 2092/1806/1836 2103/1809/1836 2080/1811/1836
f 2082/1770/1837 2093/1812/1837 2104/1813/1837
f 2081/1814/1838 2082/1815/1838 2104/1799/1838 2103/1798/1838
f 2072/1785/1839 2077/1784/1839 2101/1729/1839 2099/1728/1839
f 2078/1787/1840 2075/1786/1840 2100/1725/1840 2102/1724/1840
f 2077/1816/1841 2078/1817/1841 2102/1721/1841 2101/1720/1841
f 2075/1818/1842 2067/1819/1842 2097/1717/1842 2100/1716/1842
f 2070/1820/1843 2072/1821/1843 2099/1709/1843 2096/1702/1843
f 2112/1822/1787 2068/1823/1787 2098/1706/1787 2114/1705/1787
f 2046/1824/1786 2070/1820/1786 2096/1702/1786 2085/1701/1786
f 2062/1825/1844 2055/1826/1844 2095/1698/1844 2092/1697/1844
f 2052/1827/1845 2065/1828/1845 2094/1695/1845 2091/1685/1845
f 2082/1770/1846 2064/1755/1846 2094/1829/1846 2093/1812/1846
f 2056/1678/1847 2052/1827/1847 2091/1685/1847 2088/1675/1847
f 2050/1674/1848 2059/1681/1848 2090/1680/1848 2087/1671/1848
f 2060/1768/1849 2058/1683/1849 2090/1680/1849 2089/1679/1849
f 2057/1687/1850 2060/1767/1850 2089/1676/1850 2088/1675/1850
f 2051/1684/1851 2049/1742/1851 2086/1672/1851 2087/1671/1851
f 2049/1830/1852 2045/1831/1852 2084/1665/1852 2086/1669/1852
f 2045/1831/1775 2046/1832/1775 2085/1666/1775 2084/1665/1775
f 2067/1833/1853 2112/1822/1853 2114/1705/1853 2097/1834/1853
f 1984/1835/1854 2107/1773/1854 2113/1708/1854 2069/1707/1854
f 2036/1836/1855 2068/1837/1855 2112/1771/1855 2111/1656/1855
f 2097/1834/1853 2114/1705/1853 2113/1708/1853 2066/1774/1853
f 1995/1590/1856 2036/1836/1856 2111/1656/1856 2108/1587/1856
f 1933/1838/1857 1993/1601/1857 2109/1600/1857 2106/1655/1857
f 2034/1652/1858 2032/1586/1858 2109/1600/1858 2110/1599/1858
f 2033/1654/1859 2034/1653/1859 2110/1588/1859 2108/1587/1859
f 1998/1498/1860 2115/1497/1860 2107/1560/1860 1984/1839/1860
f 1933/1840/1861 2106/1558/1861 2105/1508/1861 1928/1507/1861
f 1982/1556/1862 2116/1500/1862 2105/1508/1862 1979/1496/1862
f 1981/1557/1863 2115/1497/1863 2116/1500/1863 1982/1556/1863
f 2126/1480/1864 2140/1481/1864 2143/1482/1864 2121/1483/1864
f 2136/1484/1865 2133/1485/1865 2117/1486/1865 2141/1487/1865
f 2124/1488/1866 2144/1489/1866 2146/1490/1866
f 2128/1491/1867 2127/1492/1867 2118/1493/1867 2119/1494/1867
f 2172/1495/1868 2128/1491/1868 2119/1494/1868 2171/1496/1868
f 2307/1497/1869 2190/1498/1869 2191/1499/1869 2308/1500/1869
f 2130/1501/1870 2132/1502/1870 2131/1503/1870 2129/1504/1870
f 2129/1504/1871 2133/1485/1871 2134/1505/1871 2130/1501/1871
f 2133/1485/1872 2136/1484/1872 2135/1506/1872 2134/1505/1872
f 2133/1485/1873 2129/1504/1873 2118/1493/1873 2117/1486/1873
f 2308/1500/1874 2191/1499/1874 2120/1507/1874 2297/1508/1874
f 2129/1504/1875 2131/1503/1875 2119/1494/1875 2118/1493/1875
f 2118/1493/1876 2127/1492/1876 2124/1488/1876 2146/1490/1876 2117/1486/1876
f 2117/1486/1877 2146/1490/1877 2145/1509/1877 2123/1510/1877 2141/1487/1877
f 2146/1490/1878 2144/1489/1878 2145/1509/1878
f 2157/1511/1879 2147/1512/1879 2149/1513/1879 2158/1514/1879
f 2158/1514/1880 2149/1513/1880 2148/1515/1880 2156/1516/1880
f 2151/1517/1881 2153/1518/1881 2155/1519/1881 2152/1520/1881
f 2152/1521/1882 2155/1522/1882 2154/1523/1882 2150/1524/1882
f 2150/1525/1883 2157/1526/1883 2158/1527/1883 2152/1528/1883
f 2152/1520/1884 2158/1514/1884 2156/1516/1884 2151/1517/1884
f 2156/1516/1885 2148/1515/1885 2122/1529/1885 2142/1530/1885
f 2141/1487/1886 2123/1510/1886 2147/1512/1886 2157/1511/1886
f 2150/1531/1887 2136/1484/1887 2141/1487/1887 2157/1511/1887
f 2136/1484/1888 2150/1531/1888 2154/1532/1888 2135/1506/1888
f 2151/1533/1889 2137/1534/1889 2138/1535/1889 2153/1536/1889
f 2137/1537/1890 2151/1517/1890 2156/1516/1890 2142/1530/1890
f 2159/1538/1891 2168/1539/1891 2170/1540/1891 2161/1541/1891
f 2161/1541/1892 2170/1540/1892 2169/1542/1892 2160/1543/1892
f 2168/1539/1893 2162/1544/1893 2164/1545/1893 2170/1540/1893
f 2170/1540/1894 2164/1545/1894 2163/1546/1894 2169/1542/1894
f 2162/1544/1895 2165/1547/1895 2167/1548/1895 2164/1545/1895
f 2164/1549/1896 2167/1550/1896 2166/1551/1896 2163/1552/1896
f 2168/1539/1897 2159/1538/1897 2121/1483/1897 2143/1482/1897
f 2142/1530/1898 2122/1529/1898 2160/1543/1898 2169/1542/1898
f 2163/1546/1899 2137/1537/1899 2142/1530/1899 2169/1542/1899
f 2137/1537/1900 2163/1546/1900 2166/1553/1900 2138/1554/1900
f 2139/1555/1901 2165/1547/1901 2162/1544/1901 2140/1481/1901
f 2140/1481/1902 2162/1544/1902 2168/1539/1902 2143/1482/1902
f 2131/1503/1903 2174/1556/1903 2171/1496/1903 2119/1494/1903
f 2132/1502/1904 2173/1557/1904 2174/1556/1904 2131/1503/1904
f 2298/1558/1905 2172/1495/1905 2171/1496/1905 2297/1508/1905
f 2307/1497/1906 2173/1557/1906 2175/1559/1906 2299/1560/1906
f 2173/1557/1907 2132/1502/1907 2177/1561/1907 2175/1559/1907
f 2175/1562/1908 2177/1563/1908 2178/1564/1908 2179/1565/1908
f 2179/1566/1909 2178/1567/1909 2180/1568/1909 2181/1569/1909
f 2126/1570/1910 2121/1571/1910 2204/1572/1910 2201/1573/1910
f 2197/1574/1911 2202/1575/1911 2182/1576/1911 2194/1577/1911
f 2124/1578/1912 2205/1579/1912 2144/1580/1912
f 2128/1581/1913 2184/1582/1913 2183/1583/1913 2127/1584/1913
f 2172/1585/1914 2224/1586/1914 2184/1582/1914 2128/1581/1914
f 2300/1587/1915 2302/1588/1915 2186/1589/1915 2187/1590/1915
f 2189/1591/1916 2188/1592/1916 2192/1593/1916 2193/1594/1916
f 2188/1595/1917 2189/1596/1917 2195/1597/1917 2194/1577/1917
f 2194/1577/1918 2195/1597/1918 2196/1598/1918 2197/1574/1918
f 2194/1577/1919 2182/1576/1919 2183/1583/1919 2188/1595/1919
f 2302/1599/1920 2301/1600/1920 2185/1601/1920 2186/1602/1920
f 2188/1595/1921 2183/1583/1921 2184/1582/1921 2192/1603/1921
f 2183/1583/1922 2182/1576/1922 2205/1579/1922 2124/1578/1922 2127/1584/1922
f 2182/1576/1923 2202/1575/1923 2123/1604/1923 2145/1605/1923 2205/1579/1923
f 2205/1579/1924 2145/1605/1924 2144/1580/1924
f 2213/1606/1925 2214/1607/1925 2149/1608/1925 2147/1609/1925
f 2214/1607/1926 2212/1610/1926 2148/1611/1926 2149/1608/1926
f 2207/1612/1927 2208/1613/1927 2211/1614/1927 2209/1615/1927
f 2208/1616/1928 2206/1617/1928 2210/1618/1928 2211/1619/1928
f 2206/1620/1929 2208/1621/1929 2214/1622/1929 2213/1623/1929
f 2208/1613/1930 2207/1612/1930 2212/1610/1930 2214/1607/1930
f 2212/1610/1931 2203/1624/1931 2122/1625/1931 2148/1611/1931
f 2202/1575/1932 2213/1606/1932 2147/1609/1932 2123/1604/1932
f 2206/1626/1933 2213/1606/1933 2202/1575/1933 2197/1574/1933
f 2197/1574/1934 2196/1598/1934 2210/1627/1934 2206/1626/1934
f 2207/1628/1935 2209/1629/1935 2199/1630/1935 2198/1631/1935
f 2198/1632/1936 2203/1624/1936 2212/1610/1936 2207/1612/1936
f 2159/1633/1937 2161/1634/1937 2223/1635/1937 2221/1636/1937
f 2161/1634/1938 2160/1637/1938 2222/1638/1938 2223/1635/1938
f 2221/1636/1939 2223/1635/1939 2217/1639/1939 2215/1640/1939
f 2223/1635/1940 2222/1638/1940 2216/1641/1940 2217/1639/1940
f 2215/1640/1941 2217/1639/1941 2220/1642/1941 2218/1643/1941
f 2217/1644/1942 2216/1645/1942 2219/1646/1942 2220/1647/1942
f 2221/1636/1943 2204/1572/1943 2121/1571/1943 2159/1633/1943
f 2203/1624/1944 2222/1638/1944 2160/1637/1944 2122/1625/1944
f 2216/1641/1945 2222/1638/1945 2203/1624/1945 2198/1632/1945
f 2198/1631/1946 2199/1630/1946 2219/1646/1946 2216/1645/1946
f 2200/1648/1947 2201/1649/1947 2215/1650/1947 2218/1651/1947
f 2201/1573/1948 2204/1572/1948 2221/1636/1948 2215/1640/1948
f 2192/1603/1949 2184/1582/1949 2224/1586/1949 2226/1652/1949
f 2193/1594/1950 2192/1593/1950 2226/1653/1950 2225/1654/1950
f 2298/1655/1951 2301/1600/1951 2224/1586/1951 2172/1585/1951
f 2300/1587/1952 2303/1656/1952 2227/1657/1952 2225/1654/1952
f 2225/1654/1953 2227/1657/1953 2229/1658/1953 2193/1594/1953
f 2227/1657/1954 2231/1659/1954 2230/1660/1954 2229/1658/1954
f 2231/1661/1955 2233/1662/1955 2232/1663/1955 2230/1664/1955
f 2276/1665/1956 2277/1666/1956 2239/1667/1956 2236/1668/1956
f 2278/1669/1957 2276/1665/1957 2236/1668/1957 2240/1670/1957
f 2279/1671/1958 2278/1672/1958 2240/1673/1958 2242/1674/1958
f 2280/1675/1959 2281/1676/1959 2253/1677/1959 2248/1678/1959
f 2281/1679/1960 2282/1680/1960 2251/1681/1960 2253/1682/1960
f 2279/1671/1961 2282/1680/1961 2250/1683/1961 2243/1684/1961
f 2280/1675/1962 2283/1685/1962 2245/1686/1962 2249/1687/1962
f 2275/1688/1963 2254/1689/1963 2272/1690/1963
f 2285/1691/1964 2286/1692/1964 2257/1693/1964 2275/1694/1964
f 2283/1685/1965 2286/1695/1965 2256/1696/1965 2245/1686/1965
f 2284/1697/1966 2287/1698/1966 2246/1699/1966 2255/1700/1966
f 2277/1701/1967 2288/1702/1967 2263/1703/1967 2239/1704/1967
f 2306/1705/1968 2290/1706/1968 2261/1707/1968 2305/1708/1968
f 2288/1702/1969 2291/1709/1969 2265/1710/1969 2263/1703/1969
f 2234/1711/1970 2261/1712/1970 2290/1713/1970 2260/1714/1970 2235/1715/1970
f 2292/1716/1971 2289/1717/1971 2258/1718/1971 2266/1719/1971
f 2293/1720/1972 2294/1721/1972 2271/1722/1972 2268/1723/1972
f 2294/1724/1973 2292/1725/1973 2266/1726/1973 2271/1727/1973
f 2291/1728/1974 2293/1729/1974 2268/1730/1974 2265/1731/1974
f 2234/1711/1975 2190/1732/1975 2176/1733/1975 2261/1712/1975
f 2235/1715/1976 2260/1714/1976 2228/1734/1976 2187/1735/1976
f 2186/1736/1977 2191/1737/1977 2190/1732/1977 2234/1711/1977 2235/1715/1977 2187/1735/1977
f 2193/1594/1978 2238/1738/1978 2237/1739/1978 2189/1591/1978
f 2132/1740/1979 2130/1741/1979 2236/1668/1979 2239/1667/1979
f 2237/1739/1980 2241/1742/1980 2195/1743/1980 2189/1591/1980
f 2236/1668/1981 2130/1741/1981 2134/1744/1981 2240/1670/1981
f 2132/1745/1982 2239/1704/1982 2263/1703/1982 2177/1746/1982
f 2193/1594/1983 2229/1658/1983 2262/1747/1983 2238/1738/1983
f 2241/1742/1984 2243/1684/1984 2196/1748/1984 2195/1743/1984
f 2240/1670/1985 2134/1744/1985 2135/1749/1985 2242/1750/1985
f 2242/1750/1986 2135/1749/1986 2154/1523/1986 2251/1751/1986
f 2243/1684/1987 2250/1683/1987 2210/1618/1987 2196/1748/1987
f 2244/1752/1988 2138/1535/1988 2166/1551/1988 2257/1693/1988
f 2248/1753/1989 2153/1536/1989 2138/1535/1989 2244/1752/1989
f 2245/1754/1990 2256/1755/1990 2219/1646/1990 2199/1630/1990
f 2249/1756/1991 2245/1754/1991 2199/1630/1991 2209/1629/1991
f 2254/1757/1992 2165/1758/1992 2139/1759/1992 2247/1760/1992
f 2255/1761/1993 2246/1762/1993 2200/1648/1993 2218/1651/1993
f 2153/1763/1994 2248/1678/1994 2253/1677/1994 2155/1764/1994
f 2209/1765/1995 2211/1766/1995 2252/1767/1995 2249/1687/1995
f 2211/1619/1996 2210/1618/1996 2250/1683/1996 2252/1768/1996
f 2155/1522/1997 2253/1769/1997 2251/1751/1997 2154/1523/1997
f 2165/1758/1998 2254/1757/1998 2275/1694/1998 2167/1550/1998
f 2218/1651/1999 2220/1647/1999 2274/1770/1999 2255/1761/1999
f 2220/1647/2000 2219/1646/2000 2256/1755/2000 2274/1770/2000
f 2167/1550/2001 2275/1694/2001 2257/1693/2001 2166/1551/2001
f 2303/1656/2002 2304/1771/2002 2259/1772/2002 2227/1657/2002
f 2299/1773/2003 2175/1562/2003 2258/1774/2003 2305/1708/2003
f 2258/1774/2004 2175/1562/2004 2179/1565/2004 2266/1775/2004
f 2259/1772/2005 2267/1776/2005 2231/1659/2005 2227/1657/2005
f 2177/1563/2006 2263/1777/2006 2265/1778/2006 2178/1564/2006
f 2229/1658/2007 2230/1660/2007 2264/1779/2007 2262/1747/2007
f 2178/1780/2008 2265/1731/2008 2268/1730/2008 2180/1781/2008
f 2230/1782/2009 2232/1783/2009 2269/1784/2009 2264/1785/2009
f 2267/1786/2010 2270/1787/2010 2233/1788/2010 2231/1789/2010
f 2266/1726/2011 2179/1790/2011 2181/1791/2011 2271/1727/2011
f 2181/1792/2012 2180/1793/2012 2268/1723/2012 2271/1722/2012
f 2233/1794/2013 2270/1795/2013 2269/1796/2013 2232/1797/2013
f 2295/1798/2014 2296/1799/2014 2275/1800/2014 2272/1801/2014
f 2255/1802/2015 2274/1803/2015 2273/1804/2015
f 2285/1691/2016 2275/1694/2016 2296/1805/2016
f 2284/1806/2017 2255/1807/2017 2273/1808/2017 2295/1809/2017
f 2254/1810/2017 2284/1806/2017 2295/1809/2017 2272/1811/2017
f 2274/1770/2018 2285/1812/2018 2296/1813/2018
f 2273/1814/2019 2274/1815/2019 2296/1799/2019 2295/1798/2019
f 2264/1785/2020 2269/1784/2020 2293/1729/2020 2291/1728/2020
f 2270/1787/2021 2267/1786/2021 2292/1725/2021 2294/1724/2021
f 2269/1816/2022 2270/1817/2022 2294/1721/2022 2293/1720/2022
f 2267/1818/2023 2259/1819/2023 2289/1717/2023 2292/1716/2023
f 2262/1820/2024 2264/1821/2024 2291/1709/2024 2288/1702/2024
f 2304/1822/1968 2260/1823/1968 2290/1706/1968 2306/1705/1968
f 2238/1824/1967 2262/1820/1967 2288/1702/1967 2277/1701/1967
f 2254/1825/2025 2247/1826/2025 2287/1698/2025 2284/1697/2025
f 2244/1827/2026 2257/1828/2026 2286/1695/2026 2283/1685/2026
f 2274/1770/2027 2256/1755/2027 2286/1829/2027 2285/1812/2027
f 2248/1678/2028 2244/1827/2028 2283/1685/2028 2280/1675/2028
f 2242/1674/2029 2251/1681/2029 2282/1680/2029 2279/1671/2029
f 2252/1768/2030 2250/1683/2030 2282/1680/2030 2281/1679/2030
f 2249/1687/2031 2252/1767/2031 2281/1676/2031 2280/1675/2031
f 2243/1684/2032 2241/1742/2032 2278/1672/2032 2279/1671/2032
f 2241/1830/2033 2237/1831/2033 2276/1665/2033 2278/1669/2033
f 2237/1831/1956 2238/1832/1956 2277/1666/1956 2276/1665/1956
f 2259/1833/2034 2304/1822/2034 2306/1705/2034 2289/1834/2034
f 2176/1835/2035 2299/1773/2035 2305/1708/2035 2261/1707/2035
f 2228/1836/2036 2260/1837/2036 2304/1771/2036 2303/1656/2036
f 2289/1834/2034 2306/1705/2034 2305/1708/2034 2258/1774/2034
f 2187/1590/2037 2228/1836/2037 2303/1656/2037 2300/1587/2037
f 2125/1838/2038 2185/1601/2038 2301/1600/2038 2298/1655/2038
f 2226/1652/2039 2224/1586/2039 2301/1600/2039 2302/1599/2039
f 2225/1654/2040 2226/1653/2040 2302/1588/2040 2300/1587/2040
f 2190/1498/2041 2307/1497/2041 2299/1560/2041 2176/1839/2041
f 2125/1840/2042 2298/1558/2042 2297/1508/2042 2120/1507/2042
f 2174/1556/2043 2308/1500/2043 2297/1508/2043 2171/1496/2043
f 2173/1557/2044 2307/1497/2044 2308/1500/2044 2174/1556/2044
f 2397/1841/1237 2398/1842/1237 2399/1843/1237 2400/1844/1237
f 2409/1845/541 2410/1846/541 2411/1847/541 2412/1848/541
f 2344/1849/2045 2341/1850/2045 2342/1851/2045 2343/1852/2045
f 2348/1853/2046 2345/1854/2046 2346/1855/2046 2347/1856/2046
f 2352/1857/2047 2349/1858/2047 2350/1859/2047 2351/1860/2047
f 2356/1861/2048 2353/1862/2048 2354/1863/2048 2355/1864/2048
f 2353/1865/2049 2371/1866/2049 2372/1867/2049 2354/1868/2049
f 2366/1869/2050 2342/1870/2050 2341/1871/2050 2365/1872/2050
f 2349/1858/2051 2369/1873/2051 2370/1874/2051 2350/1859/2051
f 2345/1875/2052 2367/1876/2052 2368/1877/2052 2346/1878/2052
f 2382/1879/2053 2393/1880/2053 2394/1881/2053 2381/1882/2053
f 2384/1883/2054 2395/1884/2054 2396/1885/2054 2383/1886/2054
f 2365/1887/1237 2357/1888/1237 2358/1889/1237 2366/1890/1237
f 2367/1891/1237 2359/1892/1237 2360/1893/1237 2368/1894/1237
f 2369/1895/1237 2361/1896/1237 2362/1897/1237 2370/1898/1237
f 2371/1866/1237 2363/1899/1237 2364/1900/1237 2372/1867/1237
f 2406/1901/2055 2379/1902/2055 2380/1903/2055 2405/1904/2055
f 2374/1905/2056 2401/1906/2056 2402/1907/2056 2373/1908/2056
f 2386/1909/2057 2391/1910/2057 2392/1911/2057 2385/1912/2057
f 2388/1913/2058 2389/1914/2058 2390/1915/2058 2387/1916/2058
f 2376/1917/2059 2403/1918/2059 2404/1919/2059 2375/1920/2059
f 2378/1921/2060 2407/1922/2060 2408/1923/2060 2377/1924/2060
f 2361/1925/2061 2382/1879/2061 2381/1882/2061 2362/1926/2061
f 2363/1927/2062 2384/1928/2062 2383/1929/2062 2364/1930/2062
f 2359/1931/2063 2386/1909/2063 2385/1912/2063 2360/1932/2063
f 2357/1933/2064 2388/1913/2064 2387/1916/2064 2358/1934/2064
f 2389/1935/1237 2374/1936/1237 2373/1937/1237 2390/1938/1237
f 2391/1939/1237 2376/1940/1237 2375/1941/1237 2392/1942/1237
f 2393/1943/1237 2378/1944/1237 2377/1945/1237 2394/1946/1237
f 2395/1884/1237 2380/1947/1237 2379/1948/1237 2396/1885/1237
f 2400/1844/1237 2402/1949/1237 2401/1950/1237 2397/1841/1237
f 2397/1841/1237 2404/1951/1237 2403/1952/1237 2398/1842/1237
f 2405/1953/1237 2400/1844/1237 2399/1843/1237 2406/1954/1237
f 2407/1955/1237 2399/1843/1237 2398/1842/1237 2408/1956/1237
f 2355/1864/541 2409/1845/541 2412/1848/541 2356/1861/541
f 2411/1957/541 2344/1849/541 2343/1852/541 2412/1958/541
f 2351/1959/541 2410/1846/541 2409/1845/541 2352/1960/541
f 2410/1961/541 2348/1853/541 2347/1856/541 2411/1957/541
f 2309/1962/2065 2342/1870/2065 2366/1869/2065 2322/1963/2065
f 2309/1964/2066 2310/1965/2066 2343/1852/2066 2342/1851/2066
f 2341/1850/2067 2344/1849/2067 2312/1966/2067 2311/1967/2067
f 2341/1871/2068 2311/1968/2068 2323/1969/2068 2365/1872/2068
f 2310/1970/541 2356/1861/541 2412/1848/541 2343/1971/541
f 2344/1849/541 2411/1957/541 2347/1856/541 2312/1966/541
f 2311/1972/2069 2346/1878/2069 2368/1877/2069 2323/1973/2069
f 2311/1967/2070 2312/1966/2070 2347/1856/2070 2346/1855/2070
f 2345/1875/2071 2348/1974/2071 2314/1975/2071 2313/1976/2071
f 2345/1875/2072 2313/1976/2072 2324/1977/2072 2367/1876/2072
f 2410/1961/541 2351/1978/541 2314/1979/541 2348/1853/541
f 2313/1980/2073 2350/1859/2073 2370/1874/2073 2324/1981/2073
f 2313/1980/2074 2314/1982/2074 2351/1860/2074 2350/1859/2074
f 2349/1858/2075 2352/1857/2075 2316/1983/2075 2315/1984/2075
f 2349/1858/2076 2315/1984/2076 2325/1985/2076 2369/1873/2076
f 2355/1864/541 2316/1986/541 2352/1960/541 2409/1845/541
f 2315/1984/2077 2354/1987/2077 2372/1988/2077 2325/1985/2077
f 2315/1989/2078 2316/1986/2078 2355/1864/2078 2354/1863/2078
f 2353/1862/2079 2356/1861/2079 2310/1970/2079 2309/1990/2079
f 2353/1865/2080 2309/1991/2080 2322/1992/2080 2371/1866/2080
f 2317/1993/2081 2358/1934/2081 2387/1916/2081 2332/1994/2081
f 2358/1889/1237 2317/1995/1237 2322/1992/1237 2366/1890/1237
f 2357/1996/2082 2318/1997/2082 2331/1998/2082 2388/1999/2082
f 2318/2000/1237 2357/1888/1237 2365/1887/1237 2323/2001/1237
f 2318/2002/2083 2360/1932/2083 2385/1912/2083 2331/2003/2083
f 2360/1893/1237 2318/2000/1237 2323/2001/1237 2368/1894/1237
f 2359/1931/2084 2319/2004/2084 2321/2005/2084 2386/1909/2084
f 2319/2006/1237 2359/1892/1237 2367/1891/1237 2324/2007/1237
f 2319/2008/2085 2362/1926/2085 2381/1882/2085 2321/2009/2085
f 2362/1897/1237 2319/2006/1237 2324/2007/1237 2370/1898/1237
f 2361/1925/2086 2320/2010/2086 2330/2011/2086 2382/1879/2086
f 2320/2012/1237 2361/1896/1237 2369/1895/1237 2325/2013/1237
f 2320/2014/2087 2364/1930/2087 2383/1929/2087 2330/2015/2087
f 2364/1900/1237 2320/2012/1237 2325/2013/1237 2372/1867/1237
f 2363/1927/2088 2317/2016/2088 2332/2017/2088 2384/1928/2088
f 2317/1995/1237 2363/1899/1237 2371/1866/1237 2322/1992/1237
f 2333/2018/2089 2373/1908/2089 2402/1907/2089 2338/2019/2089
f 2373/1937/1237 2333/2020/1237 2327/2021/1237 2390/1938/1237
f 2374/1905/2090 2334/2022/2090 2337/2023/2090 2401/1906/2090
f 2334/2024/1237 2374/1936/1237 2389/1935/1237 2326/2025/1237
f 2334/2026/2091 2375/1920/2091 2404/1919/2091 2337/2027/2091
f 2375/1941/1237 2334/2024/1237 2326/2025/1237 2392/1942/1237
f 2376/1917/2092 2335/2028/2092 2339/2029/2092 2403/1918/2092
f 2335/2030/1237 2376/1940/1237 2391/1939/1237 2328/2031/1237
f 2335/2032/2093 2377/2033/2093 2408/2034/2093 2339/2035/2093
f 2377/1945/1237 2335/2030/1237 2328/2031/1237 2394/1946/1237
f 2378/1921/2094 2336/2036/2094 2340/2037/2094 2407/1922/2094
f 2336/2038/1237 2378/1944/1237 2393/1943/1237 2329/2039/1237
f 2380/1903/2095 2333/2040/2095 2338/2041/2095 2405/1904/2095
f 2333/2020/1237 2380/1947/1237 2395/1884/1237 2327/2021/1237
f 2336/2042/2096 2379/1902/2096 2406/1901/2096 2340/2043/2096
f 2379/1948/1237 2336/2038/1237 2329/2039/1237 2396/1885/1237
f 2382/1879/2097 2330/2011/2097 2329/2044/2097 2393/1880/2097
f 2321/2009/2098 2381/1882/2098 2394/1881/2098 2328/2045/2098
f 2384/1883/2099 2332/2046/2099 2327/2021/2099 2395/1884/2099
f 2330/2011/2100 2383/2047/2100 2396/2048/2100 2329/2044/2100
f 2386/1909/2101 2321/2005/2101 2328/2049/2101 2391/1910/2101
f 2331/2003/2102 2385/1912/2102 2392/1911/2102 2326/2050/2102
f 2388/1913/2103 2331/2051/2103 2326/2052/2103 2389/1914/2103
f 2332/1994/2104 2387/1916/2104 2390/1915/2104 2327/2053/2104
f 2401/1950/1237 2337/2054/1237 2397/1841/1237
f 2403/1952/1237 2339/2055/1237 2398/1842/1237
f 2400/1844/1237 2405/1953/1237 2338/2056/1237
f 2399/1843/1237 2407/1955/1237 2340/2057/1237
f 2404/1951/1237 2397/1841/1237 2337/2054/1237
f 2402/1949/1237 2400/1844/1237 2338/2056/1237
f 2398/1842/1237 2339/2055/1237 2408/1956/1237
f 2399/1843/1237 2340/2057/1237 2406/1954/1237
